Microbe,Cytokine,Correlation,P-value,Corrected_P-value,Exceeds_Perm_Threshold
Achromobacter,IL17F,0.0023716613701742413,0.9602103608748119,0.981740867523234,False
Achromobacter,FASL,0.045305442768845024,0.34032618103392553,0.5722216429528293,False
Achromobacter,TGFA,-0.054687816783039286,0.24962623567499798,0.4789442256294531,False
Achromobacter,MIP1A,0.007562358254017269,0.873604502766607,0.9419810159237445,False
Achromobacter,SDF1A,0.05013168835048175,0.29132550055954254,0.5226363575097308,False
Achromobacter,IL27,-0.03309163038542684,0.48624346605171787,0.7031973257838255,False
Achromobacter,LIF,-0.15859938405628446,0.0007864443064198558,0.012246368998738665,True
Achromobacter,IL1B,0.0028069911697638852,0.9529145817418685,0.9781875029822429,False
Achromobacter,IL2,-0.0555211307288495,0.2424733120844218,0.4708099094993559,False
Achromobacter,IL4,0.011915058364474724,0.8020844268409398,0.9034129538830539,False
Achromobacter,IL5,-0.04547550452914675,0.33851483210373345,0.5698564233057726,False
Achromobacter,IP10,-0.009016895623426011,0.8495595150463097,0.9296351430324202,False
Achromobacter,IL6,-0.0071649466701732695,0.8801953834997751,0.9449596895665469,False
Achromobacter,IL7,-0.036021049182808615,0.4484667521077246,0.6708627074776857,False
Achromobacter,IL8,0.009338928556275316,0.8442539753205911,0.9276254668647332,False
Achromobacter,IL10,-0.06483406628711093,0.17216942762521914,0.3867045380563705,False
Achromobacter,IFNB,-0.126889693260878,0.007361042467792531,0.053553621142065515,True
Achromobacter,EOTAXIN,0.03075119252925849,0.517615370155118,0.7274953406029588,False
Achromobacter,IL12P70,-0.01360290943624436,0.77475570406894,0.8876733764192946,False
Achromobacter,IL13,0.017637581723807978,0.7106020946871384,0.851698573899973,False
Achromobacter,IL17A,0.047403229080583587,0.31841484968730926,0.549918288054922,False
Achromobacter,IL31,-0.07845006072442723,0.0983717221307202,0.27526211659512906,False
Achromobacter,IL1RA,-0.08857528040108367,0.061913729735300786,0.20809599308919027,False
Achromobacter,SCF,0.08046325633426568,0.09000905348410831,0.26163284195403286,False
Achromobacter,RANTES,-0.050013355551052165,0.29246732850259793,0.5237472282080359,False
Achromobacter,IFNG,0.016243253753369245,0.7325686887971501,0.8649733062836634,False
Achromobacter,GMCSF,-0.02762100535961256,0.5611475769629635,0.7573648430587204,False
Achromobacter,TNFA,0.017996863290142853,0.704979638149763,0.8481170147162691,False
Achromobacter,HGF,0.019861118898841675,0.6760688037355655,0.8279113375435038,False
Achromobacter,MIP1B,0.11775624478173648,0.01292831712390553,0.07833863218634478,True
Achromobacter,IFNA,0.009888109878839032,0.8352224816105813,0.9229484613515425,False
Achromobacter,TGFB,-0.04782204423699707,0.3141531385495371,0.545713064285698,False
Achromobacter,MCP1,0.053067072873475236,0.2639559361212845,0.49431565696877333,False
Achromobacter,IL9,0.0012054531640820374,0.9797697711163277,0.9899118995249316,False
Achromobacter,VEGFD,-0.10216969635743335,0.031173429818575592,0.1379286243731948,True
Achromobacter,TNFB,0.048136115314244096,0.31098191060968705,0.5429790426479446,False
Achromobacter,NGF,-0.07213522556637776,0.1286632980996034,0.32126717139460237,False
Achromobacter,EGF,0.0866272577413161,0.06789583862837036,0.220036786358921,False
Achromobacter,BDNF,0.05644491744734928,0.23471311999696956,0.46256342882503715,False
Achromobacter,TRAIL,0.04019141069050196,0.3976666282786101,0.627405965444565,False
Achromobacter,GCSF,-0.009299935499599503,0.8448960220650316,0.9280206111996748,False
Achromobacter,GROA,-0.05070052053502715,0.28587840082136146,0.5172345682604542,False
Achromobacter,IL1A,0.031880278563851665,0.5023516414599423,0.7144975445840588,False
Achromobacter,IL23,-0.02635078892878769,0.5793028529664994,0.7677826733723785,False
Achromobacter,IL12P40,0.023877685265936158,0.6154176650471763,0.792319099129563,False
Achromobacter,IL15,-0.03568807851579811,0.4526751471604963,0.674314953347556,False
Achromobacter,IL18,-0.12138970234866236,0.010377184936645193,0.0678820763805231,True
Achromobacter,MCSF,0.006203087926272492,0.8961807475904452,0.952040592432602,False
Achromobacter,MCP3,0.03894271669271967,0.4125024349159453,0.6391012416508873,False
Achromobacter,MIG,-0.007517470286569803,0.8743485191734868,0.9422089748592296,False
Achromobacter,RESISTIN,-0.11636677957435011,0.014041293849945654,0.08263825359568015,True
Achromobacter,IL21,-0.033064143013267974,0.48660587181998505,0.7032635514442769,False
Achromobacter,ICAM1,-0.05086488019765691,0.28431735974241085,0.5152206860920379,False
Achromobacter,VCAM1,0.04687291000357362,0.32386507553901633,0.5554387464620082,False
Achromobacter,FGFB,0.004188214809863738,0.9297953066146079,0.9654436625876137,False
Achromobacter,IL22,0.038191432352081,0.42158388988566087,0.6469448920443407,False
Achromobacter,PDGFBB,-0.013071023179626924,0.783339480295074,0.8928546104930237,False
Achromobacter,VEGF,0.027493514061941705,0.5629573653979608,0.7586148990505399,False
Achromobacter,LEPTIN,0.03400236736849099,0.4743185539936773,0.6930239077026339,False
Achromobacter,PAI1,0.10045041873718073,0.03414081780499855,0.14563400342781294,True
Achromobacter,CD40L,-0.053676179635212436,0.2585056290082035,0.48865742871771245,False
Achromobacter,ENA78,0.0703931938768082,0.13817829340424512,0.3364192680610147,False
Acinetobacter,IL17F,0.011958465150007813,0.801378420315471,0.9033624415583956,False
Acinetobacter,FASL,0.1624727049656746,0.000580398034558582,0.009950545782049567,True
Acinetobacter,TGFA,0.033592860026184335,0.4796606110815467,0.6982419232194164,False
Acinetobacter,MIP1A,-0.019334106528201424,0.6841957950586881,0.83464944285219,False
Acinetobacter,SDF1A,0.046270795560553954,0.33012614514789196,0.5613909847969499,False
Acinetobacter,IL27,0.03232501076964435,0.49640525198473107,0.7107360315793365,False
Acinetobacter,LIF,0.09010651924773332,0.057522678555728554,0.19861946241764344,False
Acinetobacter,IL1B,0.04852218973221335,0.3071125923175729,0.5389630053491801,False
Acinetobacter,IL2,0.10986887799962329,0.020439015666934335,0.10487566814059056,True
Acinetobacter,IL4,0.10530226974777658,0.026331671701182398,0.1235495571776564,True
Acinetobacter,IL5,0.11354509325791454,0.0165636266355809,0.09230312683638014,True
Acinetobacter,IP10,0.06105116975414141,0.19863408208817557,0.4194749973965988,False
Acinetobacter,IL6,0.10606481062083263,0.025256210769334295,0.12042897759782303,True
Acinetobacter,IL7,0.024787859747896202,0.6020116187312363,0.7826684351031851,False
Acinetobacter,IL8,0.0883498946390954,0.06258281163367017,0.20913266341854936,False
Acinetobacter,IL10,-0.027244907436357303,0.5664944836550447,0.7613985797123665,False
Acinetobacter,IFNB,0.08596650209483646,0.07002948975662583,0.22392173532948992,False
Acinetobacter,EOTAXIN,0.003534274692209905,0.9407349630470948,0.9719909093091144,False
Acinetobacter,IL12P70,0.010949668010665554,0.8178270094603222,0.9124210815126456,False
Acinetobacter,IL13,0.011539932935957058,0.8081924523844857,0.9068018661058798,False
Acinetobacter,IL17A,0.04429620471480662,0.35120273341042596,0.5835423134940131,False
Acinetobacter,IL31,0.1743272264685833,0.00021951674281615397,0.005160748573187479,True
Acinetobacter,IL1RA,0.1131800129393744,0.016917356097627918,0.09327253714229083,True
Acinetobacter,SCF,-0.025235300019488927,0.5954696971257747,0.7779141630355004,False
Acinetobacter,RANTES,0.14114301592514428,0.0028451401479711335,0.028075467045745178,True
Acinetobacter,IFNG,0.05264591892250025,0.2677703081666289,0.4989971616753082,False
Acinetobacter,GMCSF,0.07551969355260617,0.11163626590048686,0.29512209955671753,False
Acinetobacter,TNFA,0.09369099689129497,0.0482452994530679,0.17942424492996736,True
Acinetobacter,HGF,0.12219304964048941,0.009877450603461494,0.06588085794920392,True
Acinetobacter,MIP1B,0.00938518614977929,0.8434924468658695,0.9273019971149433,False
Acinetobacter,IFNA,0.047088562260217744,0.3216414969216406,0.5529720747564586,False
Acinetobacter,TGFB,0.018989193972075512,0.6895345230139278,0.837947648899322,False
Acinetobacter,MCP1,-0.03915428114497081,0.4099660708160964,0.6376083838719689,False
Acinetobacter,IL9,0.08988755936158996,0.058134301326285345,0.20022048380765758,False
Acinetobacter,VEGFD,-0.04673496981058175,0.3252925903498485,0.5569208496168063,False
Acinetobacter,TNFB,0.07278643586088272,0.1252396193579541,0.3161618867172117,False
Acinetobacter,NGF,0.06756824663516227,0.15474446281148252,0.360460991114271,False
Acinetobacter,EGF,-0.0197948160775547,0.6770892091957141,0.8287491214615532,False
Acinetobacter,BDNF,-0.06190704108460577,0.19240141451250886,0.41125176588558376,False
Acinetobacter,TRAIL,0.06953242532657167,0.14307500102110032,0.34392425263740717,False
Acinetobacter,GCSF,0.04773808015470737,0.3150045162117053,0.5462916695041448,False
Acinetobacter,GROA,0.11467537328680708,0.015509208329979464,0.08868316456898931,True
Acinetobacter,IL1A,0.04502082147462157,0.3433715383397753,0.5760936022844078,False
Acinetobacter,IL23,0.08906190262832493,0.06048924822918233,0.20496759058774502,False
Acinetobacter,IL12P40,0.023591236927782384,0.6196636885587852,0.7949823844107893,False
Acinetobacter,IL15,0.08128278643472124,0.08677245347699475,0.2573414098604736,False
Acinetobacter,IL18,0.16116247314395318,0.0006437066809731485,0.01075535671361576,True
Acinetobacter,MCSF,0.13328839477015375,0.004856665524694066,0.04089475251165066,True
Acinetobacter,MCP3,0.01782325129633784,0.7076945382776038,0.8496115816070899,False
Acinetobacter,MIG,0.0256228712704883,0.5898293717114627,0.7748584683277717,False
Acinetobacter,RESISTIN,0.10698970553615474,0.024002803571023898,0.1166763499029357,True
Acinetobacter,IL21,0.04552077450229976,0.3380336974051611,0.5695327617535597,False
Acinetobacter,ICAM1,-0.010172213448645188,0.8305586981196191,0.919547130061007,False
Acinetobacter,VCAM1,0.15088415413115863,0.0014117071944946258,0.017680241822283227,True
Acinetobacter,FGFB,0.08140733168916656,0.08628888274719526,0.25621560425356954,False
Acinetobacter,IL22,-0.042107955882364136,0.3755296866124037,0.6058911726884739,False
Acinetobacter,PDGFBB,-0.01109380035892387,0.8154718278128064,0.91102915668389,False
Acinetobacter,VEGF,-0.019238535245287174,0.6856735341069191,0.835521594465514,False
Acinetobacter,LEPTIN,0.08057557101642103,0.08955984126282769,0.26097573608304914,False
Acinetobacter,PAI1,-0.11967008693125315,0.011522903284043023,0.07276923803593602,True
Acinetobacter,CD40L,0.028200131472018445,0.5529621634830527,0.7520440132802585,False
Acinetobacter,ENA78,0.022533878268034963,0.635445787655315,0.8039921613525188,False
Actinobacillus,IL17F,-0.053153689335478066,0.2631761083028635,0.4935115228551699,False
Actinobacillus,FASL,0.1615099154524183,0.0006263225600655581,0.010554338114745763,True
Actinobacillus,TGFA,-0.005769975761212104,0.9033928803860132,0.9549267654777308,False
Actinobacillus,MIP1A,-0.03527834065589771,0.45788417314186036,0.6786681970880257,False
Actinobacillus,SDF1A,0.03347682199584931,0.4811802627244267,0.6993121694213013,False
Actinobacillus,IL27,0.05723064979812707,0.22825195795187272,0.4553952239404091,False
Actinobacillus,LIF,0.03877529002857989,0.4145162030320372,0.6407873184083147,False
Actinobacillus,IL1B,0.024167673754984124,0.6111321998485071,0.7884493163338022,False
Actinobacillus,IL2,0.015362178903506392,0.7465641401549117,0.8723423003055711,False
Actinobacillus,IL4,0.12244950346827518,0.009722481873756102,0.06502322002136204,True
Actinobacillus,IL5,0.035817674196964265,0.4510345589972883,0.6726624330703884,False
Actinobacillus,IP10,0.010235407913610427,0.8295221133772445,0.9189154954121672,False
Actinobacillus,IL6,0.12257255414597305,0.009648895054160948,0.06475071983929111,True
Actinobacillus,IL7,0.03713041677179283,0.43460641838248937,0.6583205397072188,False
Actinobacillus,IL8,0.11207476862492613,0.018028825262056555,0.09722547014953695,True
Actinobacillus,IL10,0.047522085957478484,0.31720158787396713,0.5486880598809559,False
Actinobacillus,IFNB,0.006738677807339715,0.8872740420421935,0.9478486677993003,False
Actinobacillus,EOTAXIN,-0.05215388907597652,0.272274208005627,0.5031076180917472,False
Actinobacillus,IL12P70,-0.02652458396954736,0.5768026358531881,0.7660103874303068,False
Actinobacillus,IL13,0.029478539810135086,0.535102259794308,0.7395258764968861,False
Actinobacillus,IL17A,0.07712769923314675,0.10419334708848346,0.28346741450304286,False
Actinobacillus,IL31,0.19772365612231613,2.659771551439306e-05,0.001197261550415008,True
Actinobacillus,IL1RA,0.06621910282874584,0.16316802219102797,0.3728582203892336,False
Actinobacillus,SCF,-0.028102854900772325,0.5543329915674249,0.752574195439277,False
Actinobacillus,RANTES,0.1264548375726028,0.007567203800362594,0.05440557231643804,True
Actinobacillus,IFNG,0.037589802591434976,0.4289398775480845,0.6533512535335316,False
Actinobacillus,GMCSF,0.011263238313591014,0.8127052669427686,0.9094732361232342,False
Actinobacillus,TNFA,0.017486402347380615,0.7129726464185728,0.8528779829964618,False
Actinobacillus,HGF,0.027570183993703614,0.5618686695835485,0.7578193110897006,False
Actinobacillus,MIP1B,0.011130090787545318,0.814879088191276,0.9109863972997957,False
Actinobacillus,IFNA,0.06476302076810235,0.17264094415476908,0.3869890489132335,False
Actinobacillus,TGFB,0.0007643013203790338,0.9871724770259849,0.9940292419328048,False
Actinobacillus,MCP1,-0.06038270356482224,0.20360338387153312,0.4253278572166928,False
Actinobacillus,IL9,0.09994591666828286,0.03505596232511759,0.14825468751652046,True
Actinobacillus,VEGFD,-0.09366610306323715,0.0483051274136877,0.17942424492996736,True
Actinobacillus,TNFB,0.06987406603415139,0.141115839797799,0.3407172576844709,False
Actinobacillus,NGF,0.019632500949326184,0.6795897424154917,0.8306752238973238,False
Actinobacillus,EGF,-0.023472274324088258,0.6214308042183094,0.795799541177461,False
Actinobacillus,BDNF,-0.03734474513931035,0.43195732590218006,0.6556440572167007,False
Actinobacillus,TRAIL,0.016068706851019073,0.7353344210706155,0.8667854505457525,False
Actinobacillus,GCSF,-0.008085227813449085,0.8649463321565783,0.9375804014642513,False
Actinobacillus,GROA,0.14005984838307048,0.0030677837143176416,0.02973668815707307,True
Actinobacillus,IL1A,0.059560515729869014,0.20983834004936752,0.43231779926996505,False
Actinobacillus,IL23,0.09861571987600046,0.03756948811180362,0.15477422773810812,True
Actinobacillus,IL12P40,-0.03754284384032347,0.4295171434939604,0.6537902729718166,False
Actinobacillus,IL15,0.040732633291866695,0.39133719882008167,0.6215679111186962,False
Actinobacillus,IL18,0.12530472606408063,0.008137544454641592,0.05665248109735651,True
Actinobacillus,MCSF,0.15608293684553792,0.0009545824464519028,0.013818316823968954,True
Actinobacillus,MCP3,0.009095807824178402,0.8482587871094972,0.9291700710275373,False
Actinobacillus,MIG,-0.025602036125002142,0.5901319607160607,0.7750494096374801,False
Actinobacillus,RESISTIN,0.046220894951258695,0.3306485165680275,0.5619884614357958,False
Actinobacillus,IL21,0.008254511670366185,0.8621465763906261,0.9363658121234495,False
Actinobacillus,ICAM1,-0.06657527378034696,0.16091145548738858,0.36941432887626374,False
Actinobacillus,VCAM1,0.0645845557338915,0.17382962931711113,0.38797341698434057,False
Actinobacillus,FGFB,0.05371878627329755,0.2581273141384352,0.4883851214836694,False
Actinobacillus,IL22,0.027065757470763504,0.5690499568956195,0.7624018723071825,False
Actinobacillus,PDGFBB,0.008741818269473626,0.8540968478907314,0.9321030362567065,False
Actinobacillus,VEGF,-0.05243479966634518,0.26969654384970687,0.5008795269914111,False
Actinobacillus,LEPTIN,0.030487435581065245,0.5212151623826002,0.7307835401461631,False
Actinobacillus,PAI1,-0.12693791653962613,0.007338492386751802,0.05345934449813817,True
Actinobacillus,CD40L,-0.00838414122963926,0.860003820364778,0.935757568461808,False
Actinobacillus,ENA78,0.10369444619394579,0.02872913858505174,0.1306930540708076,True
Actinomyces,IL17F,0.0622785121094368,0.18974131673384279,0.40759841023818766,False
Actinomyces,FASL,-0.03009425362655717,0.5266051081153105,0.7341154751066317,False
Actinomyces,TGFA,0.07898693114213068,0.09608335539549841,0.2718130983311983,False
Actinomyces,MIP1A,0.03249922540464198,0.4940861160599582,0.7090040560721049,False
Actinomyces,SDF1A,-0.05342315664827202,0.2607601730218197,0.49103606220613155,False
Actinomyces,IL27,0.04881900985723206,0.30415949588282,0.5360994654769962,False
Actinomyces,LIF,0.07751476508560687,0.10246175461676973,0.28073039939191663,False
Actinomyces,IL1B,-0.025013230138307623,0.5987124917680133,0.7806375140291228,False
Actinomyces,IL2,-0.011831883218813686,0.8034377108593531,0.903756070412011,False
Actinomyces,IL4,-0.05131314882657692,0.2800891001047618,0.5109397388661624,False
Actinomyces,IL5,-0.05043995110911839,0.2883650242634218,0.5195946644468675,False
Actinomyces,IP10,0.06246863672201462,0.18839033165655014,0.4062012006715379,False
Actinomyces,IL6,-0.008625267223972695,0.8560207891556947,0.9328601524979923,False
Actinomyces,IL7,0.05691812195854957,0.23080662081604908,0.4576210112640008,False
Actinomyces,IL8,-0.02651964834475165,0.5768735698056691,0.7660103874303068,False
Actinomyces,IL10,0.01362619860096659,0.7743804727807169,0.8876561279851519,False
Actinomyces,IFNB,0.13211128510973236,0.00524973711188864,0.043234677066832254,True
Actinomyces,EOTAXIN,0.017585037122796066,0.7114256996586888,0.8518556316058153,False
Actinomyces,IL12P70,-0.014662721656562428,0.757734568911969,0.8783804539433432,False
Actinomyces,IL13,-0.03516764960178147,0.45929712581037174,0.6799897978465173,False
Actinomyces,IL17A,-0.08979608178099396,0.05839141658803257,0.20053109397415106,False
Actinomyces,IL31,-0.03796467315793488,0.42434772391238396,0.6486826852080142,False
Actinomyces,IL1RA,0.04386360616213007,0.3559313227276245,0.5883251139250373,False
Actinomyces,SCF,-0.0356223647766905,0.45350831769112676,0.675126094201016,False
Actinomyces,RANTES,-0.016731921510077064,0.7248441363146244,0.8594618086756723,False
Actinomyces,IFNG,0.006848764991250118,0.8854450427193435,0.9471264356691936,False
Actinomyces,GMCSF,-0.028715681164951778,0.5457247806171062,0.7455399665992871,False
Actinomyces,TNFA,-0.09050437789940281,0.056424983880172225,0.19635246821837815,False
Actinomyces,HGF,0.07240581135303223,0.12723201817040547,0.31895350628162844,False
Actinomyces,MIP1B,-0.12897335270461033,0.006441242898666583,0.04891970145998087,True
Actinomyces,IFNA,-0.05152086271105855,0.27814436458659464,0.5089933443650733,False
Actinomyces,TGFB,-0.019178754317370407,0.6865984866911563,0.8362352213740325,False
Actinomyces,MCP1,0.05154597620226638,0.27790986001490015,0.5086586334992361,False
Actinomyces,IL9,-0.012764022262698752,0.788306037183999,0.8950841873485215,False
Actinomyces,VEGFD,0.021191711635084782,0.6557183436312732,0.8170636873077131,False
Actinomyces,TNFB,-0.10311769214089295,0.02963366034229477,0.13351903874881613,True
Actinomyces,NGF,0.0087079207510357,0.8546563152296206,0.9323024778057902,False
Actinomyces,EGF,-0.023681169749016327,0.6183292434102458,0.7938902945478252,False
Actinomyces,BDNF,-0.10273382961416677,0.03024910755365764,0.13503741855052917,True
Actinomyces,TRAIL,-0.07186452818531248,0.1301076143003495,0.3238073369787542,False
Actinomyces,GCSF,-0.08661573927809445,0.06793257135561008,0.220036786358921,False
Actinomyces,GROA,-0.005643846647248951,0.905494688924173,0.9562309853413696,False
Actinomyces,IL1A,-0.040945041656604834,0.388869897156653,0.6191464458722674,False
Actinomyces,IL23,0.0032168571622677024,0.9460491372280411,0.9750290010239445,False
Actinomyces,IL12P40,0.00667825669189403,0.8882781394025749,0.9483047323186683,False
Actinomyces,IL15,-0.02800831973709199,0.555666773232887,0.7531874775167969,False
Actinomyces,IL18,0.07177868033703354,0.1305682684690739,0.3245441226848539,False
Actinomyces,MCSF,-0.01757908123461473,0.7115190758217802,0.8518556316058153,False
Actinomyces,MCP3,-0.09887450733374052,0.037068850193399845,0.15347531508044338,True
Actinomyces,MIG,0.01690472465874553,0.722119192121857,0.8575654735498455,False
Actinomyces,RESISTIN,0.117532658202252,0.013101985816300128,0.0788188190253889,True
Actinomyces,IL21,-0.011952635849434234,0.8014732238563448,0.9033624415583956,False
Actinomyces,ICAM1,-0.05092091701009782,0.2837864548273771,0.5147317151220392,False
Actinomyces,VCAM1,-0.11161999288135357,0.018504356830705438,0.09839047984740788,True
Actinomyces,FGFB,-0.06149787218983478,0.19536297353944113,0.4155098582851803,False
Actinomyces,IL22,-0.05751735603591669,0.22592607715926247,0.4524947721731023,False
Actinomyces,PDGFBB,0.021179413855140685,0.6559052969858479,0.8170636873077131,False
Actinomyces,VEGF,0.03348870442813107,0.48102452863261236,0.6992980096239925,False
Actinomyces,LEPTIN,-0.0929563723382112,0.05003714766828915,0.18330219313043272,True
Actinomyces,PAI1,-0.1011411080088508,0.03292099646967765,0.1422152424180904,True
Actinomyces,CD40L,0.13039812585138855,0.005873056481214726,0.04629461501847549,True
Actinomyces,ENA78,-0.0865883762773021,0.0680198981047316,0.2201379368077623,False
Actinoplanes,IL17F,0.04459972120459297,0.34790889282423676,0.5799051713599754,False
Actinoplanes,FASL,-0.13115623975757915,0.005589453770745676,0.04494358505057983,True
Actinoplanes,TGFA,0.01125186467608432,0.8128909017041966,0.909485700715012,False
Actinoplanes,MIP1A,-0.027753363190613767,0.5592716797608586,0.7561788806861259,False
Actinoplanes,SDF1A,-0.11557002179901156,0.014716816006600287,0.0853321219635443,True
Actinoplanes,IL27,-0.04591683134373201,0.33384303839068596,0.5655653329533222,False
Actinoplanes,LIF,0.04927588562353374,0.2996508344998285,0.5317578101620725,False
Actinoplanes,IL1B,-0.0023308294860321065,0.960894850448663,0.9820134185903918,False
Actinoplanes,IL2,-0.022398870917365518,0.6374730373867078,0.8050676519311583,False
Actinoplanes,IL4,-0.07782958720253665,0.10107024866194338,0.2791568983441724,False
Actinoplanes,IL5,-0.02033549965813567,0.6687854342783769,0.8244200088928647,False
Actinoplanes,IP10,-0.027013238180090205,0.5698001537161881,0.7624504539566439,False
Actinoplanes,IL6,-0.09040682699271353,0.05669250641115195,0.1969255560962424,False
Actinoplanes,IL7,0.07644566059786209,0.107300836713487,0.28831844768889453,False
Actinoplanes,IL8,-0.09454352750916516,0.04623352288205131,0.17434341998328645,True
Actinoplanes,IL10,0.011591774004225164,0.8073476406686586,0.9066795445103254,False
Actinoplanes,IFNB,0.06008847863808782,0.20581897334016666,0.4272873787979287,False
Actinoplanes,EOTAXIN,0.07199756106670922,0.1293962528726385,0.3227703089115563,False
Actinoplanes,IL12P70,0.05684903562809507,0.23137406835334046,0.45835779583336084,False
Actinoplanes,IL13,-0.06147347556739206,0.19554060244865976,0.4157082723612007,False
Actinoplanes,IL17A,-0.06835909799117863,0.14996210592572526,0.35282253943097847,False
Actinoplanes,IL31,-0.1028750949286792,0.030021355604380368,0.1342179245115563,True
Actinoplanes,IL1RA,0.0033925446695829194,0.9431074828362598,0.9735239335916073,False
Actinoplanes,SCF,-0.027734086594063765,0.5595446966317374,0.7564442703504756,False
Actinoplanes,RANTES,-0.11588049576840687,0.014450262234523673,0.08434025169208666,True
Actinoplanes,IFNG,-0.02467795535719776,0.6036234319397894,0.7832949326849671,False
Actinoplanes,GMCSF,-0.07146952244300907,0.13223764336732263,0.3271263960640067,False
Actinoplanes,TNFA,-0.07318765257874801,0.12316575776930579,0.31289797692899907,False
Actinoplanes,HGF,0.03152667929521338,0.5071061748543113,0.7187710527266428,False
Actinoplanes,MIP1B,-0.07526750704934358,0.1128405723828938,0.2970313384647709,False
Actinoplanes,IFNA,-0.07505550929351787,0.1138608337973341,0.29828331107470624,False
Actinoplanes,TGFB,-0.029710996735204713,0.5318861624136126,0.7370447591567966,False
Actinoplanes,MCP1,0.12686395621858065,0.007373102914116014,0.05360180569863988,True
Actinoplanes,IL9,-0.051396331338465474,0.27930919561707523,0.5099888961646838,False
Actinoplanes,VEGFD,-0.03259772042573145,0.4927775163811948,0.707924891693993,False
Actinoplanes,TNFB,-0.0818268136460416,0.08467610205131079,0.25341135823370425,False
Actinoplanes,NGF,0.0363191020066088,0.44471853386333837,0.6673128282378302,False
Actinoplanes,EGF,-0.050751647340949654,0.2853921957357396,0.5165986532432834,False
Actinoplanes,BDNF,-0.07919204337425023,0.0952203713954919,0.2707040685074473,False
Actinoplanes,TRAIL,-0.10828253639622094,0.022341058403635802,0.11173929667328349,True
Actinoplanes,GCSF,-0.0645696799314105,0.17392898562165227,0.38797341698434057,False
Actinoplanes,GROA,-0.08861436378565203,0.06179830890406166,0.2077788980819372,False
Actinoplanes,IL1A,-0.12984129923834584,0.006089523645052418,0.04745495975725434,True
Actinoplanes,IL23,-0.026174711193119912,0.581841067036097,0.7689795058413871,False
Actinoplanes,IL12P40,0.03819554024382763,0.42153391844738675,0.6469448920443407,False
Actinoplanes,IL15,-0.03447152149251443,0.46823865203930426,0.688426045011702,False
Actinoplanes,IL18,-0.04710066514692237,0.32151699980846926,0.5528544538831135,False
Actinoplanes,MCSF,-0.09837119833026556,0.03804778479054061,0.1555620505605632,True
Actinoplanes,MCP3,-0.06559493294899149,0.16717975496498533,0.37903818409494605,False
Actinoplanes,MIG,-0.014891954280587533,0.7540680063950826,0.8764185950773647,False
Actinoplanes,RESISTIN,-0.0023323019634498105,0.9608701659166283,0.9820134185903918,False
Actinoplanes,IL21,-0.12003655024353235,0.011269766837696704,0.07153725787895306,True
Actinoplanes,ICAM1,0.029174412297760948,0.5393246401034124,0.7420324217919664,False
Actinoplanes,VCAM1,-0.0982581781469775,0.038270596073061706,0.15602627629786694,True
Actinoplanes,FGFB,-0.046078056951412365,0.332146723511185,0.5636602513983925,False
Actinoplanes,IL22,-0.06548916763386438,0.16786679770723023,0.3797028487836038,False
Actinoplanes,PDGFBB,-0.05055137580879142,0.2872999213750416,0.5183386941645608,False
Actinoplanes,VEGF,-0.004661949905537981,0.9218784012225962,0.9627764893641472,False
Actinoplanes,LEPTIN,-0.10523422387284086,0.026429530227778514,0.1237914719201581,True
Actinoplanes,PAI1,0.05719280294153067,0.2285602528592339,0.45582580875709644,False
Actinoplanes,CD40L,0.06324267706005607,0.1829631398135777,0.3991712261893585,False
Actinoplanes,ENA78,-0.0793739265427616,0.09446030688147969,0.26967555900307755,False
Agathobacter,IL17F,-0.07581472580301597,0.11024020531970001,0.2929239741352029,False
Agathobacter,FASL,-0.144904451850233,0.0021814083967054477,0.02339969964605256,True
Agathobacter,TGFA,0.001716537318891176,0.9711957851753323,0.9858972351208347,False
Agathobacter,MIP1A,-0.02268550871807937,0.6331721708491286,0.8020831740209085,False
Agathobacter,SDF1A,-0.18102884989923737,0.00012311541283454425,0.003656724941685457,True
Agathobacter,IL27,-0.04067686813458618,0.3919865243120868,0.6218907393444824,False
Agathobacter,LIF,0.037412210341284106,0.4311253911738264,0.655107995311224,False
Agathobacter,IL1B,-0.053042219031438714,0.2641799939071947,0.4945473566154815,False
Agathobacter,IL2,-0.11255193812644239,0.017541380122112583,0.09537944028890559,True
Agathobacter,IL4,-0.16039566067306243,0.0006836682834263012,0.011030846044674634,True
Agathobacter,IL5,-0.10358841973280512,0.02889361958814431,0.13132010230517593,True
Agathobacter,IP10,-0.07250161744302792,0.12672821632092457,0.3183707330508854,False
Agathobacter,IL6,-0.08303897291123229,0.08015192624470795,0.24448746668621693,False
Agathobacter,IL7,-0.0391885990267376,0.40955551974697624,0.6372156429396609,False
Agathobacter,IL8,-0.11767807128762259,0.012988805478590331,0.07850621974735959,True
Agathobacter,IL10,-0.023784159118857506,0.6168026018215855,0.7931698472159131,False
Agathobacter,IFNB,0.07053479441936958,0.1373852391287611,0.33530312212321783,False
Agathobacter,EOTAXIN,-0.09437453731695147,0.04662660893711414,0.17530324595807445,True
Agathobacter,IL12P70,-0.04157024066800306,0.38166263771792874,0.6116778219189305,False
Agathobacter,IL13,-0.08543939443224113,0.0717706325453635,0.22662232403337396,False
Agathobacter,IL17A,-0.09682964631870347,0.041183459675545944,0.1628505998722551,True
Agathobacter,IL31,-0.13675633194931203,0.0038480702173757098,0.03496246654644216,True
Agathobacter,IL1RA,-0.017421721895154053,0.7139877072881289,0.8532538269422202,False
Agathobacter,SCF,-0.09141178037084666,0.053986360447906175,0.19164477540347824,False
Agathobacter,RANTES,-0.15424568644298522,0.0010976587336405383,0.014989518873843649,True
Agathobacter,IFNG,-0.11249316937325606,0.017600785984585574,0.0955969962733028,True
Agathobacter,GMCSF,-0.08496460025074755,0.07336908011512522,0.22986010130336737,False
Agathobacter,TNFA,-0.17267858064602976,0.00025227187842965756,0.005677845154245581,True
Agathobacter,HGF,-0.06106659985836314,0.19852042930130911,0.4194749973965988,False
Agathobacter,MIP1B,-0.20717928815163725,1.0527029048387694e-05,0.0006609901424140501,True
Agathobacter,IFNA,-0.10332667653104498,0.029303130038024486,0.13263097149441935,True
Agathobacter,TGFB,-0.07556887169033327,0.11140259960775951,0.2947414994453283,False
Agathobacter,MCP1,-0.0065817049519128045,0.8898830372829978,0.9493700523833927,False
Agathobacter,IL9,-0.1029259815481054,0.029939675395783596,0.13409601092759413,True
Agathobacter,VEGFD,0.07634686612599939,0.10775696640319991,0.2891312397394515,False
Agathobacter,TNFB,-0.18974423397588425,5.6241026905330285e-05,0.00203085730121885,True
Agathobacter,NGF,-0.04326867492886528,0.36249932750319835,0.5933006579724281,False
Agathobacter,EGF,-0.1310400047335196,0.005632120943482429,0.04512683809729234,True
Agathobacter,BDNF,-0.16874006780997022,0.00034991622323345004,0.006926654876777813,True
Agathobacter,TRAIL,-0.12636959380756388,0.007608216720203432,0.05457900828409553,True
Agathobacter,GCSF,-0.05366318457448369,0.2586210915516809,0.48868827305280244,False
Agathobacter,GROA,-0.12629649944973842,0.00764354228229949,0.05460147812964374,True
Agathobacter,IL1A,-0.12621578891475851,0.0076827187981926065,0.05472271814492971,True
Agathobacter,IL23,-0.1034473719257767,0.029113681754707597,0.13194580039356107,True
Agathobacter,IL12P40,-0.11517647144539452,0.015060894753892568,0.08669107553617458,True
Agathobacter,IL15,-0.13302101540025632,0.004943545710342475,0.04129955390894586,True
Agathobacter,IL18,-0.06576748242549241,0.16606341099585892,0.37711428371277983,False
Agathobacter,MCSF,-0.15283571703618082,0.0012205900715745956,0.016247707154419335,True
Agathobacter,MCP3,-0.129933205550319,0.0060533086197447575,0.047322376188298036,True
Agathobacter,MIG,-0.06419049587184787,0.17647587081459462,0.3908308441847252,False
Agathobacter,RESISTIN,0.0331233996021256,0.485824787807965,0.7031068761196295,False
Agathobacter,IL21,-0.05955979705648246,0.20984384961521432,0.43231779926996505,False
Agathobacter,ICAM1,0.023009886309956713,0.6283199048666313,0.799744616426074,False
Agathobacter,VCAM1,-0.05231024981484272,0.2708373597596112,0.5020726637833564,False
Agathobacter,FGFB,-0.10783364553433676,0.022906380378866557,0.11339782964653206,True
Agathobacter,IL22,-0.13202158857575538,0.0052808327616285615,0.04341822298926969,True
Agathobacter,PDGFBB,-0.13717462491656846,0.0037402068813705077,0.034234874128644815,True
Agathobacter,VEGF,-0.08954513016577223,0.059101601539966866,0.20201927461199493,False
Agathobacter,LEPTIN,-0.08669584053923718,0.06767746293625976,0.21946198342948972,False
Agathobacter,PAI1,-0.08115156367176048,0.08728430743921456,0.2577737276020902,False
Agathobacter,CD40L,0.11953127492144769,0.011620093727624686,0.07305541069319142,True
Agathobacter,ENA78,-0.10342454350938772,0.029149433372157963,0.13199591832004282,True
Aggregatibacter,IL17F,-0.04056697087062765,0.3932680654157237,0.623085276256542,False
Aggregatibacter,FASL,0.14560918109084142,0.0020740590122131867,0.022679404737687304,True
Aggregatibacter,TGFA,-0.00348100967437495,0.941626543775394,0.9725730953668271,False
Aggregatibacter,MIP1A,-0.08335051158903228,0.07902134254696742,0.24229934520311194,False
Aggregatibacter,SDF1A,-0.012873841426629475,0.7865284229985413,0.8947146542718233,False
Aggregatibacter,IL27,0.04434430447398367,0.35067943306164007,0.583065921929777,False
Aggregatibacter,LIF,0.031148062873801972,0.512223090489493,0.7235270419896005,False
Aggregatibacter,IL1B,-0.008843070789064758,0.8524261449539952,0.9313107544005856,False
Aggregatibacter,IL2,0.046916818024728836,0.3234115350887473,0.5550471645029371,False
Aggregatibacter,IL4,0.07755900087893086,0.10226532117850941,0.2805770794728203,False
Aggregatibacter,IL5,0.004911745593112345,0.9177069518640493,0.961017838567769,False
Aggregatibacter,IP10,0.16527564074380882,0.00046387767321625614,0.008579561168041,True
Aggregatibacter,IL6,0.13280501148286977,0.005014752615999008,0.04178819212892495,True
Aggregatibacter,IL7,0.07840463775999706,0.09856730742498139,0.27549660238034207,False
Aggregatibacter,IL8,0.07370201145777931,0.1205462831065054,0.3083471070135447,False
Aggregatibacter,IL10,-0.02200520361703137,0.643399691724533,0.8091453044420995,False
Aggregatibacter,IFNB,-0.04448280414677202,0.3491753823117846,0.581349589398678,False
Aggregatibacter,EOTAXIN,0.026767669288313332,0.5733141370132699,0.7640221374577739,False
Aggregatibacter,IL12P70,-0.016409760651032133,0.7299335732568135,0.8634131467681386,False
Aggregatibacter,IL13,-0.009997153506623299,0.8334317523252222,0.9216928667738434,False
Aggregatibacter,IL17A,-0.057884602016124616,0.22297152005488724,0.44942733738198043,False
Aggregatibacter,IL31,0.1605839910892383,0.0006736461478553825,0.011030846044674634,True
Aggregatibacter,IL1RA,0.06398362125265647,0.17787702423901744,0.392723786102628,False
Aggregatibacter,SCF,-0.03319370954552589,0.4848988829182671,0.7021752525246133,False
Aggregatibacter,RANTES,0.12909612503819176,0.0063904102681476985,0.048704159108493,True
Aggregatibacter,IFNG,0.06400716790505244,0.17771712871495604,0.3926345707915815,False
Aggregatibacter,GMCSF,-0.03113415413440153,0.5124115736816135,0.7236895835749779,False
Aggregatibacter,TNFA,0.02706226016626759,0.5690998985290462,0.7624018723071825,False
Aggregatibacter,HGF,0.1182234813180894,0.012571935059700867,0.0767255556337766,True
Aggregatibacter,MIP1B,-0.0685747454553524,0.14867776284153134,0.35134123780476295,False
Aggregatibacter,IFNA,-0.013813217782391017,0.7713691609504822,0.8864361528379451,False
Aggregatibacter,TGFB,0.007412326978984621,0.8760916979579153,0.9433628762748277,False
Aggregatibacter,MCP1,-0.04959210914420868,0.296556342915311,0.5291546142982114,False
Aggregatibacter,IL9,0.07627534855025983,0.10808811354376249,0.289783144768673,False
Aggregatibacter,VEGFD,-0.05310902203768466,0.26357806008191226,0.49378191653066067,False
Aggregatibacter,TNFB,0.08954660571615934,0.059097404990796736,0.20201927461199493,False
Aggregatibacter,NGF,0.020539932079830393,0.6656561991232341,0.8229505031822975,False
Aggregatibacter,EGF,0.0266908843735585,0.57441499358741,0.7642843847732066,False
Aggregatibacter,BDNF,-0.04516375051206794,0.34184008080459616,0.5743752371862466,False
Aggregatibacter,TRAIL,-0.004533203238715526,0.9240292431380929,0.9635091477969535,False
Aggregatibacter,GCSF,-0.007932299928746512,0.8674770337681804,0.9384334856582923,False
Aggregatibacter,GROA,0.1015046047606582,0.03229409822313957,0.14104034498924475,True
Aggregatibacter,IL1A,-0.041684415078653676,0.380355317199471,0.6100785416453605,False
Aggregatibacter,IL23,0.07010658286409871,0.13979425444516846,0.33868069803894585,False
Aggregatibacter,IL12P40,0.01868294090864977,0.6942878154043299,0.8405867586947157,False
Aggregatibacter,IL15,0.0030357751655623534,0.9490818821489795,0.9768270196517687,False
Aggregatibacter,IL18,0.13130441701014572,0.005535482883649387,0.04467664898532749,True
Aggregatibacter,MCSF,0.13339733674442505,0.00482166327062008,0.04076497128796976,True
Aggregatibacter,MCP3,-0.024702540682203244,0.6032627057179044,0.7832579146026409,False
Aggregatibacter,MIG,-0.01722494586535143,0.7170789029513641,0.8552890290737505,False
Aggregatibacter,RESISTIN,0.08504602183835211,0.07309292191792416,0.22932846093790465,False
Aggregatibacter,IL21,-0.042732933720391886,0.36847817001063055,0.5985265776840988,False
Aggregatibacter,ICAM1,0.0718554666940533,0.13015617827140366,0.323820407068536,False
Aggregatibacter,VCAM1,0.10882251058818201,0.02167708070313604,0.10936164870599543,True
Aggregatibacter,FGFB,0.10389844898516547,0.02841492444917004,0.12986292314321662,True
Aggregatibacter,IL22,-0.019984408394834598,0.6741729458606386,0.827308955828116,False
Aggregatibacter,PDGFBB,0.016265600826988955,0.7322148436574655,0.8647692958147215,False
Aggregatibacter,VEGF,-0.030107703033202066,0.5264202690685429,0.7341154751066317,False
Aggregatibacter,LEPTIN,-0.023436532664790056,0.6219621503705962,0.7960341108106287,False
Aggregatibacter,PAI1,-0.07941054191736342,0.0943078839144774,0.26947452742867195,False
Aggregatibacter,CD40L,-0.04279809410854203,0.36774773399214766,0.5980298848061023,False
Aggregatibacter,ENA78,-0.07644414788134667,0.1073078093498229,0.28831844768889453,False
Alcaligenes,IL17F,0.01611547713993799,0.7345929988609021,0.8663423530234361,False
Alcaligenes,FASL,0.0380704268346104,0.4230574432975913,0.6481156571341976,False
Alcaligenes,TGFA,-0.05181423390048616,0.2754132953739195,0.5056852795299122,False
Alcaligenes,MIP1A,0.012296645360423141,0.7958835341101086,0.9001629049171007,False
Alcaligenes,SDF1A,0.0499748123454734,0.29283988905873387,0.5240289250183331,False
Alcaligenes,IL27,-0.045099825502203095,0.34252448602413543,0.5751330920159985,False
Alcaligenes,LIF,-0.17774316724430686,0.0001639008114172847,0.004378683465993476,True
Alcaligenes,IL1B,-0.011577885298631919,0.8075739516884,0.9067271088546979,False
Alcaligenes,IL2,-0.05045896125318672,0.288183119823566,0.5193618272798379,False
Alcaligenes,IL4,0.00431978060606982,0.9275958939182491,0.9647858537925829,False
Alcaligenes,IL5,-0.03973402479408691,0.4030632658285367,0.6322094646693612,False
Alcaligenes,IP10,-0.015278384711359014,0.7478996026168792,0.8734503355760211,False
Alcaligenes,IL6,-0.018873521379467895,0.6913284317413384,0.8392999606042012,False
Alcaligenes,IL7,-0.04854506233047882,0.3068843596573308,0.5387829060555596,False
Alcaligenes,IL8,-0.002059891552902471,0.9654374508027375,0.9831386539192881,False
Alcaligenes,IL10,-0.06484067089857327,0.17212564281662937,0.3866942996550438,False
Alcaligenes,IFNB,-0.11344052639835571,0.01666427474539261,0.0926022663134613,True
Alcaligenes,EOTAXIN,0.010909018487612202,0.8184915366898466,0.9130575499251452,False
Alcaligenes,IL12P70,-0.028163224566667474,0.5534820630414692,0.7521679318255864,False
Alcaligenes,IL13,0.011263964844020887,0.8126934092366698,0.9094732361232342,False
Alcaligenes,IL17A,0.04362947999115462,0.3585070850334988,0.5898135587884231,False
Alcaligenes,IL31,-0.08277107141996846,0.08113459183782644,0.2467833404311302,False
Alcaligenes,IL1RA,-0.10066973210799855,0.03374938464280884,0.14471571718521511,True
Alcaligenes,SCF,0.06562108096475844,0.1670102247111911,0.3789152578142512,False
Alcaligenes,RANTES,-0.04772646850973597,0.31512237461208786,0.5463377363570106,False
Alcaligenes,IFNG,-0.004190625740930355,0.9297549977212534,0.9654436625876137,False
Alcaligenes,GMCSF,-0.03491530340491826,0.46252736403234784,0.6835974144873891,False
Alcaligenes,TNFA,0.0012721691682765982,0.9786503851239652,0.9895820619885916,False
Alcaligenes,HGF,-0.013204976694847553,0.7811751665907131,0.8916800597579745,False
Alcaligenes,MIP1B,0.1143403796446761,0.01581540292095124,0.08986065821022325,True
Alcaligenes,IFNA,0.012032426551112743,0.800175818981177,0.9025417682540398,False
Alcaligenes,TGFB,-0.05285935167423193,0.2658325645944668,0.4965095531967135,False
Alcaligenes,MCP1,0.0464413827626725,0.3283444217655611,0.5597886973870834,False
Alcaligenes,IL9,0.001180192029656233,0.9801936223287865,0.9901806632921043,False
Alcaligenes,VEGFD,-0.08689223419890535,0.06705530617135912,0.21837833109919333,False
Alcaligenes,TNFB,0.03004146959255391,0.5273308532756615,0.7346562396257026,False
Alcaligenes,NGF,-0.06986749886108455,0.14115330496889625,0.3407172576844709,False
Alcaligenes,EGF,0.0857233833065312,0.0708282191998833,0.2251137612846399,False
Alcaligenes,BDNF,0.05227742761967875,0.2711385429953742,0.5022329494266063,False
Alcaligenes,TRAIL,0.045752207177418014,0.3355808465228409,0.5672421099146375,False
Alcaligenes,GCSF,-0.022000848253432598,0.6434653891728513,0.8091453044420995,False
Alcaligenes,GROA,-0.07046028205245691,0.1378021192154172,0.33591015602766133,False
Alcaligenes,IL1A,0.03997641413085966,0.40019791816125583,0.629612364703744,False
Alcaligenes,IL23,-0.01446928665731528,0.7608327857056679,0.8806257604187476,False
Alcaligenes,IL12P40,-0.002370501281869157,0.9602298077357498,0.981740867523234,False
Alcaligenes,IL15,-0.016960304237739046,0.721243498424686,0.8573517915676541,False
Alcaligenes,IL18,-0.11171384233149778,0.018405337950951308,0.09830057800865775,True
Alcaligenes,MCSF,0.005196055551602393,0.9129618854245646,0.9589308690447874,False
Alcaligenes,MCP3,0.03465961295900418,0.4658132535733017,0.6868063197316195,False
Alcaligenes,MIG,-0.015069189194641362,0.7512369219585684,0.875285860264706,False
Alcaligenes,RESISTIN,-0.12407282673139337,0.008790692031720875,0.06005449899425113,True
Alcaligenes,IL21,-0.023412238407011423,0.6223234281905838,0.7961152809632462,False
Alcaligenes,ICAM1,-0.06468670383299145,0.1731485176132801,0.3874031063621687,False
Alcaligenes,VCAM1,0.049845856247227184,0.2940886927633961,0.5256802054871367,False
Alcaligenes,FGFB,-0.005634422521679604,0.9056517587053101,0.9562309853413696,False
Alcaligenes,IL22,0.030788500886528705,0.5171072175043263,0.7271958559426032,False
Alcaligenes,PDGFBB,-0.027097873142442993,0.5685914415196034,0.7624018723071825,False
Alcaligenes,VEGF,0.03212952225788835,0.49901445696815105,0.7124084194708101,False
Alcaligenes,LEPTIN,0.032094664235777004,0.49948047230347314,0.7124141852257826,False
Alcaligenes,PAI1,0.058949416951764914,0.21456096662288932,0.43846227383259595,False
Alcaligenes,CD40L,-0.05909840454768583,0.21340259735737868,0.4370917940471721,False
Alcaligenes,ENA78,0.06824731773994346,0.15063115162160123,0.35422755073610324,False
Alistipes,IL17F,0.14235149761877736,0.002614165874530632,0.026377120973513784,True
Alistipes,FASL,0.05638385452099102,0.2352205990929679,0.46301358849044166,False
Alistipes,TGFA,0.06915589091004883,0.1452582842667133,0.3467206213804503,False
Alistipes,MIP1A,0.014949251494253519,0.753152399611761,0.8760562071236271,False
Alistipes,SDF1A,0.093732051221614,0.048146768075272954,0.17930896852513817,True
Alistipes,IL27,0.029975242323010225,0.5282421526221015,0.7348872622846002,False
Alistipes,LIF,-0.006357974522234794,0.8936036368928042,0.95120879521534,False
Alistipes,IL1B,0.029710977440470198,0.5318864289553105,0.7370447591567966,False
Alistipes,IL2,0.047611805836286825,0.3162877530610173,0.5476839398692268,False
Alistipes,IL4,0.18271058931464412,0.00010613552928745788,0.0033110254674549363,True
Alistipes,IL5,0.13517129047019077,0.0042828290861260665,0.0372969338613346,True
Alistipes,IP10,0.0005504276572335054,0.9907617988465645,0.9957955706859972,False
Alistipes,IL6,0.07623728497908858,0.10826468597400685,0.2900987426832725,False
Alistipes,IL7,0.048121755493142855,0.31112644332020123,0.5430390365174476,False
Alistipes,IL8,0.10521406942940813,0.026458574897116366,0.1237914719201581,True
Alistipes,IL10,0.06674974405508574,0.15981468782160863,0.3677653284113071,False
Alistipes,IFNB,0.08090655299385893,0.08824650597039771,0.2597277640942265,False
Alistipes,EOTAXIN,-0.024474649679983952,0.6066101135783671,0.7851763983117241,False
Alistipes,IL12P70,0.03208143171207083,0.49965743761042347,0.7124141852257826,False
Alistipes,IL13,0.06354660670363202,0.18086401013612738,0.39673244984625006,False
Alistipes,IL17A,0.06048402499149863,0.20284442709336756,0.4246069410153866,False
Alistipes,IL31,0.1004911101598306,0.03406790044132022,0.14551185552449514,True
Alistipes,IL1RA,0.05206668166748217,0.2730778391003069,0.5036742390862193,False
Alistipes,SCF,0.043659076288088405,0.3581808348774219,0.5895710576854997,False
Alistipes,RANTES,0.05382882847611946,0.2571519929414614,0.4874071037140793,False
Alistipes,IFNG,0.05973497114995976,0.2085039985328661,0.430366921594848,False
Alistipes,GMCSF,0.09675485173429102,0.04134099190691756,0.163020035856789,True
Alistipes,TNFA,0.12190810940519364,0.010052201770084073,0.06637280981211573,True
Alistipes,HGF,0.015999198732834712,0.7364367468382544,0.8674137463531278,False
Alistipes,MIP1B,0.13899979658562936,0.0033008928657158347,0.03131876984622396,True
Alistipes,IFNA,0.08736648661801748,0.06557224857247809,0.21576482243426445,False
Alistipes,TGFB,0.03437054526593954,0.46954358802749807,0.6894192271038243,False
Alistipes,MCP1,-0.06455319113009587,0.17403916463020355,0.38797341698434057,False
Alistipes,IL9,0.1288894572181202,0.006476187181303316,0.049109425564067756,True
Alistipes,VEGFD,-0.03747409439117098,0.4303630943476604,0.6545077729218198,False
Alistipes,TNFB,0.12374000496747985,0.008974980090294704,0.0610595953969118,True
Alistipes,NGF,0.1110270279432853,0.019140790576261207,0.10052250204821478,True
Alistipes,EGF,0.0858361378122942,0.0704568606245917,0.22455988749991107,False
Alistipes,BDNF,0.1458690209020318,0.002035712733202753,0.022472627238424123,True
Alistipes,TRAIL,0.10708179382187583,0.023881000745530175,0.11625624955527726,True
Alistipes,GCSF,0.054165272829958644,0.2541858559484615,0.48430853051905215,False
Alistipes,GROA,0.1386017179200315,0.003392505696417458,0.03203383252421772,True
Alistipes,IL1A,0.1154133382721289,0.014852967371705113,0.08587715680367684,True
Alistipes,IL23,-0.0034757990140637457,0.9417137667593903,0.9725730953668271,False
Alistipes,IL12P40,-0.015204367305621955,0.7490798760186731,0.8741771284471821,False
Alistipes,IL15,0.034966737210337356,0.46186794615317395,0.6830710964876787,False
Alistipes,IL18,0.06532157049115835,0.168959818816195,0.3816591302197176,False
Alistipes,MCSF,0.09603112472291857,0.042891745758182484,0.16693955932322843,True
Alistipes,MCP3,0.10876267300716931,0.021749806472211183,0.10961635593203366,True
Alistipes,MIG,-0.008014381697543621,0.8661185473100472,0.938160272429672,False
Alistipes,RESISTIN,0.019008866989372177,0.6892295966053124,0.8378869605790071,False
Alistipes,IL21,0.028861682749020377,0.5436837241079636,0.7443785808812957,False
Alistipes,ICAM1,0.04716113967574212,0.3208953946116636,0.5524601467135487,False
Alistipes,VCAM1,0.00832388180456889,0.8609997723046834,0.9361908290656096,False
Alistipes,FGFB,0.1186083696094922,0.012284904140671463,0.07554871180208315,True
Alistipes,IL22,-0.006124976803083213,0.8974808306533049,0.9524767410655489,False
Alistipes,PDGFBB,0.02240882035159767,0.6373235456634321,0.8050676519311583,False
Alistipes,VEGF,0.11721969148704044,0.013348532019285203,0.07960667189722537,True
Alistipes,LEPTIN,0.09420994940925116,0.04701214575625087,0.176215107553278,True
Alistipes,PAI1,0.06613594894673351,0.16369826203175603,0.37372335968250364,False
Alistipes,CD40L,0.06604009164571525,0.16431111133807558,0.37460197399878564,False
Alistipes,ENA78,0.0569598158887876,0.2304646408158976,0.4572734045144172,False
Alloiococcus,IL17F,-0.004491735442381272,0.9247221228104179,0.9637628606963885,False
Alloiococcus,FASL,0.0004298507918802826,0.9927854595825963,0.9961653928959203,False
Alloiococcus,TGFA,0.02993617933702402,0.5287800410922854,0.7353242551964663,False
Alloiococcus,MIP1A,-0.06920089576487745,0.14499599953350512,0.3464300929232413,False
Alloiococcus,SDF1A,0.08825262565605532,0.06287340030983679,0.20974821666814586,False
Alloiococcus,IL27,0.07589166512977673,0.10987840583099193,0.29259355069743875,False
Alloiococcus,LIF,0.12469765373088071,0.008453796295114998,0.058381499227967766,True
Alloiococcus,IL1B,0.1363608447356812,0.003952635000884524,0.035519668038942236,True
Alloiococcus,IL2,0.06516591651501363,0.16997970786043892,0.3830955555757218,False
Alloiococcus,IL4,0.033234932015322946,0.4843564715157427,0.701864779685755,False
Alloiococcus,IL5,0.08639550579495871,0.06863804125818479,0.22162915516645454,False
Alloiococcus,IP10,-0.012839589829272212,0.7870827261768247,0.8949385721490646,False
Alloiococcus,IL6,0.10486895059908695,0.026960208461350284,0.1251990897891535,True
Alloiococcus,IL7,0.011115464242415404,0.8151179741140218,0.9109937406401867,False
Alloiococcus,IL8,0.05855919052820527,0.21761634863579285,0.4425045307037223,False
Alloiococcus,IL10,0.07785345769887574,0.1009653565882793,0.2791568983441724,False
Alloiococcus,IFNB,0.047775304869743046,0.3146268793494608,0.5460668167131224,False
Alloiococcus,EOTAXIN,0.04737332074386814,0.31872062303273296,0.5501572232282755,False
Alloiococcus,IL12P70,0.08868030671713675,0.06160396900461812,0.207479305243432,False
Alloiococcus,IL13,0.0668172337275802,0.15939194387945993,0.36770555184169135,False
Alloiococcus,IL17A,0.15303572526625486,0.00120241273083365,0.016089900481158038,True
Alloiococcus,IL31,0.13244791835703085,0.005134499367086886,0.042498652192059214,True
Alloiococcus,IL1RA,0.14949278318731193,0.001564354196667402,0.01901529429192016,True
Alloiococcus,SCF,0.10034413041740782,0.03433190954524715,0.14600688709967488,True
Alloiococcus,RANTES,0.0703855583835733,0.1382211567821436,0.33644053421194364,False
Alloiococcus,IFNG,0.09678216989176236,0.04128339558927787,0.163020035856789,True
Alloiococcus,GMCSF,0.07589568408548439,0.10985953282479954,0.29259355069743875,False
Alloiococcus,TNFA,0.0777324367600864,0.10149804137947611,0.2798008087021464,False
Alloiococcus,HGF,0.054814768060859775,0.2485271364747586,0.47795171895594424,False
Alloiococcus,MIP1B,-0.046104306514147056,0.33187106833795543,0.5633864287369665,False
Alloiococcus,IFNA,0.05330893943066544,0.2617823252562611,0.4920210033129117,False
Alloiococcus,TGFB,0.11038955468714372,0.019846185098490995,0.10297036457943382,True
Alloiococcus,MCP1,-0.032684581744720435,0.4916250194301357,0.7071809131152436,False
Alloiococcus,IL9,0.10309116621688437,0.029675841483589184,0.13357848489714005,True
Alloiococcus,VEGFD,0.028105979325364502,0.5542889362186896,0.752574195439277,False
Alloiococcus,TNFB,0.06531217264296599,0.16902126610835816,0.3816591302197176,False
Alloiococcus,NGF,0.0867256178156989,0.06758282804103956,0.21937158999952847,False
Alloiococcus,EGF,0.1070002811032545,0.02398878830378818,0.11666574992537931,True
Alloiococcus,BDNF,0.05608976808631003,0.2376755200587073,0.4661769352842691,False
Alloiococcus,TRAIL,-0.00042657511926691655,0.9928404364218696,0.9961653928959203,False
Alloiococcus,GCSF,0.04316964897745051,0.3635998660344497,0.5938758175119959,False
Alloiococcus,GROA,0.13746238114496587,0.003667602599380968,0.03375838134892398,True
Alloiococcus,IL1A,0.0024905425022288042,0.9582176528125907,0.9807007497328197,False
Alloiococcus,IL23,0.0383947511682815,0.4191147273140756,0.6454992605526713,False
Alloiococcus,IL12P40,0.06020351517800658,0.2049506491856261,0.4268275282625554,False
Alloiococcus,IL15,0.11033199200686876,0.019910980560721745,0.10316956163067079,True
Alloiococcus,IL18,0.10723953924081304,0.023673596201913272,0.11587602351462811,True
Alloiococcus,MCSF,0.0664887848499055,0.1614572450422241,0.3702362227555816,False
Alloiococcus,MCP3,0.030999392236798748,0.5142396534763203,0.7252324040013685,False
Alloiococcus,MIG,0.0346457829514992,0.465991351276565,0.6868260340835473,False
Alloiococcus,RESISTIN,0.01995802006260422,0.6745785539126445,0.827308955828116,False
Alloiococcus,IL21,0.052816046700813704,0.2662249477978456,0.49705915118035293,False
Alloiococcus,ICAM1,-0.024291243264179717,0.6093100968531362,0.7871515671617739,False
Alloiococcus,VCAM1,-0.038646122336912114,0.41607375307380756,0.6424898273498739,False
Alloiococcus,FGFB,0.05345943574720025,0.26043608078455754,0.4907582418090489,False
Alloiococcus,IL22,0.06731809513072526,0.15628093912912483,0.3630827756582955,False
Alloiococcus,PDGFBB,0.1461057973877837,0.0020013357533725227,0.022343338456111358,True
Alloiococcus,VEGF,-0.04555554851975148,0.3376644123932848,0.5691051081164306,False
Alloiococcus,LEPTIN,0.06255139191075137,0.1878045049159537,0.40538139029154185,False
Alloiococcus,PAI1,-0.013016878174368932,0.7842147873913305,0.8930734500954255,False
Alloiococcus,CD40L,0.004444542643141992,0.925510729982387,0.9637628606963885,False
Alloiococcus,ENA78,0.11391922324677112,0.016207861952886718,0.09124422716187086,True
Alloprevotella,IL17F,-0.02627320365142381,0.5804206299153928,0.7686449217089615,False
Alloprevotella,FASL,0.01658605801440043,0.7271469753363813,0.8607355819420509,False
Alloprevotella,TGFA,0.02671745057309607,0.5740340042107606,0.7640261607689972,False
Alloprevotella,MIP1A,0.16256945873444087,0.0005759599917261159,0.009932636248432727,True
Alloprevotella,SDF1A,-0.03687137634901399,0.4378205961809629,0.6613527176430122,False
Alloprevotella,IL27,-0.07848444498139599,0.09822387356695579,0.2750826550065483,False
Alloprevotella,LIF,-0.17454045086230316,0.00021558372936993677,0.005158311660506885,True
Alloprevotella,IL1B,-0.14465060652403033,0.002221303022538688,0.023698706922279638,True
Alloprevotella,IL2,-0.12955329960812523,0.006204270856304587,0.04789483328226359,True
Alloprevotella,IL4,-0.03680743408551622,0.4386160849295925,0.6618517320122337,False
Alloprevotella,IL5,-0.16507419809545834,0.0004714652102390814,0.008622827537174147,True
Alloprevotella,IP10,0.009684027016990322,0.838576239981923,0.9241682027659918,False
Alloprevotella,IL6,-0.04944853613575524,0.2979586652768946,0.5300029812882762,False
Alloprevotella,IL7,-0.02839573857960896,0.5502106796292026,0.7495822111366333,False
Alloprevotella,IL8,-0.01904369842791588,0.6886898421956302,0.8375754817665224,False
Alloprevotella,IL10,0.013606384766579502,0.7746997067731545,0.8876733764192946,False
Alloprevotella,IFNB,0.0729581419508292,0.12434878601181457,0.3147189557135989,False
Alloprevotella,EOTAXIN,-0.1845362970941412,9.02071157863751e-05,0.002934857252218105,True
Alloprevotella,IL12P70,-0.04376905313383867,0.356970154022646,0.5889559461682417,False
Alloprevotella,IL13,-0.09780389524220436,0.03917736763890085,0.15841283436599038,True
Alloprevotella,IL17A,-0.06565100542236625,0.16681636798489666,0.3786497249816052,False
Alloprevotella,IL31,-0.12397476624208287,0.008844636182828472,0.060339393418908704,True
Alloprevotella,IL1RA,-0.12895305780970887,0.006449680623516845,0.04894607512442575,True
Alloprevotella,SCF,-0.09433332957768761,0.04672288574464288,0.17544736585803913,True
Alloprevotella,RANTES,-0.08295836452068588,0.08044657981302626,0.2450687218160732,False
Alloprevotella,IFNG,-0.14819859983034847,0.0017197897282291358,0.020016159552400027,True
Alloprevotella,GMCSF,-0.17346563590472383,0.00023610302941618502,0.005471588480340452,True
Alloprevotella,TNFA,-0.1913412151911185,4.8531002056225524e-05,0.0018053532764915894,True
Alloprevotella,HGF,-0.055498173845627,0.2426684227079148,0.4710232037221589,False
Alloprevotella,MIP1B,0.03991328926306367,0.4009429560913542,0.6300630246794635,False
Alloprevotella,IFNA,-0.05245932893193139,0.26947225555579896,0.5006803249251771,False
Alloprevotella,TGFB,-0.11071447637096098,0.019483866826599232,0.1016308282590472,True
Alloprevotella,MCP1,-0.0648002161400845,0.17239396516032754,0.3869443780852707,False
Alloprevotella,IL9,-0.07242932381160339,0.12710823297435647,0.31877411874219147,False
Alloprevotella,VEGFD,-0.03266962205531485,0.4918234053568963,0.7072786477036155,False
Alloprevotella,TNFB,-0.11807336791934459,0.012685476399937366,0.07728889144040949,True
Alloprevotella,NGF,-0.11269556548759425,0.017396932374642828,0.09500305498912864,True
Alloprevotella,EGF,-0.06469786813980609,0.17307419599941964,0.3873247273921178,False
Alloprevotella,BDNF,-0.1441795421644039,0.0022971063393401373,0.024196242268286344,True
Alloprevotella,TRAIL,0.05159373298863374,0.2774642872643425,0.5080317503439615,False
Alloprevotella,GCSF,-0.04368501458711825,0.3578950612000805,0.589446043761883,False
Alloprevotella,GROA,-0.08597760907254516,0.06999317618260625,0.22392173532948992,False
Alloprevotella,IL1A,0.08690160389365548,0.06702574151386463,0.21837833109919333,False
Alloprevotella,IL23,-0.06678514124630676,0.15959286052591742,0.36770555184169135,False
Alloprevotella,IL12P40,-0.14833080690943437,0.0017032856444068292,0.01990179336966989,True
Alloprevotella,IL15,-0.15238134213515228,0.0012628289052935588,0.016423439773593538,True
Alloprevotella,IL18,-0.08166867885373708,0.08528120476757882,0.25460391175008845,False
Alloprevotella,MCSF,-0.04339860149184264,0.3610585279786539,0.591724486962261,False
Alloprevotella,MCP3,-0.0677406382771197,0.15369227588172946,0.35877301814873047,False
Alloprevotella,MIG,0.049883559793930526,0.29372320611324143,0.5252346579680263,False
Alloprevotella,RESISTIN,0.008093810912570967,0.8648043368243744,0.9375804014642513,False
Alloprevotella,IL21,0.07570610967414862,0.11075255771087869,0.29356002776243423,False
Alloprevotella,ICAM1,-0.07505603340802358,0.11385830254463777,0.29828331107470624,False
Alloprevotella,VCAM1,-0.03967010462301948,0.4038209191689103,0.6325444969536749,False
Alloprevotella,FGFB,-0.043754251725585454,0.357132945651611,0.5891259334393543,False
Alloprevotella,IL22,-0.1270992604595064,0.00726349340087788,0.053152765931326465,True
Alloprevotella,PDGFBB,-0.26432675440416736,1.5023422932902144e-08,6.444820599091606e-06,True
Alloprevotella,VEGF,0.005422362012404565,0.9091870846086632,0.9573396890368049,False
Alloprevotella,LEPTIN,-0.2039842452781744,1.4468425064654037e-05,0.0007990520789608153,True
Alloprevotella,PAI1,-0.057974254121632936,0.2222544571438241,0.4486045123922642,False
Alloprevotella,CD40L,0.23443784512129034,5.690620403855728e-07,7.684676156330106e-05,True
Alloprevotella,ENA78,-0.0905253876361609,0.05636750429038634,0.19628076909029618,False
Alysiella,IL17F,-0.0010708971643919518,0.9820275203640594,0.9913328023241493,False
Alysiella,FASL,-0.03943542268837629,0.406609909848311,0.6348704272085539,False
Alysiella,TGFA,-0.08149603071377447,0.08594581629571213,0.25596793264142903,False
Alysiella,MIP1A,0.09234239563440869,0.05157706431513925,0.18644910158366068,True
Alysiella,SDF1A,0.022509527885295737,0.6358112286415067,0.8041861806451082,False
Alysiella,IL27,-0.05591618211159355,0.2391329854710831,0.4679396691174302,False
Alysiella,LIF,-0.17132799771046667,0.00028245191846304186,0.006013846678636429,True
Alysiella,IL1B,-0.08343009098041422,0.07873462887146364,0.24172095030049473,False
Alysiella,IL2,-0.126690892180861,0.00745466099439355,0.053995626805827784,True
Alysiella,IL4,0.053734671728619184,0.2579863612176444,0.4882375789755305,False
Alysiella,IL5,-0.0492144148526837,0.30025485634022453,0.53226260992662,False
Alysiella,IP10,0.05032348178588004,0.28948118104595566,0.5205591905784442,False
Alysiella,IL6,-0.01882565429552511,0.6920712847141436,0.839685608198326,False
Alysiella,IL7,0.005347270253071065,0.9104393958991176,0.9581187744591455,False
Alysiella,IL8,0.02157387957047549,0.6499193118359585,0.814134890764531,False
Alysiella,IL10,-0.006380667471643482,0.8932261491924128,0.9511150765542025,False
Alysiella,IFNB,-0.1201574838870043,0.01118731799256815,0.07123017377583699,True
Alysiella,EOTAXIN,-0.04909909426860954,0.30139019599923383,0.5334694702199871,False
Alysiella,IL12P70,-0.005470782683321281,0.9083796882478002,0.9570123574279662,False
Alysiella,IL13,-0.02469495670357608,0.6033739707336636,0.7832579146026409,False
Alysiella,IL17A,0.00427290747883795,0.9283794193630726,0.965031520257349,False
Alysiella,IL31,-0.0525441519163959,0.2686976428715616,0.49982979865681787,False
Alysiella,IL1RA,-0.12536175675985714,0.008108383830493116,0.05651962713260531,True
Alysiella,SCF,-0.03400587135542613,0.474272985189771,0.6930239077026339,False
Alysiella,RANTES,-0.013233059915051752,0.7807216338957785,0.8914007258448674,False
Alysiella,IFNG,-0.026787498897078564,0.5730300042533458,0.7640221374577739,False
Alysiella,GMCSF,-0.08938381675842506,0.05956187489169762,0.20295919899148118,False
Alysiella,TNFA,-0.03608230997184682,0.4476948994360923,0.6704705502406033,False
Alysiella,HGF,-0.22512027945319618,1.608376940424331e-06,0.0001686742540287559,True
Alysiella,MIP1B,0.06379261596969824,0.17917800800817268,0.39428848055221477,False
Alysiella,IFNA,-0.03198070639296303,0.5010055753967069,0.7134064657317256,False
Alysiella,TGFB,-0.09375304699774586,0.04809644286218725,0.17918924177454343,True
Alysiella,MCP1,0.11108792320056728,0.019074564156211487,0.100339943144041,True
Alysiella,IL9,-0.011224591027569359,0.81333609107768,0.9096740623830009,False
Alysiella,VEGFD,0.15653134555368414,0.0009223803672059295,0.013431057104750448,True
Alysiella,TNFB,0.0104416489383193,0.8261411887079345,0.9171283601669841,False
Alysiella,NGF,-0.10195292090727535,0.03153498240983468,0.13872015019908537,True
Alysiella,EGF,0.013422552378673331,0.7776633572205027,0.8895573654536686,False
Alysiella,BDNF,-0.05708474462251911,0.2294421059901786,0.4567224188987903,False
Alysiella,TRAIL,0.07734225657238725,0.10323065562576113,0.28197500780236995,False
Alysiella,GCSF,0.031059952974673694,0.5134177135331646,0.7246379627751355,False
Alysiella,GROA,0.028176813657516137,0.5532906087122424,0.7520440132802585,False
Alysiella,IL1A,0.07492476216681013,0.11449366825212097,0.2992254988413066,False
Alysiella,IL23,0.005209408924287008,0.9127390954485621,0.9589308690447874,False
Alysiella,IL12P40,-0.099849953362818,0.03523237760778568,0.1486818400931298,True
Alysiella,IL15,-0.11289236553048974,0.017200696736506454,0.09440772983605861,True
Alysiella,IL18,-0.08811972881838524,0.06327222255449204,0.2105087984955054,False
Alysiella,MCSF,-0.0015705347365882717,0.9736448401349065,0.987163512706974,False
Alysiella,MCP3,0.13947677011735818,0.0031940840468593474,0.030547446986881648,True
Alysiella,MIG,-0.009589205488227844,0.8401354708967717,0.9249589656705227,False
Alysiella,RESISTIN,-0.17474908978501494,0.00021179920755892465,0.005155124518634727,True
Alysiella,IL21,0.016921915742585864,0.7218482961931331,0.8574558222801616,False
Alysiella,ICAM1,0.09291175856591201,0.05014773428269778,0.1834953226596105,True
Alysiella,VCAM1,0.017080806187742933,0.7193461607644736,0.8564389435768334,False
Alysiella,FGFB,-0.03127458221239472,0.5105102297946359,0.7218315899764086,False
Alysiella,IL22,0.0904751592585456,0.056505002669488234,0.19648194579041092,False
Alysiella,PDGFBB,-0.11450059974088461,0.015668301883826022,0.08923057190684976,True
Alysiella,VEGF,-0.02908201822143288,0.5406106874065216,0.7423513031790117,False
Alysiella,LEPTIN,-0.07504596908859,0.11390691669428595,0.29832475684704324,False
Alysiella,PAI1,0.008281530503150596,0.8616998754268792,0.9363658121234495,False
Alysiella,CD40L,-0.03290810838635225,0.48866585616559943,0.7053945169164383,False
Alysiella,ENA78,0.027098665295820425,0.5685801341719171,0.7624018723071825,False
Amnipila,IL17F,-0.0025922002762948874,0.9565138518299124,0.9796900094227479,False
Amnipila,FASL,-0.07820792326210875,0.0994179085601546,0.2768535996005661,False
Amnipila,TGFA,-0.0418905918931686,0.37800150741690086,0.6078619323583748,False
Amnipila,MIP1A,0.05554301774806699,0.24228739664896207,0.47072707058838553,False
Amnipila,SDF1A,-0.11369329726513777,0.016421888308043055,0.09186467950828173,True
Amnipila,IL27,-0.11325986047017882,0.01683943156852603,0.09302487671917023,True
Amnipila,LIF,-0.27523832874126414,3.542614115268949e-09,2.4945064248800927e-06,True
Amnipila,IL1B,-0.12750265770268843,0.007078969462742089,0.052194824954159696,True
Amnipila,IL2,-0.08637819464389859,0.06869374719155705,0.22173639810555645,False
Amnipila,IL4,0.043405341821732536,0.36098387998533554,0.591724486962261,False
Amnipila,IL5,-0.1231395326097792,0.009316184806163804,0.0629033902870978,True
Amnipila,IP10,0.04725071462317706,0.3199761111877882,0.5514924607719136,False
Amnipila,IL6,-0.05660435878139319,0.23339168649082,0.4609848217644768,False
Amnipila,IL7,0.12630224557604328,0.007640759956369414,0.05460147812964374,True
Amnipila,IL8,-0.05553080337326383,0.24239113718106295,0.4708099094993559,False
Amnipila,IL10,0.020423909837630358,0.6674314370765847,0.8235748036926989,False
Amnipila,IFNB,0.006321429804395584,0.8942115934068547,0.9515602297962659,False
Amnipila,EOTAXIN,-0.21849943290765073,3.2774051589252395e-06,0.0002956516294098258,True
Amnipila,IL12P70,-0.06814282769667823,0.15125861109499913,0.3553640105277649,False
Amnipila,IL13,-0.10484996730974414,0.026988036701354353,0.1251990897891535,True
Amnipila,IL17A,-0.1488706022275253,0.0016373957850963447,0.01949450199212532,True
Amnipila,IL31,-0.13648845625079872,0.003918617509507475,0.03537521191275155,True
Amnipila,IL1RA,-0.15317110398844272,0.0011902509044020512,0.015996035849532905,True
Amnipila,SCF,0.00363559522464981,0.9390392065005871,0.9713587090957805,False
Amnipila,RANTES,-0.1267554481149975,0.007424144573076019,0.05385372862500617,True
Amnipila,IFNG,-0.15117485241803585,0.0013815960671787668,0.017494375877103285,True
Amnipila,GMCSF,-0.2852449930725249,8.893661640326042e-10,1.0959214556291765e-06,True
Amnipila,TNFA,-0.1186186083958927,0.01227734821071021,0.07554871180208315,True
Amnipila,HGF,-0.18054148248344035,0.00012849412066601054,0.003725573651545682,True
Amnipila,MIP1B,-0.02908394549175172,0.5405838458402564,0.7423513031790117,False
Amnipila,IFNA,-0.08951495669952525,0.05918747066864138,0.20217258692012013,False
Amnipila,TGFB,-0.21757987001220908,3.6117573932648886e-06,0.0003069371067483213,True
Amnipila,MCP1,-0.011029789255257999,0.8165175917431172,0.9116752421625827,False
Amnipila,IL9,-0.04338712184995204,0.3611856852462385,0.5917514517462886,False
Amnipila,VEGFD,-0.07011437023213882,0.13975015723928183,0.3386570919530089,False
Amnipila,TNFB,-0.02903695291021301,0.5412385122829244,0.7424894592381114,False
Amnipila,NGF,-0.14337650175837346,0.0024317940029071625,0.025207807866097588,True
Amnipila,EGF,0.08173496501904376,0.0850271379815179,0.25392230421745027,False
Amnipila,BDNF,0.02472795514686913,0.6028899156146061,0.7831168605467632,False
Amnipila,TRAIL,-0.06472155675084569,0.17291657788938256,0.3872276205329077,False
Amnipila,GCSF,-0.06898872385174952,0.1462356920845527,0.3482104957897392,False
Amnipila,GROA,-0.06264377675729248,0.1871520936499366,0.40480997398554586,False
Amnipila,IL1A,-0.01727950889101717,0.7162212955904047,0.8546739308575013,False
Amnipila,IL23,-0.11085802490126388,0.019325639716437602,0.10112110208314325,True
Amnipila,IL12P40,-0.1805997875503192,0.0001278392203072127,0.0037175192737123977,True
Amnipila,IL15,-0.26337107975375895,1.699790379147715e-08,6.444820599091606e-06,True
Amnipila,IL18,-0.18272952234235215,0.00010595755387822462,0.0033110254674549363,True
Amnipila,MCSF,-0.06461253169801846,0.17364289078436027,0.38797341698434057,False
Amnipila,MCP3,0.08085788177497498,0.08843865703669468,0.2597936305685658,False
Amnipila,MIG,-0.058681574463370245,0.21665477363274385,0.44110676572907864,False
Amnipila,RESISTIN,-0.19979570058850843,2.1788938508498105e-05,0.0010668080906760748,True
Amnipila,IL21,-0.0740273725092908,0.11891188945553911,0.3058266126409352,False
Amnipila,ICAM1,0.2023172685846632,1.7046260597155203e-05,0.0008891113067024125,True
Amnipila,VCAM1,-0.01561547453142824,0.742531888120629,0.8699642682544759,False
Amnipila,FGFB,-0.03096362031880418,0.5147254758005111,0.7257099171111896,False
Amnipila,IL22,-0.11401277049108863,0.016119959598919917,0.09114455347087295,True
Amnipila,PDGFBB,-0.15260328153363004,0.0012420321173175588,0.016348681344020618,True
Amnipila,VEGF,0.042101828631794756,0.37559922793687006,0.6059003745707192,False
Amnipila,LEPTIN,-0.3112846822734844,1.872218412167275e-11,3.6912658214289996e-08,True
Amnipila,PAI1,0.10142626245184708,0.03242834125531859,0.14132563576256882,True
Amnipila,CD40L,0.18552819848033542,8.252555460766933e-05,0.0027299896554443094,True
Amnipila,ENA78,-0.16174503932961032,0.0006148063087295969,0.010395815765791365,True
Anaerobacillus,IL17F,-0.13077507748335518,0.005730465823736986,0.04566768964462345,True
Anaerobacillus,FASL,0.020104120855343,0.6723340638936404,0.8263145744749417,False
Anaerobacillus,TGFA,-0.09727455613945038,0.04025682866962229,0.16079895341375064,True
Anaerobacillus,MIP1A,-0.14272781778143395,0.0025458096377439184,0.025899475138162587,True
Anaerobacillus,SDF1A,0.00486812661895929,0.9184352051176744,0.9612246354394636,False
Anaerobacillus,IL27,0.07132428994485146,0.13302752904865522,0.3283404046633983,False
Anaerobacillus,LIF,0.12843405404260236,0.006668854379577928,0.049917666267182394,True
Anaerobacillus,IL1B,0.10303088869823397,0.02977188528332606,0.1336617342962061,True
Anaerobacillus,IL2,0.0029915048007054107,0.9498234317524271,0.976978233536668,False
Anaerobacillus,IL4,0.008344326612453011,0.8606618411185691,0.9360972130540449,False
Anaerobacillus,IL5,0.02305518379007471,0.6276435791431689,0.7994974031778472,False
Anaerobacillus,IP10,-0.02118131961287543,0.6558763238617447,0.8170636873077131,False
Anaerobacillus,IL6,0.048068765738860965,0.3116601713904393,0.5435856280196303,False
Anaerobacillus,IL7,0.047814880164869865,0.31422572178268976,0.5457429819122191,False
Anaerobacillus,IL8,0.05970424048176891,0.20873859961812735,0.43040056788025505,False
Anaerobacillus,IL10,0.04001277890232866,0.39976909586593734,0.6291454956511332,False
Anaerobacillus,IFNB,-0.06071639330570382,0.2011116130312691,0.4222701344541535,False
Anaerobacillus,EOTAXIN,-0.00710858547818403,0.8811307878264248,0.945589735074341,False
Anaerobacillus,IL12P70,0.011619531976196496,0.8068953835535484,0.9064814462758838,False
Anaerobacillus,IL13,0.0901755870152404,0.057330860715094446,0.19809590779158817,False
Anaerobacillus,IL17A,0.16043969242821549,0.0006813128074266402,0.011030846044674634,True
Anaerobacillus,IL31,0.1628407791613856,0.0005636820810799173,0.009814223301980974,True
Anaerobacillus,IL1RA,0.13773068156333368,0.003601060304741339,0.03337587895024552,True
Anaerobacillus,SCF,-0.016107671630305853,0.7347167179519687,0.8663423530234361,False
Anaerobacillus,RANTES,0.11532475777361059,0.01493042850257643,0.08617339823091243,True
Anaerobacillus,IFNG,0.07606108961471092,0.10908500136515265,0.29138340748795905,False
Anaerobacillus,GMCSF,0.10753444992563754,0.023290021521566433,0.11451024047860443,True
Anaerobacillus,TNFA,0.025465444102554104,0.5921174503189994,0.7760276919785165,False
Anaerobacillus,HGF,-0.08766005216107485,0.06466780586436241,0.21387171444810574,False
Anaerobacillus,MIP1B,-0.07466594492835153,0.11575451242094108,0.30179310053031105,False
Anaerobacillus,IFNA,0.06884691146401271,0.14706877922285425,0.34919375396122243,False
Anaerobacillus,TGFB,0.11267353896249285,0.017419017005059958,0.09500305498912864,True
Anaerobacillus,MCP1,-0.06550731501790473,0.16774876386209522,0.37954264726934467,False
Anaerobacillus,IL9,0.05237722595447123,0.2702234819820539,0.5014802495066053,False
Anaerobacillus,VEGFD,0.08199768056007682,0.08402617560134006,0.2522212337128462,False
Anaerobacillus,TNFB,0.07408421176852305,0.11862815210968858,0.3056550767112676,False
Anaerobacillus,NGF,0.09050330120667242,0.05642793086454304,0.19635246821837815,False
Anaerobacillus,EGF,0.00039600253956376927,0.9933535490665006,0.9964871564768051,False
Anaerobacillus,BDNF,0.0770575385201054,0.10450968677844444,0.2837567810562423,False
Anaerobacillus,TRAIL,-0.044491342363597614,0.3490827945010636,0.5812936128701833,False
Anaerobacillus,GCSF,0.022935914433584153,0.6294250297065898,0.8001645307307658,False
Anaerobacillus,GROA,0.09267642996188262,0.050734440489323455,0.1847710417688423,True
Anaerobacillus,IL1A,-0.023489932428957774,0.621168366136634,0.7955912288072314,False
Anaerobacillus,IL23,0.06309309208201838,0.18400285185661008,0.4005446241793268,False
Anaerobacillus,IL12P40,0.001758249449998772,0.970496152408166,0.9855929813989596,False
Anaerobacillus,IL15,0.147205306326344,0.0018485525716411036,0.021091471355599536,True
Anaerobacillus,IL18,0.11749244974560645,0.01313343454075407,0.0788188190253889,True
Anaerobacillus,MCSF,0.0726553091260632,0.12592325424487388,0.3170880697939867,False
Anaerobacillus,MCP3,-0.0484307882936044,0.3080257533518546,0.5395411395508948,False
Anaerobacillus,MIG,-0.02555777846302174,0.5907749514587912,0.7753773760459013,False
Anaerobacillus,RESISTIN,-0.002237863275316895,0.9624534056486593,0.9821285783421978,False
Anaerobacillus,IL21,-0.05298381828362489,0.26470699186347013,0.4950638447714074,False
Anaerobacillus,ICAM1,-0.023101941924075928,0.6269457715665128,0.7993228134698148,False
Anaerobacillus,VCAM1,0.00958828442794902,0.840150619749666,0.9249589656705227,False
Anaerobacillus,FGFB,0.0505523131264992,0.28729097284144806,0.5183386941645608,False
Anaerobacillus,IL22,0.047280986170663376,0.31966583091461687,0.5513061163674411,False
Anaerobacillus,PDGFBB,0.12553550352141707,0.008020118365898166,0.05623209591111246,True
Anaerobacillus,VEGF,-0.14222634202899692,0.0026372675367758685,0.026501715981178914,True
Anaerobacillus,LEPTIN,0.15301218514908987,0.0012045391108840163,0.016089900481158038,True
Anaerobacillus,PAI1,-0.02117333018855483,0.6559977900677345,0.8170636873077131,False
Anaerobacillus,CD40L,-0.18237522593030212,0.00010933500486548368,0.0033682014936373063,True
Anaerobacillus,ENA78,0.17084785461751442,0.0002939703377646285,0.0061397448933976865,True
Anaerococcus,IL17F,-0.038677512814175675,0.41569491916304224,0.6422066311094297,False
Anaerococcus,FASL,-0.09180497603938569,0.05295722012927118,0.18997535517989642,False
Anaerococcus,TGFA,0.039006318952739004,0.4117389593246833,0.6389310455627839,False
Anaerococcus,MIP1A,-0.12252945924705384,0.009674610188133762,0.0648791205677705,True
Anaerococcus,SDF1A,-0.10783148643737124,0.022909129145912196,0.11339782964653206,True
Anaerococcus,IL27,0.027238861728013628,0.5665806327608813,0.7613985797123665,False
Anaerococcus,LIF,0.09930082163119959,0.03625646905323792,0.15148882435954927,True
Anaerococcus,IL1B,0.004797160437905231,0.9196201870810088,0.9617064901337078,False
Anaerococcus,IL2,-0.03781695116243055,0.42615388480368765,0.6505148647251089,False
Anaerococcus,IL4,-0.0402607801249319,0.3968519551729257,0.6265208588332688,False
Anaerococcus,IL5,-0.1352169101874979,0.004269719978338993,0.037248583669438756,True
Anaerococcus,IP10,-0.00824661011052613,0.8622772207807542,0.9363658121234495,False
Anaerococcus,IL6,-0.03598242917790973,0.4489537299410554,0.6713874195629436,False
Anaerococcus,IL7,-0.05566467888817515,0.2412557890696682,0.4696970001895318,False
Anaerococcus,IL8,0.00516358496036465,0.9135036587858294,0.9589308690447874,False
Anaerococcus,IL10,0.02831192667580758,0.5513887865638167,0.7504612257277516,False
Anaerococcus,IFNB,0.08408480075518826,0.0764076857999707,0.2366405801495794,False
Anaerococcus,EOTAXIN,-0.0067639210111185765,0.8868545957368906,0.9477086834443651,False
Anaerococcus,IL12P70,0.053859296162502644,0.2568824042249087,0.4872708756684914,False
Anaerococcus,IL13,-0.055415046523176775,0.24337584246677876,0.4715406947793839,False
Anaerococcus,IL17A,-0.004626696455971915,0.9224672894401319,0.9630077877052653,False
Anaerococcus,IL31,-0.035831132420385735,0.4508643800097767,0.6725189518932808,False
Anaerococcus,IL1RA,0.04762935525797311,0.3161092063633229,0.5475671334263991,False
Anaerococcus,SCF,-0.051933349214203096,0.2743096430532173,0.5044104572316016,False
Anaerococcus,RANTES,0.012941164695290459,0.7854392261344572,0.8937850503559366,False
Anaerococcus,IFNG,0.024063721535195797,0.6126668958881109,0.7898178821231551,False
Anaerococcus,GMCSF,0.015653993386508816,0.7419193137554734,0.8698243308236129,False
Anaerococcus,TNFA,-0.05324481439943019,0.2623574006945787,0.4925384224047147,False
Anaerococcus,HGF,-0.004703359708515012,0.92118672926446,0.9625730589355058,False
Anaerococcus,MIP1B,-0.12082424564305849,0.010742256513767461,0.06939525865840081,True
Anaerococcus,IFNA,-0.05486626362741533,0.24808226923390977,0.47746876417568973,False
Anaerococcus,TGFB,0.01879350559837668,0.692570368674593,0.8400285302137529,False
Anaerococcus,MCP1,0.01632121748741218,0.7313344519736239,0.8644985456745461,False
Anaerococcus,IL9,-0.032071835859969824,0.4997857885954967,0.7124141852257826,False
Anaerococcus,VEGFD,0.0602933293708884,0.20427455711667175,0.42609788067205884,False
Anaerococcus,TNFB,-0.04710422686302221,0.3214803679624953,0.5528544538831135,False
Anaerococcus,NGF,-0.030977262546756867,0.5145401711773259,0.7255524256138004,False
Anaerococcus,EGF,0.00786360544992422,0.8686142552180994,0.9393154155265494,False
Anaerococcus,BDNF,-0.09965616353511476,0.03559093652809335,0.149618529762876,True
Anaerococcus,TRAIL,-0.12168169325504559,0.010193011539911662,0.06703316061404214,True
Anaerococcus,GCSF,-0.08377588343874681,0.07749856717689485,0.23908385556943362,False
Anaerococcus,GROA,-0.029076612586727432,0.5406859765495338,0.7423513031790117,False
Anaerococcus,IL1A,-0.11452784684992194,0.015643405516808928,0.08914028415300718,True
Anaerococcus,IL23,-0.007055229239916494,0.8820164724614711,0.9460252840305933,False
Anaerococcus,IL12P40,0.02452568356263438,0.6058597767006257,0.7845219596367751,False
Anaerococcus,IL15,0.009372738788048774,0.843697350699645,0.9273019971149433,False
Anaerococcus,IL18,0.08585843988096448,0.07038359733839254,0.2244753427339618,False
Anaerococcus,MCSF,-0.041966967772450244,0.3771318398925402,0.6072354827349921,False
Anaerococcus,MCP3,-0.17468879342533275,0.00021288649159142804,0.005155124518634727,True
Anaerococcus,MIG,-0.017006585370011196,0.7205145857683568,0.8572395013913798,False
Anaerococcus,RESISTIN,0.12863339149789854,0.006583897538539021,0.049407310394797135,True
Anaerococcus,IL21,-0.11075872724278094,0.019434971245613632,0.10147772592121779,True
Anaerococcus,ICAM1,0.06716124317022121,0.157250218595154,0.364746507037889,False
Anaerococcus,VCAM1,0.022406004312382672,0.6373658555780024,0.8050676519311583,False
Anaerococcus,FGFB,-0.07990651669934333,0.0922625307292161,0.26598937597779937,False
Anaerococcus,IL22,-0.12503358895063604,0.008277464326783538,0.057302839419545025,True
Anaerococcus,PDGFBB,-0.12863775312219097,0.006582049524678358,0.049407310394797135,True
Anaerococcus,VEGF,-0.06604977145082244,0.16424914688036055,0.37454732591871254,False
Anaerococcus,LEPTIN,-0.011900232804740597,0.8023255998455283,0.9034129538830539,False
Anaerococcus,PAI1,-0.06872514856560162,0.14778696586535392,0.3502033984294049,False
Anaerococcus,CD40L,0.12666626517169047,0.0074663320099467145,0.05400080774325364,True
Anaerococcus,ENA78,-0.011821655877482296,0.8036041533445009,0.903756070412011,False
Anaerostipes,IL17F,-0.048430588902977016,0.3080277473516368,0.5395411395508948,False
Anaerostipes,FASL,-0.03808629175374681,0.4228640760895416,0.6481156571341976,False
Anaerostipes,TGFA,-0.04649426191319519,0.3277933819567541,0.559257036921025,False
Anaerostipes,MIP1A,0.00491016065339709,0.9177334124844885,0.961017838567769,False
Anaerostipes,SDF1A,-0.021533001989536275,0.6505385894686186,0.8143504019024308,False
Anaerostipes,IL27,0.053960992284149356,0.25598397725915045,0.48616990001715915,False
Anaerostipes,LIF,0.11361693730392926,0.016494783753667468,0.09209370033149394,True
Anaerostipes,IL1B,0.030881464977056683,0.5158421356389853,0.7265832565301812,False
Anaerostipes,IL2,0.06902726253181125,0.14600991690358894,0.3477979547062902,False
Anaerostipes,IL4,0.01479992800334067,0.7555393028397823,0.8769700279517926,False
Anaerostipes,IL5,0.021038247572056582,0.6580528718696383,0.8182679011044325,False
Anaerostipes,IP10,0.005417463699626899,0.9092687673414085,0.9573396890368049,False
Anaerostipes,IL6,0.016058147002701972,0.7355018542498782,0.8668672823920363,False
Anaerostipes,IL7,0.06837028433682252,0.1498952760911021,0.35282253943097847,False
Anaerostipes,IL8,-0.008322089880737498,0.8610293921320902,0.9361908290656096,False
Anaerostipes,IL10,0.045976674964063706,0.33321275249699345,0.5649830261636329,False
Anaerostipes,IFNB,0.015129597788217668,0.750272737509977,0.8749779541433046,False
Anaerostipes,EOTAXIN,-0.00689744274559415,0.884636499022875,0.9469121886391759,False
Anaerostipes,IL12P70,0.029729009457026247,0.5316373601453057,0.736906790820082,False
Anaerostipes,IL13,0.014245482438321652,0.7644221940749345,0.8822941094942869,False
Anaerostipes,IL17A,-0.04918817481491132,0.30051294141204343,0.5324328857728117,False
Anaerostipes,IL31,-0.009277936782138901,0.8452582909919238,0.9282116779100351,False
Anaerostipes,IL1RA,0.02273598678410191,0.6324160436115205,0.8019497501829649,False
Anaerostipes,SCF,-0.00829892102933266,0.8614123820655912,0.9363549743524753,False
Anaerostipes,RANTES,-0.0005466822298725013,0.9908246581262853,0.9957955706859972,False
Anaerostipes,IFNG,0.07840465617268517,0.09856722807972707,0.27549660238034207,False
Anaerostipes,GMCSF,0.028449382908145054,0.5494572739939785,0.7489698295122567,False
Anaerostipes,TNFA,-0.00869063670152645,0.8549416108099355,0.9323024778057902,False
Anaerostipes,HGF,0.011520667748171586,0.8085064583466114,0.9069477317229058,False
Anaerostipes,MIP1B,-0.0978547858999572,0.039074891241763075,0.15832300142048686,True
Anaerostipes,IFNA,-0.012474117792119937,0.7930039039187236,0.8982928413123994,False
Anaerostipes,TGFB,0.03240154165055238,0.4953857650351329,0.7097793138776135,False
Anaerostipes,MCP1,-0.030328924558784328,0.5233847052746783,0.7322631882767214,False
Anaerostipes,IL9,0.02025568489738325,0.670008715998272,0.825244486317425,False
Anaerostipes,VEGFD,0.07092891492409549,0.1351963266241094,0.3318551193610257,False
Anaerostipes,TNFB,0.0061734913952745255,0.8966733203317954,0.9521859728079984,False
Anaerostipes,NGF,0.03744646279506519,0.43070336802015574,0.6547179440334814,False
Anaerostipes,EGF,-0.03030842476678805,0.5236656231197837,0.7323444052652613,False
Anaerostipes,BDNF,-0.01456112380260934,0.7593613651079401,0.8794528850312447,False
Anaerostipes,TRAIL,-0.027292296557279248,0.5658194232226326,0.7607539380972056,False
Anaerostipes,GCSF,-0.041393956054405844,0.38368652122674485,0.613525016423885,False
Anaerostipes,GROA,-0.02150379857931534,0.6509811558065539,0.8145770069865701,False
Anaerostipes,IL1A,-0.0399322927589573,0.4007185780216139,0.6299288378467661,False
Anaerostipes,IL23,-0.04638041438263736,0.3289805000197005,0.5602158868879267,False
Anaerostipes,IL12P40,0.10236568742464484,0.030849600227532047,0.13705063499009054,True
Anaerostipes,IL15,0.03350764500392633,0.48077634533006075,0.6991434152918924,False
Anaerostipes,IL18,0.0739016133345296,0.11954155391624789,0.30688558294436763,False
Anaerostipes,MCSF,-0.026936856380847675,0.5708920461363289,0.7632023041513332,False
Anaerostipes,MCP3,-0.0064531170237052075,0.8920211430015552,0.9504479493849255,False
Anaerostipes,MIG,0.03744130114831368,0.43076694917845004,0.6547179440334814,False
Anaerostipes,RESISTIN,-0.016786595970423302,0.7239815935709516,0.859052786401353,False
Anaerostipes,IL21,0.020799999456300806,0.6616837395359618,0.8202814769046166,False
Anaerostipes,ICAM1,-0.012513707911622754,0.7923619050849686,0.8980344516357347,False
Anaerostipes,VCAM1,-0.08293316896780234,0.08053885857358822,0.24527404010455137,False
Anaerostipes,FGFB,-0.014850047529737143,0.7547378926095336,0.8765558606673872,False
Anaerostipes,IL22,0.0873658259101353,0.06557429580168962,0.21576482243426445,False
Anaerostipes,PDGFBB,0.08108254498453896,0.08755449797767248,0.2582621906235474,False
Anaerostipes,VEGF,-0.043407016640079635,0.3609653331570295,0.591724486962261,False
Anaerostipes,LEPTIN,-0.031688312165820645,0.5049299228729263,0.7165106059711108,False
Anaerostipes,PAI1,-0.05713302127941253,0.22904782730219236,0.4564288420345689,False
Anaerostipes,CD40L,-0.03899378730205461,0.4118893219630738,0.6389310455627839,False
Anaerostipes,ENA78,-0.08074645386751474,0.08887983344511556,0.26009246382669876,False
Anoxybacillus,IL17F,-0.03455086833030595,0.46721464288736947,0.6879465197287062,False
Anoxybacillus,FASL,0.00044557953145328203,0.9925214787405205,0.9961653928959203,False
Anoxybacillus,TGFA,0.0053787332608412715,0.9099146576240434,0.9577128651353641,False
Anoxybacillus,MIP1A,-0.06120310919765505,0.1975170124301425,0.4182031164858412,False
Anoxybacillus,SDF1A,-0.03075157802863606,0.5176101182046366,0.7274953406029588,False
Anoxybacillus,IL27,-0.03014628313257107,0.5258902350387317,0.733997725755602,False
Anoxybacillus,LIF,0.06283443974969,0.18581092947716163,0.4031083060708317,False
Anoxybacillus,IL1B,-0.010972146082490362,0.8174596000999214,0.9124210815126456,False
Anoxybacillus,IL2,0.08624072228262343,0.06913743831822684,0.22251285241302,False
Anoxybacillus,IL4,-0.04566324647122706,0.33652234646766055,0.5684447230635439,False
Anoxybacillus,IL5,0.08944971182410669,0.059373500584670065,0.2026577218762451,False
Anoxybacillus,IP10,-0.0042646568385902245,0.9285173432380761,0.965031520257349,False
Anoxybacillus,IL6,-0.02677649269097245,0.5731877007928299,0.7640221374577739,False
Anoxybacillus,IL7,0.005611317850817386,0.9060368546084223,0.9562692974784743,False
Anoxybacillus,IL8,-0.03965023990656295,0.4040565509537445,0.6325535142610789,False
Anoxybacillus,IL10,-0.09147393684249348,0.05382257516054701,0.19133978113641043,False
Anoxybacillus,IFNB,-0.035394382771938515,0.45640552866657225,0.677291239138201,False
Anoxybacillus,EOTAXIN,0.057789241627669984,0.2237360486861858,0.45056202222600916,False
Anoxybacillus,IL12P70,-0.04314555808074182,0.36386791821591147,0.5938758175119959,False
Anoxybacillus,IL13,-0.004738984266140011,0.9205917363393796,0.9622726473156192,False
Anoxybacillus,IL17A,-0.00757214629466287,0.87344228112236,0.9419810159237445,False
Anoxybacillus,IL31,0.08465689182422033,0.07442042760032169,0.23194062836476392,False
Anoxybacillus,IL1RA,0.04512661818597589,0.3422375272508491,0.5748597439452471,False
Anoxybacillus,SCF,-0.03703854129279672,0.4357448537103863,0.6590553931279792,False
Anoxybacillus,RANTES,0.044211810392437594,0.3521220907800825,0.5841515889213725,False
Anoxybacillus,IFNG,-0.0028026248029511965,0.952987740057482,0.9781875029822429,False
Anoxybacillus,GMCSF,0.06995841090802783,0.14063533631097636,0.34013920655924995,False
Anoxybacillus,TNFA,0.07570169144624303,0.11077343849962024,0.29356002776243423,False
Anoxybacillus,HGF,0.03181946049223432,0.503167731163489,0.7149718411222374,False
Anoxybacillus,MIP1B,-0.008170759212596048,0.8635315300254764,0.9375620765785023,False
Anoxybacillus,IFNA,-0.014851229647529707,0.7547189937418091,0.8765558606673872,False
Anoxybacillus,TGFB,0.03495441019442508,0.4620259395650266,0.6830710964876787,False
Anoxybacillus,MCP1,-0.02758196287108291,0.5617015020835436,0.757801205356449,False
Anoxybacillus,IL9,-0.02719854768443437,0.5671552529926301,0.7618226575829606,False
Anoxybacillus,VEGFD,-0.029430576202178437,0.5357670618227437,0.7397415806655765,False
Anoxybacillus,TNFB,-0.013958376527706227,0.7690342316387124,0.8849234802724907,False
Anoxybacillus,NGF,0.04423840811417638,0.35183218230597846,0.5838992682108309,False
Anoxybacillus,EGF,-0.057294064125520475,0.22773605610110673,0.45491395729078865,False
Anoxybacillus,BDNF,-0.02164218654213391,0.6488850286313113,0.8135201083870618,False
Anoxybacillus,TRAIL,-0.008352361261828155,0.8605290437649256,0.9360972130540449,False
Anoxybacillus,GCSF,0.027348830344295753,0.5650146004807629,0.7602940119491347,False
Anoxybacillus,GROA,0.0004533379697834877,0.9923912665022108,0.9961653928959203,False
Anoxybacillus,IL1A,-0.03414612889435553,0.47245092751750883,0.6916020723029596,False
Anoxybacillus,IL23,0.02478515418248261,0.6020512742328885,0.7826684351031851,False
Anoxybacillus,IL12P40,0.03592880584271587,0.44963038745987416,0.6720934586170492,False
Anoxybacillus,IL15,-0.0025111447371523967,0.9578723403510467,0.9805509378173021,False
Anoxybacillus,IL18,0.06284566643432682,0.1857321799216928,0.40302615665156233,False
Anoxybacillus,MCSF,0.0034648314029639892,0.9418973595413871,0.9725730953668271,False
Anoxybacillus,MCP3,0.024757761290241577,0.6024528382206749,0.782783719412075,False
Anoxybacillus,MIG,-0.03332595138253284,0.48315998699294893,0.7011616593223158,False
Anoxybacillus,RESISTIN,0.024941686493174242,0.5997589114567841,0.7814166134504522,False
Anoxybacillus,IL21,-0.01859595475841204,0.6956401079123289,0.8413225596613592,False
Anoxybacillus,ICAM1,0.06817725934913164,0.1510516312345152,0.3550469672651051,False
Anoxybacillus,VCAM1,0.10538206900731101,0.026217308010022183,0.12330104639473388,True
Anoxybacillus,FGFB,0.018300927908750878,0.7002337816547264,0.84521912814403,False
Anoxybacillus,IL22,-0.022190887098653297,0.640601382798164,0.80737639860322,False
Anoxybacillus,PDGFBB,0.04017659032595226,0.39784080847981085,0.627405965444565,False
Anoxybacillus,VEGF,-0.053335065504184535,0.2615482748452749,0.4918624367464174,False
Anoxybacillus,LEPTIN,0.1109471199984471,0.0192279980142489,0.10071711180896156,True
Anoxybacillus,PAI1,-0.03211616598276384,0.4991929891977134,0.7124084194708101,False
Anoxybacillus,CD40L,-0.13624712926265495,0.003983173160528105,0.03566405178609088,True
Anoxybacillus,ENA78,-0.01035986457203905,0.8274815053225779,0.9177894553859105,False
Aquabacterium,IL17F,0.03180540066355797,0.5033564928166625,0.7151013555536329,False
Aquabacterium,FASL,0.058710073823034094,0.2164312912333531,0.4410044789124421,False
Aquabacterium,TGFA,-0.009766899884823009,0.8372140078604577,0.9236995735297585,False
Aquabacterium,MIP1A,-0.00017805239077895268,0.997011566231693,0.9981253193776815,False
Aquabacterium,SDF1A,0.12593609406745415,0.007819872775927744,0.05521766547126177,True
Aquabacterium,IL27,0.038853499568013726,0.4135747971014919,0.6398337021071104,False
Aquabacterium,LIF,-0.0316084146279259,0.5060050632556558,0.7176230633828592,False
Aquabacterium,IL1B,0.09610751279683546,0.04272578637620948,0.16661397582755652,True
Aquabacterium,IL2,0.049662724604968914,0.2958682366275091,0.5282863750541541,False
Aquabacterium,IL4,0.09752982399389551,0.03973317246439227,0.15967778807744762,True
Aquabacterium,IL5,0.03018180070301393,0.5254025161630009,0.7336286125120203,False
Aquabacterium,IP10,0.1019994740842893,0.03145703712000708,0.13868670479831388,True
Aquabacterium,IL6,0.02898634505137532,0.5419439852058889,0.7431470032215403,False
Aquabacterium,IL7,-0.02593869329537127,0.585251438225814,0.7717240072271369,False
Aquabacterium,IL8,0.09127975724846947,0.0543356234806304,0.1922799752776999,False
Aquabacterium,IL10,0.04738522751377387,0.31859886904574153,0.5500433714628581,False
Aquabacterium,IFNB,-0.0663840347086194,0.1621201363073966,0.3710657775059939,False
Aquabacterium,EOTAXIN,0.13191920130748783,0.005316530567794364,0.04360262756848323,True
Aquabacterium,IL12P70,0.08031150105140766,0.09061888062842317,0.26297348402560955,False
Aquabacterium,IL13,0.09872855517028066,0.03735050167344155,0.15425272119681055,True
Aquabacterium,IL17A,0.0936746874956705,0.048284489219933245,0.17942424492996736,True
Aquabacterium,IL31,-0.00718545579197246,0.8798550430166694,0.944757975883414,False
Aquabacterium,IL1RA,-0.012854342492731862,0.7868439664997942,0.8948768177358574,False
Aquabacterium,SCF,0.15746474785138284,0.0008585417126842783,0.012889602799900642,True
Aquabacterium,RANTES,0.026193153201686657,0.5815749771794837,0.7689795058413871,False
Aquabacterium,IFNG,0.10553096756264498,0.02600505881336905,0.12260060726073271,True
Aquabacterium,GMCSF,0.04670153760460808,0.3256391866387781,0.5572211598481296,False
Aquabacterium,TNFA,0.12943354427752307,0.006252553188282051,0.048172866630843435,True
Aquabacterium,HGF,0.07533818526282299,0.11250202677279508,0.2964568243587848,False
Aquabacterium,MIP1B,0.1743080546173343,0.0002198736458448713,0.005160748573187479,True
Aquabacterium,IFNA,0.04464458732500698,0.3474236599954934,0.5793136739234733,False
Aquabacterium,TGFB,0.09579013981762113,0.04341886863528944,0.1675648116536523,True
Aquabacterium,MCP1,0.08949529549448952,0.059243478999029875,0.20229380532470959,False
Aquabacterium,IL9,0.08651754699697879,0.06824637125557717,0.22072596057660096,False
Aquabacterium,VEGFD,-0.0028236369117648793,0.952635686578317,0.9781875029822429,False
Aquabacterium,TNFB,0.1375199202856412,0.0036532389370919857,0.033657597609208216,True
Aquabacterium,NGF,0.004019469835366133,0.9326170315076172,0.9674327418410591,False
Aquabacterium,EGF,0.14071524009578446,0.0029312502813483047,0.028638518606076895,True
Aquabacterium,BDNF,0.12115965390231827,0.010524360403829373,0.06856575123666296,True
Aquabacterium,TRAIL,0.09261990999393417,0.050876202717054904,0.18500096141081787,True
Aquabacterium,GCSF,0.0662335707232523,0.16307589803950553,0.3727341068568156,False
Aquabacterium,GROA,0.1057961315794497,0.02563074234988379,0.12170898751693371,True
Aquabacterium,IL1A,0.07040892613489692,0.13809000939452856,0.336309702314112,False
Aquabacterium,IL23,0.04812553130652182,0.3110884351877949,0.5430390365174476,False
Aquabacterium,IL12P40,0.09717230483744713,0.040468217036189004,0.1612817033100429,True
Aquabacterium,IL15,0.08461597700733026,0.07456114078921819,0.23223498448660754,False
Aquabacterium,IL18,-0.010042312610016297,0.8326903949268029,0.921183022465315,False
Aquabacterium,MCSF,0.08119166178629073,0.08712764177302001,0.2576037443654417,False
Aquabacterium,MCP3,0.1512870351056009,0.0013701346594474084,0.017405653959835763,True
Aquabacterium,MIG,0.0854394164531683,0.07177055907424001,0.22662232403337396,False
Aquabacterium,RESISTIN,-0.018036972371917794,0.7043529531737818,0.8475966079574146,False
Aquabacterium,IL21,0.008852810736178622,0.8522654669906924,0.9312384142755759,False
Aquabacterium,ICAM1,0.09743113089369519,0.039934944258801466,0.15990198233276395,True
Aquabacterium,VCAM1,0.07145025517000005,0.13234222476485388,0.3273029733396713,False
Aquabacterium,FGFB,0.048296392509367216,0.30937170489273974,0.5408411928754522,False
Aquabacterium,IL22,0.1144652191421679,0.015700681862298827,0.08931178407301896,True
Aquabacterium,PDGFBB,0.0321791839542281,0.4983509298696589,0.7120950089368165,False
Aquabacterium,VEGF,0.09197234818024036,0.052524128978929295,0.18869637881715925,True
Aquabacterium,LEPTIN,0.05239265825032608,0.2700821703346005,0.5013123771716234,False
Aquabacterium,PAI1,0.1445046013495962,0.002244550119180207,0.02389405613780746,True
Aquabacterium,CD40L,-0.038193679749515215,0.42155655044944484,0.6469448920443407,False
Aquabacterium,ENA78,0.1014564463607624,0.03237656347116991,0.14116238951737858,True
Atopobium,IL17F,-0.08051719539619794,0.08979309451517552,0.2614236047639103,False
Atopobium,FASL,-0.003988767501843631,0.9331305225301754,0.9676836409743813,False
Atopobium,TGFA,0.022715215465317233,0.6327271375850076,0.8020347334850206,False
Atopobium,MIP1A,-0.06277344276879654,0.18623922266278212,0.4035933737106411,False
Atopobium,SDF1A,-0.07246404984470468,0.12692558293900644,0.3184647281098039,False
Atopobium,IL27,0.08676072300771817,0.06747139993466007,0.2191551617131978,False
Atopobium,LIF,0.11874079327217853,0.01218749544083562,0.07518418651799595,True
Atopobium,IL1B,0.01868129430338905,0.6943134046525381,0.8405867586947157,False
Atopobium,IL2,-0.056201547423362974,0.23674031269575435,0.4649902376080387,False
Atopobium,IL4,-0.057883820898615504,0.22297777489585677,0.44942733738198043,False
Atopobium,IL5,-0.06143654992143971,0.1958096780954854,0.41586177351470865,False
Atopobium,IP10,0.019382216447724407,0.6834523668227948,0.834258721166309,False
Atopobium,IL6,0.007693254926662743,0.8714355335350346,0.9412305784582415,False
Atopobium,IL7,-0.048619346995033036,0.3061438877110764,0.5382625022118263,False
Atopobium,IL8,0.0002919649283986974,0.9950996759222928,0.9971706785327183,False
Atopobium,IL10,0.023910531890755902,0.6149315951135021,0.7917967169055518,False
Atopobium,IFNB,0.07540177993674009,0.11219809357849765,0.29601258352116555,False
Atopobium,EOTAXIN,0.02040274744294022,0.6677554400149948,0.823851839154387,False
Atopobium,IL12P70,-0.060963340376743905,0.19928190580571367,0.42021840158988777,False
Atopobium,IL13,-0.03850377904478777,0.4177941606169677,0.6440367217141623,False
Atopobium,IL17A,-0.058683623118254535,0.21663870325092963,0.44110676572907864,False
Atopobium,IL31,0.0251283611208621,0.5970302849715143,0.7791268929374091,False
Atopobium,IL1RA,0.021176985042877388,0.6559422228253563,0.8170636873077131,False
Atopobium,SCF,-0.08469769152521937,0.07428032572777749,0.23157983903365922,False
Atopobium,RANTES,0.03949287171719241,0.40592612131156736,0.6343081215645971,False
Atopobium,IFNG,0.012797797610930129,0.7877592069529924,0.8950841873485215,False
Atopobium,GMCSF,0.0181185629859402,0.7030787568886471,0.8467948168232925,False
Atopobium,TNFA,-0.12103636984934665,0.01060399153360876,0.06881774097321604,True
Atopobium,HGF,0.012155866768406055,0.7981697519815452,0.9011545890387401,False
Atopobium,MIP1B,-0.1857930908872488,8.058091088137719e-05,0.0026746350823859135,True
Atopobium,IFNA,-0.07323822253192054,0.12290627292595549,0.31266379166518427,False
Atopobium,TGFB,0.019139875381607697,0.6872002871502848,0.8364514669375858,False
Atopobium,MCP1,0.01756063211167425,0.711808347756768,0.8520955303201238,False
Atopobium,IL9,-0.00217218520337467,0.9635545685973246,0.9825132917106845,False
Atopobium,VEGFD,0.14447488575223236,0.0022493085915890974,0.02389405613780746,True
Atopobium,TNFB,-0.08074338183899162,0.08889202151227556,0.26009246382669876,False
Atopobium,NGF,-0.05038656553361642,0.2888762731108997,0.519945645486078,False
Atopobium,EGF,-0.0824202073777387,0.08243628136393358,0.24911170479997666,False
Atopobium,BDNF,-0.08572097686364688,0.07083616225450932,0.2251137612846399,False
Atopobium,TRAIL,-0.12867235047693457,0.006567407136973632,0.049407310394797135,True
Atopobium,GCSF,-0.09357361758708205,0.048527944355479996,0.18004835357784035,True
Atopobium,GROA,0.02262924515524674,0.6340154112236668,0.8025429411204942,False
Atopobium,IL1A,-0.05610012010823108,0.23758880024344906,0.46617005725421967,False
Atopobium,IL23,0.0573459856022138,0.2273142703791876,0.4543520027165514,False
Atopobium,IL12P40,-0.020437649756417976,0.6672211076581553,0.8234183374178887,False
Atopobium,IL15,0.03722397579985306,0.43344888323974406,0.6570484855183785,False
Atopobium,IL18,0.09278978649926853,0.050451115760784634,0.1843355842308227,True
Atopobium,MCSF,-0.007329003230366122,0.8774735546688772,0.9441950115284297,False
Atopobium,MCP3,-0.14869963300269504,0.001658007676721142,0.01960364547681579,True
Atopobium,MIG,-0.007266971919760721,0.8785025355102767,0.9444125245735482,False
Atopobium,RESISTIN,0.1281027781621957,0.006812217225099172,0.050836364424699194,True
Atopobium,IL21,-0.047257183148748924,0.319909792975844,0.5514924607719136,False
Atopobium,ICAM1,-0.11730758572305558,0.01327888207965796,0.0793833957193864,True
Atopobium,VCAM1,-0.1398567521023608,0.003111251740715921,0.03003988213513962,True
Atopobium,FGFB,-0.08562114791615096,0.07116631420109487,0.22594453648388393,False
Atopobium,IL22,-0.028657191981173745,0.5465435023693299,0.7460296104066538,False
Atopobium,PDGFBB,0.08483687843647414,0.07380398814598255,0.23054820036149362,False
Atopobium,VEGF,-0.04693937871852981,0.3231786587548854,0.5547440741782449,False
Atopobium,LEPTIN,-0.016731587333543057,0.7248494093456623,0.8594618086756723,False
Atopobium,PAI1,-0.16480422050364094,0.0004818152052475461,0.008754572361865373,True
Atopobium,CD40L,0.04958535656788886,0.29662219866164713,0.5291546142982114,False
Atopobium,ENA78,-0.03279106543131681,0.49021413795358926,0.7064071001237366,False
Avibacterium,IL17F,-0.013645495862249635,0.7740695981845441,0.8875061757272896,False
Avibacterium,FASL,-0.010804895099051881,0.820194309035167,0.9139759764675744,False
Avibacterium,TGFA,0.018732930592938443,0.693511110709955,0.8405867586947157,False
Avibacterium,MIP1A,-0.105137791955618,0.02656874771087119,0.12413019665107497,True
Avibacterium,SDF1A,-0.01083656410637994,0.8196763230222517,0.9137161444595474,False
Avibacterium,IL27,-0.004662019581935445,0.9218772373613612,0.9627764893641472,False
Avibacterium,LIF,0.029777357184958803,0.5309698437831257,0.7366029721382006,False
Avibacterium,IL1B,-0.026676629791086634,0.5746194695977576,0.7643501189171089,False
Avibacterium,IL2,0.09789809254356278,0.038987865231376824,0.1582958712730283,True
Avibacterium,IL4,0.02895491547895262,0.5423823430828496,0.7433345110678065,False
Avibacterium,IL5,0.11870420666144008,0.012214339532374847,0.07528457346992361,True
Avibacterium,IP10,-0.03840417649584187,0.41900046939477864,0.6454925187206951,False
Avibacterium,IL6,-0.002287678927894491,0.9616182405698552,0.9821285783421978,False
Avibacterium,IL7,-0.002380105164213616,0.96006881607843,0.981740867523234,False
Avibacterium,IL8,0.009304679871810636,0.8448178973094062,0.9280206111996748,False
Avibacterium,IL10,-0.055633025454704915,0.2415238925664851,0.46986186851912326,False
Avibacterium,IFNB,-0.014923765426451983,0.753559623142182,0.8763552049251778,False
Avibacterium,EOTAXIN,0.07406520742612777,0.11872296143957345,0.305743398238712,False
Avibacterium,IL12P70,0.005573189209460592,0.9066724098693165,0.9564447957722549,False
Avibacterium,IL13,0.004471595493124137,0.9250586590033965,0.9637628606963885,False
Avibacterium,IL17A,-0.033922684308091644,0.475355466616191,0.6939218406489577,False
Avibacterium,IL31,0.028356964640183342,0.550755554184513,0.7502208447078803,False
Avibacterium,IL1RA,0.04150086330658802,0.38245836316569437,0.6119582119927633,False
Avibacterium,SCF,0.02968244425589267,0.5322806664111375,0.7373837562508422,False
Avibacterium,RANTES,0.023063535314794187,0.6275189185515821,0.7994419099355773,False
Avibacterium,IFNG,0.015197742131948105,0.7491855489221207,0.8741771284471821,False
Avibacterium,GMCSF,0.03836601405608366,0.4194632038040589,0.6454992605526713,False
Avibacterium,TNFA,0.11567717679294102,0.01462433524478493,0.08510430746345328,True
Avibacterium,HGF,0.06307317238771354,0.18414163489355945,0.4005446241793268,False
Avibacterium,MIP1B,-0.0044371249279782565,0.9256346890924535,0.9637628606963885,False
Avibacterium,IFNA,0.0012343796066316365,0.9792844274745196,0.9897258443760318,False
Avibacterium,TGFB,0.04688275366108359,0.3237633612562659,0.5553609213962537,False
Avibacterium,MCP1,-0.037728031728148446,0.4272432325551392,0.651774030722464,False
Avibacterium,IL9,0.019863150018772036,0.6760375539926518,0.8279113375435038,False
Avibacterium,VEGFD,-0.07084829794547166,0.13564186784666138,0.3326262520478577,False
Avibacterium,TNFB,0.03347172418074969,0.4812470843329385,0.6993121694213013,False
Avibacterium,NGF,0.028815551469151438,0.5443282157152445,0.7446555024314294,False
Avibacterium,EGF,0.002345511602973302,0.9606487219067735,0.981965481185916,False
Avibacterium,BDNF,-0.0015029163815604705,0.9747791592690934,0.9877252340238515,False
Avibacterium,TRAIL,-0.009870396742124388,0.8355134498076,0.9231474750775943,False
Avibacterium,GCSF,0.028744654759434968,0.5453194377722999,0.7455181374101154,False
Avibacterium,GROA,0.002364534045760165,0.9603298384336816,0.9817413198464412,False
Avibacterium,IL1A,-0.03806476036923857,0.42312652067164747,0.6481156571341976,False
Avibacterium,IL23,0.006658611757215481,0.8886046437632367,0.9485505769591756,False
Avibacterium,IL12P40,0.08214939339614175,0.08345248399812437,0.2512084973238566,False
Avibacterium,IL15,0.004416087695702086,0.9259862568005295,0.9639252924540253,False
Avibacterium,IL18,0.05403575663564762,0.25532486626397494,0.48553096674966534,False
Avibacterium,MCSF,0.009753370690305513,0.8374363624191898,0.9238415018720203,False
Avibacterium,MCP3,0.033078437916012615,0.48641738329477646,0.7031973257838255,False
Avibacterium,MIG,-0.037664904474380825,0.4280175819560673,0.6522487746054895,False
Avibacterium,RESISTIN,0.008255044375800052,0.8621377687741799,0.9363658121234495,False
Avibacterium,IL21,-0.04816549196153348,0.31068636993868926,0.5425591204350042,False
Avibacterium,ICAM1,-0.016569533922154746,0.7274080070155433,0.8607355819420509,False
Avibacterium,VCAM1,0.09612156240536908,0.04269532143294332,0.16661397582755652,True
Avibacterium,FGFB,0.010080353724632939,0.8320660054887328,0.9208022768419317,False
Avibacterium,IL22,0.013816603871431016,0.7713146709096025,0.8864361528379451,False
Avibacterium,PDGFBB,0.022832194830716496,0.6309759728465751,0.8009478676695259,False
Avibacterium,VEGF,-0.035635397918934233,0.4533430047294301,0.6749819272953818,False
Avibacterium,LEPTIN,0.04424369235948886,0.3517746033041703,0.5838992682108309,False
Avibacterium,PAI1,0.006990641514428893,0.8830887903364824,0.946633456675891,False
Avibacterium,CD40L,-0.04590129399064019,0.3340068063747189,0.5657455493542919,False
Avibacterium,ENA78,-0.05260154118246141,0.26817442296486826,0.4992754412819021,False
Bacillus,IL17F,-0.03190331203960042,0.502042748102949,0.7143674091799757,False
Bacillus,FASL,0.12604930186063687,0.0077640978697014465,0.055125542302071714,True
Bacillus,TGFA,-0.005220629347534436,0.9125518972529286,0.9589308690447874,False
Bacillus,MIP1A,-0.01873962261849166,0.693407159036545,0.8405867586947157,False
Bacillus,SDF1A,0.13579899199691592,0.004105609411589313,0.036458311144051576,True
Bacillus,IL27,0.10896661358911185,0.02150280504165691,0.108928392651929,True
Bacillus,LIF,0.1838667783975586,9.576728306144092e-05,0.0030552552634941247,True
Bacillus,IL1B,0.14183918942699023,0.002709911939739579,0.026973649505320003,True
Bacillus,IL2,0.09130118952498663,0.05427879765109279,0.19226747655209225,False
Bacillus,IL4,0.12667225702071183,0.007463490903209412,0.05400080774325364,True
Bacillus,IL5,0.1134906219536672,0.016615989983710396,0.0924903609595805,True
Bacillus,IP10,0.06130289304073125,0.1967858913233671,0.4172207274056481,False
Bacillus,IL6,0.18811927404880918,6.526361942147013e-05,0.002289568541839333,True
Bacillus,IL7,0.04216427519081895,0.3748908610343694,0.6054511972602906,False
Bacillus,IL8,0.12863860356002277,0.006581689249570654,0.049407310394797135,True
Bacillus,IL10,0.12120456129592763,0.010495485998326462,0.06842890275893006,True
Bacillus,IFNB,0.022850388062017266,0.630703807841372,0.8008527096263829,False
Bacillus,EOTAXIN,0.009583333546133657,0.8402320488516465,0.9249589656705227,False
Bacillus,IL12P70,0.0019406172882290543,0.9674375904846451,0.9845963793890282,False
Bacillus,IL13,0.0930340662818509,0.049845049802016754,0.1830747022907158,True
Bacillus,IL17A,0.17608280296336173,0.00018903805644014644,0.004778300411248625,True
Bacillus,IL31,0.2461305107734171,1.4512650892303463e-07,2.861314249926551e-05,True
Bacillus,IL1RA,0.1876347385669867,6.820784107732627e-05,0.002351024116574414,True
Bacillus,SCF,0.016932906467327216,0.7216751233148362,0.8574558222801616,False
Bacillus,RANTES,0.21801481700171974,3.449740111010307e-06,0.00030095166384371333,True
Bacillus,IFNG,0.10884569219657685,0.021648962839884944,0.109331698604296,True
Bacillus,GMCSF,0.14574767101616912,0.00205353972255987,0.022604599254810218,True
Bacillus,TNFA,0.16124036085482954,0.0006397711540390458,0.010707748788653503,True
Bacillus,HGF,0.008978033273671011,0.8502002423357657,0.9300545736975774,False
Bacillus,MIP1B,0.004635398713640826,0.9223219193748999,0.9629580047868845,False
Bacillus,IFNA,0.13141373198875342,0.005495967800118366,0.0444821433280516,True
Bacillus,TGFB,0.13763613075510578,0.003624384328635877,0.03351705507663459,True
Bacillus,MCP1,-0.1016091895482698,0.03211562736460801,0.14064675902279242,True
Bacillus,IL9,0.11109588181086384,0.01906592356640063,0.100339943144041,True
Bacillus,VEGFD,0.08617178804111937,0.06936080471352406,0.22280667259518422,False
Bacillus,TNFB,0.13208907536595077,0.005257421306216159,0.04326181906233631,True
Bacillus,NGF,0.08862007690956988,0.0617814518167581,0.2077788980819372,False
Bacillus,EGF,0.08391386413675012,0.07700976265009128,0.23783278201898492,False
Bacillus,BDNF,0.10231964756600692,0.030925410589159128,0.13732553945402282,True
Bacillus,TRAIL,0.07311538397398806,0.12353732263379862,0.31322811896193076,False
Bacillus,GCSF,0.06957769366594242,0.14281421767036148,0.3434648835800008,False
Bacillus,GROA,0.21054995351013914,7.486196425286322e-06,0.0005315842899673664,True
Bacillus,IL1A,0.11556163510546737,0.014724075822680954,0.0853321219635443,True
Bacillus,IL23,0.08028858773330205,0.09071124472584542,0.2631640525330736,False
Bacillus,IL12P40,0.014554802973321746,0.7594626100903821,0.8794528850312447,False
Bacillus,IL15,0.16684268967554236,0.00040861652452107517,0.007836851553947002,True
Bacillus,IL18,0.21516425359159766,4.652428246689719e-06,0.0003759314561956333,True
Bacillus,MCSF,0.17114327963500078,0.00028683241611206955,0.0060677981932033935,True
Bacillus,MCP3,0.045640956020910686,0.33675851857158934,0.568493201832774,False
Bacillus,MIG,0.0314303616755568,0.5084053426784865,0.7200636443125711,False
Bacillus,RESISTIN,0.09329357648401904,0.04920787398248053,0.18134251279225908,True
Bacillus,IL21,0.09070934220568078,0.05586630317964284,0.1955717389008946,False
Bacillus,ICAM1,-0.021578666628902062,0.6498468057268635,0.814134890764531,False
Bacillus,VCAM1,0.04749333201241798,0.31749482368387827,0.5487138800623549,False
Bacillus,FGFB,0.09376519020440818,0.048067356666849824,0.17914858299501155,True
Bacillus,IL22,0.007462100446408262,0.8752664247044313,0.9428664333435649,False
Bacillus,PDGFBB,0.20747712148811145,1.0216952602313324e-05,0.0006456328125231073,True
Bacillus,VEGF,-0.03342061595151336,0.4819172836300466,0.6998733915770476,False
Bacillus,LEPTIN,0.12440957497025851,0.008607666761501726,0.05925585121151118,True
Bacillus,PAI1,-0.10302933699957975,0.02977436121075567,0.1336617342962061,True
Bacillus,CD40L,-0.030389516064981106,0.5225548434360613,0.731419794407233,False
Bacillus,ENA78,0.18092304130758138,0.0001242648463648436,0.003656724941685457,True
Bacteroides,IL17F,0.05842469856006089,0.2186765796090947,0.44374510534920864,False
Bacteroides,FASL,0.10205092212045162,0.03137108787845533,0.13855563812984437,True
Bacteroides,TGFA,0.08979240078994642,0.05840178238991558,0.20053109397415106,False
Bacteroides,MIP1A,0.2588081717722663,3.044522535800004e-08,9.681581663844012e-06,True
Bacteroides,SDF1A,0.1331165757237783,0.004912335504081848,0.041143418351095036,True
Bacteroides,IL27,0.019983721846987657,0.6741834974103436,0.827308955828116,False
Bacteroides,LIF,0.13159537213049166,0.00543086947220918,0.04424587707193232,True
Bacteroides,IL1B,0.013726026124939677,0.7727726637815285,0.8870508755889972,False
Bacteroides,IL2,0.06022848669554504,0.2047625091850213,0.4268275282625554,False
Bacteroides,IL4,0.02235680347525497,0.6381052693495735,0.8054683145891228,False
Bacteroides,IL5,0.04291678310125858,0.3664195634799742,0.5966623479366641,False
Bacteroides,IP10,0.07550922388480408,0.11168606147659745,0.29516272750124367,False
Bacteroides,IL6,0.17447034615158044,0.00021686950511825445,0.005160065662508589,True
Bacteroides,IL7,0.045701205699465265,0.33612040473843474,0.5680567375126847,False
Bacteroides,IL8,0.03449714062692903,0.46790788944226946,0.6881450058364751,False
Bacteroides,IL10,0.11029973497256608,0.01994737111666246,0.10316956163067079,True
Bacteroides,IFNB,0.06110027780971801,0.19827253381084511,0.4192759740023007,False
Bacteroides,EOTAXIN,-0.05723275354206628,0.2282348298288359,0.4553952239404091,False
Bacteroides,IL12P70,0.08517152140795393,0.07266892463951832,0.22843439384450626,False
Bacteroides,IL13,-0.02607915491254978,0.583220704611727,0.7700763067321732,False
Bacteroides,IL17A,0.053394423439127606,0.26101705274855297,0.4912635033962396,False
Bacteroides,IL31,0.09947973299917515,0.03592006983865586,0.15061677944256463,True
Bacteroides,IL1RA,0.12021594794654648,0.01114765077722718,0.07103654903807727,True
Bacteroides,SCF,0.011793776946381552,0.8040579075710038,0.9040149239090962,False
Bacteroides,RANTES,0.02454364221639693,0.6055958341607668,0.7843462071261886,False
Bacteroides,IFNG,-0.06063109478718044,0.20174644555707877,0.42305352299798565,False
Bacteroides,GMCSF,-0.07063140808784825,0.1368461511465307,0.3342590524231941,False
Bacteroides,TNFA,0.06183032215662892,0.19295418504687106,0.41207590038822683,False
Bacteroides,HGF,0.07604467310009953,0.10916168078271855,0.29147233184074745,False
Bacteroides,MIP1B,0.03473692721594444,0.4648183237471749,0.6861603826744012,False
Bacteroides,IFNA,0.06778336634538587,0.15343232667552753,0.3585057777595047,False
Bacteroides,TGFB,0.06924249943372951,0.1447538583935468,0.34621369021610787,False
Bacteroides,MCP1,0.0296399372169776,0.5328682512316318,0.7379903372634766,False
Bacteroides,IL9,0.08742401999592954,0.06539418043410418,0.21553187252403846,False
Bacteroides,VEGFD,-0.01684901662104176,0.7229972740492965,0.858298064496383,False
Bacteroides,TNFB,-0.026169521808510135,0.5819159521065115,0.7689795058413871,False
Bacteroides,NGF,0.047224344736522074,0.3202465597497862,0.5516321135791356,False
Bacteroides,EGF,0.07655751778582008,0.10678623834464582,0.28756069832758174,False
Bacteroides,BDNF,-0.03995661812425394,0.40043147331172146,0.6297268895090232,False
Bacteroides,TRAIL,0.1663833613238971,0.00042414408779921467,0.008015552042051625,True
Bacteroides,GCSF,0.06609371592575494,0.16396806061448943,0.37416600498556407,False
Bacteroides,GROA,0.08250553591346294,0.08211817385109975,0.2488536605669048,False
Bacteroides,IL1A,0.1345084960877574,0.004477434179954179,0.0387520159315086,True
Bacteroides,IL23,0.08620360128818659,0.069257647531813,0.2226090281606171,False
Bacteroides,IL12P40,-0.11779699371554526,0.012896885376260749,0.07824074365976881,True
Bacteroides,IL15,0.01313203412652277,0.7823535059299025,0.8922933576247528,False
Bacteroides,IL18,0.07284916856906898,0.12491358095461733,0.31575054839780875,False
Bacteroides,MCSF,0.08776658228849786,0.06434214601577784,0.21320500014236568,False
Bacteroides,MCP3,0.06788049416973466,0.15284265974641614,0.357806444972731,False
Bacteroides,MIG,0.08763629870516476,0.06474060408502742,0.21387171444810574,False
Bacteroides,RESISTIN,0.1280745895415129,0.006824542624732442,0.050889819360523766,True
Bacteroides,IL21,0.2006158660675913,2.0123660975036304e-05,0.001017328460984143,True
Bacteroides,ICAM1,-0.03428792463205616,0.47061279969958314,0.6901667627846609,False
Bacteroides,VCAM1,0.036177711550407006,0.44649439099889043,0.6691306942029587,False
Bacteroides,FGFB,0.10791140302995322,0.022807576692077412,0.11326805593476026,True
Bacteroides,IL22,-0.1560337091611007,0.0009581802046035127,0.01382978104975319,True
Bacteroides,PDGFBB,-0.17677954394520942,0.00017807915601882393,0.004654418230562197,True
Bacteroides,VEGF,0.1215374541432759,0.010283624801463987,0.06742101463160728,True
Bacteroides,LEPTIN,-0.11725313490444705,0.013321992648318902,0.07954976101407811,True
Bacteroides,PAI1,-0.07517455496365577,0.1132870265131772,0.29749161091286647,False
Bacteroides,CD40L,0.1925338206470258,4.343670557302819e-05,0.0016618513686011607,True
Bacteroides,ENA78,-0.028058848862328446,0.554953671566,0.7526115413808815,False
Bergeyella,IL17F,0.06667322132729757,0.16029503489908875,0.3682849303917542,False
Bergeyella,FASL,-0.045932345388968863,0.33367956758730877,0.5655562123613936,False
Bergeyella,TGFA,-0.04530807402615023,0.340298108127158,0.5722216429528293,False
Bergeyella,MIP1A,0.026998598084768764,0.5700093597490234,0.7624504539566439,False
Bergeyella,SDF1A,-0.017256156285287292,0.7165883021420383,0.854807294592959,False
Bergeyella,IL27,-0.08134454418744834,0.08653239536516946,0.2567839715562434,False
Bergeyella,LIF,-0.09479487605618721,0.0456540107061132,0.1727602677043994,True
Bergeyella,IL1B,-0.043550647759625284,0.3593769882170289,0.5907247639151504,False
Bergeyella,IL2,0.0028179450934788697,0.9527310508939411,0.9781875029822429,False
Bergeyella,IL4,-0.03403634143375275,0.47387682764392125,0.6927510526029541,False
Bergeyella,IL5,0.0782596037034467,0.0991938770628209,0.27638587905180567,False
Bergeyella,IP10,-0.07415787087724428,0.11826123868603451,0.30518829606464093,False
Bergeyella,IL6,-0.04879807489406895,0.3043671620395912,0.5363695894505345,False
Bergeyella,IL7,-0.028072249632498908,0.5547646255248753,0.7526093040949894,False
Bergeyella,IL8,-0.08086693157216052,0.08840290356194365,0.2597936305685658,False
Bergeyella,IL10,-0.06667443786665923,0.1602873899617405,0.3682849303917542,False
Bergeyella,IFNB,-0.09021142857909706,0.057231529171866705,0.19796084721974105,False
Bergeyella,EOTAXIN,-0.028068638069866002,0.554815571120883,0.7526093040949894,False
Bergeyella,IL12P70,0.06435038175724515,0.17539859946896535,0.38974245153390297,False
Bergeyella,IL13,0.022392430920967266,0.6375698071238134,0.8050676519311583,False
Bergeyella,IL17A,0.054433525359843825,0.2518379703968859,0.48171131586396554,False
Bergeyella,IL31,-0.03593354346526729,0.449570581558588,0.6720934586170492,False
Bergeyella,IL1RA,-0.012827855260143798,0.7872726547345242,0.8950448426217207,False
Bergeyella,SCF,0.037700567556852714,0.4275800213435117,0.6520859917085919,False
Bergeyella,RANTES,-0.027480978297689706,0.5631354668670201,0.7586148990505399,False
Bergeyella,IFNG,-0.0778825472105844,0.10083764791166651,0.27899725442884676,False
Bergeyella,GMCSF,-0.025011200735438468,0.5987421630730572,0.7806375140291228,False
Bergeyella,TNFA,0.060462760727339936,0.20300353834679283,0.42474775768445594,False
Bergeyella,HGF,0.017673975268444886,0.7100318450758383,0.8515388551941191,False
Bergeyella,MIP1B,0.1397504044884948,0.003134235529122643,0.030232185759384553,True
Bergeyella,IFNA,0.05008814079133088,0.2917453559189112,0.5230572973713364,False
Bergeyella,TGFB,-0.03527871907540195,0.45787934685372766,0.6786681970880257,False
Bergeyella,MCP1,0.0766772984560642,0.1062373512638272,0.28677103197119624,False
Bergeyella,IL9,-0.060021272467443994,0.20632749312006213,0.42802534241952284,False
Bergeyella,VEGFD,-0.10010259259557489,0.034769550519150656,0.1473525627755314,True
Bergeyella,TNFB,-0.006908307638467302,0.8844560480821266,0.9468904997821029,False
Bergeyella,NGF,0.05633739906799598,0.23560719714858627,0.46350344232503754,False
Bergeyella,EGF,0.05849412340334225,0.21812882681460813,0.4433354004926639,False
Bergeyella,BDNF,0.04936426323853143,0.29878383799505237,0.5310874639299001,False
Bergeyella,TRAIL,-0.007776876360304774,0.8700504222564526,0.9401465595313065,False
Bergeyella,GCSF,0.08062908240606027,0.08934645155699736,0.26097573608304914,False
Bergeyella,GROA,-0.07137192850445918,0.1327680338576491,0.3279218039610286,False
Bergeyella,IL1A,0.01639708145297011,0.7301341212308927,0.8635467507011566,False
Bergeyella,IL23,0.022930278051368273,0.6295092700731344,0.8001645307307658,False
Bergeyella,IL12P40,0.05727645846089405,0.22787920237094686,0.45492773936265574,False
Bergeyella,IL15,-0.04276694650531307,0.3680967807279213,0.5982856745436271,False
Bergeyella,IL18,-0.15275530713693466,0.0012279689876277006,0.016247707154419335,True
Bergeyella,MCSF,-0.03570750237449236,0.4524290412714641,0.674232122275751,False
Bergeyella,MCP3,0.018892801618244283,0.6910293038161204,0.8390401375808985,False
Bergeyella,MIG,-0.09000762423407477,0.05779825946690595,0.19936152618081138,False
Bergeyella,RESISTIN,-0.11674991331488646,0.013726281458958585,0.08117029718739587,True
Bergeyella,IL21,-0.08597755715053461,0.06999334590255743,0.22392173532948992,False
Bergeyella,ICAM1,-0.12023062382522857,0.011137712926797662,0.07101912938704485,True
Bergeyella,VCAM1,-0.014989673534579195,0.7525066653088068,0.875408391151076,False
Bergeyella,FGFB,0.06640122445719392,0.1620112140903976,0.3710657775059939,False
Bergeyella,IL22,0.08866447950261615,0.06165056721797014,0.20749446624607362,False
Bergeyella,PDGFBB,-0.15280073827043356,0.0012237949121793924,0.016247707154419335,True
Bergeyella,VEGF,0.005179149973926106,0.9132439507787973,0.9589308690447874,False
Bergeyella,LEPTIN,-0.01183282520600454,0.8034223811548109,0.903756070412011,False
Bergeyella,PAI1,0.22526091154915195,1.5838658491361954e-06,0.00016788978000843672,True
Bergeyella,CD40L,-0.08074570214544749,0.08888281572799314,0.26009246382669876,False
Bergeyella,ENA78,0.023936364518420166,0.6145494378054253,0.7916148383491288,False
Bibersteinia,IL17F,-0.007559057820222896,0.8736592035494822,0.9419810159237445,False
Bibersteinia,FASL,0.09269497757600333,0.050687991668507786,0.18472540549654337,True
Bibersteinia,TGFA,0.06464339278490502,0.17343706749327562,0.387872643227929,False
Bibersteinia,MIP1A,-0.006808274036855929,0.8861176932385098,0.9472946058200404,False
Bibersteinia,SDF1A,0.08217156971712261,0.08336889124768322,0.2512084973238566,False
Bibersteinia,IL27,0.039145875856331516,0.4100666619748715,0.6376083838719689,False
Bibersteinia,LIF,0.07176053838230667,0.13066577826829456,0.3246257142373119,False
Bibersteinia,IL1B,0.09118615403044078,0.054584384440561885,0.19265766624241284,False
Bibersteinia,IL2,0.09332541727553108,0.04913016646387735,0.1811238522815643,True
Bibersteinia,IL4,0.05931267193053982,0.2117445783395959,0.43477984862981384,False
Bibersteinia,IL5,0.12013925317183607,0.011199712857836004,0.07123017377583699,True
Bibersteinia,IP10,0.04033550758161976,0.3959754813564331,0.6255651114121342,False
Bibersteinia,IL6,0.06962454606250851,0.1425446918789741,0.34306776673411293,False
Bibersteinia,IL7,0.05672461415225894,0.23239850612397966,0.4597600789424426,False
Bibersteinia,IL8,0.06993343056761815,0.1407775156988618,0.34029580066376414,False
Bibersteinia,IL10,-0.027046496737374588,0.5693250267466444,0.7624504539566439,False
Bibersteinia,IFNB,0.0192711655145688,0.685168864397346,0.8352176992625824,False
Bibersteinia,EOTAXIN,-0.006614738899830468,0.8893338909656263,0.9490820874040794,False
Bibersteinia,IL12P70,0.05846806646489063,0.21833429727998208,0.44359642425883994,False
Bibersteinia,IL13,0.019729029025044444,0.6781022610655427,0.8295770773869596,False
Bibersteinia,IL17A,0.06928081496259174,0.14453112809490462,0.3460742921446611,False
Bibersteinia,IL31,0.15278345619592595,0.0012253811955310326,0.016247707154419335,True
Bibersteinia,IL1RA,0.12594985503199882,0.007813074015478304,0.05521766547126177,True
Bibersteinia,SCF,0.0383408054423735,0.4197690322074614,0.6455428463475625,False
Bibersteinia,RANTES,0.08393788507853191,0.07692492355766188,0.23771971674966483,False
Bibersteinia,IFNG,0.046771716473575156,0.3249119086436765,0.5565563154490638,False
Bibersteinia,GMCSF,0.023522694933328578,0.6206815708651223,0.7955912288072314,False
Bibersteinia,TNFA,0.12735071111237742,0.007147975371316851,0.052585627768986204,True
Bibersteinia,HGF,0.10230190364679045,0.03095467068312547,0.13739358108701075,True
Bibersteinia,MIP1B,0.05990190145722208,0.20723296226551186,0.42900095380374126,False
Bibersteinia,IFNA,0.044142160985035934,0.35288196565178953,0.5849521468631816,False
Bibersteinia,TGFB,0.10263964143230704,0.030401781178403385,0.13548858899489175,True
Bibersteinia,MCP1,-0.023456549880399254,0.621664544267652,0.7958335173032712,False
Bibersteinia,IL9,0.08891926126814156,0.06090396742461306,0.20575439029192447,False
Bibersteinia,VEGFD,0.021647360977103843,0.6488067063816433,0.8135201083870618,False
Bibersteinia,TNFB,0.08209358625916514,0.08366314613434253,0.25144856542449656,False
Bibersteinia,NGF,0.04668289562195994,0.325832554542669,0.5574048794524189,False
Bibersteinia,EGF,0.04785679796473005,0.3138011850217847,0.5453900003428692,False
Bibersteinia,BDNF,0.04887361785976439,0.3036182485764316,0.535720188735719,False
Bibersteinia,TRAIL,0.09836869912319594,0.03805269988743546,0.1555620505605632,True
Bibersteinia,GCSF,0.0827128099463776,0.08134958059049119,0.2472084357154939,False
Bibersteinia,GROA,0.08626698822117533,0.06905248434925389,0.22245731722710615,False
Bibersteinia,IL1A,0.05575525166890173,0.24048979458436603,0.46911008892487727,False
Bibersteinia,IL23,0.07246375035485002,0.1269271573081172,0.3184647281098039,False
Bibersteinia,IL12P40,0.05272351634640239,0.26706468936934524,0.49815018123046456,False
Bibersteinia,IL15,0.09386697157656047,0.04782414197754691,0.17849792697353514,True
Bibersteinia,IL18,0.08260823279813709,0.0817366329280989,0.2478498084912947,False
Bibersteinia,MCSF,0.08251074482851412,0.0820987870239076,0.2488536605669048,False
Bibersteinia,MCP3,0.10070686464930102,0.03368349009439311,0.14449601625349315,True
Bibersteinia,MIG,0.06377392913954616,0.1793056662929173,0.39428848055221477,False
Bibersteinia,RESISTIN,0.0972639505160353,0.040278710647485776,0.1608211946386856,True
Bibersteinia,IL21,0.07052874944127663,0.13741902326542654,0.33530312212321783,False
Bibersteinia,ICAM1,-0.032870458822341804,0.4891636099355733,0.7053945169164383,False
Bibersteinia,VCAM1,0.12632083518661785,0.007631764897209716,0.05459647195696182,True
Bibersteinia,FGFB,0.11046289745485321,0.01976389264433759,0.10265145083660693,True
Bibersteinia,IL22,-0.061238124882700515,0.19726022549895234,0.41803153936258186,False
Bibersteinia,PDGFBB,0.010493940410220611,0.8252844783436706,0.916577971704251,False
Bibersteinia,VEGF,-0.04187339179274233,0.3781975291378429,0.6078619323583748,False
Bibersteinia,LEPTIN,0.011316986854464771,0.8118281524952892,0.9092266604438445,False
Bibersteinia,PAI1,0.008049348876928698,0.865539945822687,0.9377755388928168,False
Bibersteinia,CD40L,0.024225875856822125,0.6102736767284287,0.787622300152117,False
Bibersteinia,ENA78,0.026371344287634445,0.5790068791858289,0.7677826733723785,False
Bifidobacterium,IL17F,-0.04578568806683731,0.3352269456362761,0.5670328122996585,False
Bifidobacterium,FASL,-0.04922149038383167,0.3001852898491664,0.5322349977217774,False
Bifidobacterium,TGFA,0.034101693163196396,0.4730277670772326,0.6920611053498603,False
Bifidobacterium,MIP1A,-0.1391054218954565,0.003276964493497073,0.031121691692576246,True
Bifidobacterium,SDF1A,-0.1713676983251748,0.0002815186307630883,0.006013846678636429,True
Bifidobacterium,IL27,0.07292582293915113,0.1245160837881637,0.31498063997529324,False
Bifidobacterium,LIF,0.12085510220119139,0.010722045086399271,0.0693555908541496,True
Bifidobacterium,IL1B,-0.022182679417196507,0.6407249680342588,0.80737639860322,False
Bifidobacterium,IL2,-0.06779103262031456,0.15338572183436866,0.35848185060294124,False
Bifidobacterium,IL4,-0.12249914046623911,0.009692738158365223,0.06494196695969819,True
Bifidobacterium,IL5,-0.08332209863106355,0.07912391536586386,0.24246302694332794,False
Bifidobacterium,IP10,-0.0535999017346772,0.25918387562432504,0.48918909552069617,False
Bifidobacterium,IL6,-0.07741585020805833,0.10290207841058119,0.2814674497701191,False
Bifidobacterium,IL7,-0.01581759499351473,0.7393193388023038,0.8687838152642283,False
Bifidobacterium,IL8,-0.06679031372416185,0.15956046506090613,0.36770555184169135,False
Bifidobacterium,IL10,-0.06670991211997768,0.16006458457046022,0.36824193108415326,False
Bifidobacterium,IFNB,0.07817142696933777,0.09957635996122856,0.2768557785811521,False
Bifidobacterium,EOTAXIN,0.061006359645128634,0.19896440652356234,0.4198525993361328,False
Bifidobacterium,IL12P70,-0.013424855536075279,0.7776262068626671,0.8895573654536686,False
Bifidobacterium,IL13,-0.05216368892188291,0.2721840016873728,0.5031076180917472,False
Bifidobacterium,IL17A,-0.15922866649532388,0.000748914523447883,0.011840118403213173,True
Bifidobacterium,IL31,-0.03031060512468921,0.5236357410350505,0.7323444052652613,False
Bifidobacterium,IL1RA,0.04069984581515872,0.39171889498268664,0.621729973714269,False
Bifidobacterium,SCF,-0.09116741008783759,0.05463431215365393,0.1926959031165368,False
Bifidobacterium,RANTES,-0.03950240410132271,0.40581272810640445,0.6343081215645971,False
Bifidobacterium,IFNG,0.015991391331510774,0.736560597852417,0.8674137463531278,False
Bifidobacterium,GMCSF,0.004346360681857206,0.9271516156690242,0.9645497176949286,False
Bifidobacterium,TNFA,-0.10966514933354696,0.02067513248653241,0.10560386323950079,True
Bifidobacterium,HGF,0.05565362023464997,0.2413494317423794,0.46973794632110094,False
Bifidobacterium,MIP1B,-0.2276327407079929,1.2206359457703818e-06,0.0001391563627309776,True
Bifidobacterium,IFNA,-0.12346614937501459,0.009129188099425733,0.061980396889902804,True
Bifidobacterium,TGFB,0.024738782577460483,0.6027311256838954,0.7830420976531156,False
Bifidobacterium,MCP1,0.05988204896216339,0.2073838283644632,0.42913303526802654,False
Bifidobacterium,IL9,-0.02946919003168967,0.5352318203424267,0.739546048495642,False
Bifidobacterium,VEGFD,0.07593547441582618,0.10967281527423424,0.2922039494522706,False
Bifidobacterium,TNFB,-0.1091066624076415,0.021334598669937612,0.10818748646514659,True
Bifidobacterium,NGF,0.0004211346546235861,0.99293174585061,0.9961653928959203,False
Bifidobacterium,EGF,-0.11234835804145528,0.01774791786385009,0.09618415299716007,True
Bifidobacterium,BDNF,-0.18965268659835882,5.671632886045815e-05,0.0020331257087505324,True
Bifidobacterium,TRAIL,-0.1924721236739677,4.3687345339235524e-05,0.0016622467654378945,True
Bifidobacterium,GCSF,-0.11997621515590515,0.011311102158533886,0.07170729587062832,True
Bifidobacterium,GROA,-0.08470229814222903,0.07426452059550846,0.23157983903365922,False
Bifidobacterium,IL1A,-0.19399711032267442,3.7875819129933586e-05,0.00150556381041486,True
Bifidobacterium,IL23,0.035167680680279007,0.45929672875728356,0.6799897978465173,False
Bifidobacterium,IL12P40,-0.0142916409036844,0.7636814812756342,0.8819554876306469,False
Bifidobacterium,IL15,-0.0063142897830755825,0.8943303817700627,0.9515713873167057,False
Bifidobacterium,IL18,0.02991416110157218,0.5290833496055889,0.7356422652202956,False
Bifidobacterium,MCSF,-0.098616249683642,0.037568457342604,0.15477422773810812,True
Bifidobacterium,MCP3,-0.17244565198117145,0.00025725197860776894,0.005737533948224855,True
Bifidobacterium,MIG,-0.11882862224797774,0.01212326668334679,0.07488168105540892,True
Bifidobacterium,RESISTIN,0.11609415339750498,0.01426930253746588,0.08353134466409659,True
Bifidobacterium,IL21,-0.12986419285921894,0.006080484433971752,0.04745495975725434,True
Bifidobacterium,ICAM1,-0.0494743774228473,0.2977059400890178,0.5297662069348639,False
Bifidobacterium,VCAM1,-0.10220649151932899,0.031112413669091017,0.13772167667260857,True
Bifidobacterium,FGFB,-0.06485737729816787,0.17201492597535742,0.3865336540380837,False
Bifidobacterium,IL22,-0.0525600303866873,0.26855280845752744,0.49979112436743545,False
Bifidobacterium,PDGFBB,-0.08602692976263027,0.06983211124992665,0.22372601647766555,False
Bifidobacterium,VEGF,-0.05406667618544183,0.25505262824301367,0.48529411488508567,False
Bifidobacterium,LEPTIN,-0.06955810540118848,0.14292701773609012,0.343652327034726,False
Bifidobacterium,PAI1,-0.10131269091151332,0.03262379694640516,0.1415257397129886,True
Bifidobacterium,CD40L,0.015699429735275168,0.7411969383175236,0.8696404924939477,False
Bifidobacterium,ENA78,-0.16543529808280855,0.0004579448471795643,0.008501733151593494,True
Blautia,IL17F,0.013546154626056357,0.7756703479036933,0.8882051678051583,False
Blautia,FASL,-0.07767764004221907,0.10173996660946462,0.28006748134831944,False
Blautia,TGFA,0.042325207430910866,0.3730691114140994,0.6036958798949756,False
Blautia,MIP1A,0.061949771728164425,0.19209403776766715,0.4108620143878635,False
Blautia,SDF1A,-0.10392449770326348,0.02837501627584084,0.12980088651844038,True
Blautia,IL27,-0.01530290956463868,0.7475086617056427,0.8731438434209617,False
Blautia,LIF,0.1028893319843416,0.02999848391076453,0.1342179245115563,True
Blautia,IL1B,-0.049484794869195506,0.2976040988988943,0.5297662069348639,False
Blautia,IL2,0.006289820131329533,0.8947375006798102,0.951901821897428,False
Blautia,IL4,-0.09417452634551966,0.04709547063361354,0.17646033808672074,True
Blautia,IL5,0.02870024931661678,0.5459407341471587,0.7455399665992871,False
Blautia,IP10,-0.07573847795728123,0.11059967787556398,0.29350113165030445,False
Blautia,IL6,-0.03568691972654173,0.4526898317360647,0.674314953347556,False
Blautia,IL7,0.009404125324995074,0.8431806974717833,0.927204001339515,False
Blautia,IL8,-0.12187676935425172,0.01007158884794043,0.06645630713721336,True
Blautia,IL10,0.012302416579819737,0.7957898476977959,0.9001602201497272,False
Blautia,IFNB,0.09114540228281516,0.054692982171070645,0.19276489747673023,False
Blautia,EOTAXIN,0.01902735782723058,0.6889430395135256,0.8377405301617763,False
Blautia,IL12P70,-0.05335012328852009,0.2614134451972198,0.49182783731540436,False
Blautia,IL13,-0.08483822929932615,0.07379937732970215,0.23054820036149362,False
Blautia,IL17A,-0.10719097884495137,0.023737277106633346,0.1159682130824905,True
Blautia,IL31,-0.02448801972055214,0.6064134976013281,0.7851358365319008,False
Blautia,IL1RA,0.043699644064258455,0.3577339448878639,0.5894269143748224,False
Blautia,SCF,-0.09296631309065148,0.05001253475520256,0.18330219313043272,True
Blautia,RANTES,-0.11399253900294358,0.01613893479232756,0.09117342073510892,True
Blautia,IFNG,-0.07449578406831883,0.11658937081284551,0.30267554246350337,False
Blautia,GMCSF,-0.06273118107621091,0.18653639126534963,0.40379353208032864,False
Blautia,TNFA,-0.09820044304018122,0.03838484272833352,0.15636271884955036,True
Blautia,HGF,-0.0007776404770176753,0.9869486212585432,0.9940292419328048,False
Blautia,MIP1B,-0.1746068270663341,0.00021437291508801616,0.005155124518634727,True
Blautia,IFNA,-0.061579875166578334,0.19476678384682725,0.4146891911797026,False
Blautia,TGFB,-0.0010540208854759414,0.9823107022252424,0.9913328023241493,False
Blautia,MCP1,0.01696124921119746,0.7212286128760375,0.8573517915676541,False
Blautia,IL9,-0.07271666070453302,0.12560303536143763,0.31675485356691024,False
Blautia,VEGFD,0.04749742667428908,0.3174530550726244,0.5487138800623549,False
Blautia,TNFB,-0.18082825475228145,0.00012530309771199486,0.0036653944725366324,True
Blautia,NGF,-0.0002454632869713869,0.9958801494707072,0.9973977967573131,False
Blautia,EGF,-0.11391221401268993,0.016214465105846967,0.09124422716187086,True
Blautia,BDNF,-0.14836466690091438,0.001699082146527699,0.019892579335475127,True
Blautia,TRAIL,-0.06067743397209733,0.20140138667658808,0.4226085291310782,False
Blautia,GCSF,-0.07269399082848348,0.12572128493860485,0.3168345514849891,False
Blautia,GROA,-0.08032443420332859,0.0905667801019846,0.26289968146212134,False
Blautia,IL1A,-0.04238470568052976,0.3723969781992512,0.6032023350457145,False
Blautia,IL23,-0.005485441074479265,0.9081352836838164,0.9570123574279662,False
Blautia,IL12P40,-0.14888674954813788,0.001635461275066062,0.01949450199212532,True
Blautia,IL15,-0.0495098603697437,0.29735915309445066,0.5297012163363018,False
Blautia,IL18,0.002281851680460754,0.9617159328853728,0.9821285783421978,False
Blautia,MCSF,-0.10530644441237494,0.026325678180711222,0.1235495571776564,True
Blautia,MCP3,-0.08851386841841531,0.062095450391441306,0.20837271832427182,False
Blautia,MIG,-0.04257852628486666,0.37021263836878304,0.6003546946931178,False
Blautia,RESISTIN,0.03543575164803903,0.4558790412823899,0.6770079964851589,False
Blautia,IL21,0.03138302272933614,0.5090445049205342,0.7203790883586889,False
Blautia,ICAM1,-0.05639094058368905,0.23516166888340287,0.46301358849044166,False
Blautia,VCAM1,-0.19706106393999923,2.8336813938084268e-05,0.0012526650753436534,True
Blautia,FGFB,-0.08821724055438614,0.06297938782008622,0.20995969060886369,False
Blautia,IL22,-0.12178092912961147,0.010131082053307651,0.06675949657854735,True
Blautia,PDGFBB,-0.005805159973495018,0.9028066923229692,0.954716624428216,False
Blautia,VEGF,-0.01040916203988564,0.8266735374574007,0.9173061382547338,False
Blautia,LEPTIN,-0.11380220629157878,0.016318408616645727,0.09160983607226286,True
Blautia,PAI1,-0.10241865166069876,0.03076258474874052,0.13672568099778362,True
Blautia,CD40L,0.07615095634845459,0.10866599746391463,0.2906211077046311,False
Blautia,ENA78,-0.13676283595276134,0.0038463717251995782,0.03496246654644216,True
Brachybacterium,IL17F,-0.05100603938893363,0.2829812676344912,0.5141035207495631,False
Brachybacterium,FASL,-0.10617791187914889,0.025099968045185543,0.12023104226892084,True
Brachybacterium,TGFA,-0.04036838212319117,0.39559026717438606,0.6251569178911667,False
Brachybacterium,MIP1A,-0.07921077648120456,0.09514186353179045,0.2707040685074473,False
Brachybacterium,SDF1A,-0.13825133708041673,0.0034750439163441795,0.032625698026019924,True
Brachybacterium,IL27,-0.03973369246020843,0.4030672028248058,0.6322094646693612,False
Brachybacterium,LIF,0.05423673580870763,0.2535588965577957,0.48381355393399045,False
Brachybacterium,IL1B,0.020556185188782234,0.6654076616487241,0.8228284907843857,False
Brachybacterium,IL2,-0.01299280632913637,0.7846040198242715,0.8932470755777422,False
Brachybacterium,IL4,-0.06583493260950249,0.1656285505931633,0.37647365730860133,False
Brachybacterium,IL5,-0.02511372246671174,0.5972440549626545,0.7793026993807873,False
Brachybacterium,IP10,-0.03649252299454451,0.4425458679379004,0.6651179746197247,False
Brachybacterium,IL6,-0.1035084495972934,0.02901821279128081,0.1316434215053376,True
Brachybacterium,IL7,0.0038325712176237566,0.9357433023428644,0.9691660930357066,False
Brachybacterium,IL8,-0.0593150446956852,0.2117262697761345,0.43477984862981384,False
Brachybacterium,IL10,-0.011606072647597289,0.8071146666613263,0.9066244740140559,False
Brachybacterium,IFNB,0.07185129085163537,0.13017856291464883,0.323820407068536,False
Brachybacterium,EOTAXIN,0.015957243086025263,0.7371023812465705,0.8678068213921237,False
Brachybacterium,IL12P70,-0.04003965802100468,0.399452307798267,0.6288407617814303,False
Brachybacterium,IL13,-0.07450729943280374,0.11653272481003836,0.30267554246350337,False
Brachybacterium,IL17A,-0.012232750932046007,0.7969209524771185,0.9003126041193295,False
Brachybacterium,IL31,-0.05476158255241184,0.24898718648192975,0.47838127539466124,False
Brachybacterium,IL1RA,-0.00909145320092147,0.8483305546642537,0.9291700710275373,False
Brachybacterium,SCF,-0.08681947106245202,0.0672852635847376,0.21898254487234842,False
Brachybacterium,RANTES,-0.05723086828376419,0.22825017905752643,0.4553952239404091,False
Brachybacterium,IFNG,-0.05410017077598854,0.2547579447541894,0.4851079427055822,False
Brachybacterium,GMCSF,-0.019283166766155532,0.684983284575285,0.8351966876120173,False
Brachybacterium,TNFA,-0.11610674836662209,0.014258697550073316,0.083518859446597,True
Brachybacterium,HGF,-0.058856033732204674,0.21528931474632834,0.43940415419654344,False
Brachybacterium,MIP1B,-0.12932720877057477,0.006295707252659709,0.048285397676013996,True
Brachybacterium,IFNA,-0.08726122152497028,0.06589907953453139,0.2161121510483734,False
Brachybacterium,TGFB,-0.01231025581463232,0.7956625950994226,0.9001195619107308,False
Brachybacterium,MCP1,0.029562180171385816,0.5339439508107413,0.7385462981748685,False
Brachybacterium,IL9,-0.050085339742146254,0.29177237555741314,0.5230572973713364,False
Brachybacterium,VEGFD,0.06795970444788997,0.15236304433316794,0.3570227932104515,False
Brachybacterium,TNFB,-0.09840082823733665,0.03798955375498607,0.1555620505605632,True
Brachybacterium,NGF,-0.03594120429712443,0.4494738837142257,0.6720633316631027,False
Brachybacterium,EGF,-0.09753584764306827,0.039720885462838806,0.15967778807744762,True
Brachybacterium,BDNF,-0.061922633339912124,0.1922892121388197,0.41110107422782144,False
Brachybacterium,TRAIL,-0.14019518960844266,0.003039124313647222,0.029516933481708685,True
Brachybacterium,GCSF,-0.07405808577155172,0.11875850537111904,0.30575120029994557,False
Brachybacterium,GROA,-0.04155362013748971,0.381853175053658,0.6118237723119161,False
Brachybacterium,IL1A,-0.07979465859053232,0.09272069409053423,0.26671742116851077,False
Brachybacterium,IL23,-0.04212649612525908,0.3753193121184678,0.6058453870744811,False
Brachybacterium,IL12P40,-0.024724025376050576,0.60294755239906,0.7831168605467632,False
Brachybacterium,IL15,-0.039091333294874867,0.4107197608944654,0.6384224854773951,False
Brachybacterium,IL18,-0.04908878280925559,0.3014918516554452,0.5334960821431303,False
Brachybacterium,MCSF,-0.08159372576008567,0.08556922736596083,0.25523190419777364,False
Brachybacterium,MCP3,-0.11890780856313408,0.012065614722778296,0.07471283287509324,True
Brachybacterium,MIG,-0.023271836177378543,0.6244131118486484,0.7979601317868779,False
Brachybacterium,RESISTIN,-0.07277484798826807,0.12529991685309533,0.31622035308715657,False
Brachybacterium,IL21,-0.08675704135508915,0.06748307886734263,0.2191551617131978,False
Brachybacterium,ICAM1,-0.07082208795478755,0.1357869642867108,0.3328164828290391,False
Brachybacterium,VCAM1,-0.07215306421030859,0.12856855719900598,0.321111942454472,False
Brachybacterium,FGFB,-0.13757786218501897,0.0036388262672382046,0.03360608191344549,True
Brachybacterium,IL22,0.010539976868287552,0.8245304177357055,0.9162688375649402,False
Brachybacterium,PDGFBB,0.0599262131410453,0.20704831735263268,0.4287087402777259,False
Brachybacterium,VEGF,-0.08642300115894376,0.06854963938048131,0.2214162336214891,False
Brachybacterium,LEPTIN,-0.051513704015898026,0.27821123557632993,0.5090042368193517,False
Brachybacterium,PAI1,-0.07932631650046121,0.0946587928194216,0.2699295283812144,False
Brachybacterium,CD40L,0.01054574572887066,0.8244359372393828,0.9162671329544346,False
Brachybacterium,ENA78,0.014065034699585985,0.76731992579421,0.8839826841742809,False
Burkholderia-Caballeronia-Paraburkholderia,IL17F,-0.010801980642301983,0.8202419825328293,0.9139759764675744,False
Burkholderia-Caballeronia-Paraburkholderia,FASL,0.061741907532847716,0.1935926659800579,0.4129947312750512,False
Burkholderia-Caballeronia-Paraburkholderia,TGFA,-0.08732660616613344,0.06569591382685552,0.2160174611871839,False
Burkholderia-Caballeronia-Paraburkholderia,MIP1A,-0.0016539467014958084,0.9722456516646498,0.9865566272887409,False
Burkholderia-Caballeronia-Paraburkholderia,SDF1A,0.06837717117777051,0.14985414376023765,0.35282253943097847,False
Burkholderia-Caballeronia-Paraburkholderia,IL27,-0.034211294028905596,0.47160568927778634,0.6908135847146692,False
Burkholderia-Caballeronia-Paraburkholderia,LIF,-0.1825140482837914,0.00010799974819296666,0.0033374969206465994,True
Burkholderia-Caballeronia-Paraburkholderia,IL1B,-0.034731068430718895,0.4648936771076452,0.6861688679333982,False
Burkholderia-Caballeronia-Paraburkholderia,IL2,-0.07572194183111608,0.11067775949954681,0.29353278265981503,False
Burkholderia-Caballeronia-Paraburkholderia,IL4,0.020283624718045918,0.6695803966245806,0.8251935929397569,False
Burkholderia-Caballeronia-Paraburkholderia,IL5,-0.04731997098009176,0.31926652966667163,0.5509066076411778,False
Burkholderia-Caballeronia-Paraburkholderia,IP10,-0.013128625628994656,0.7824085801692395,0.8922933576247528,False
Burkholderia-Caballeronia-Paraburkholderia,IL6,-0.001776325015504241,0.9701929800273579,0.9855929813989596,False
Burkholderia-Caballeronia-Paraburkholderia,IL7,-0.0428913933693473,0.3667034323055086,0.5968239121128782,False
Burkholderia-Caballeronia-Paraburkholderia,IL8,0.005175704773157321,0.91330143443294,0.9589308690447874,False
Burkholderia-Caballeronia-Paraburkholderia,IL10,-0.050698155094317084,0.2859009091551243,0.5172345682604542,False
Burkholderia-Caballeronia-Paraburkholderia,IFNB,-0.13569677182432688,0.004134009562394481,0.0366484408867669,True
Burkholderia-Caballeronia-Paraburkholderia,EOTAXIN,0.02616910245110029,0.5819220038118024,0.7689795058413871,False
Burkholderia-Caballeronia-Paraburkholderia,IL12P70,-0.03744987595869837,0.4306613276555248,0.6547179440334814,False
Burkholderia-Caballeronia-Paraburkholderia,IL13,0.015891077515033554,0.7381525100918638,0.8683421771462522,False
Burkholderia-Caballeronia-Paraburkholderia,IL17A,0.026489847529829105,0.5773019490445724,0.7662639846077011,False
Burkholderia-Caballeronia-Paraburkholderia,IL31,-0.0670347019350861,0.15803549431271682,0.36579335593678386,False
Burkholderia-Caballeronia-Paraburkholderia,IL1RA,-0.11562500920614108,0.014669294821625128,0.0853155801484251,True
Burkholderia-Caballeronia-Paraburkholderia,SCF,0.054737785886417284,0.24919321759308868,0.4784859250161021,False
Burkholderia-Caballeronia-Paraburkholderia,RANTES,-0.052883147881935974,0.26561711791740156,0.4962011651373403,False
Burkholderia-Caballeronia-Paraburkholderia,IFNG,-0.0039046505660707788,0.9345375046447213,0.9685314046244389,False
Burkholderia-Caballeronia-Paraburkholderia,GMCSF,-0.045872206802279804,0.3343135321420476,0.5660705599203547,False
Burkholderia-Caballeronia-Paraburkholderia,TNFA,0.002520847736946291,0.9577097118491522,0.9804862747335074,False
Burkholderia-Caballeronia-Paraburkholderia,HGF,0.0017643811996286684,0.9703933071732067,0.9855929813989596,False
Burkholderia-Caballeronia-Paraburkholderia,MIP1B,0.14357602637078778,0.002397673004299689,0.024997963514953363,True
Burkholderia-Caballeronia-Paraburkholderia,IFNA,0.002429403958553522,0.9592424369524591,0.9813420447776403,False
Burkholderia-Caballeronia-Paraburkholderia,TGFB,-0.07097822943454041,0.13492433898627593,0.33151218436591057,False
Burkholderia-Caballeronia-Paraburkholderia,MCP1,0.039130382088050746,0.4102521235563683,0.6377961573913703,False
Burkholderia-Caballeronia-Paraburkholderia,IL9,0.01436786598614839,0.7624587563989643,0.881362063400249,False
Burkholderia-Caballeronia-Paraburkholderia,VEGFD,-0.14339173127930355,0.002429174050898767,0.025207155572378997,True
Burkholderia-Caballeronia-Paraburkholderia,TNFB,0.03739610047732669,0.4313239627904488,0.655107995311224,False
Burkholderia-Caballeronia-Paraburkholderia,NGF,-0.06322616790834804,0.1830776755668388,0.39928754994201254,False
Burkholderia-Caballeronia-Paraburkholderia,EGF,0.08741259015041662,0.06542952460318864,0.2155762879472706,False
Burkholderia-Caballeronia-Paraburkholderia,BDNF,0.03521378088462372,0.458707972135161,0.6794805693926997,False
Burkholderia-Caballeronia-Paraburkholderia,TRAIL,0.05027621845426585,0.28993494426324024,0.5206154245076544,False
Burkholderia-Caballeronia-Paraburkholderia,GCSF,-0.035919396520238116,0.4497491804107573,0.6721691055926691,False
Burkholderia-Caballeronia-Paraburkholderia,GROA,-0.057883387628508635,0.22298124438377626,0.44942733738198043,False
Burkholderia-Caballeronia-Paraburkholderia,IL1A,0.04377500551521207,0.35690470055943524,0.5889465246258642,False
Burkholderia-Caballeronia-Paraburkholderia,IL23,-0.017832058199914014,0.7075567286122106,0.8496115816070899,False
Burkholderia-Caballeronia-Paraburkholderia,IL12P40,-0.018107933488704774,0.7032447101895283,0.8467948168232925,False
Burkholderia-Caballeronia-Paraburkholderia,IL15,-0.02465286386271915,0.6039916844839919,0.7835438907281473,False
Burkholderia-Caballeronia-Paraburkholderia,IL18,-0.13541356119048792,0.00421362520166676,0.037071701625457115,True
Burkholderia-Caballeronia-Paraburkholderia,MCSF,0.0153771596683905,0.7463254653243148,0.8722752126716207,False
Burkholderia-Caballeronia-Paraburkholderia,MCP3,0.015068553220620432,0.7512470748325906,0.875285860264706,False
Burkholderia-Caballeronia-Paraburkholderia,MIG,-0.002996856514469946,0.9497337856951213,0.976978233536668,False
Burkholderia-Caballeronia-Paraburkholderia,RESISTIN,-0.10309443307083682,0.02967064380278014,0.13357848489714005,True
Burkholderia-Caballeronia-Paraburkholderia,IL21,-0.027226114083960563,0.566762302488268,0.7613985797123665,False
Burkholderia-Caballeronia-Paraburkholderia,ICAM1,-0.05511618821124827,0.2459310741137365,0.4745998889495705,False
Burkholderia-Caballeronia-Paraburkholderia,VCAM1,0.046613220633322044,0.3265559316572654,0.5582356501941654,False
Burkholderia-Caballeronia-Paraburkholderia,FGFB,0.00020290484845627508,0.996594444611103,0.9978170925476008,False
Burkholderia-Caballeronia-Paraburkholderia,IL22,0.06387308505547962,0.17862905633213022,0.39351672100273377,False
Burkholderia-Caballeronia-Paraburkholderia,PDGFBB,-0.02990652500214894,0.5291885600125397,0.7356478452607285,False
Burkholderia-Caballeronia-Paraburkholderia,VEGF,0.009307218134304622,0.844776100804983,0.9280206111996748,False
Burkholderia-Caballeronia-Paraburkholderia,LEPTIN,0.025452496486383175,0.5923058141670636,0.7760276919785165,False
Burkholderia-Caballeronia-Paraburkholderia,PAI1,0.07801629465632358,0.10025212026547703,0.2778423957202903,False
Burkholderia-Caballeronia-Paraburkholderia,CD40L,-0.048828621367572045,0.3040641851027077,0.5360994654769962,False
Burkholderia-Caballeronia-Paraburkholderia,ENA78,0.05211858968357889,0.2725993033655137,0.5034206226580943,False
Butyrivibrio,IL17F,-0.07255600643069916,0.12644289816831356,0.3178159332338692,False
Butyrivibrio,FASL,-0.023185455836453456,0.6257002569115042,0.7988800845270831,False
Butyrivibrio,TGFA,-0.047928363817617475,0.3130772471123251,0.5449601443650188,False
Butyrivibrio,MIP1A,0.04154605716679031,0.3819398960040101,0.6118237723119161,False
Butyrivibrio,SDF1A,-0.11117919587237371,0.018975674779650738,0.0999797979571336,True
Butyrivibrio,IL27,-0.09698170507936975,0.04086475582929502,0.16228797057279024,True
Butyrivibrio,LIF,-0.12960947962039282,0.0061817359921494805,0.047782347169324765,True
Butyrivibrio,IL1B,-0.21287947577274827,5.8957093694152305e-06,0.0004436633814022545,True
Butyrivibrio,IL2,-0.21053446144166502,7.498029789119565e-06,0.0005315842899673664,True
Butyrivibrio,IL4,-0.08277871591859344,0.08110641726670462,0.24677378438739941,False
Butyrivibrio,IL5,-0.1468551128747225,0.001896013822597996,0.02148554199400529,True
Butyrivibrio,IP10,-0.09582336800998455,0.043345863713071316,0.1675250073306883,True
Butyrivibrio,IL6,-0.05642303581618743,0.23489488398502742,0.462748554421343,False
Butyrivibrio,IL7,-0.12753641957211076,0.007063717831654356,0.05212135507818012,True
Butyrivibrio,IL8,-0.09810743335856922,0.03856949857980312,0.15685565882825872,True
Butyrivibrio,IL10,0.0073481409177125895,0.8771561385868821,0.9439962024224328,False
Butyrivibrio,IFNB,0.04798835464148133,0.31247124361118017,0.5443261211378361,False
Butyrivibrio,EOTAXIN,-0.1392727695498958,0.0032393757862107506,0.03085388067677834,True
Butyrivibrio,IL12P70,-0.11272330275339068,0.017369156749472748,0.09491416143919199,True
Butyrivibrio,IL13,-0.11802078791854974,0.012725459738052931,0.07743677907267024,True
Butyrivibrio,IL17A,-0.12708432331594371,0.007270407864207708,0.053152765931326465,True
Butyrivibrio,IL31,-0.10054463082557323,0.03397219564071375,0.14529193259269246,True
Butyrivibrio,IL1RA,-0.14258771825991945,0.0025710651735684578,0.02607567950724059,True
Butyrivibrio,SCF,-0.19269750918439046,4.277830332224118e-05,0.0016472988834009905,True
Butyrivibrio,RANTES,-0.07585408289375015,0.11005501553020931,0.29274752916805274,False
Butyrivibrio,IFNG,-0.23849471657764096,3.57043391245421e-07,6.0685064670644144e-05,True
Butyrivibrio,GMCSF,-0.21162949206654535,6.704043575453328e-06,0.0004936869398223015,True
Butyrivibrio,TNFA,-0.16757499254882507,0.00038495136272775546,0.007455502030982737,True
Butyrivibrio,HGF,-0.16304338019915943,0.0005546728035662852,0.009729474194940285,True
Butyrivibrio,MIP1B,-0.01458857934144112,0.7589216389617015,0.8792395718515047,False
Butyrivibrio,IFNA,-0.07719070208321184,0.10390992709780021,0.28320267108933217,False
Butyrivibrio,TGFB,-0.15733392907828905,0.0008672358494281716,0.012953350005549872,True
Butyrivibrio,MCP1,-0.00104747319560774,0.9824205722469315,0.9913328023241493,False
Butyrivibrio,IL9,-0.12060251142954516,0.010888490734716162,0.0700012366148844,True
Butyrivibrio,VEGFD,0.010484292540958673,0.8254425273571218,0.916577971704251,False
Butyrivibrio,TNFB,-0.18686801939610764,7.312391707444688e-05,0.0024857088776548187,True
Butyrivibrio,NGF,-0.05646247980535144,0.23456730671269835,0.46256342882503715,False
Butyrivibrio,EGF,-0.009644118931628582,0.8392324059180877,0.9244779369248529,False
Butyrivibrio,BDNF,-0.24808095253836768,1.1475703307205115e-07,2.459293113096261e-05,True
Butyrivibrio,TRAIL,-0.11164897327519858,0.018473730667351303,0.09834548613201985,True
Butyrivibrio,GCSF,-0.09111948590928387,0.05476213907088318,0.1929396593855491,False
Butyrivibrio,GROA,-0.16083836068210136,0.0006603256997205985,0.01090366959438134,True
Butyrivibrio,IL1A,-0.025386062004168767,0.5932727435902576,0.7760725459544532,False
Butyrivibrio,IL23,-0.03489600621573359,0.46277490264927357,0.6837582419539177,False
Butyrivibrio,IL12P40,-0.278856469909382,2.1630128892607774e-09,1.9384528238484316e-06,True
Butyrivibrio,IL15,-0.17295822589333196,0.00024641200819629493,0.0056001039690210495,True
Butyrivibrio,IL18,-0.15969686703820565,0.0007220745385769326,0.011531552233148062,True
Butyrivibrio,MCSF,-0.03701181016145521,0.43607640258607905,0.6593314688180318,False
Butyrivibrio,MCP3,-0.19274028082295852,4.260782484698944e-05,0.0016472988834009905,True
Butyrivibrio,MIG,-0.13678756441509646,0.00383992018984723,0.03495284693583933,True
Butyrivibrio,RESISTIN,-0.05436338910969487,0.2524503790479139,0.48248465231763,False
Butyrivibrio,IL21,-0.04435917417650481,0.3505177581885578,0.5828954217649802,False
Butyrivibrio,ICAM1,-0.19165284357206253,4.714793824221136e-05,0.001762496068162871,True
Butyrivibrio,VCAM1,-0.0645758404115548,0.17388783430763827,0.38797341698434057,False
Butyrivibrio,FGFB,-0.11749947418601606,0.013127935639411548,0.0788188190253889,True
Butyrivibrio,IL22,-0.2061833355302022,1.1630266900760059e-05,0.0007055284971238125,True
Butyrivibrio,PDGFBB,-0.4370922752442799,3.456001051943187e-22,3.4069258370055936e-18,True
Butyrivibrio,VEGF,-0.06761090404271332,0.15448359836358025,0.36019378256106294,False
Butyrivibrio,LEPTIN,-0.23786071704054118,3.842362378516291e-07,6.313001387902267e-05,True
Butyrivibrio,PAI1,-0.17069496114124033,0.00029772926615148854,0.006179752336898089,True
Butyrivibrio,CD40L,0.1728710294509587,0.00024822538526004953,0.005612398733700845,True
Butyrivibrio,ENA78,-0.13294341337700846,0.004969022078222942,0.04147723932863824,True
Campylobacter,IL17F,-0.10633073305341968,0.02489017972608012,0.11957475230979427,True
Campylobacter,FASL,-0.14766651384494606,0.001787705408922408,0.020587850375183524,True
Campylobacter,TGFA,-0.10848086891286361,0.022095159456722403,0.11090330036882354,True
Campylobacter,MIP1A,0.09024553084418742,0.05713715041151641,0.19782045689797417,False
Campylobacter,SDF1A,-0.12592567652024653,0.007825023195714414,0.05521766547126177,True
Campylobacter,IL27,-0.13376827995987187,0.004704181399401931,0.04015049371022012,True
Campylobacter,LIF,-0.07460074733361137,0.11607383550934548,0.30212698956752754,False
Campylobacter,IL1B,-0.21886741492152167,3.1520755778525875e-06,0.0002904033742660823,True
Campylobacter,IL2,-0.14417779868891983,0.0022973912318032075,0.024196242268286344,True
Campylobacter,IL4,-0.23279241376374574,6.858505582022385e-07,9.057714507656335e-05,True
Campylobacter,IL5,-0.1446774182200444,0.002217058011168573,0.023679044283965108,True
Campylobacter,IP10,-0.02426484476294146,0.6096991555578416,0.7874239197901421,False
Campylobacter,IL6,-0.15737846078697318,0.0008642672066689877,0.012928598062735783,True
Campylobacter,IL7,-0.010698013024833482,0.8219430742349627,0.9148021869669491,False
Campylobacter,IL8,-0.18330549578321134,0.00010067549891733774,0.003180958552330498,True
Campylobacter,IL10,-0.10210000770887656,0.03128927259608429,0.13825623005477317,True
Campylobacter,IFNB,-0.09295840205017702,0.050032121359020264,0.18330219313043272,True
Campylobacter,EOTAXIN,-0.16312365961257697,0.0005511400532184336,0.009702033293977353,True
Campylobacter,IL12P70,-0.17625627071655178,0.00018625204454102574,0.0047730862099578455,True
Campylobacter,IL13,-0.19317487267217795,4.0911674762886626e-05,0.0016068019514443679,True
Campylobacter,IL17A,-0.2393194505450441,3.2442912203625205e-07,5.610916289532233e-05,True
Campylobacter,IL31,-0.1844806959735195,9.065703665782869e-05,0.002939792984779195,True
Campylobacter,IL1RA,-0.09715939074849957,0.04049498145856968,0.16129273827013332,True
Campylobacter,SCF,-0.17039192901369324,0.0003053123362238362,0.006296587888063968,True
Campylobacter,RANTES,-0.11283544374644174,0.017257255385586274,0.09440772983605861,True
Campylobacter,IFNG,-0.20890323109106423,8.84888010495541e-06,0.0005934167352017036,True
Campylobacter,GMCSF,-0.1675325161902346,0.0003862883868217936,0.0074667272888024345,True
Campylobacter,TNFA,-0.24730052157468926,1.2609057377093074e-07,2.58958515882049e-05,True
Campylobacter,HGF,-0.043587085775660526,0.35897473540643154,0.590287396436464,False
Campylobacter,MIP1B,-0.17458258755132866,0.00021481434528317843,0.005155124518634727,True
Campylobacter,IFNA,-0.17098755134836363,0.0002905746312917488,0.006120693836055682,True
Campylobacter,TGFB,-0.1627779333339314,0.0005665041946727184,0.009827030746319505,True
Campylobacter,MCP1,-0.06435062789836596,0.17539694480915063,0.38974245153390297,False
Campylobacter,IL9,-0.20660421380547306,1.1151260267074206e-05,0.0006870570232051095,True
Campylobacter,VEGFD,0.011593661149673048,0.8073168916121267,0.9066795445103254,False
Campylobacter,TNFB,-0.23674557839418217,4.369689922276201e-07,6.429313918477432e-05,True
Campylobacter,NGF,-0.1293192516829735,0.006298947191251166,0.048285397676013996,True
Campylobacter,EGF,-0.08507667902166588,0.07298916161682154,0.22914877554733334,False
Campylobacter,BDNF,-0.07966907106279339,0.09323725956952156,0.26789067468269995,False
Campylobacter,TRAIL,-0.09873603715487113,0.037336019281117294,0.15425272119681055,True
Campylobacter,GCSF,-0.1347379094584506,0.004409189842942627,0.03829585327905587,True
Campylobacter,GROA,-0.21146970257830308,6.814689118505371e-06,0.0004976237431868588,True
Campylobacter,IL1A,-0.04861861976369615,0.30615113105109654,0.5382625022118263,False
Campylobacter,IL23,-0.11834364368764444,0.012481694941531911,0.0762357798845239,True
Campylobacter,IL12P40,-0.11949825308733279,0.011643320710040702,0.07310818825451035,True
Campylobacter,IL15,-0.22033000448728057,2.6977644286601457e-06,0.00025819962852166714,True
Campylobacter,IL18,-0.06178552766236449,0.19327747284282498,0.4125875546306992,False
Campylobacter,MCSF,-0.16477085502747038,0.0004831088826186613,0.008754572361865373,True
Campylobacter,MCP3,-0.14345074738930547,0.002419045742773669,0.025128506777937647,True
Campylobacter,MIG,-0.06874059205569776,0.14769572885150692,0.35008042678965023,False
Campylobacter,RESISTIN,0.0045549134246774675,0.9236665135189124,0.9633355961081153,False
Campylobacter,IL21,-0.030658282174367706,0.5188819594406755,0.7287559988839122,False
Campylobacter,ICAM1,-0.037711140649406484,0.42745034694388806,0.6519890948743383,False
Campylobacter,VCAM1,-0.15239238151459927,0.0012617869366006987,0.016423439773593538,True
Campylobacter,FGFB,-0.13822422987844024,0.00348150477205759,0.03264286620441721,True
Campylobacter,IL22,-0.11720238028188004,0.013362287790150912,0.07964052783271325,True
Campylobacter,PDGFBB,-0.08920816205812558,0.06006643469646674,0.2036927806115477,False
Campylobacter,VEGF,-0.041332565022967865,0.38439287212028705,0.6142559464032729,False
Campylobacter,LEPTIN,-0.16953937085495044,0.00032762473835397675,0.006604753927798574,True
Campylobacter,PAI1,-0.06798652502271153,0.15220090569619404,0.3568453683705679,False
Campylobacter,CD40L,0.021569472482235116,0.6499860657325893,0.814134890764531,False
Campylobacter,ENA78,-0.2192975653266416,3.011378521623916e-06,0.0002820369717647739,True
Candidatus Profftella,IL17F,0.06039300319054426,0.2035261397151556,0.42526915191958825,False
Candidatus Profftella,FASL,0.08082978839629887,0.08854972092458663,0.2598759002305969,False
Candidatus Profftella,TGFA,0.018782499778505785,0.6927412561983016,0.840084057522802,False
Candidatus Profftella,MIP1A,-0.02446964133589233,0.6066837721586937,0.7851763983117241,False
Candidatus Profftella,SDF1A,0.09550650676263948,0.04404625600087444,0.16882114761143868,True
Candidatus Profftella,IL27,0.09735551640281286,0.0400901188470834,0.1603279479085388,True
Candidatus Profftella,LIF,-0.009720496490235942,0.837976709248456,0.9240554181358809,False
Candidatus Profftella,IL1B,0.13040007397126485,0.005872311439129375,0.04629461501847549,True
Candidatus Profftella,IL2,0.03972808253255004,0.403133664348438,0.6322131185407098,False
Candidatus Profftella,IL4,0.15822450161397397,0.0008096211834713588,0.01241324060467238,True
Candidatus Profftella,IL5,0.06630376522332986,0.1626294901890141,0.37188622460758547,False
Candidatus Profftella,IP10,0.049063163139740476,0.3017445219801977,0.5335600892700967,False
Candidatus Profftella,IL6,0.0686792562668076,0.14805834157613668,0.35043436524791244,False
Candidatus Profftella,IL7,0.04952574246207765,0.29720401918660505,0.5296283576840367,False
Candidatus Profftella,IL8,0.12054563261213545,0.010926285460673976,0.07001244872798658,True
Candidatus Profftella,IL10,0.0690243177717009,0.14602715911232858,0.3477979547062902,False
Candidatus Profftella,IFNB,0.02822415831925612,0.5526238308060427,0.7518307651236502,False
Candidatus Profftella,EOTAXIN,-0.010095904488067424,0.8318107927610666,0.9206853363733404,False
Candidatus Profftella,IL12P70,0.056289680832726424,0.2360047702744144,0.46391525929515,False
Candidatus Profftella,IL13,0.09917937795259237,0.03648633598355513,0.15214987314969816,True
Candidatus Profftella,IL17A,0.11685453819227914,0.013641347484229698,0.08085860665181374,True
Candidatus Profftella,IL31,0.07280982690153537,0.12511797275390565,0.31596916191869384,False
Candidatus Profftella,IL1RA,0.05705009446608194,0.22972539266253433,0.45685554183321836,False
Candidatus Profftella,SCF,0.0947727739372698,0.045704723814466185,0.1728259176689711,True
Candidatus Profftella,RANTES,0.0308450247457294,0.5163378339332119,0.7267359176061683,False
Candidatus Profftella,IFNG,0.09952936998225267,0.035827210980330315,0.15035531964414486,True
Candidatus Profftella,GMCSF,0.09884574584577678,0.037124209704010425,0.15360590143651823,True
Candidatus Profftella,TNFA,0.14931435365613976,0.0015849892417932995,0.019088543945550505,True
Candidatus Profftella,HGF,-0.006202535614563097,0.8961899393062713,0.952040592432602,False
Candidatus Profftella,MIP1B,0.160713363479642,0.0006668405643188611,0.01099283324925641,True
Candidatus Profftella,IFNA,0.08605938830545154,0.06972627799590282,0.2236049604696194,False
Candidatus Profftella,TGFB,0.05695709617873536,0.23048693734363077,0.4572734045144172,False
Candidatus Profftella,MCP1,0.008678830174528406,0.8551365036676353,0.9324118629748422,False
Candidatus Profftella,IL9,0.14458125176970077,0.0022323182013552455,0.02379047873401082,True
Candidatus Profftella,VEGFD,0.05211554033574201,0.27262739923356033,0.5034206226580943,False
Candidatus Profftella,TNFB,0.1429639744669309,0.002503749364251094,0.02575747420023875,True
Candidatus Profftella,NGF,0.05796664886845405,0.22231522215291843,0.4486353039884278,False
Candidatus Profftella,EGF,0.07743728890234405,0.10280651606443558,0.2812939511366511,False
Candidatus Profftella,BDNF,0.10760344754978146,0.02320106012304603,0.11419607280112806,True
Candidatus Profftella,TRAIL,0.08161100366373922,0.08550276408666489,0.25518808609335225,False
Candidatus Profftella,GCSF,0.08199188365820717,0.08404815913437816,0.2522212337128462,False
Candidatus Profftella,GROA,0.12538709994171374,0.00809545543748277,0.05647962156366025,True
Candidatus Profftella,IL1A,0.09745308018932201,0.03988999555854844,0.15978735444573688,True
Candidatus Profftella,IL23,0.028905822583440998,0.5430674090715983,0.743934048291104,False
Candidatus Profftella,IL12P40,-0.013645753350623624,0.7740654503479772,0.8875061757272896,False
Candidatus Profftella,IL15,0.1072531842091513,0.02365572913463975,0.11587602351462811,True
Candidatus Profftella,IL18,0.004161912809004373,0.9302350672625507,0.9656968505764768,False
Candidatus Profftella,MCSF,0.09567645050793165,0.043669436411393966,0.16813036423267277,True
Candidatus Profftella,MCP3,0.13323384546974953,0.004874277749425441,0.04096214379200116,True
Candidatus Profftella,MIG,0.032190572130958654,0.4981988390305494,0.7120934872236022,False
Candidatus Profftella,RESISTIN,-0.014696688909463164,0.7571909194877444,0.8782666295223184,False
Candidatus Profftella,IL21,0.041002176470603974,0.3882078424108518,0.6185474237087728,False
Candidatus Profftella,ICAM1,0.020202326256264634,0.6708270047167364,0.8253884938214663,False
Candidatus Profftella,VCAM1,0.04985954202683405,0.29395599187993154,0.525538296690672,False
Candidatus Profftella,FGFB,0.07917360804538918,0.09529768178925754,0.2708113424844338,False
Candidatus Profftella,IL22,0.028711390495283463,0.5457848200782393,0.7455399665992871,False
Candidatus Profftella,PDGFBB,0.01562672615063451,0.7423529341655719,0.8699613914650747,False
Candidatus Profftella,VEGF,0.11082938369103851,0.0193571199726705,0.10123208949102694,True
Candidatus Profftella,LEPTIN,0.08130425396760615,0.08668894649943737,0.2571711208520775,False
Candidatus Profftella,PAI1,0.08245484475900781,0.08230703225394981,0.2490132187556477,False
Candidatus Profftella,CD40L,0.007731853734674797,0.8707961310859011,0.9407461107117604,False
Candidatus Profftella,ENA78,0.12823128290588703,0.006756281088140451,0.050495389664055014,True
Candidatus Saccharimonas,IL17F,0.048486625803173776,0.3074676870078349,0.5391694066230296,False
Candidatus Saccharimonas,FASL,-0.040653957421702684,0.39225348368046054,0.6219776165549269,False
Candidatus Saccharimonas,TGFA,0.06419549978674294,0.17644208134712644,0.3908308441847252,False
Candidatus Saccharimonas,MIP1A,0.029045689912213964,0.5411167648709366,0.7424894592381114,False
Candidatus Saccharimonas,SDF1A,-0.06438983796193103,0.17513350711793002,0.3895456031517496,False
Candidatus Saccharimonas,IL27,-0.03804881792494441,0.42332090326183736,0.6481156571341976,False
Candidatus Saccharimonas,LIF,0.02700019892501909,0.5699864820660242,0.7624504539566439,False
Candidatus Saccharimonas,IL1B,-0.05523625331904137,0.24490227659579947,0.47319612753457296,False
Candidatus Saccharimonas,IL2,-0.06106857287356037,0.19850590017454178,0.4194749973965988,False
Candidatus Saccharimonas,IL4,-0.04585900280750451,0.3344528285917737,0.5662091678271862,False
Candidatus Saccharimonas,IL5,-0.048206355278456486,0.31027557612657974,0.5422254950787769,False
Candidatus Saccharimonas,IP10,-0.043309069759588786,0.3620509916637442,0.5929415807611962,False
Candidatus Saccharimonas,IL6,-0.03662887312521106,0.44084189300018517,0.663691383254877,False
Candidatus Saccharimonas,IL7,-0.03657644790761953,0.4414966098894242,0.6641709075655341,False
Candidatus Saccharimonas,IL8,-0.022160669158381267,0.6410564313402343,0.8074018525810693,False
Candidatus Saccharimonas,IL10,-0.06643333550389403,0.16180789108527613,0.37075559799469454,False
Candidatus Saccharimonas,IFNB,0.1549863213076938,0.0010377567248521828,0.014593731517250809,True
Candidatus Saccharimonas,EOTAXIN,-0.09716862089468714,0.04047585047565898,0.1612817033100429,True
Candidatus Saccharimonas,IL12P70,-0.09723874148878206,0.04033076334380104,0.16089869083091488,True
Candidatus Saccharimonas,IL13,-0.09164707638973647,0.0533685225043944,0.1905956966944825,False
Candidatus Saccharimonas,IL17A,-0.023632164048244707,0.6190562467722653,0.7945132770057274,False
Candidatus Saccharimonas,IL31,-0.026817053882206964,0.5726066429868644,0.7639704604177835,False
Candidatus Saccharimonas,IL1RA,-0.02912118019270295,0.540065399411099,0.7422819899408158,False
Candidatus Saccharimonas,SCF,-0.08365232597630938,0.07793841142778725,0.2400990187047271,False
Candidatus Saccharimonas,RANTES,-0.006945090811959773,0.8838451745125875,0.9468537240873669,False
Candidatus Saccharimonas,IFNG,-0.07100552514848506,0.13477397439971459,0.33151218436591057,False
Candidatus Saccharimonas,GMCSF,-0.06918464118408214,0.14509068820175575,0.3465723296081677,False
Candidatus Saccharimonas,TNFA,-0.07827224393018363,0.09913914362203612,0.2763368682831788,False
Candidatus Saccharimonas,HGF,-0.03585078522061059,0.4506159358014824,0.6725189518932808,False
Candidatus Saccharimonas,MIP1B,-0.0577732498908866,0.2238644412420648,0.45056260958845956,False
Candidatus Saccharimonas,IFNA,-0.09516944888399935,0.04480171763034663,0.1705232943629178,True
Candidatus Saccharimonas,TGFB,-0.04926526301532705,0.2997551562126895,0.5317578101620725,False
Candidatus Saccharimonas,MCP1,0.0049073411094017584,0.917780485088267,0.961017838567769,False
Candidatus Saccharimonas,IL9,-0.032481801602227946,0.4943178005055363,0.7090040560721049,False
Candidatus Saccharimonas,VEGFD,0.1460616239869024,0.0020077086082458044,0.02235984684197823,True
Candidatus Saccharimonas,TNFB,-0.1313731197694745,0.00551061855062613,0.044564132626802616,True
Candidatus Saccharimonas,NGF,-0.08493697008048355,0.07346298662753543,0.23000958914146524,False
Candidatus Saccharimonas,EGF,-0.02440726518950945,0.6076014824547399,0.7858482568930498,False
Candidatus Saccharimonas,BDNF,-0.0983768496270307,0.038036672580869874,0.1555620505605632,True
Candidatus Saccharimonas,TRAIL,-0.06475757562364573,0.17267712228388196,0.3869890489132335,False
Candidatus Saccharimonas,GCSF,-0.0692892005904817,0.14448241690352698,0.3460742921446611,False
Candidatus Saccharimonas,GROA,-0.026172131094229046,0.5818782984209858,0.7689795058413871,False
Candidatus Saccharimonas,IL1A,-0.03313160969474896,0.4857166207499034,0.7031068761196295,False
Candidatus Saccharimonas,IL23,-0.06748107726187534,0.1552785696756361,0.3613635835369265,False
Candidatus Saccharimonas,IL12P40,-0.07898947399386498,0.09607261860461995,0.2718130983311983,False
Candidatus Saccharimonas,IL15,-0.06427890484796435,0.17587958724448352,0.39006096086751824,False
Candidatus Saccharimonas,IL18,0.007295688466009303,0.8780261573768156,0.9443139711346986,False
Candidatus Saccharimonas,MCSF,-0.039224353570170886,0.4091280409512924,0.6371539064293587,False
Candidatus Saccharimonas,MCP3,-0.10480742035570362,0.02705049748471311,0.1253708529404334,True
Candidatus Saccharimonas,MIG,-0.061631994477116134,0.1943885506421514,0.41424174929319685,False
Candidatus Saccharimonas,RESISTIN,0.07139367366326721,0.13264971426775263,0.32781671678403246,False
Candidatus Saccharimonas,IL21,0.011305312619813336,0.8120186426293614,0.9092783419226882,False
Candidatus Saccharimonas,ICAM1,-0.1342400312008726,0.004558505497489251,0.03924694078100353,True
Candidatus Saccharimonas,VCAM1,-0.10429564960727582,0.027811596733316526,0.12793594054924606,True
Candidatus Saccharimonas,FGFB,-0.1333077364581442,0.004850434504974805,0.04089475251165066,True
Candidatus Saccharimonas,IL22,-0.08243566760654633,0.08237857139622777,0.24903749535286113,False
Candidatus Saccharimonas,PDGFBB,-0.16513266045764577,0.0004692513673415803,0.008622788578087704,True
Candidatus Saccharimonas,VEGF,-0.007491843170723241,0.8747733373719329,0.9424607169194004,False
Candidatus Saccharimonas,LEPTIN,-0.09256997019394138,0.05100173569558864,0.18519325237193696,True
Candidatus Saccharimonas,PAI1,-0.15694245531593257,0.0008937413319755808,0.01316965926848322,True
Candidatus Saccharimonas,CD40L,0.16041356388950798,0.000682709643359643,0.011030846044674634,True
Candidatus Saccharimonas,ENA78,-0.05371471953509506,0.2581634071871983,0.4883851214836694,False
Capnocytophaga,IL17F,0.003611213943785347,0.9394472402422696,0.9713730747124285,False
Capnocytophaga,FASL,-0.07518650728889545,0.11322954123554492,0.29746916418002445,False
Capnocytophaga,TGFA,0.03355187012273443,0.4801971228161207,0.6984041364298197,False
Capnocytophaga,MIP1A,0.1788326211215668,0.00014914834458082307,0.004130068485611668,True
Capnocytophaga,SDF1A,-0.012754209855101839,0.7884649217016474,0.8951614877501831,False
Capnocytophaga,IL27,-0.13629426401763,0.00397048936255955,0.035615181197554184,True
Capnocytophaga,LIF,-0.21843734991224784,3.2990139211889676e-06,0.0002956516294098258,True
Capnocytophaga,IL1B,-0.13820414130944111,0.003486299800861472,0.03264286620441721,True
Capnocytophaga,IL2,-0.021715458292244767,0.6477763200081792,0.8128537376070049,False
Capnocytophaga,IL4,-0.025928216118881128,0.5854030438487005,0.7718206775793084,False
Capnocytophaga,IL5,-0.1263373386147492,0.007623787219233063,0.05457900828409553,True
Capnocytophaga,IP10,0.12409433747216497,0.008778897992254509,0.06001551761972603,True
Capnocytophaga,IL6,-0.09245741746216025,0.05128560598975873,0.1856678310125015,True
Capnocytophaga,IL7,0.03301759286919644,0.4872199413513034,0.7039446258011357,False
Capnocytophaga,IL8,-0.08360560073028842,0.07810527261649307,0.24031266462340473,False
Capnocytophaga,IL10,-0.052570119866839994,0.26846080570212694,0.49971424142967663,False
Capnocytophaga,IFNB,-0.026024073875533734,0.5840166522931584,0.7706138511583506,False
Capnocytophaga,EOTAXIN,-0.20395584522763355,1.4509060877864268e-05,0.0007990520789608153,True
Capnocytophaga,IL12P70,0.04150950488255342,0.38235919316033606,0.6119582119927633,False
Capnocytophaga,IL13,-0.09454763517295604,0.04622400282074849,0.17434341998328645,True
Capnocytophaga,IL17A,-0.09347763874666631,0.04876008643815092,0.18023132062515626,True
Capnocytophaga,IL31,-0.2375951902515696,3.9620723655962583e-07,6.353368026868763e-05,True
Capnocytophaga,IL1RA,-0.11187526139476642,0.018236108498623217,0.09802156901822665,True
Capnocytophaga,SCF,-0.014230126198716405,0.7646686659452758,0.8823993612711202,False
Capnocytophaga,RANTES,-0.09935842288611246,0.03614787301975258,0.15118614010552436,True
Capnocytophaga,IFNG,-0.09900358419647516,0.036821267607008185,0.15289977088032294,True
Capnocytophaga,GMCSF,-0.044257054424444914,0.3516290320650173,0.5838992682108309,False
Capnocytophaga,TNFA,-0.04345045995985174,0.3604844528409571,0.5913888727086296,False
Capnocytophaga,HGF,0.04837024538252636,0.308631601938554,0.5400971378729501,False
Capnocytophaga,MIP1B,0.16591416930734257,0.00044057064977844735,0.008241262742914486,True
Capnocytophaga,IFNA,-0.042010781161196234,0.3766335063704127,0.6068736688132605,False
Capnocytophaga,TGFB,-0.15400504787086533,0.0011177970636364809,0.015178021285576347,True
Capnocytophaga,MCP1,-0.06387210205211458,0.1786357547462123,0.39351672100273377,False
Capnocytophaga,IL9,-0.10131246914247662,0.03262417959059506,0.1415257397129886,True
Capnocytophaga,VEGFD,-0.17788054626947578,0.00016196790052190135,0.004378683465993476,True
Capnocytophaga,TNFB,-0.028118977318040566,0.5541056788477776,0.752574195439277,False
Capnocytophaga,NGF,-0.12083071587247092,0.010738015638449333,0.06939525865840081,True
Capnocytophaga,EGF,-0.054109974930169696,0.2546717330347911,0.4851079427055822,False
Capnocytophaga,BDNF,0.0705741562045077,0.13716541031197446,0.3349459041009275,False
Capnocytophaga,TRAIL,0.10792507121247771,0.022790247205460103,0.11326805593476026,True
Capnocytophaga,GCSF,0.030569167492511574,0.520098301938952,0.7299443423283299,False
Capnocytophaga,GROA,-0.15610010054703635,0.0009533309884650792,0.013818316823968954,True
Capnocytophaga,IL1A,0.06099827327476112,0.19902405900949066,0.41985430638038923,False
Capnocytophaga,IL23,-0.17943785174568794,0.0001415007094902197,0.003940435011736118,True
Capnocytophaga,IL12P40,0.09748190326710846,0.03983103541413866,0.159775674729426,True
Capnocytophaga,IL15,-0.19734662971919917,2.7574478597194896e-05,0.0012299964253898066,True
Capnocytophaga,IL18,-0.12970944265348436,0.006141820487579278,0.04764633940917758,True
Capnocytophaga,MCSF,-0.09171709063050999,0.05318582007205388,0.19031647159188214,False
Capnocytophaga,MCP3,0.10738277061197223,0.02348662582839154,0.11530436126308954,True
Capnocytophaga,MIG,0.14421549804704437,0.002291238157511536,0.024196242268286344,True
Capnocytophaga,RESISTIN,-0.041489768603085925,0.38258570809457804,0.6120550002086497,False
Capnocytophaga,IL21,0.057862880097545664,0.22314550614927917,0.44966647580122526,False
Capnocytophaga,ICAM1,0.15104835139426706,0.0013946260103792044,0.017625927192715638,True
Capnocytophaga,VCAM1,0.20343795635223882,1.526937319974391e-05,0.0008270630824344806,True
Capnocytophaga,FGFB,0.032598093770882325,0.49277255966146194,0.707924891693993,False
Capnocytophaga,IL22,-0.12793681815054117,0.006885070592171595,0.05111317237761206,True
Capnocytophaga,PDGFBB,-0.11957346757495813,0.011590475775530384,0.07300888830362845,True
Capnocytophaga,VEGF,0.04298289351922792,0.3656810598188708,0.5959470801280259,False
Capnocytophaga,LEPTIN,-0.0759990716816277,0.10937490200629589,0.29174820456677414,False
Capnocytophaga,PAI1,0.1582237438327196,0.0008096686659367356,0.01241324060467238,True
Capnocytophaga,CD40L,0.11028254636288788,0.019966785951420738,0.10321582375936321,True
Capnocytophaga,ENA78,-0.11174972041173743,0.01836760593333077,0.09830057800865775,True
Cardiobacterium,IL17F,-0.05684334132182316,0.23142088312769096,0.45835779583336084,False
Cardiobacterium,FASL,0.10269069370931702,0.030318946691850267,0.13524170881821715,True
Cardiobacterium,TGFA,-0.019821341899660994,0.6766809037604424,0.8284550856023897,False
Cardiobacterium,MIP1A,0.0004989552273912676,0.9916256623443467,0.9960715079876268,False
Cardiobacterium,SDF1A,0.0968009380695899,0.04124386491206724,0.163020035856789,True
Cardiobacterium,IL27,0.04683243077293772,0.32428356452911156,0.5557697112531262,False
Cardiobacterium,LIF,-0.08800051721326313,0.06363174610810943,0.2114908135986995,False
Cardiobacterium,IL1B,0.11329120949233137,0.01680892348574105,0.09302487671917023,True
Cardiobacterium,IL2,0.02940635260780362,0.5361029716814404,0.7397415806655765,False
Cardiobacterium,IL4,0.1442648619396768,0.0022832040112767504,0.024196242268286344,True
Cardiobacterium,IL5,-0.1257000243550554,0.007937331141446879,0.05577064176221193,True
Cardiobacterium,IP10,0.20695957352630096,1.0761493933261595e-05,0.0006714354885702077,True
Cardiobacterium,IL6,0.12587633619432023,0.007849458145179181,0.05533065876632742,True
Cardiobacterium,IL7,0.048691452824329934,0.30542626423986563,0.5375676879697031,False
Cardiobacterium,IL8,0.13537517680766975,0.004224521749618844,0.037071701625457115,True
Cardiobacterium,IL10,0.14951063233683046,0.0015623035983291416,0.019013813422627996,True
Cardiobacterium,IFNB,-0.04662337900260714,0.3264504011032303,0.5582216919472064,False
Cardiobacterium,EOTAXIN,-0.011218617328336544,0.8134336081527895,0.9096799216301985,False
Cardiobacterium,IL12P70,0.041730795580660306,0.37982503504611875,0.609525507974058,False
Cardiobacterium,IL13,0.07172344662283327,0.1308653151267236,0.32478747621814347,False
Cardiobacterium,IL17A,0.050336354861372064,0.28935767256423994,0.5205458341508626,False
Cardiobacterium,IL31,0.029846895539819916,0.5300105011807272,0.7358934536112126,False
Cardiobacterium,IL1RA,0.0011776264462997068,0.9802366700210636,0.9901806632921043,False
Cardiobacterium,SCF,0.07875028124930004,0.09708676854117942,0.2733246283662584,False
Cardiobacterium,RANTES,0.1211179280518821,0.010551252244473291,0.06856575123666296,True
Cardiobacterium,IFNG,0.06470344936650817,0.1730370502735977,0.3873247273921178,False
Cardiobacterium,GMCSF,-0.07233044679971175,0.1276294173104171,0.3195760212969499,False
Cardiobacterium,TNFA,0.05605013670205083,0.23800772163845862,0.4666428241670495,False
Cardiobacterium,HGF,0.020053196981817498,0.6731160585765954,0.8270694385451922,False
Cardiobacterium,MIP1B,0.04301880690182391,0.3652802683942096,0.5957863808454862,False
Cardiobacterium,IFNA,0.026333840140197393,0.5795469494638303,0.7679131079010106,False
Cardiobacterium,TGFB,-0.013393963593265076,0.778124541798344,0.8898783913048811,False
Cardiobacterium,MCP1,-0.049789293385919545,0.29463756558709825,0.5264703863617209,False
Cardiobacterium,IL9,0.11931160618000655,0.011775378244826997,0.07360918119055455,True
Cardiobacterium,VEGFD,-0.004086409281323391,0.931497578450706,0.9666003293017957,False
Cardiobacterium,TNFB,0.15090137890855013,0.0014099063449870327,0.017680241822283227,True
Cardiobacterium,NGF,-0.022447941019500903,0.6367358944634867,0.8050371381305391,False
Cardiobacterium,EGF,0.17344836335576463,0.0002364472197834279,0.005471588480340452,True
Cardiobacterium,BDNF,0.08796033793251574,0.06375329883848321,0.2118233973541515,False
Cardiobacterium,TRAIL,0.03269213157860121,0.49152491457171466,0.7071809131152436,False
Cardiobacterium,GCSF,-0.005606447919149417,0.9061180267545577,0.9562692974784743,False
Cardiobacterium,GROA,0.1429380474399521,0.0025083358929021303,0.02575747420023875,True
Cardiobacterium,IL1A,0.05592479212574874,0.23906054616478914,0.4679396691174302,False
Cardiobacterium,IL23,-0.028323050217013878,0.5512323567577605,0.7504555410741615,False
Cardiobacterium,IL12P40,0.022114329178104835,0.6417545210289287,0.8078682247865125,False
Cardiobacterium,IL15,-0.044019454841536444,0.3542232022877132,0.5863866210163352,False
Cardiobacterium,IL18,0.05010139577114538,0.29161751771532785,0.522969890783646,False
Cardiobacterium,MCSF,0.14954410337230814,0.0015584649291382935,0.01899054050858504,True
Cardiobacterium,MCP3,0.15803000925436061,0.000821892890177717,0.012503426097796196,True
Cardiobacterium,MIG,0.04997418586792425,0.2928459472434568,0.5240289250183331,False
Cardiobacterium,RESISTIN,0.002690719594546903,0.9548628407218991,0.9787915029464991,False
Cardiobacterium,IL21,0.05428432040687714,0.2531420227300614,0.4834316272903808,False
Cardiobacterium,ICAM1,0.12980706314403415,0.006103063773896458,0.04748540069697812,True
Cardiobacterium,VCAM1,0.06551559727789258,0.16769491520484023,0.37954264726934467,False
Cardiobacterium,FGFB,0.07684272157652888,0.10548297891694877,0.2853598260601759,False
Cardiobacterium,IL22,0.004416157571158945,0.9259850890396629,0.9639252924540253,False
Cardiobacterium,PDGFBB,0.07518260577737822,0.11324830322252301,0.29746916418002445,False
Cardiobacterium,VEGF,0.08313698318889647,0.07979484024987744,0.2437612442464493,False
Cardiobacterium,LEPTIN,-0.09379154567770259,0.04800427900332223,0.17898115825066208,True
Cardiobacterium,PAI1,0.003650834784865714,0.9387841724245395,0.971291266229266,False
Cardiobacterium,CD40L,0.08627271520559836,0.06903397247134607,0.22245731722710615,False
Cardiobacterium,ENA78,0.04946953977302996,0.2977532409532414,0.5297662069348639,False
Catonella,IL17F,0.01018346399420073,0.8303741328081953,0.9194460520300112,False
Catonella,FASL,-0.13406060939604797,0.00461342378028942,0.03958148966587738,True
Catonella,TGFA,-0.11461777920844718,0.015561478073964167,0.08891420830812366,True
Catonella,MIP1A,0.23727935675000061,4.1091357068404274e-07,6.353368026868763e-05,True
Catonella,SDF1A,-0.03722788796456249,0.4334005197177253,0.6570484855183785,False
Catonella,IL27,-0.15146276492061536,0.0013523563832911914,0.017201973195463956,True
Catonella,LIF,0.005326013098554547,0.9107939435802255,0.9583313796364461,False
Catonella,IL1B,-0.10826403701844076,0.022364114967608074,0.11179789317985822,True
Catonella,IL2,0.02300241475606935,0.6284314907337227,0.799744616426074,False
Catonella,IL4,-0.10836641814609244,0.022236771256244073,0.11138724138417382,True
Catonella,IL5,0.06274209090598766,0.1864596439622588,0.40376148098152315,False
Catonella,IP10,-0.06462894952615919,0.1735333719634992,0.38797341698434057,False
Catonella,IL6,-0.07541380771990779,0.11214068274337217,0.29597934417246663,False
Catonella,IL7,0.217343242676666,3.7029287641410203e-06,0.00031135311202298214,True
Catonella,IL8,-0.18108750195331685,0.00012248256712744392,0.003656724941685457,True
Catonella,IL10,0.01194461005162682,0.8016037544110262,0.9033624415583956,False
Catonella,IFNB,-0.12110289650464126,0.0105609548212659,0.06858359198158052,True
Catonella,EOTAXIN,-0.09992328117601214,0.03509750668018876,0.14830313795683703,True
Catonella,IL12P70,-0.029792877356972173,0.5307556533082831,0.7366029721382006,False
Catonella,IL13,-0.08729191451053063,0.06580364491814718,0.2161121510483734,False
Catonella,IL17A,-0.16514680165978307,0.0004687173243024638,0.008622788578087704,True
Catonella,IL31,-0.14572601421005546,0.002056736200324825,0.022604599254810218,True
Catonella,IL1RA,0.024829159064281108,0.6014064399367095,0.7825586965279939,False
Catonella,SCF,-0.05213182772492234,0.2724773545165074,0.5033886358365312,False
Catonella,RANTES,-0.15846778363966774,0.000794509589637185,0.012314898639376367,True
Catonella,IFNG,-0.16039401116223512,0.0006837566703303299,0.011030846044674634,True
Catonella,GMCSF,-0.23991048950062163,3.0284021044798503e-07,5.3310692760647075e-05,True
Catonella,TNFA,-0.13130727706182,0.00553444578802007,0.04467664898532749,True
Catonella,HGF,-0.0410479919109844,0.38767744661677095,0.6180019839502148,False
Catonella,MIP1B,-0.07836648818967537,0.09873181342392065,0.27571247398991416,False
Catonella,IFNA,-0.03703731191375835,0.43576009864152654,0.6590553931279792,False
Catonella,TGFB,-0.050023504396506636,0.2923692820412533,0.5237463896715745,False
Catonella,MCP1,0.05819740375898304,0.2204767932204077,0.4460209783637962,False
Catonella,IL9,-0.15203648662293567,0.001295780016013155,0.01669777699066364,True
Catonella,VEGFD,-0.14884468005469786,0.001640505748512578,0.019507968237439076,True
Catonella,TNFB,-0.16798667363051,0.000372214394837168,0.007309341642041439,True
Catonella,NGF,0.005465217955272779,0.9084724732005385,0.9570123574279662,False
Catonella,EGF,-0.03970048018372181,0.4034607681615321,0.6323462371026881,False
Catonella,BDNF,0.014674491073723287,0.7575461846269781,0.8783686530290226,False
Catonella,TRAIL,0.015649689567065587,0.74198775032545,0.8698243308236129,False
Catonella,GCSF,0.021039635898870635,0.658031737398541,0.8182679011044325,False
Catonella,GROA,-0.15186127477790126,0.0013128228889629104,0.016895310756392126,True
Catonella,IL1A,0.009071231503757366,0.8486638402641901,0.9292600396894797,False
Catonella,IL23,0.001524645265689457,0.9744146447629798,0.9877252340238515,False
Catonella,IL12P40,-0.09384202799707653,0.04788365108856779,0.17859895286836977,True
Catonella,IL15,-0.12619251289877037,0.007694050138484863,0.05476386011926627,True
Catonella,IL18,-0.11887546443642849,0.012089133690115156,0.07474207683752643,True
Catonella,MCSF,-0.1435540650944699,0.00240140712605608,0.024997963514953363,True
Catonella,MCP3,0.050610878833889636,0.28673222022001166,0.5179631170315347,False
Catonella,MIG,-0.059260192327230954,0.21214980933872937,0.4353398876896741,False
Catonella,RESISTIN,-0.1366352149067438,0.0038798237271434775,0.035186110673579025,True
Catonella,IL21,0.020175486080674123,0.6712387630881251,0.8255859920801918,False
Catonella,ICAM1,0.008916049229055404,0.8512223831108793,0.9304080555169141,False
Catonella,VCAM1,-0.2542028024867984,5.4216958738726743e-08,1.444515619584779e-05,True
Catonella,FGFB,-0.012580577226416301,0.791277861823599,0.8970120931298343,False
Catonella,IL22,-0.002846239053787234,0.9522570027112187,0.9780604749309739,False
Catonella,PDGFBB,-0.08483538048881563,0.07380910127215194,0.23054820036149362,False
Catonella,VEGF,0.06553965258400257,0.16753858851177036,0.37942205773899335,False
Catonella,LEPTIN,-0.26339920928167554,1.6936354903331734e-08,6.444820599091606e-06,True
Catonella,PAI1,0.14671454828281738,0.0019153760865516813,0.021678274926781257,True
Catonella,CD40L,-0.03532865331808362,0.4572427449305665,0.6779213384757895,False
Catonella,ENA78,-0.24963608416416894,9.503034747436483e-08,2.1786259660518338e-05,True
Cellulomonas,IL17F,0.062270886188632385,0.18979565291682807,0.40759841023818766,False
Cellulomonas,FASL,0.026107869267073088,0.5828059682389133,0.7697753945717497,False
Cellulomonas,TGFA,0.07459658565284927,0.11609424188291685,0.30212698956752754,False
Cellulomonas,MIP1A,0.002974666481204927,0.95010549299262,0.9771664006177619,False
Cellulomonas,SDF1A,-0.010044285810252686,0.8326580051311512,0.921183022465315,False
Cellulomonas,IL27,0.02581790207247009,0.5870003995121453,0.7725947315092025,False
Cellulomonas,LIF,0.09591548974785581,0.043144005394901305,0.16715925627900582,True
Cellulomonas,IL1B,0.02204111783554652,0.6428580581622612,0.8087410333542076,False
Cellulomonas,IL2,0.01503929929123952,0.7517141394245763,0.8754026381562515,False
Cellulomonas,IL4,-0.008997437839435055,0.8498803050469642,0.9298690396396198,False
Cellulomonas,IL5,0.015666287547184576,0.7417238311203762,0.8698243308236129,False
Cellulomonas,IP10,0.021998041501608227,0.6435077284262589,0.8091453044420995,False
Cellulomonas,IL6,-0.03626350360538602,0.4454163675295165,0.667981224283864,False
Cellulomonas,IL7,0.04117848841408577,0.386169130166902,0.6163949619794883,False
Cellulomonas,IL8,-0.0014313635085814874,0.975979536489537,0.988310864993719,False
Cellulomonas,IL10,0.04860258677496534,0.30631085093521365,0.5382802098798621,False
Cellulomonas,IFNB,0.043153370847574216,0.36378097441171253,0.5938758175119959,False
Cellulomonas,EOTAXIN,0.10298910633574271,0.02983861583595174,0.13382578476379084,True
Cellulomonas,IL12P70,0.05345048713129227,0.2605159956763752,0.4907637464891471,False
Cellulomonas,IL13,0.03236663815397041,0.49585058495062206,0.7102724595238641,False
Cellulomonas,IL17A,-0.06530940432569936,0.1690393697775482,0.3816591302197176,False
Cellulomonas,IL31,0.006245575703873944,0.8954736966104362,0.952040592432602,False
Cellulomonas,IL1RA,0.038069438920275575,0.4230694860508222,0.6481156571341976,False
Cellulomonas,SCF,-0.010151477914289532,0.8308988891671691,0.9198204659640599,False
Cellulomonas,RANTES,0.041249826289322195,0.385346097972842,0.6153801771936298,False
Cellulomonas,IFNG,0.05840150976318596,0.2188597553394039,0.4440254101946581,False
Cellulomonas,GMCSF,0.009163969186613755,0.847135598969586,0.9291347056789251,False
Cellulomonas,TNFA,0.0015129307920737536,0.9746111611265474,0.9877252340238515,False
Cellulomonas,HGF,0.03240195889700502,0.4953802098470279,0.7097793138776135,False
Cellulomonas,MIP1B,-0.0814669672775637,0.08605810547517184,0.2560702697779185,False
Cellulomonas,IFNA,0.014213102576353597,0.7649419275340332,0.882480692993622,False
Cellulomonas,TGFB,0.03523207797032759,0.45847441265492783,0.6793387584476595,False
Cellulomonas,MCP1,0.04594311125685754,0.33356615836970516,0.5654849852465268,False
Cellulomonas,IL9,0.0027766140181937076,0.953423557961284,0.9784352940227292,False
Cellulomonas,VEGFD,-0.028725858525863842,0.5455823815773055,0.7455399665992871,False
Cellulomonas,TNFB,-0.019943533811725082,0.6748012583103946,0.827308955828116,False
Cellulomonas,NGF,0.06746978896166418,0.155347837582315,0.36141966677671217,False
Cellulomonas,EGF,-0.12056384470260126,0.01091417130017015,0.0700012366148844,True
Cellulomonas,BDNF,-0.07779262143839141,0.10123285485572751,0.2794605105482391,False
Cellulomonas,TRAIL,-0.009768808541334885,0.8371826398163085,0.9236995735297585,False
Cellulomonas,GCSF,0.050527277781134826,0.2875300486210193,0.5184692188231219,False
Cellulomonas,GROA,0.03207471674495912,0.49974725298636524,0.7124141852257826,False
Cellulomonas,IL1A,-0.024804585899159366,0.6017664894072741,0.7826684351031851,False
Cellulomonas,IL23,0.05131671897677608,0.28005559675203434,0.5109397388661624,False
Cellulomonas,IL12P40,0.04935674406765518,0.2988575370700944,0.5311226970320877,False
Cellulomonas,IL15,0.02756342223946309,0.5619646441854664,0.7578450700930681,False
Cellulomonas,IL18,0.06948144064356934,0.14336915114336599,0.34418969278312544,False
Cellulomonas,MCSF,-0.0025028056814147093,0.958012109672019,0.9805921895075033,False
Cellulomonas,MCP3,0.014921411748399917,0.7535972343173851,0.8763552049251778,False
Cellulomonas,MIG,0.017702996703450526,0.7095772248117911,0.8513081579234592,False
Cellulomonas,RESISTIN,0.01556495289725764,0.7433355918546923,0.8700786350633528,False
Cellulomonas,IL21,-0.00636074907591514,0.8935574820648543,0.95120879521534,False
Cellulomonas,ICAM1,0.0484162144797802,0.30817152074987814,0.539601216971989,False
Cellulomonas,VCAM1,-0.07579913292756128,0.11031364343587681,0.2930401231449403,False
Cellulomonas,FGFB,-0.0005321145606328153,0.9910691469697414,0.995815974445644,False
Cellulomonas,IL22,0.02665988141221066,0.5748597619191563,0.7644432535968382,False
Cellulomonas,PDGFBB,0.06177365922369746,0.19336319534511365,0.41268118201171905,False
Cellulomonas,VEGF,0.010553169167932096,0.8243143623325093,0.9162353121968516,False
Cellulomonas,LEPTIN,-0.03929474901955795,0.4082871716579296,0.6364476499373609,False
Cellulomonas,PAI1,-0.02926135330703603,0.538115891269759,0.7414177454041596,False
Cellulomonas,CD40L,-0.03183197019659094,0.5029998121984214,0.7149718411222374,False
Cellulomonas,ENA78,-0.06776661316048332,0.15353421003583662,0.35865882524485243,False
Christensenellaceae R-7 group,IL17F,-0.04947636138186156,0.29768654307204556,0.5297662069348639,False
Christensenellaceae R-7 group,FASL,-0.11184284553713332,0.018269983456548764,0.09815013455839658,True
Christensenellaceae R-7 group,TGFA,0.009545676967366547,0.8408514571331454,0.9254341480873671,False
Christensenellaceae R-7 group,MIP1A,-0.013259898581207021,0.7802882697122586,0.8912155906411129,False
Christensenellaceae R-7 group,SDF1A,-0.12057153387535427,0.010909060255395288,0.0700012366148844,True
Christensenellaceae R-7 group,IL27,-0.022916881080372327,0.6297095180979185,0.8001645307307658,False
Christensenellaceae R-7 group,LIF,0.10837794233017434,0.022222476669596057,0.11137222928768578,True
Christensenellaceae R-7 group,IL1B,0.0029979869545297424,0.9497148498803605,0.976978233536668,False
Christensenellaceae R-7 group,IL2,-0.04347129355835589,0.3602539849820914,0.5912075551778686,False
Christensenellaceae R-7 group,IL4,-0.15667431569813783,0.000912325927979286,0.013324013330399705,True
Christensenellaceae R-7 group,IL5,-0.05055726868064108,0.287243665485516,0.5183386941645608,False
Christensenellaceae R-7 group,IP10,-0.024098027870286576,0.6121602275074647,0.7893623966996189,False
Christensenellaceae R-7 group,IL6,-0.07575568628104114,0.11051846825666306,0.2934260867423066,False
Christensenellaceae R-7 group,IL7,-0.04510726882604051,0.3424447501137945,0.5750971629679362,False
Christensenellaceae R-7 group,IL8,-0.08775650043410597,0.06437290807032199,0.2132352579829416,False
Christensenellaceae R-7 group,IL10,-0.036701553541234506,0.439935135364497,0.6632329965473638,False
Christensenellaceae R-7 group,IFNB,0.06439475310711551,0.17510050486947829,0.3895456031517496,False
Christensenellaceae R-7 group,EOTAXIN,-0.04317742917562603,0.36351332440826967,0.5938758175119959,False
Christensenellaceae R-7 group,IL12P70,-0.014303141294500126,0.763496966044464,0.8818457048935356,False
Christensenellaceae R-7 group,IL13,-0.10635618249891758,0.024855390887140227,0.1195241187148431,True
Christensenellaceae R-7 group,IL17A,-0.10890306965134736,0.021579503556445705,0.10909614639954533,True
Christensenellaceae R-7 group,IL31,-0.07828514081039588,0.09908332360572664,0.2763368682831788,False
Christensenellaceae R-7 group,IL1RA,0.018632576540690195,0.6950706653588496,0.8408401790535697,False
Christensenellaceae R-7 group,SCF,-0.048925735912148015,0.30310227561642533,0.5352633887833061,False
Christensenellaceae R-7 group,RANTES,-0.09061048588128134,0.05613518450799887,0.19591543253003535,False
Christensenellaceae R-7 group,IFNG,-0.09698514417658533,0.040857571893424684,0.16228797057279024,True
Christensenellaceae R-7 group,GMCSF,-0.0027522479770863053,0.9538318303243039,0.9784468453004149,False
Christensenellaceae R-7 group,TNFA,-0.07832439987018042,0.09891355719668869,0.2759948618298775,False
Christensenellaceae R-7 group,HGF,0.025910795493099662,0.585655161997892,0.7719465953971413,False
Christensenellaceae R-7 group,MIP1B,-0.17514561156700303,0.0002047774494724295,0.005058889997701785,True
Christensenellaceae R-7 group,IFNA,-0.09563503925027146,0.04376100746130594,0.16815164240505825,True
Christensenellaceae R-7 group,TGFB,0.006094528515321742,0.8979876870530241,0.9527890021492532,False
Christensenellaceae R-7 group,MCP1,0.01836033132399958,0.6993079635617823,0.8444117962753613,False
Christensenellaceae R-7 group,IL9,-0.06847953096279888,0.14924380103994905,0.3522165287663899,False
Christensenellaceae R-7 group,VEGFD,0.1359770119058439,0.004056570535050634,0.03615702742724154,True
Christensenellaceae R-7 group,TNFB,-0.1558807258196591,0.000969440887240702,0.013864157667941471,True
Christensenellaceae R-7 group,NGF,-0.009783941922744111,0.8369339375808895,0.9236995735297585,False
Christensenellaceae R-7 group,EGF,-0.08643272898348707,0.06851838525361553,0.2213878209866083,False
Christensenellaceae R-7 group,BDNF,-0.10327465618140887,0.029385108657501845,0.1326366305611965,True
Christensenellaceae R-7 group,TRAIL,-0.08781680351934089,0.0641890896160354,0.2129125321113314,False
Christensenellaceae R-7 group,GCSF,-0.04686572393974329,0.32393934206794006,0.5554694788842848,False
Christensenellaceae R-7 group,GROA,-0.08707929251368315,0.0664670934114572,0.2171168960681251,False
Christensenellaceae R-7 group,IL1A,-0.0992874534615771,0.036281711737968736,0.15148882435954927,True
Christensenellaceae R-7 group,IL23,-0.07806269552266192,0.10004961606290312,0.27767148512052336,False
Christensenellaceae R-7 group,IL12P40,-0.07383428905765474,0.11987970851217206,0.30735348934018003,False
Christensenellaceae R-7 group,IL15,-0.054619236452476315,0.25022138604591293,0.47969704003342784,False
Christensenellaceae R-7 group,IL18,0.0010480190095083078,0.982411413494819,0.9913328023241493,False
Christensenellaceae R-7 group,MCSF,-0.12961030945255372,0.00618140368199371,0.047782347169324765,True
Christensenellaceae R-7 group,MCP3,-0.09555807064357644,0.043931634381266675,0.1684755637260853,True
Christensenellaceae R-7 group,MIG,-0.02174406168581503,0.6473437199141772,0.8124143082003766,False
Christensenellaceae R-7 group,RESISTIN,0.08297470292581322,0.08038678613333516,0.24501215625335365,False
Christensenellaceae R-7 group,IL21,-0.009829276754480226,0.836189001513936,0.9236995735297585,False
Christensenellaceae R-7 group,ICAM1,0.033283415404910616,0.48371893958484913,0.7012501921216827,False
Christensenellaceae R-7 group,VCAM1,-0.06281827310313741,0.18592437360270192,0.403265671061702,False
Christensenellaceae R-7 group,FGFB,-0.08051958893273269,0.08978352101480087,0.2614236047639103,False
Christensenellaceae R-7 group,IL22,-0.08559633974847264,0.0712485539159877,0.22595314527225094,False
Christensenellaceae R-7 group,PDGFBB,-0.08984989645273718,0.05824004638254881,0.20030363871103823,False
Christensenellaceae R-7 group,VEGF,-0.015254133770572026,0.7482862407405942,0.8737983607226698,False
Christensenellaceae R-7 group,LEPTIN,-0.04643042209788,0.3284587148612742,0.5597886973870834,False
Christensenellaceae R-7 group,PAI1,-0.03376152346008122,0.47745642975689917,0.6963372918200073,False
Christensenellaceae R-7 group,CD40L,0.12209548651438733,0.009936979073107423,0.06604035587345809,True
Christensenellaceae R-7 group,ENA78,-0.13328501321768144,0.004857755649334847,0.04089475251165066,True
Chryseobacterium,IL17F,0.04406971970868586,0.35367339572815104,0.585869994133442,False
Chryseobacterium,FASL,-0.17439413630506437,0.0002182753923986848,0.005160065662508589,True
Chryseobacterium,TGFA,-0.024759127295482856,0.6024328105241925,0.782783719412075,False
Chryseobacterium,MIP1A,-0.06234066992145772,0.18929885605657104,0.4069141131717569,False
Chryseobacterium,SDF1A,-0.06845023018531128,0.1494183198893158,0.3522998798059974,False
Chryseobacterium,IL27,-0.11334211257923515,0.0167594888766153,0.0928424957328118,True
Chryseobacterium,LIF,-0.06477375917891016,0.17256961354758416,0.3869890489132335,False
Chryseobacterium,IL1B,-0.0410567398762619,0.38757622332233266,0.6179499422261067,False
Chryseobacterium,IL2,0.030833573095514693,0.5164936621154032,0.726792355788839,False
Chryseobacterium,IL4,-0.061639550899564466,0.19433375781353598,0.41421452638396494,False
Chryseobacterium,IL5,0.07448215493215478,0.11665644266338474,0.30267554246350337,False
Chryseobacterium,IP10,-0.12233329579395032,0.009792433698383077,0.06544665179570194,True
Chryseobacterium,IL6,-0.18415331932429752,9.334927864254803e-05,0.002997515273153871,True
Chryseobacterium,IL7,-0.07051752648291018,0.13748176299675863,0.33530312212321783,False
Chryseobacterium,IL8,-0.12168326088258448,0.010192030635601422,0.06703316061404214,True
Chryseobacterium,IL10,-0.1298973194008436,0.006067426227359861,0.04739515669517711,True
Chryseobacterium,IFNB,-0.055725894753519224,0.2407378853809602,0.469381739336532,False
Chryseobacterium,EOTAXIN,-0.027032125390660664,0.5695303106117735,0.7624504539566439,False
Chryseobacterium,IL12P70,0.014349101670260787,0.7627596996961217,0.8813978985558708,False
Chryseobacterium,IL13,-0.018109512354256934,0.703220059218914,0.8467948168232925,False
Chryseobacterium,IL17A,-0.00793090574818844,0.8675001114008363,0.9384334856582923,False
Chryseobacterium,IL31,-0.12161223059500137,0.010236560258913207,0.06727467402157761,True
Chryseobacterium,IL1RA,-0.039772656493432035,0.4026057715497797,0.6317872804740096,False
Chryseobacterium,SCF,0.0057296626679329814,0.904064582888223,0.9552297730596574,False
Chryseobacterium,RANTES,-0.09584471800722712,0.04329901067180641,0.1675250073306883,True
Chryseobacterium,IFNG,-0.09772125789453934,0.03934425553763234,0.15889212252764426,True
Chryseobacterium,GMCSF,-0.004555804158701357,0.9236516316431496,0.9633355961081153,False
Chryseobacterium,TNFA,0.07248395592095853,0.1268209739149085,0.3184647281098039,False
Chryseobacterium,HGF,-0.05549490559040443,0.24269620856346338,0.4710232037221589,False
Chryseobacterium,MIP1B,0.07744368440633581,0.10277802192138262,0.2812939511366511,False
Chryseobacterium,IFNA,-0.03811576845242229,0.4225049407205608,0.6479548390826522,False
Chryseobacterium,TGFB,-0.010790572859662196,0.8204285927644456,0.9140805908083075,False
Chryseobacterium,MCP1,-0.010092483222318831,0.8318669396507753,0.9206853363733404,False
Chryseobacterium,IL9,-0.09582093002196462,0.04335121664643801,0.1675250073306883,True
Chryseobacterium,VEGFD,-0.0935318322170833,0.048628895845801434,0.1800948445201847,True
Chryseobacterium,TNFB,-0.04873870276348947,0.30495661921113,0.5370243573032011,False
Chryseobacterium,NGF,0.016662020683746788,0.7259473967204684,0.8599362457186226,False
Chryseobacterium,EGF,-0.003270357286414615,0.9451532690935631,0.9744113079611321,False
Chryseobacterium,BDNF,0.06947697890316826,0.14339491461354192,0.34418969278312544,False
Chryseobacterium,TRAIL,-0.06252740140872655,0.1879741963907677,0.40565885026711646,False
Chryseobacterium,GCSF,0.026914626817693663,0.5712100084198835,0.7634504806827713,False
Chryseobacterium,GROA,-0.09485480810355926,0.04551673490264374,0.17231335356000846,True
Chryseobacterium,IL1A,-0.06488755859024616,0.17181504282034157,0.3861926487686551,False
Chryseobacterium,IL23,-0.08866766825496204,0.06164117660961225,0.20749446624607362,False
Chryseobacterium,IL12P40,0.06356109550865523,0.18076438821857155,0.3966114709678785,False
Chryseobacterium,IL15,-0.0708907462173023,0.1354071307539708,0.332215902183336,False
Chryseobacterium,IL18,-0.15996077827006985,0.0007073408930646038,0.011319750850374781,True
Chryseobacterium,MCSF,-0.14264262930222288,0.0025611393559623954,0.02602856883616216,True
Chryseobacterium,MCP3,0.018525730967276773,0.6967325160783632,0.8422304283875541,False
Chryseobacterium,MIG,-0.05683425965230821,0.23149556040880057,0.45835779583336084,False
Chryseobacterium,RESISTIN,-0.0868976193041679,0.06703831297739138,0.21837833109919333,False
Chryseobacterium,IL21,-0.1306191649818693,0.005789061656316793,0.045948928991925084,True
Chryseobacterium,ICAM1,0.056650017219579296,0.2330142441566719,0.4605275416641644,False
Chryseobacterium,VCAM1,0.03832774071779927,0.4199275835252697,0.6456091887698236,False
Chryseobacterium,FGFB,-0.038729360815778525,0.41506963973356614,0.6414416849809523,False
Chryseobacterium,IL22,0.01858055793765587,0.6958795685835799,0.8415089287410367,False
Chryseobacterium,PDGFBB,-0.11912721534978206,0.011907137824502576,0.07405713859554977,True
Chryseobacterium,VEGF,-0.008148011819888112,0.8639077595218219,0.9375620765785023,False
Chryseobacterium,LEPTIN,0.02276204814652805,0.6320258118480166,0.80176431002416,False
Chryseobacterium,PAI1,0.18229689316472442,0.0001100952797437282,0.0033810569087653355,True
Chryseobacterium,CD40L,-0.05346408406665144,0.2603945760148049,0.4907582418090489,False
Chryseobacterium,ENA78,-0.03914726003496569,0.41005009566872996,0.6376083838719689,False
Cloacibacterium,IL17F,0.07704971644186015,0.10454500190670238,0.2837567810562423,False
Cloacibacterium,FASL,-0.06375688844273418,0.1794221378282324,0.39445660898990076,False
Cloacibacterium,TGFA,0.012471552617111598,0.7930455059790842,0.8982928413123994,False
Cloacibacterium,MIP1A,-0.072318276514179,0.1276936816629603,0.31965574246659795,False
Cloacibacterium,SDF1A,-0.03358310821278422,0.47978822179978275,0.6983245667359012,False
Cloacibacterium,IL27,-0.04061497478431118,0.39270796821711196,0.6222978863019273,False
Cloacibacterium,LIF,-0.021856120434809334,0.645650078639618,0.8112032199957351,False
Cloacibacterium,IL1B,0.014245834260733815,0.7644165475070043,0.8822941094942869,False
Cloacibacterium,IL2,0.06393043558616876,0.17823857875138757,0.3933458494137405,False
Cloacibacterium,IL4,0.02549442007769028,0.5916960028248426,0.7758963909757524,False
Cloacibacterium,IL5,0.08776688896851564,0.06434121045413668,0.21320500014236568,False
Cloacibacterium,IP10,-0.0607436138749079,0.20090933050586438,0.42202518221325613,False
Cloacibacterium,IL6,-0.06562781477762396,0.16696658699585903,0.37890345640082373,False
Cloacibacterium,IL7,-0.033566523176837205,0.4800052933846667,0.6983253475549485,False
Cloacibacterium,IL8,-0.027635896720723724,0.5609363714564686,0.7572909434836057,False
Cloacibacterium,IL10,-0.020023411645654958,0.6735736100711587,0.8271907966842824,False
Cloacibacterium,IFNB,-0.03357729767817708,0.47986426632787726,0.6983253475549485,False
Cloacibacterium,EOTAXIN,0.008716021025098542,0.8545226162498702,0.9323024778057902,False
Cloacibacterium,IL12P70,0.08018921240716152,0.0911127026282161,0.2638628150731358,False
Cloacibacterium,IL13,0.054093763319618585,0.2548142989254912,0.4851215447677659,False
Cloacibacterium,IL17A,0.013138875587107364,0.7822429654208418,0.8922933576247528,False
Cloacibacterium,IL31,0.01235687309624095,0.7949059788602064,0.8996765946732393,False
Cloacibacterium,IL1RA,0.006821177342434925,0.8859033299135192,0.9472946058200404,False
Cloacibacterium,SCF,0.08749300431392193,0.06518119526537514,0.21497364433792845,False
Cloacibacterium,RANTES,-0.014993895529291727,0.7524392297029014,0.875408391151076,False
Cloacibacterium,IFNG,-0.02619212581875187,0.581589799245612,0.7689795058413871,False
Cloacibacterium,GMCSF,0.004014968808710103,0.9326923086282639,0.9674327418410591,False
Cloacibacterium,TNFA,0.09663658190461191,0.041591129506320414,0.16367479228475315,True
Cloacibacterium,HGF,-0.015618923619959861,0.7424770298274004,0.8699642682544759,False
Cloacibacterium,MIP1B,0.08969635071043977,0.05867280177965735,0.20118138432829988,False
Cloacibacterium,IFNA,0.02316608257944223,0.6259890922742641,0.7990287986399458,False
Cloacibacterium,TGFB,0.04240799923132949,0.3721340420502547,0.603073711414008,False
Cloacibacterium,MCP1,-0.028092286038079787,0.5544820284401084,0.7525931207989246,False
Cloacibacterium,IL9,-0.011814925354986397,0.8037136925087849,0.903756070412011,False
Cloacibacterium,VEGFD,-0.06161683682907229,0.19449849523527604,0.414386463373536,False
Cloacibacterium,TNFB,0.05028963348879016,0.2898061014567981,0.5206154245076544,False
Cloacibacterium,NGF,0.07662771439053452,0.10646429596914224,0.28699071087333994,False
Cloacibacterium,EGF,0.05029572694808188,0.2897475903772708,0.5206154245076544,False
Cloacibacterium,BDNF,0.1365434904598044,0.0039040289596304046,0.035275818042196636,True
Cloacibacterium,TRAIL,-0.053280764390082495,0.26203489295469135,0.49221417201740614,False
Cloacibacterium,GCSF,0.055908419212982015,0.23919831090115876,0.4679533536145313,False
Cloacibacterium,GROA,-0.012853813246884503,0.786852531561616,0.8948768177358574,False
Cloacibacterium,IL1A,-0.04439467928941472,0.3501319097827018,0.5823520105682258,False
Cloacibacterium,IL23,-0.0075254507567462285,0.8742162350623581,0.9421694156821611,False
Cloacibacterium,IL12P40,0.08680188090411588,0.06734095172102256,0.2190245351422345,False
Cloacibacterium,IL15,0.002448842745978469,0.9589166030388429,0.9812123596384589,False
Cloacibacterium,IL18,-0.08175944089503609,0.08493347928820108,0.2537194663100261,False
Cloacibacterium,MCSF,-0.042708317907366275,0.3687543427761485,0.598777847321244,False
Cloacibacterium,MCP3,0.02047635979475168,0.6666286780962642,0.8232024938836243,False
Cloacibacterium,MIG,-0.045626857864655354,0.33690794639061894,0.5685108852748496,False
Cloacibacterium,RESISTIN,-0.0625602859442797,0.18774162358781052,0.40533441202992465,False
Cloacibacterium,IL21,-0.12905372810670213,0.0064079234742740665,0.048741115260481985,True
Cloacibacterium,ICAM1,0.03752376117451293,0.4297518560161252,0.6538808144168795,False
Cloacibacterium,VCAM1,-0.01851842584256512,0.6968461913599775,0.8422645603760003,False
Cloacibacterium,FGFB,0.050284042957734865,0.28985979025369635,0.5206154245076544,False
Cloacibacterium,IL22,0.08217836084169627,0.08334330589987665,0.2512084973238566,False
Cloacibacterium,PDGFBB,-0.10139668980130041,0.03247913902738922,0.1414219755000013,True
Cloacibacterium,VEGF,0.05105294403338875,0.2825382484726753,0.5139663454332052,False
Cloacibacterium,LEPTIN,0.01594128430472546,0.7373556220216888,0.8679225936584846,False
Cloacibacterium,PAI1,0.1741021073512532,0.00022374195320040225,0.005226654442297548,True
Cloacibacterium,CD40L,-0.02665779156221312,0.574889748736042,0.7644432535968382,False
Cloacibacterium,ENA78,-0.009596184322290507,0.8400206906086978,0.9249589656705227,False
Clostridium sensu stricto 1,IL17F,-0.04010403662465226,0.39869417587649003,0.6279481044560534,False
Clostridium sensu stricto 1,FASL,-0.07827478742773943,0.09912813292782788,0.2763368682831788,False
Clostridium sensu stricto 1,TGFA,0.05614983539911351,0.23717264115820275,0.4655787384076215,False
Clostridium sensu stricto 1,MIP1A,-0.0004389689343601942,0.9926324265658021,0.9961653928959203,False
Clostridium sensu stricto 1,SDF1A,-0.09976061089324577,0.035397299633101405,0.14918622478970228,True
Clostridium sensu stricto 1,IL27,-0.005018263815861547,0.9159288363255164,0.9602495446662703,False
Clostridium sensu stricto 1,LIF,0.11154865674139881,0.018579932808240062,0.09852661518215737,True
Clostridium sensu stricto 1,IL1B,0.02671237766524067,0.5741067462378953,0.7640261607689972,False
Clostridium sensu stricto 1,IL2,0.00016756784601197258,0.997187538225758,0.9982001169607557,False
Clostridium sensu stricto 1,IL4,-0.12248075639291912,0.0097037449108983,0.06494196695969819,True
Clostridium sensu stricto 1,IL5,-0.060699689353233915,0.20123581736662052,0.4224064182126771,False
Clostridium sensu stricto 1,IP10,-0.09675434244805405,0.041342066305738744,0.163020035856789,True
Clostridium sensu stricto 1,IL6,-0.04797997672397989,0.3125558277123949,0.5443772702453691,False
Clostridium sensu stricto 1,IL7,-0.08707844474217959,0.0664697496787991,0.2171168960681251,False
Clostridium sensu stricto 1,IL8,-0.09599320691460748,0.042974326813801346,0.16694229477885159,True
Clostridium sensu stricto 1,IL10,-0.03968745072122386,0.40361522985796283,0.6324652576601172,False
Clostridium sensu stricto 1,IFNB,0.06922258757982334,0.14486971055544423,0.34621369021610787,False
Clostridium sensu stricto 1,EOTAXIN,-0.06697398453962719,0.15841333693227982,0.36608702226952133,False
Clostridium sensu stricto 1,IL12P70,-0.0315068248808942,0.5073738362710736,0.7190470497355151,False
Clostridium sensu stricto 1,IL13,-0.07293551373473946,0.12446590150551258,0.31493451156091967,False
Clostridium sensu stricto 1,IL17A,-0.027769030269131606,0.5590498324296371,0.7559826129069085,False
Clostridium sensu stricto 1,IL31,-0.026747871952951866,0.5735978737396008,0.7640221374577739,False
Clostridium sensu stricto 1,IL1RA,0.061588467284744444,0.19470439327894656,0.4146459081753846,False
Clostridium sensu stricto 1,SCF,-0.08751486078114007,0.06511383372724894,0.2148309466077537,False
Clostridium sensu stricto 1,RANTES,-0.10308313389656773,0.029688624508991058,0.13357848489714005,True
Clostridium sensu stricto 1,IFNG,-0.077287037953603,0.10347773843674604,0.2824933662446531,False
Clostridium sensu stricto 1,GMCSF,0.07418704474610624,0.11811616223598943,0.30505347847062714,False
Clostridium sensu stricto 1,TNFA,-0.04774304361671482,0.3149541457940092,0.5462916695041448,False
Clostridium sensu stricto 1,HGF,0.014362688018788674,0.7625417973971114,0.881362063400249,False
Clostridium sensu stricto 1,MIP1B,-0.1791147640606204,0.00014553618655698688,0.004041396414306413,True
Clostridium sensu stricto 1,IFNA,-0.04322248723873037,0.3630123817919594,0.5935604676903525,False
Clostridium sensu stricto 1,TGFB,0.03903785596598601,0.41136070201113084,0.6387433733984418,False
Clostridium sensu stricto 1,MCP1,-0.043148555720759735,0.36383455766711026,0.5938758175119959,False
Clostridium sensu stricto 1,IL9,-0.059771997499430865,0.20822158863092094,0.43008555910588286,False
Clostridium sensu stricto 1,VEGFD,0.07578070888169448,0.11040046521226358,0.2931917527108013,False
Clostridium sensu stricto 1,TNFB,-0.15598796595893155,0.0009615345175432515,0.013837674852469157,True
Clostridium sensu stricto 1,NGF,-0.014993551229115202,0.7524447289502718,0.875408391151076,False
Clostridium sensu stricto 1,EGF,-0.09300251733286269,0.04992297996399315,0.1831562100800314,True
Clostridium sensu stricto 1,BDNF,-0.13107421753518037,0.005619531910003758,0.04507513878666969,True
Clostridium sensu stricto 1,TRAIL,-0.06205486648012122,0.19133958494353046,0.40988107817132874,False
Clostridium sensu stricto 1,GCSF,-0.05163494956579262,0.2770801250028703,0.5076112009437457,False
Clostridium sensu stricto 1,GROA,-0.07645601374444017,0.10725312506170179,0.28831844768889453,False
Clostridium sensu stricto 1,IL1A,-0.079633697289333,0.09338317333418336,0.2680755162284157,False
Clostridium sensu stricto 1,IL23,-0.07398322086883384,0.11913265679480552,0.3063121067119187,False
Clostridium sensu stricto 1,IL12P40,-0.12045700731826772,0.010985406606185662,0.07022966168857216,True
Clostridium sensu stricto 1,IL15,-0.01463163964959881,0.7582321443387812,0.8787505853387849,False
Clostridium sensu stricto 1,IL18,0.005898443267586746,0.9012527984463815,0.9536872141567657,False
Clostridium sensu stricto 1,MCSF,-0.11232373741885739,0.0177730395728747,0.09626737588428505,True
Clostridium sensu stricto 1,MCP3,-0.11743421497600019,0.013179100348259533,0.0789784627557097,True
Clostridium sensu stricto 1,MIG,-0.07099194527628548,0.13484876604070015,0.33151218436591057,False
Clostridium sensu stricto 1,RESISTIN,0.07965804615750575,0.09328271678198935,0.26792594853156515,False
Clostridium sensu stricto 1,IL21,0.025331193974530708,0.5940718704098356,0.7768086614272661,False
Clostridium sensu stricto 1,ICAM1,-0.037101544559754604,0.4349639913549037,0.6584574672568552,False
Clostridium sensu stricto 1,VCAM1,-0.0134608153490446,0.7770462341424711,0.8890577734652368,False
Clostridium sensu stricto 1,FGFB,-0.08582895516363033,0.0704804692135586,0.2245625292525083,False
Clostridium sensu stricto 1,IL22,-0.17189637502875932,0.00026936181549184454,0.005848829905547585,True
Clostridium sensu stricto 1,PDGFBB,-0.07118642186712364,0.1337807245008394,0.3297025955323187,False
Clostridium sensu stricto 1,VEGF,-0.022434676426199097,0.6369351230879509,0.8050676519311583,False
Clostridium sensu stricto 1,LEPTIN,0.08787649484437175,0.06400756151627393,0.2124533809519961,False
Clostridium sensu stricto 1,PAI1,-0.1333387077819259,0.004840471952259234,0.04088892245533121,True
Clostridium sensu stricto 1,CD40L,0.031410025978814864,0.5086798603323957,0.7201732102767135,False
Clostridium sensu stricto 1,ENA78,-0.03333413904686552,0.48305243546690535,0.7011087910531144,False
Clostridium sensu stricto 18,IL17F,-0.053271005956424616,0.26212240895952793,0.492284760434945,False
Clostridium sensu stricto 18,FASL,-0.1526073126745372,0.001241657311497911,0.016348681344020618,True
Clostridium sensu stricto 18,TGFA,-0.04341000999198084,0.36093218645864233,0.591724486962261,False
Clostridium sensu stricto 18,MIP1A,-0.09565124228155744,0.04372515912238764,0.16815164240505825,True
Clostridium sensu stricto 18,SDF1A,-0.14292030470864275,0.0025114790209390223,0.025762913827697066,True
Clostridium sensu stricto 18,IL27,-0.05985148252137814,0.20761626875097836,0.429253602631532,False
Clostridium sensu stricto 18,LIF,0.08047338132879465,0.08996848372013554,0.26163284195403286,False
Clostridium sensu stricto 18,IL1B,-0.009467875538088467,0.8421315135982468,0.9265107588246948,False
Clostridium sensu stricto 18,IL2,-0.019204119460688656,0.6862059706050607,0.8359637244469462,False
Clostridium sensu stricto 18,IL4,-0.0737478463013802,0.12031498512758103,0.308119995098012,False
Clostridium sensu stricto 18,IL5,0.01688419782102464,0.7224426981227802,0.8578463163206899,False
Clostridium sensu stricto 18,IP10,-0.16036747923073644,0.0006851798048334572,0.011030846044674634,True
Clostridium sensu stricto 18,IL6,-0.07743648139786581,0.10281011421640839,0.2812939511366511,False
Clostridium sensu stricto 18,IL7,0.0250234463100938,0.5985631342073219,0.780610580369861,False
Clostridium sensu stricto 18,IL8,-0.1114081789213293,0.018729547150503636,0.09900046960303745,True
Clostridium sensu stricto 18,IL10,-0.043802191751053425,0.356605851591299,0.5887793958164087,False
Clostridium sensu stricto 18,IFNB,0.057278046430267654,0.2278662884571215,0.45492773936265574,False
Clostridium sensu stricto 18,EOTAXIN,0.002192725108134313,0.9632101876359951,0.9825132917106845,False
Clostridium sensu stricto 18,IL12P70,-0.011105116214904946,0.8152869921176656,0.9109937406401867,False
Clostridium sensu stricto 18,IL13,-0.1315697113683426,0.0054400237974404474,0.044254700402491805,True
Clostridium sensu stricto 18,IL17A,-0.05703090567368704,0.2298823796659157,0.45698336332861406,False
Clostridium sensu stricto 18,IL31,-0.0008399884638689625,0.985902320365226,0.9931965974836293,False
Clostridium sensu stricto 18,IL1RA,0.0298759641856045,0.5296097340044015,0.7356478452607285,False
Clostridium sensu stricto 18,SCF,-0.05495580584913531,0.24731004207398408,0.4763545124590338,False
Clostridium sensu stricto 18,RANTES,-0.13027303403599302,0.0059210749466128395,0.046547015010932516,True
Clostridium sensu stricto 18,IFNG,-0.07205049205528742,0.12911405567470835,0.32214790200994053,False
Clostridium sensu stricto 18,GMCSF,-0.03720181881320937,0.43372285419771894,0.6571841218384743,False
Clostridium sensu stricto 18,TNFA,-0.116295558316506,0.014100547790104608,0.08283861747011396,True
Clostridium sensu stricto 18,HGF,-0.013351163027406606,0.7788151315558671,0.8903503479518629,False
Clostridium sensu stricto 18,MIP1B,-0.19596299729106692,3.1458281449851505e-05,0.0013252809339001543,True
Clostridium sensu stricto 18,IFNA,-0.07767460830331945,0.10175336495632858,0.28006748134831944,False
Clostridium sensu stricto 18,TGFB,-0.002101096672094096,0.9647465216831489,0.9828919227062173,False
Clostridium sensu stricto 18,MCP1,0.06597317640664291,0.16473994366692987,0.3750847976064851,False
Clostridium sensu stricto 18,IL9,-0.0768349745983614,0.10551821235543045,0.28537682781888435,False
Clostridium sensu stricto 18,VEGFD,0.08145256271306477,0.08611380255997307,0.25608140743173896,False
Clostridium sensu stricto 18,TNFB,-0.16276220640106395,0.0005672124664897341,0.009827030746319505,True
Clostridium sensu stricto 18,NGF,-0.016756597245633963,0.7244548094415049,0.8594074021028105,False
Clostridium sensu stricto 18,EGF,-0.01915757608997263,0.6869262763626927,0.8364193993866618,False
Clostridium sensu stricto 18,BDNF,-0.10402294825921204,0.02822461858294971,0.12947337831117647,True
Clostridium sensu stricto 18,TRAIL,-0.13441909694800352,0.004504285275402425,0.038882000214463315,True
Clostridium sensu stricto 18,GCSF,-0.049814658350459354,0.2943913453215324,0.5261257944488155,False
Clostridium sensu stricto 18,GROA,-0.08706206594318823,0.06652108541167454,0.21721260681957189,False
Clostridium sensu stricto 18,IL1A,-0.1336292007224071,0.0047479233089516145,0.04031440825120156,True
Clostridium sensu stricto 18,IL23,0.0075462859412452005,0.8738708879920475,0.942106213235521,False
Clostridium sensu stricto 18,IL12P40,-0.058392020517540444,0.21893474558841228,0.444086156792298,False
Clostridium sensu stricto 18,IL15,0.059068143339157456,0.21363751159179606,0.437420344885934,False
Clostridium sensu stricto 18,IL18,-0.011084748358169375,0.8156196925641733,0.9110910968042629,False
Clostridium sensu stricto 18,MCSF,-0.11174028505790078,0.0183775222972616,0.09830057800865775,True
Clostridium sensu stricto 18,MCP3,-0.1301630077107745,0.005963601449556342,0.04676943762110295,True
Clostridium sensu stricto 18,MIG,-0.045607997291780625,0.33710791799069595,0.5687506170721001,False
Clostridium sensu stricto 18,RESISTIN,-0.05476443011409492,0.24896254029729364,0.47838127539466124,False
Clostridium sensu stricto 18,IL21,-0.03856193062792138,0.41709081753612465,0.6434611061509643,False
Clostridium sensu stricto 18,ICAM1,-0.04235756606590745,0.37270347316239716,0.6035004662343809,False
Clostridium sensu stricto 18,VCAM1,-0.10118128364101803,0.032851201744152035,0.14203822227800472,True
Clostridium sensu stricto 18,FGFB,-0.11711415924057511,0.013432583832090134,0.07996280882653656,True
Clostridium sensu stricto 18,IL22,-0.04956256658436024,0.29684453415580614,0.5293584330151839,False
Clostridium sensu stricto 18,PDGFBB,-0.0663935340681316,0.1620599371544758,0.3710657775059939,False
Clostridium sensu stricto 18,VEGF,-0.05560568002243193,0.24175567565500589,0.46997146228978226,False
Clostridium sensu stricto 18,LEPTIN,-0.06638490971280946,0.1621145905450035,0.3710657775059939,False
Clostridium sensu stricto 18,PAI1,-0.10804357497607812,0.02264047711773361,0.1127790921812117,True
Clostridium sensu stricto 18,CD40L,0.043702513189503724,0.3577023521799302,0.5894269143748224,False
Clostridium sensu stricto 18,ENA78,-0.09683848223998001,0.041164882987270404,0.1628505998722551,True
Colidextribacter,IL17F,-0.06431619900152467,0.17562850247017828,0.3898212873220537,False
Colidextribacter,FASL,-0.07368975770753756,0.12060817836107973,0.3083471070135447,False
Colidextribacter,TGFA,-0.010873082561645937,0.8190791155928353,0.9134029322979831,False
Colidextribacter,MIP1A,-0.010882439564446527,0.8189261119293569,0.9133356274917526,False
Colidextribacter,SDF1A,-0.09951147491133362,0.03586066480816944,0.1504316739059295,True
Colidextribacter,IL27,0.020786633163206423,0.6618876760736908,0.8203372033631824,False
Colidextribacter,LIF,0.07907360150905209,0.09571794265671353,0.27137977529763646,False
Colidextribacter,IL1B,0.01727977336298419,0.7162171395568913,0.8546739308575013,False
Colidextribacter,IL2,-0.0035531056109072592,0.9404197778719323,0.9718990354872593,False
Colidextribacter,IL4,-0.06111853264384443,0.19813825859291054,0.4192416727213806,False
Colidextribacter,IL5,-0.06046001561454564,0.20302408543407957,0.42474775768445594,False
Colidextribacter,IP10,-0.03903086330400333,0.4114445547859713,0.6387433733984418,False
Colidextribacter,IL6,-0.006012732168779418,0.8993495120231016,0.953039572123801,False
Colidextribacter,IL7,0.03258039595709507,0.4930075541081802,0.707924891693993,False
Colidextribacter,IL8,-0.049310820123695406,0.2993079225994341,0.531635585763103,False
Colidextribacter,IL10,-0.031993146456349944,0.5008389699635751,0.713294344413281,False
Colidextribacter,IFNB,0.03773364066834004,0.42717446995434694,0.6517699930057193,False
Colidextribacter,EOTAXIN,0.0012356037305090478,0.97926388862324,0.9897258443760318,False
Colidextribacter,IL12P70,0.017578924520937785,0.7115215328304203,0.8518556316058153,False
Colidextribacter,IL13,-0.051243454832932175,0.2807436729455732,0.5118496630104421,False
Colidextribacter,IL17A,-0.01351744885748166,0.7761330798359175,0.8883222920030738,False
Colidextribacter,IL31,-0.0013724033308429749,0.9769686984235864,0.9887865676858386,False
Colidextribacter,IL1RA,0.034780255739301096,0.4642612597815702,0.6854406917667693,False
Colidextribacter,SCF,-0.07070199466180531,0.13645331932064966,0.33363294256718645,False
Colidextribacter,RANTES,-0.06598595457669305,0.16465798880202764,0.3750729655775248,False
Colidextribacter,IFNG,-0.02771501171420646,0.5598149199814896,0.7566020676141383,False
Colidextribacter,GMCSF,0.04382809021634408,0.35632130485073465,0.5885901185080193,False
Colidextribacter,TNFA,-0.0818992605981844,0.08440004237857175,0.2528922850358542,False
Colidextribacter,HGF,0.01674218208676317,0.724682239179337,0.8594618086756723,False
Colidextribacter,MIP1B,-0.09466265965702018,0.045958085405695806,0.17351773494038653,True
Colidextribacter,IFNA,-0.016692960243799723,0.7254590006494435,0.8597709579709322,False
Colidextribacter,TGFB,0.015521410787496071,0.7440284882847433,0.8703729485595111,False
Colidextribacter,MCP1,-0.007945925762313004,0.8672514936010682,0.9384334856582923,False
Colidextribacter,IL9,-0.016921623689043833,0.7218528980627978,0.8574558222801616,False
Colidextribacter,VEGFD,0.1251588125547744,0.008212578460133086,0.05693361354429814,True
Colidextribacter,TNFB,-0.08613684591013562,0.06947425245158259,0.22294179058193397,False
Colidextribacter,NGF,0.0089285993954391,0.851015405860679,0.9303658544801832,False
Colidextribacter,EGF,-0.04689729525022994,0.3236131413133626,0.5551998515605863,False
Colidextribacter,BDNF,-0.11208999985939794,0.018013085209787897,0.09719375697760761,True
Colidextribacter,TRAIL,-0.05227809157183435,0.27113244816796245,0.5022329494266063,False
Colidextribacter,GCSF,-0.05584632204875728,0.2397213151866821,0.4686045459270895,False
Colidextribacter,GROA,-0.05894973276890804,0.214558506395487,0.43846227383259595,False
Colidextribacter,IL1A,-0.0815378613118966,0.08578440718570855,0.2555644261217029,False
Colidextribacter,IL23,-0.05881398095449429,0.2156178870723971,0.4398926181207969,False
Colidextribacter,IL12P40,-0.015861966081445376,0.7386146987150015,0.8686785611945221,False
Colidextribacter,IL15,-0.03541578817404451,0.4561330669918907,0.6771373817078129,False
Colidextribacter,IL18,0.015925095510387156,0.7376125417798398,0.8680971598624441,False
Colidextribacter,MCSF,-0.07647106986364854,0.10718377002546393,0.28829948292251667,False
Colidextribacter,MCP3,-0.07819204053463367,0.0994868399595676,0.2768557785811521,False
Colidextribacter,MIG,0.01870791798524863,0.6938996990302133,0.8405867586947157,False
Colidextribacter,RESISTIN,0.04200090864044267,0.3767457610806886,0.6069553379201549,False
Colidextribacter,IL21,-0.012821521063822823,0.7873751814028626,0.8950581801509938,False
Colidextribacter,ICAM1,-0.02423990455630554,0.6100668230889922,0.7874870684838661,False
Colidextribacter,VCAM1,-0.04738629695997029,0.31858793479171055,0.5500433714628581,False
Colidextribacter,FGFB,-0.03662861474550287,0.4408451184371003,0.663691383254877,False
Colidextribacter,IL22,-0.0546033688394923,0.25035922813674033,0.47969704003342784,False
Colidextribacter,PDGFBB,-0.018921530114056832,0.6905836778023868,0.8388090063794886,False
Colidextribacter,VEGF,-0.08729671249090222,0.06578873668028283,0.2161121510483734,False
Colidextribacter,LEPTIN,0.020880559079989185,0.6604551292935219,0.8197070609520748,False
Colidextribacter,PAI1,-0.05032975918884366,0.28942094917639255,0.5205458341508626,False
Colidextribacter,CD40L,0.03142493735265591,0.508478559663662,0.7200636443125711,False
Colidextribacter,ENA78,-0.015915611153572755,0.7377630742022008,0.8680971598624441,False
Comamonas,IL17F,-0.0018633120422653963,0.9687340511351041,0.9849730087573462,False
Comamonas,FASL,0.19989818538801035,2.1573923263968e-05,0.0010633786776809828,True
Comamonas,TGFA,0.06239351009438059,0.1889233179515627,0.4066388795560055,False
Comamonas,MIP1A,0.035884535850966556,0.4501894518161369,0.6722551851476181,False
Comamonas,SDF1A,0.16514277129310723,0.0004688694736490529,0.008622788578087704,True
Comamonas,IL27,0.13655436588567238,0.0039011519098087477,0.035275818042196636,True
Comamonas,LIF,-0.08826817624971649,0.06282686877565298,0.20966393784373294,False
Comamonas,IL1B,0.12706987010626355,0.007277103915518241,0.053152765931326465,True
Comamonas,IL2,-0.037112158487066914,0.43483252164203323,0.6584574672568552,False
Comamonas,IL4,0.15697683583799202,0.0008913838999415862,0.01316965926848322,True
Comamonas,IL5,-0.1686234801910843,0.00035328342006992267,0.006951433044010574,True
Comamonas,IP10,0.31707656187275984,7.520378232369538e-12,1.8533972153674726e-08,True
Comamonas,IL6,0.17209108652965602,0.00026500937589502146,0.005805472061273603,True
Comamonas,IL7,0.020989469008371633,0.6587955997421708,0.8188136141828095,False
Comamonas,IL8,0.25300245382370057,6.290109628782204e-08,1.5899461723214094e-05,True
Comamonas,IL10,0.07888486650745163,0.09651509793948435,0.27246444315218693,False
Comamonas,IFNB,0.014217208225644009,0.7648760213669012,0.882480692993622,False
Comamonas,EOTAXIN,-0.07501463479253642,0.11405837650533127,0.2985079535577008,False
Comamonas,IL12P70,0.015593232019740498,0.742885690044156,0.8700283230664473,False
Comamonas,IL13,0.09274114382157224,0.05057253160974974,0.18444099763555788,True
Comamonas,IL17A,0.11346630742242918,0.016639410309198913,0.09256845757792488,True
Comamonas,IL31,0.10788765254697118,0.022837716370162086,0.11330357724059277,True
Comamonas,IL1RA,0.048518345768692336,0.3071509600377048,0.5389630053491801,False
Comamonas,SCF,0.08426948179831942,0.07576150322878504,0.23515645429136112,False
Comamonas,RANTES,0.21427982463409534,5.100670375188126e-06,0.00039906673459209956,True
Comamonas,IFNG,0.14993971201995185,0.0015137451564207762,0.01858343680198756,True
Comamonas,GMCSF,0.08206405321886068,0.08377480169765208,0.2517074047959324,False
Comamonas,TNFA,0.042844130135215513,0.3672322207345665,0.5973886521454383,False
Comamonas,HGF,0.01301344332107549,0.7842703243534286,0.8930734500954255,False
Comamonas,MIP1B,0.166449617470272,0.0004218709107943458,0.007997698920405116,True
Comamonas,IFNA,0.09883384524726824,0.0371471362370318,0.15360590143651823,True
Comamonas,TGFB,0.027062667126639676,0.5690940870131098,0.7624018723071825,False
Comamonas,MCP1,-0.1670735407345034,0.00040101399244754497,0.007706034965980308,True
Comamonas,IL9,0.21620725788870135,4.172098743578126e-06,0.00034273791178494303,True
Comamonas,VEGFD,0.02425433975881722,0.6098540079475732,0.7874239197901421,False
Comamonas,TNFB,0.26421389744499235,1.5244485696849803e-08,6.444820599091606e-06,True
Comamonas,NGF,-0.06242066702488853,0.1887305252208594,0.40649017208372995,False
Comamonas,EGF,0.14499568982965924,0.0021672299948014722,0.02339969964605256,True
Comamonas,BDNF,0.19909580579566957,2.3312598813437583e-05,0.001121051702940818,True
Comamonas,TRAIL,0.1487669323601795,0.001649865898462739,0.01957205538753993,True
Comamonas,GCSF,-0.023762719110317593,0.6171202776004361,0.7931875706810267,False
Comamonas,GROA,0.2319503926664849,7.541971232759093e-07,9.65568213149859e-05,True
Comamonas,IL1A,0.143564611936326,0.002399613162843556,0.024997963514953363,True
Comamonas,IL23,-0.04262470215460214,0.369693412982685,0.5998087006555808,False
Comamonas,IL12P40,0.15484803428834204,0.0010487071284135713,0.01468487907940481,True
Comamonas,IL15,0.039206064284085865,0.4093466732972546,0.6372040841656434,False
Comamonas,IL18,0.16617808023188266,0.00043125963397963775,0.008097823755754798,True
Comamonas,MCSF,0.21400030333724737,5.250707367052391e-06,0.0004012517304217246,True
Comamonas,MCP3,0.16188149346359396,0.0006082132215001331,0.010337527478531575,True
Comamonas,MIG,0.10455995202549577,0.02741626240206617,0.12653067170391774,True
Comamonas,RESISTIN,0.097746697667342,0.0392928154013304,0.15881450357782498,True
Comamonas,IL21,0.15702031133151967,0.0008884110612612493,0.01316965926848322,True
Comamonas,ICAM1,0.1605570426834509,0.0006750718321655978,0.011030846044674634,True
Comamonas,VCAM1,0.11752298964153471,0.013109541937045189,0.0788188190253889,True
Comamonas,FGFB,0.08481129883308419,0.07389134173114607,0.23073197554185554,False
Comamonas,IL22,0.04755946848562414,0.3168206215685179,0.5481946168819818,False
Comamonas,PDGFBB,0.16085200266933414,0.0006596182595142805,0.01090366959438134,True
Comamonas,VEGF,0.10891391866682909,0.02156639184871681,0.10909614639954533,True
Comamonas,LEPTIN,0.07919888996708328,0.0951916722766523,0.2707040685074473,False
Comamonas,PAI1,-0.05126611160051626,0.2805307648835382,0.5115561006699815,False
Comamonas,CD40L,0.07306947668670023,0.12377380486693146,0.3135857538880006,False
Comamonas,ENA78,0.14668461932589863,0.0019195219882719287,0.02169551922998068,True
Conchiformibius,IL17F,0.03627235186332488,0.4453052685595099,0.6679579028392649,False
Conchiformibius,FASL,0.046554617903937015,0.3271651592793713,0.5584751757880593,False
Conchiformibius,TGFA,-0.033636233063555766,0.4790932618570811,0.6980344923717271,False
Conchiformibius,MIP1A,0.06718873352690437,0.15708001231425256,0.36460907967833805,False
Conchiformibius,SDF1A,0.09609492795850848,0.04275309068611793,0.16665083747874673,True
Conchiformibius,IL27,-0.012705091090444764,0.7892603945328434,0.8957551196528633,False
Conchiformibius,LIF,-0.14980748943304184,0.001528558869239544,0.018718674947780654,True
Conchiformibius,IL1B,0.025487621451128917,0.5917948746262673,0.7758963909757524,False
Conchiformibius,IL2,-0.008415364807865797,0.8594878524467171,0.9355008556276623,False
Conchiformibius,IL4,0.011660200636931586,0.806232890438785,0.9060662046886767,False
Conchiformibius,IL5,-0.030272767781106977,0.5241544303429685,0.7326122748222009,False
Conchiformibius,IP10,0.02355420480023165,0.6202135437963865,0.7953277749305634,False
Conchiformibius,IL6,0.015216353604715202,0.7488887039782666,0.8741771284471821,False
Conchiformibius,IL7,-0.06010099173788158,0.20572439246874166,0.4272237330854972,False
Conchiformibius,IL8,0.007087911640962596,0.8814739447988319,0.9457520840037968,False
Conchiformibius,IL10,-0.05019354916083702,0.2907297778807394,0.5217575369285142,False
Conchiformibius,IFNB,-0.12722652842252366,0.007204818659549443,0.05284605829303453,True
Conchiformibius,EOTAXIN,0.041782021513034284,0.37923988035860223,0.6087846833699887,False
Conchiformibius,IL12P70,0.0051306759026923865,0.9140527888557294,0.9592008082328912,False
Conchiformibius,IL13,0.03436132980293909,0.46966278099307857,0.6894915405852224,False
Conchiformibius,IL17A,0.01656979798295097,0.7274038353896863,0.8607355819420509,False
Conchiformibius,IL31,-0.08711904672573118,0.06634263193534042,0.21691730202938167,False
Conchiformibius,IL1RA,-0.06480955989351311,0.17233196361809366,0.38689330388229726,False
Conchiformibius,SCF,0.10607958062338922,0.025235759373579077,0.12042897759782303,True
Conchiformibius,RANTES,-0.0630148466201958,0.1845484420798406,0.40124022006123117,False
Conchiformibius,IFNG,0.013709922240077485,0.7730319652919354,0.8870594800032655,False
Conchiformibius,GMCSF,-0.029350480103384168,0.5368781613506262,0.7403196131758949,False
Conchiformibius,TNFA,0.024192049337776276,0.6107725774359685,0.788088490623531,False
Conchiformibius,HGF,0.04810429111379061,0.31130228315442543,0.5431536119179339,False
Conchiformibius,MIP1B,0.13451426071616548,0.0044757077404769564,0.0387520159315086,True
Conchiformibius,IFNA,0.019513397468439928,0.6814268210205356,0.832507820252874,False
Conchiformibius,TGFB,-0.030055732377528014,0.5271346993975619,0.7344867656058184,False
Conchiformibius,MCP1,0.025182388614738135,0.5962416155679966,0.778303740236932,False
Conchiformibius,IL9,0.01357918749543656,0.7751379620827625,0.8878468571768939,False
Conchiformibius,VEGFD,-0.15273826223850215,0.0012295383989852735,0.016247707154419335,True
Conchiformibius,TNFB,0.05339292480791518,0.261030455547728,0.4912635033962396,False
Conchiformibius,NGF,-0.057807250933696756,0.22359152055221887,0.4503811217008119,False
Conchiformibius,EGF,0.09157456594707668,0.053558289173758954,0.19095031272148855,False
Conchiformibius,BDNF,0.11157872367994169,0.018548046097285404,0.09846345634197066,True
Conchiformibius,TRAIL,0.0855376055077941,0.07144356894779283,0.22611026266235276,False
Conchiformibius,GCSF,0.015830895804542104,0.7391080908426351,0.8687838152642283,False
Conchiformibius,GROA,-0.052243149709466134,0.2714533282221384,0.5025327529791249,False
Conchiformibius,IL1A,0.05772096772881058,0.22428456446526526,0.4506759308776466,False
Conchiformibius,IL23,-0.015596020752377319,0.7428413279220478,0.8700283230664473,False
Conchiformibius,IL12P40,0.043714385882219785,0.3575716373816624,0.5894269143748224,False
Conchiformibius,IL15,-0.035091409282293054,0.46027173452132586,0.6810805702358497,False
Conchiformibius,IL18,-0.13109878957974583,0.005610505932108682,0.045039387197660735,True
Conchiformibius,MCSF,-0.0018772744828958307,0.968499885478793,0.9849009541553964,False
Conchiformibius,MCP3,0.07065425731357874,0.13671889445717195,0.3341038328108084,False
Conchiformibius,MIG,0.02702931167951477,0.569570506477284,0.7624504539566439,False
Conchiformibius,RESISTIN,-0.08720068102073572,0.06608765319888046,0.21651448495665127,False
Conchiformibius,IL21,0.01579585793555205,0.7396646162717275,0.8687838152642283,False
Conchiformibius,ICAM1,-0.05542612693570882,0.24328146398778033,0.4714504957718771,False
Conchiformibius,VCAM1,0.012478094667125083,0.792939408039941,0.8982928413123994,False
Conchiformibius,FGFB,0.023132854945898382,0.6264846153320985,0.7991570054275139,False
Conchiformibius,IL22,0.041877816463154506,0.37814709722205053,0.6078619323583748,False
Conchiformibius,PDGFBB,0.052551408287021775,0.2686314477367348,0.49982979865681787,False
Conchiformibius,VEGF,0.08112925827887005,0.08737155392283155,0.25792571534934855,False
Conchiformibius,LEPTIN,0.02935805190406021,0.5367730753235544,0.7402782563709569,False
Conchiformibius,PAI1,0.12604908986845292,0.007764201980577535,0.055125542302071714,True
Conchiformibius,CD40L,-0.04576144028347349,0.33548322648449225,0.5671743520295188,False
Conchiformibius,ENA78,0.022355009864318,0.6381322313796967,0.8054683145891228,False
Coprococcus,IL17F,-0.13064196431217093,0.005780459622896786,0.04591762366036786,True
Coprococcus,FASL,-0.09608040152219177,0.04278462580394814,0.16670784236178687,True
Coprococcus,TGFA,-0.07117345208799664,0.13385174934846902,0.32971277987936226,False
Coprococcus,MIP1A,0.0171097112875293,0.7188912973643573,0.8561041808912582,False
Coprococcus,SDF1A,-0.12331693205154429,0.00921420063522594,0.06237092121459093,True
Coprococcus,IL27,-0.09537724423681726,0.044334700739431715,0.16966284157194014,True
Coprococcus,LIF,-0.10791752248675088,0.022799816602666324,0.11326805593476026,True
Coprococcus,IL1B,-0.14362392757832634,0.0023895466328349843,0.024953549477211096,True
Coprococcus,IL2,-0.1397257096278313,0.003139594589932977,0.03025427513935414,True
Coprococcus,IL4,-0.11788058462413954,0.01283261822240603,0.07799257116922234,True
Coprococcus,IL5,-0.1431083042120697,0.00247835668491724,0.02552940459761144,True
Coprococcus,IP10,-0.0790035271219668,0.09601329874211281,0.2718130983311983,False
Coprococcus,IL6,-0.09788042443317509,0.03902334999896264,0.15832300142048686,True
Coprococcus,IL7,-0.029253791139381813,0.5382209749537106,0.7414452726514363,False
Coprococcus,IL8,-0.08854054337965425,0.06201646409444345,0.20829925146269967,False
Coprococcus,IL10,0.024315796297188677,0.608948335287866,0.7870739070758861,False
Coprococcus,IFNB,0.011851736151511817,0.803114644293466,0.903756070412011,False
Coprococcus,EOTAXIN,-0.15117159194065508,0.0013819304954769541,0.017494375877103285,True
Coprococcus,IL12P70,-0.09829889415632798,0.03819020027934163,0.15576292691508056,True
Coprococcus,IL13,-0.09650848617507245,0.04186348807468915,0.16441843244632895,True
Coprococcus,IL17A,-0.09667317844544446,0.04151359268863893,0.16349027380501263,True
Coprococcus,IL31,-0.15568085803818346,0.000984336645515092,0.013962000937392485,True
Coprococcus,IL1RA,-0.10302049102283238,0.02978847943282256,0.1336617342962061,True
Coprococcus,SCF,-0.11849099001256128,0.012371820692469369,0.07584748692527388,True
Coprococcus,RANTES,-0.1254909092716556,0.008042690614106493,0.05631025857518595,True
Coprococcus,IFNG,-0.14604840696204122,0.0020096190202873515,0.02235984684197823,True
Coprococcus,GMCSF,-0.14928267653870417,0.0015886786406204133,0.019099017121019555,True
Coprococcus,TNFA,-0.2371120016825764,4.189175509702471e-07,6.353368026868763e-05,True
Coprococcus,HGF,-0.13840652335635317,0.0034382649892058127,0.03240383964014427,True
Coprococcus,MIP1B,-0.13633787568917394,0.0039587861804953155,0.035542544778982534,True
Coprococcus,IFNA,-0.11405840510513283,0.016077230455706776,0.0909812501907907,True
Coprococcus,TGFB,-0.18096135966009458,0.00012384742201840631,0.003656724941685457,True
Coprococcus,MCP1,-0.08901275242784416,0.06063188460676467,0.20523642948941442,False
Coprococcus,IL9,-0.10666769346212485,0.024432951371247808,0.11841692950725709,True
Coprococcus,VEGFD,-0.009212532467702237,0.8463355438684691,0.928536878338938,False
Coprococcus,TNFB,-0.16577051359683334,0.00044571722211826805,0.008306012052253094,True
Coprococcus,NGF,-0.092780832825509,0.050473446517948925,0.1843355842308227,True
Coprococcus,EGF,-0.10168652075376418,0.03198420629648634,0.14025814309197612,True
Coprococcus,BDNF,-0.1508217748364634,0.0014182466476548045,0.0177199942364779,True
Coprococcus,TRAIL,-0.11169268616052488,0.018427619005883498,0.09830057800865775,True
Coprococcus,GCSF,-0.10472748026596988,0.027168189396130225,0.12578337450832,True
Coprococcus,GROA,-0.11129630999055518,0.01884944210497864,0.0995274773812959,True
Coprococcus,IL1A,-0.04918913361426685,0.3005035085050808,0.5324328857728117,False
Coprococcus,IL23,-0.1638172509227089,0.0005214764450215314,0.009279268583072667,True
Coprococcus,IL12P40,-0.10569467058343118,0.02577341664736346,0.12198768304000696,True
Coprococcus,IL15,-0.2014126006513861,1.8622145696693685e-05,0.0009561307931146163,True
Coprococcus,IL18,-0.11950739429786603,0.011636886836409463,0.07310818825451035,True
Coprococcus,MCSF,-0.10522010789776497,0.026449869947998854,0.1237914719201581,True
Coprococcus,MCP3,-0.12720907967313333,0.007212837951089322,0.052865543882407835,True
Coprococcus,MIG,-0.05597634189699578,0.23862716113006338,0.46757832526737525,False
Coprococcus,RESISTIN,-0.07803393222236918,0.10017510748019368,0.27778515036279866,False
Coprococcus,IL21,-0.02208422828073331,0.6422081458584967,0.808110250159708,False
Coprococcus,ICAM1,-0.04178453348570974,0.37921120027538047,0.6087846833699887,False
Coprococcus,VCAM1,-0.11283537181658973,0.01725732695927953,0.09440772983605861,True
Coprococcus,FGFB,-0.14185820124319187,0.0027063024929539865,0.026973649505320003,True
Coprococcus,IL22,-0.046023389995278226,0.33272127203885615,0.5642467400239194,False
Coprococcus,PDGFBB,-0.1484646564187571,0.001686724539413442,0.01979491727325918,True
Coprococcus,VEGF,-0.10611881861319547,0.02518149756508267,0.12038653664042168,True
Coprococcus,LEPTIN,-0.17989767186072464,0.0001359381943981551,0.003855923171556379,True
Coprococcus,PAI1,-0.11961983765261626,0.011558002416630749,0.07293642830258401,True
Coprococcus,CD40L,0.13039335965883658,0.005874879629550907,0.04629461501847549,True
Coprococcus,ENA78,-0.07998522480259063,0.09194123510628233,0.26547005293111264,False
Corynebacterium,IL17F,0.022769637750422265,0.631912187542564,0.8017233390984035,False
Corynebacterium,FASL,0.1975516072412386,2.7039303862620812e-05,0.0012116066248987088,True
Corynebacterium,TGFA,0.05623188329555397,0.23648695398851985,0.46458517186505155,False
Corynebacterium,MIP1A,0.03268558463736167,0.49161172123444696,0.7071809131152436,False
Corynebacterium,SDF1A,0.16987165683991282,0.00031875346164283145,0.006505738353778535,True
Corynebacterium,IL27,0.15605567366588513,0.0009565734061680532,0.013826833780065497,True
Corynebacterium,LIF,0.15219619823916158,0.0012804223947613575,0.01652147116172443,True
Corynebacterium,IL1B,0.11724131554075809,0.01333136671132196,0.07955242920109679,True
Corynebacterium,IL2,0.06922935166913899,0.14483034744951243,0.34621369021610787,False
Corynebacterium,IL4,0.19408406649694462,3.756752744645724e-05,0.0015008951854525595,True
Corynebacterium,IL5,0.021454204069115277,0.6517330222546728,0.8151210521931698,False
Corynebacterium,IP10,0.16478656084995574,0.0004824995201452529,0.008754572361865373,True
Corynebacterium,IL6,0.19892150629101635,2.3707468192112997e-05,0.0011288698037274748,True
Corynebacterium,IL7,0.10071325533947163,0.033672160391062925,0.14449601625349315,True
Corynebacterium,IL8,0.20594591887944177,1.1909043036418243e-05,0.0007072249774277773,True
Corynebacterium,IL10,0.22820369275676172,1.1459600088432458e-06,0.0001361069128575508,True
Corynebacterium,IFNB,0.0934397896775946,0.04885188632061802,0.18050295927610663,True
Corynebacterium,EOTAXIN,0.053637948089046185,0.25884542224795576,0.48892473127425706,False
Corynebacterium,IL12P70,0.06200790056125399,0.19167647429354348,0.4103985100882177,False
Corynebacterium,IL13,0.10780853863042475,0.022938361870062093,0.11339782964653206,True
Corynebacterium,IL17A,0.10635655160962097,0.024854886629743805,0.1195241187148431,True
Corynebacterium,IL31,0.19551112814270408,3.2835105803143285e-05,0.0013543450753447134,True
Corynebacterium,IL1RA,0.09896923815773033,0.03688700936344726,0.15310826875994232,True
Corynebacterium,SCF,0.03837028784207896,0.4194113676031773,0.6454992605526713,False
Corynebacterium,RANTES,0.21728198092747417,3.7268885391267893e-06,0.00031135311202298214,True
Corynebacterium,IFNG,0.17292442198467153,0.00024711353484724655,0.0056001039690210495,True
Corynebacterium,GMCSF,0.05321593786585236,0.26261665018243563,0.49293125237975066,False
Corynebacterium,TNFA,0.06105663032088031,0.1985938560318752,0.4194749973965988,False
Corynebacterium,HGF,0.025450516215922578,0.5923346258522155,0.7760276919785165,False
Corynebacterium,MIP1B,-0.012927491678314727,0.7856604027354568,0.8939335468797476,False
Corynebacterium,IFNA,0.09533456392322279,0.044430288535044854,0.16982032228552074,True
Corynebacterium,TGFB,0.06591600134846291,0.16510702011005415,0.37554799359596536,False
Corynebacterium,MCP1,-0.0688774224860405,0.1468892353421331,0.34900797348824975,False
Corynebacterium,IL9,0.18645638237690507,7.589918816898965e-05,0.0025536320715696245,True
Corynebacterium,VEGFD,0.044245920595571454,0.3517503254402812,0.5838992682108309,False
Corynebacterium,TNFB,0.15841016323796603,0.0007980649468752551,0.012331229226169693,True
Corynebacterium,NGF,0.07897401658352954,0.09613789985900377,0.2718130983311983,False
Corynebacterium,EGF,0.06062590530004136,0.20178511514876532,0.42305352299798565,False
Corynebacterium,BDNF,0.06883184082881111,0.14715752493279688,0.349252061848457,False
Corynebacterium,TRAIL,0.09629301795626027,0.04232501244622353,0.16563714676255326,True
Corynebacterium,GCSF,0.04928029591094655,0.29960752937136653,0.5317578101620725,False
Corynebacterium,GROA,0.2655398220091916,1.2834916229044697e-08,6.025076389805839e-06,True
Corynebacterium,IL1A,0.12551801758874725,0.00802896246531779,0.05625409522608584,True
Corynebacterium,IL23,0.10004231721463594,0.03487950048315201,0.14763508620133642,True
Corynebacterium,IL12P40,0.07764261528765634,0.10189483897598023,0.28006748134831944,False
Corynebacterium,IL15,0.12881518841356526,0.006507263465034098,0.04924862897266859,True
Corynebacterium,IL18,0.25385523345503636,5.660464495386586e-08,1.4684436577768676e-05,True
Corynebacterium,MCSF,0.2035434398480851,1.5111506840452376e-05,0.0008270630824344806,True
Corynebacterium,MCP3,0.08715915914895701,0.06621724297596815,0.2167272685325857,False
Corynebacterium,MIG,0.09673145250826984,0.04139037964831851,0.16314528691448374,True
Corynebacterium,RESISTIN,0.10498068756063217,0.026796909335056754,0.12478220700282923,True
Corynebacterium,IL21,0.12924410527615832,0.0063296188777654,0.048370064261249075,True
Corynebacterium,ICAM1,0.08050917104056333,0.08982519574836341,0.2614398522844306,False
Corynebacterium,VCAM1,-0.03919831971308944,0.4094392737110826,0.6372040841656434,False
Corynebacterium,FGFB,0.08828539751858235,0.06277537125049644,0.2095630239713491,False
Corynebacterium,IL22,0.056833270016745346,0.2315036990722564,0.45835779583336084,False
Corynebacterium,PDGFBB,0.29376523885156186,2.623745211576188e-10,3.6949828993882946e-07,True
Corynebacterium,VEGF,0.08699324215061709,0.0667371542159554,0.21762979366883503,False
Corynebacterium,LEPTIN,-0.005729509715597746,0.9040671315324207,0.9552297730596574,False
Corynebacterium,PAI1,-0.1813483529198865,0.00011970487362528732,0.003608717566354992,True
Corynebacterium,CD40L,0.07314771033301695,0.12337101086466412,0.3130965778045772,False
Corynebacterium,ENA78,0.1132305083995701,0.016868040166674262,0.09305268044939836,True
Cupriavidus,IL17F,0.03842143167002014,0.4187913419967403,0.6452711862150462,False
Cupriavidus,FASL,0.09087214603007794,0.05542582036703665,0.19434131425407894,False
Cupriavidus,TGFA,-0.029224711727143263,0.5386251572854677,0.7416911301187512,False
Cupriavidus,MIP1A,0.027147440351018393,0.5678841162133907,0.7622823553419943,False
Cupriavidus,SDF1A,0.08080455602243827,0.08864956964172614,0.2600141200619269,False
Cupriavidus,IL27,-0.032203062485439145,0.4980320567392905,0.7120934872236022,False
Cupriavidus,LIF,-0.15425535483555497,0.0010968566456012714,0.014989518873843649,True
Cupriavidus,IL1B,-0.005211835778092066,0.9126986061339982,0.9589308690447874,False
Cupriavidus,IL2,-0.019645202153279293,0.6793939478155118,0.8306418873329177,False
Cupriavidus,IL4,0.01912631325797359,0.687410259466561,0.8366037454100441,False
Cupriavidus,IL5,-0.019972584593587816,0.674354674710718,0.827308955828116,False
Cupriavidus,IP10,0.015058390678637408,0.7514093184262605,0.8753714324091321,False
Cupriavidus,IL6,0.006231504488421213,0.8957078505025642,0.952040592432602,False
Cupriavidus,IL7,-0.058726691399327756,0.21630105813226383,0.44083023176924885,False
Cupriavidus,IL8,0.003292163305271787,0.9447881435852732,0.9742386526635589,False
Cupriavidus,IL10,-0.08345736839152307,0.07863654642750387,0.24157029438527053,False
Cupriavidus,IFNB,-0.07023186746684046,0.139086104671898,0.3377562059908712,False
Cupriavidus,EOTAXIN,0.042063091232521874,0.376039062084193,0.6062130946894481,False
Cupriavidus,IL12P70,-0.029593239102556977,0.5335141470455738,0.7383968489821486,False
Cupriavidus,IL13,-0.0002654141678675522,0.9955452976520429,0.9971706785327183,False
Cupriavidus,IL17A,0.01352228315643788,0.7760551462380352,0.8883222920030738,False
Cupriavidus,IL31,-0.03892150826609689,0.4127572046976038,0.6392710956651969,False
Cupriavidus,IL1RA,-0.08624889791109953,0.06911098608027391,0.2225003594968453,False
Cupriavidus,SCF,0.051465171430427614,0.2786648770121576,0.5093785198564528,False
Cupriavidus,RANTES,-0.023106771485670887,0.6268737152435842,0.7993228134698148,False
Cupriavidus,IFNG,-0.011897860971377983,0.8023641851006467,0.9034129538830539,False
Cupriavidus,GMCSF,-0.03207964572070124,0.49968132512697294,0.7124141852257826,False
Cupriavidus,TNFA,0.04153709955534838,0.3820426242023164,0.6118889016062445,False
Cupriavidus,HGF,0.040143229923539255,0.39823305294878575,0.627664450089618,False
Cupriavidus,MIP1B,0.15600184179472001,0.0009605158699645639,0.013837674852469157,True
Cupriavidus,IFNA,-0.021593778873979286,0.6496179331736822,0.8140248614752967,False
Cupriavidus,TGFB,-0.044010614837366145,0.35431995152351703,0.5864483012288165,False
Cupriavidus,MCP1,0.030060383588719528,0.5270707400328649,0.7344867656058184,False
Cupriavidus,IL9,0.01692713892324461,0.7217659965516567,0.8574558222801616,False
Cupriavidus,VEGFD,-0.1367317747504765,0.0038544893472945273,0.03498854142323154,True
Cupriavidus,TNFB,0.046842356656265405,0.3241809146797131,0.5556903941771191,False
Cupriavidus,NGF,-0.06145066148086789,0.19570681583763883,0.41579262726884564,False
Cupriavidus,EGF,0.07424407585205836,0.11783295858917239,0.30456143308129563,False
Cupriavidus,BDNF,0.055152394379748025,0.24562051813062852,0.4741192613533847,False
Cupriavidus,TRAIL,0.06713305092468072,0.15742491526280028,0.36491130015514595,False
Cupriavidus,GCSF,-0.016634005510716105,0.7263897257429819,0.8601501401050229,False
Cupriavidus,GROA,-0.04110436752039275,0.3870254023908808,0.6174617926475647,False
Cupriavidus,IL1A,0.05459488682328461,0.2504329331549166,0.47974501652568363,False
Cupriavidus,IL23,-0.0029406888343989795,0.9506746766351906,0.9772043232737821,False
Cupriavidus,IL12P40,-4.487032442199553e-05,0.9992468942162376,0.9993482685587572,False
Cupriavidus,IL15,-0.020706458281899855,0.663111470519563,0.8212252357263633,False
Cupriavidus,IL18,-0.10613071715337524,0.025165063098602582,0.12038653664042168,True
Cupriavidus,MCSF,0.02860291961112507,0.547303739840827,0.7468605021249825,False
Cupriavidus,MCP3,0.05753149856387251,0.22581178498978896,0.4524947721731023,False
Cupriavidus,MIG,0.006803287799627573,0.886200532097391,0.9472946058200404,False
Cupriavidus,RESISTIN,-0.08074228672695677,0.08889636662031108,0.26009246382669876,False
Cupriavidus,IL21,-0.0022548391787236485,0.9621687980402887,0.9821285783421978,False
Cupriavidus,ICAM1,-0.06431133208695652,0.17566125409270553,0.3898212873220537,False
Cupriavidus,VCAM1,0.04221409359541323,0.37432633302125917,0.6051293721032331,False
Cupriavidus,FGFB,0.01374469272777769,0.7724721295390227,0.8868431677455133,False
Cupriavidus,IL22,0.0291026955965254,0.5403227431948495,0.7423513031790117,False
Cupriavidus,PDGFBB,-0.0025909728295124964,0.9565344228742086,0.9796900094227479,False
Cupriavidus,VEGF,0.05039139639457109,0.2888299851665107,0.519945645486078,False
Cupriavidus,LEPTIN,0.029589961279105677,0.5335594984245531,0.7383968489821486,False
Cupriavidus,PAI1,0.03756998301465475,0.4291834656073983,0.6535857988771498,False
Cupriavidus,CD40L,-0.028326844105434817,0.5511790084677313,0.7504555410741615,False
Cupriavidus,ENA78,0.03311421329733915,0.48594583174821426,0.7031068761196295,False
Cutibacterium,IL17F,0.0278393090480527,0.558055202477421,0.7550965556498755,False
Cutibacterium,FASL,-0.00912382647862858,0.8477970480520637,0.9291700710275373,False
Cutibacterium,TGFA,0.06809512395681576,0.1515457295501285,0.35586893804315545,False
Cutibacterium,MIP1A,0.02997884785317976,0.5281925192953683,0.7348872622846002,False
Cutibacterium,SDF1A,-0.05406952119494923,0.2550275888365264,0.48529411488508567,False
Cutibacterium,IL27,0.06214882205743828,0.19066693944784713,0.40914120354307293,False
Cutibacterium,LIF,0.13642174594909334,0.003936367323430273,0.03547048361460295,True
Cutibacterium,IL1B,0.018291063700004693,0.70038756101279,0.8452461080883619,False
Cutibacterium,IL2,0.038379641401944144,0.41929793257725545,0.6454992605526713,False
Cutibacterium,IL4,-0.04459547225713902,0.3479548679848098,0.5799051713599754,False
Cutibacterium,IL5,0.0059632460324768035,0.9001735489288327,0.9534363777209738,False
Cutibacterium,IP10,0.042056036585903955,0.3761191964057229,0.606241121177783,False
Cutibacterium,IL6,-0.006525107427199743,0.8908240195985622,0.9495829568774465,False
Cutibacterium,IL7,0.03139361162787425,0.508901499030001,0.7203706616621919,False
Cutibacterium,IL8,-0.03678690008987675,0.4388717184275289,0.6620347972851691,False
Cutibacterium,IL10,0.016114230636494163,0.7346127557615741,0.8663423530234361,False
Cutibacterium,IFNB,0.06374818211560809,0.1794816663742806,0.3944995021444054,False
Cutibacterium,EOTAXIN,0.08058475847037595,0.08952317499734236,0.26097573608304914,False
Cutibacterium,IL12P70,0.015188916891937822,0.749326320632749,0.8741771284471821,False
Cutibacterium,IL13,0.005170741895295513,0.9133842415350564,0.9589308690447874,False
Cutibacterium,IL17A,-0.1296016993864974,0.0061848524029274096,0.047782347169324765,True
Cutibacterium,IL31,0.048574838725384754,0.3065874057349979,0.5386452763741951,False
Cutibacterium,IL1RA,0.09063672247461498,0.056063718586112574,0.19591543253003535,False
Cutibacterium,SCF,-0.03990602808539718,0.40102871011881014,0.6300630246794635,False
Cutibacterium,RANTES,0.013304212353738609,0.7795728837609615,0.8908113467156089,False
Cutibacterium,IFNG,0.030236699952521793,0.5246491066430932,0.7330958034426098,False
Cutibacterium,GMCSF,0.011258199686384751,0.812787503575339,0.9094732361232342,False
Cutibacterium,TNFA,-0.013057232769324913,0.7835623899102578,0.8928546104930237,False
Cutibacterium,HGF,0.03431021141507676,0.47032424970677367,0.689970025440974,False
Cutibacterium,MIP1B,-0.11894282351207357,0.012040199242997,0.07460231561122843,True
Cutibacterium,IFNA,0.0006097340932972754,0.9897664704083745,0.9952027017137144,False
Cutibacterium,TGFB,0.03450903870786835,0.46775432000673844,0.6881450058364751,False
Cutibacterium,MCP1,0.020583079794528357,0.6649964781946632,0.8226967144690822,False
Cutibacterium,IL9,-0.028098688377450894,0.554391743485497,0.752574195439277,False
Cutibacterium,VEGFD,0.002220507522702586,0.9627443865055874,0.9822742871219292,False
Cutibacterium,TNFB,-0.07816246915383387,0.09961528166233989,0.2768557785811521,False
Cutibacterium,NGF,0.07015231798158422,0.13953542473949085,0.3383858683433109,False
Cutibacterium,EGF,-0.09173491429313457,0.05313939240246205,0.19028264813057424,False
Cutibacterium,BDNF,-0.07379065463539235,0.1200992727965952,0.30775633772519767,False
Cutibacterium,TRAIL,-0.04339402638241555,0.36110920202525487,0.591724486962261,False
Cutibacterium,GCSF,-0.018738023571799857,0.6934319975670231,0.8405867586947157,False
Cutibacterium,GROA,0.002138205506925633,0.964124301788179,0.9827667632124774,False
Cutibacterium,IL1A,-0.031088885499621653,0.5130252774766109,0.7243514486961335,False
Cutibacterium,IL23,0.041406048127926996,0.38354748606136646,0.6134021929904203,False
Cutibacterium,IL12P40,0.0037477274610553542,0.937162820714144,0.9704360385084068,False
Cutibacterium,IL15,0.013574276129445895,0.7752171111747985,0.8878468571768939,False
Cutibacterium,IL18,0.06799969755073412,0.1521213216544955,0.3567956195265326,False
Cutibacterium,MCSF,-0.02149581756460275,0.6511021263276782,0.8145770069865701,False
Cutibacterium,MCP3,-0.10009705482736353,0.0347796397919241,0.1473525627755314,True
Cutibacterium,MIG,0.007763610975891583,0.870270124611998,0.940280895267983,False
Cutibacterium,RESISTIN,0.07139986971274095,0.13261601527284417,0.3278156164893926,False
Cutibacterium,IL21,-0.0009304377756147679,0.984384476849659,0.992606352103735,False
Cutibacterium,ICAM1,0.01717449999571186,0.7178721143462442,0.8556391501051981,False
Cutibacterium,VCAM1,-0.08573010655332787,0.07080603133341688,0.2251137612846399,False
Cutibacterium,FGFB,-0.01806506804463929,0.703914090971041,0.8471719092653549,False
Cutibacterium,IL22,-0.06997103069009354,0.14056355076389054,0.34013920655924995,False
Cutibacterium,PDGFBB,0.09028062449308868,0.05704016271118436,0.19769884221281392,False
Cutibacterium,VEGF,0.04195489369925374,0.37726924159272546,0.6073024467049457,False
Cutibacterium,LEPTIN,-0.026590391223834685,0.5758572570741088,0.7651706214094305,False
Cutibacterium,PAI1,-0.08925313639247574,0.05993691283907542,0.20346352850124155,False
Cutibacterium,CD40L,0.016295203804266717,0.7317461953910036,0.8646235160211571,False
Cutibacterium,ENA78,-0.1427792010158882,0.002536603677533116,0.02586868371253482,True
Denitratisoma,IL17F,0.09639347735947588,0.04210930137332656,0.16510102655247422,True
Denitratisoma,FASL,0.04233802199252084,0.37292428607176586,0.6036367841033433,False
Denitratisoma,TGFA,0.03974740551278706,0.4029047701000026,0.632155852880125,False
Denitratisoma,MIP1A,0.04868571972598704,0.30548328139645736,0.5375676879697031,False
Denitratisoma,SDF1A,0.09747848716934604,0.039838019491215786,0.159775674729426,True
Denitratisoma,IL27,0.003459354844963593,0.9419890357640968,0.9725730953668271,False
Denitratisoma,LIF,-0.12401662455697927,0.008821573516115608,0.060223733879409734,True
Denitratisoma,IL1B,0.005253507585677343,0.9120033944158616,0.9589098449532674,False
Denitratisoma,IL2,-0.01307083670358973,0.7833424943948222,0.8928546104930237,False
Denitratisoma,IL4,0.06339672786315137,0.1818969297920051,0.3979377093598633,False
Denitratisoma,IL5,0.004976021732124199,0.9166339364865149,0.9606822608849739,False
Denitratisoma,IP10,0.040554956906120446,0.39340831665122034,0.6231071956214219,False
Denitratisoma,IL6,0.004930718184519305,0.9173902108899903,0.961017838567769,False
Denitratisoma,IL7,-0.042440646825489474,0.3717657111274517,0.6025758599629101,False
Denitratisoma,IL8,0.03923319578659046,0.4090223648602451,0.6370899783207926,False
Denitratisoma,IL10,-0.02560955116725407,0.590022811474694,0.7750093105286521,False
Denitratisoma,IFNB,-0.047100885569945135,0.32151473270384195,0.5528544538831135,False
Denitratisoma,EOTAXIN,0.0472615192711456,0.3198653421292336,0.5514924607719136,False
Denitratisoma,IL12P70,0.02244296215477277,0.6368106718545288,0.8050371381305391,False
Denitratisoma,IL13,0.025423858362637684,0.5927225431495028,0.7760725459544532,False
Denitratisoma,IL17A,0.05466475464512999,0.24982626224839125,0.47923473306959347,False
Denitratisoma,IL31,-0.043802511270884095,0.35660234015398595,0.5887793958164087,False
Denitratisoma,IL1RA,-0.08425861048552331,0.07579941748307623,0.23520008106646692,False
Denitratisoma,SCF,0.09637238136516936,0.04215452260423794,0.16510102655247422,True
Denitratisoma,RANTES,-0.038839562961976735,0.4137424591941383,0.6399708505889908,False
Denitratisoma,IFNG,0.03680895418541364,0.43859716416868777,0.6618517320122337,False
Denitratisoma,GMCSF,0.018234110963900055,0.7012756722407103,0.8459588322257614,False
Denitratisoma,TNFA,0.0866121557662748,0.06794400260464147,0.220036786358921,False
Denitratisoma,HGF,0.04480995793810142,0.34563886331263494,0.5781485606678366,False
Denitratisoma,MIP1B,0.1828089750890917,0.00010521373309742353,0.003303175098326118,True
Denitratisoma,IFNA,0.052440332191336196,0.2696459449457391,0.5008795269914111,False
Denitratisoma,TGFB,-0.006910441452702764,0.8844206090612967,0.9468904997821029,False
Denitratisoma,MCP1,0.0702482478791223,0.1389937210505999,0.33765404192134396,False
Denitratisoma,IL9,0.05028048370781836,0.2898939750709277,0.5206154245076544,False
Denitratisoma,VEGFD,-0.05770350893259834,0.22442498294758773,0.4506759308776466,False
Denitratisoma,TNFB,0.08268201120112882,0.08146341605934157,0.24745792548315837,False
Denitratisoma,NGF,-0.02002919140976871,0.6734848140182645,0.8271907966842824,False
Denitratisoma,EGF,0.08975163334877187,0.05851668685220819,0.2007857636578727,False
Denitratisoma,BDNF,0.09758389152529312,0.03962300083660807,0.15943001724378872,True
Denitratisoma,TRAIL,0.09043978090473906,0.056602016550290776,0.19668053547859235,False
Denitratisoma,GCSF,0.029126089314245204,0.5399970645658305,0.7422819899408158,False
Denitratisoma,GROA,0.019104879481776763,0.6877421517416555,0.8368010530571761,False
Denitratisoma,IL1A,0.08716490226579496,0.06619930628213161,0.2167272685325857,False
Denitratisoma,IL23,0.01553800906220371,0.7437643314136109,0.8703627838589427,False
Denitratisoma,IL12P40,0.026061896399673934,0.583470044260739,0.7700960900150442,False
Denitratisoma,IL15,0.019939428849578226,0.6748643711141221,0.827308955828116,False
Denitratisoma,IL18,-0.07550387316637404,0.11171151717459324,0.29516272750124367,False
Denitratisoma,MCSF,0.03625609330368215,0.44550942359453594,0.667981224283864,False
Denitratisoma,MCP3,0.09600426132726965,0.04295023762840113,0.16694229477885159,True
Denitratisoma,MIG,0.048900767343122625,0.30334939394665783,0.5353416264815883,False
Denitratisoma,RESISTIN,-0.04249012419504612,0.3712079359404352,0.6017707338432512,False
Denitratisoma,IL21,0.0315279163690367,0.5070895000563439,0.7187710527266428,False
Denitratisoma,ICAM1,0.0061692921808429516,0.896743210747561,0.9521859728079984,False
Denitratisoma,VCAM1,0.03945113214930971,0.40642285956960345,0.6347459679399795,False
Denitratisoma,FGFB,0.0521133186821061,0.27264787019391007,0.5034206226580943,False
Denitratisoma,IL22,0.03265671549726059,0.4919945983549109,0.7074216380663232,False
Denitratisoma,PDGFBB,0.008041595827650207,0.8656682292477819,0.9377755388928168,False
Denitratisoma,VEGF,0.09334453524951707,0.04908355833884597,0.1810197224483141,True
Denitratisoma,LEPTIN,0.05665363555224777,0.23298435112852184,0.4605275416641644,False
Denitratisoma,PAI1,0.09549718801496236,0.04406699751459581,0.1688350025258008,True
Denitratisoma,CD40L,-0.027089540518953167,0.5687103894583334,0.7624018723071825,False
Denitratisoma,ENA78,0.06870616592138563,0.14789917028325386,0.3502542182221115,False
Dialister,IL17F,-0.07926463790407215,0.09491642559058926,0.27042726776852755,False
Dialister,FASL,-0.02620149271691237,0.5814546694054079,0.7689795058413871,False
Dialister,TGFA,-0.0012552306812280375,0.9789345814935356,0.9896766592516947,False
Dialister,MIP1A,-0.0428807351645146,0.3668226366260312,0.5968875142691462,False
Dialister,SDF1A,-0.12208800192376834,0.009941558948692617,0.06604035587345809,True
Dialister,IL27,0.02783301065485598,0.5581443063415834,0.7550965556498755,False
Dialister,LIF,0.08841518104740227,0.0623883916132818,0.20863940767530292,False
Dialister,IL1B,-0.06136486886400955,0.19633278687425904,0.4166375653619355,False
Dialister,IL2,-0.04881977867501028,0.3041518713147727,0.5360994654769962,False
Dialister,IL4,-0.0991081988221556,0.03662163725154655,0.1523975440814126,True
Dialister,IL5,-0.07984267598313484,0.0925237955445224,0.2662287146753946,False
Dialister,IP10,-0.07476236082540348,0.1152835510468864,0.301027193733119,False
Dialister,IL6,-0.012321586596544884,0.7954786745472491,0.9000147794888995,False
Dialister,IL7,-0.056453008719713794,0.23464593343021023,0.46256342882503715,False
Dialister,IL8,-0.06720347678048723,0.15698878695482038,0.3644831516252047,False
Dialister,IL10,-0.017636899978069467,0.7106127784872467,0.851698573899973,False
Dialister,IFNB,0.05790705051825686,0.2227918159244727,0.44942733738198043,False
Dialister,EOTAXIN,0.010735324482182732,0.8213324972383972,0.9144230062242118,False
Dialister,IL12P70,-0.10760910449652655,0.023193779454852258,0.11419607280112806,True
Dialister,IL13,-0.09453748978788362,0.046247519096804024,0.17434341998328645,True
Dialister,IL17A,-0.10328316307038445,0.029371689258620225,0.1326366305611965,True
Dialister,IL31,0.021852433348753163,0.6457057757141671,0.8112032199957351,False
Dialister,IL1RA,0.0006829484392244035,0.9885377502693853,0.9945973099163865,False
Dialister,SCF,-0.14244166085135035,0.002597637648387937,0.026264114808008495,True
Dialister,RANTES,-0.019429109599744445,0.6827280351911837,0.8335809971407839,False
Dialister,IFNG,-0.02456451853783679,0.6052890744955015,0.7842980673470891,False
Dialister,GMCSF,0.007213475741334956,0.8793900991886108,0.9445443013512013,False
Dialister,TNFA,-0.11023757098831583,0.02001766422252003,0.10331630047413742,True
Dialister,HGF,0.003679102139495059,0.938311134765955,0.9712540233918532,False
Dialister,MIP1B,-0.2381752956107572,3.7050371150446244e-07,6.190551844086425e-05,True
Dialister,IFNA,-0.12337954057918277,0.00917844575088708,0.06227193269941145,True
Dialister,TGFB,0.0016474863917943076,0.9723540167149141,0.9865650367204223,False
Dialister,MCP1,0.008077268442651497,0.8650780126625874,0.9375804014642513,False
Dialister,IL9,-0.07709282881957576,0.10435047546396195,0.2836974592177984,False
Dialister,VEGFD,0.09699209814078456,0.04084304900493138,0.16228797057279024,True
Dialister,TNFB,-0.15778224668915916,0.0008377748336176214,0.012686304623352554,True
Dialister,NGF,-0.06372962298292957,0.17960861122557756,0.3946025606110416,False
Dialister,EGF,-0.14211588800523534,0.002657809862149837,0.02663159286500104,True
Dialister,BDNF,-0.16987217448673395,0.0003187398181686686,0.006505738353778535,True
Dialister,TRAIL,-0.14088261217893247,0.002897280333479751,0.028362849580380718,True
Dialister,GCSF,-0.11216252625794752,0.01793830042163038,0.09694943287085103,True
Dialister,GROA,-0.05204255889255683,0.2733004197350811,0.5036820971674013,False
Dialister,IL1A,-0.10495146649100477,0.02683953235788272,0.1249216761019867,True
Dialister,IL23,0.029184169754133144,0.5391889137928021,0.7419492339711673,False
Dialister,IL12P40,-0.12940349635837106,0.006264720533651986,0.048172866630843435,True
Dialister,IL15,-0.051118409265364304,0.28192070644107864,0.513615657752015,False
Dialister,IL18,0.03731579535622461,0.43231459884319823,0.6558567736836332,False
Dialister,MCSF,-0.05900590108088121,0.21412127545464005,0.43789080840016475,False
Dialister,MCP3,-0.1450336246705226,0.0021613597325597523,0.023388237369455583,True
Dialister,MIG,-0.08773884030353783,0.06442682234559571,0.2133204374533357,False
Dialister,RESISTIN,0.11579803670342421,0.014520639433410174,0.08465077677975015,True
Dialister,IL21,-0.027695043828611782,0.5600978616052823,0.7567769626788478,False
Dialister,ICAM1,-0.06455597396678665,0.17402056593052456,0.38797341698434057,False
Dialister,VCAM1,-0.11360334150905632,0.01650779235959487,0.09209610474300298,True
Dialister,FGFB,-0.145807151745178,0.002044783905554088,0.02254751648876085,True
Dialister,IL22,-0.08328371093975814,0.0792626690633524,0.24272185236600208,False
Dialister,PDGFBB,-0.0017421812153768754,0.9707656604052681,0.9857651298182049,False
Dialister,VEGF,-0.06989050623987424,0.1410220832087275,0.34065074645225085,False
Dialister,LEPTIN,-0.022260576465021924,0.6395524519601847,0.806538067215492,False
Dialister,PAI1,-0.16046126658958296,0.000680161445358512,0.011030846044674634,True
Dialister,CD40L,0.005596531382944054,0.9062833188553509,0.9562951899156268,False
Dialister,ENA78,-0.0917963950561017,0.05297950413651333,0.18998615924981754,False
Dietzia,IL17F,0.09166649587799403,0.05331779499563064,0.1905062787484331,False
Dietzia,FASL,0.11765948322874825,0.013003225035505819,0.07854521593138258,True
Dietzia,TGFA,0.0791891570777557,0.09523247206165827,0.2707040685074473,False
Dietzia,MIP1A,-0.01763079539713975,0.710708447356686,0.8517096856360578,False
Dietzia,SDF1A,0.13715974154556693,0.0037439973041590766,0.034237778686827626,True
Dietzia,IL27,0.1413995462071455,0.0027946118164583786,0.027687721896127334,True
Dietzia,LIF,0.11971167859418015,0.011493922839137041,0.07263275086423908,True
Dietzia,IL1B,0.10036981694620745,0.03428564544182976,0.1459360504169075,True
Dietzia,IL2,0.12062093250250691,0.010876275184726681,0.06998584906725562,True
Dietzia,IL4,0.17093109646861407,0.0002919424864546388,0.006136394523389828,True
Dietzia,IL5,0.07873656806126243,0.0971451684707569,0.2733246283662584,False
Dietzia,IP10,0.05936182529550453,0.21136553743905548,0.43455533247267275,False
Dietzia,IL6,0.10780198403851737,0.022946717552327783,0.11339782964653206,True
Dietzia,IL7,0.052614241439327046,0.2680587286211337,0.4991926109271054,False
Dietzia,IL8,0.1699538878600236,0.0003165929388900692,0.006488509753801043,True
Dietzia,IL10,0.09783792256353616,0.03910882307625676,0.1583249123426254,True
Dietzia,IFNB,0.10315231274873783,0.029578684460972584,0.13338823029106484,True
Dietzia,EOTAXIN,0.09430093354593255,0.04679869209376166,0.17554851851609685,True
Dietzia,IL12P70,0.13956783902767783,0.003174051451512897,0.030467185208387676,True
Dietzia,IL13,0.14764994243861893,0.0017898595091015257,0.02058860564845139,True
Dietzia,IL17A,0.08492351696543184,0.07350874510854778,0.23004736802541714,False
Dietzia,IL31,0.1117655175775595,0.018351013884877004,0.09830057800865775,True
Dietzia,IL1RA,0.12114967396320493,0.010530786827775885,0.06856575123666296,True
Dietzia,SCF,0.08122687091324214,0.08699026423370664,0.25744521909813267,False
Dietzia,RANTES,0.17837038037685563,0.00015524857274040345,0.004243701574639257,True
Dietzia,IFNG,0.1748977868698573,0.00020914002401307473,0.005115886741242905,True
Dietzia,GMCSF,0.08095289974076585,0.08806384371873052,0.2592990953940399,False
Dietzia,TNFA,0.11148863266129345,0.01864373278904952,0.09875868771329939,True
Dietzia,HGF,0.07469331765422177,0.11562065229281457,0.30169094502450133,False
Dietzia,MIP1B,0.062075082919101285,0.19119470496358806,0.40973856555022853,False
Dietzia,IFNA,0.07336915705580782,0.12223639820563809,0.31144682003958657,False
Dietzia,TGFB,0.0981485455934758,0.03848778423483425,0.15665259165441622,True
Dietzia,MCP1,-0.022147072208927067,0.6412612301372709,0.8075566181263689,False
Dietzia,IL9,0.13087065190380115,0.005694810630782503,0.045457039026926244,True
Dietzia,VEGFD,0.06529859517799591,0.16911007108944273,0.3816591302197176,False
Dietzia,TNFB,0.1751173598688909,0.00020527044015831953,0.005058889997701785,True
Dietzia,NGF,0.13992844049561864,0.0030958450103570844,0.029949794025613482,True
Dietzia,EGF,0.05080427972799965,0.28489225523673617,0.5159779261664055,False
Dietzia,BDNF,0.15718593427415084,0.0008771695378064989,0.013062140942139677,True
Dietzia,TRAIL,0.060944477486505125,0.1994212377210992,0.42033238431785247,False
Dietzia,GCSF,0.07498504936119589,0.1142015278629768,0.29869956531526276,False
Dietzia,GROA,0.19826305103772404,2.525716413812171e-05,0.0011634818881944104,True
Dietzia,IL1A,0.06449611759168654,0.17442093407579995,0.38840471630326745,False
Dietzia,IL23,0.07336334008557031,0.12226609794615542,0.31144682003958657,False
Dietzia,IL12P40,0.172045079764729,0.00026603180858093844,0.0058109167243537065,True
Dietzia,IL15,0.15674241342771938,0.0009075725997175629,0.01331376590478532,True
Dietzia,IL18,0.19240994429257524,4.394132771830404e-05,0.0016622467654378945,True
Dietzia,MCSF,0.12795568512957484,0.006876753338952796,0.05111317237761206,True
Dietzia,MCP3,0.084933925250929,0.0734733410637527,0.23000958914146524,False
Dietzia,MIG,0.07165002266557872,0.13126099723639398,0.32544540008963074,False
Dietzia,RESISTIN,0.11958933809680343,0.01157935244442652,0.07298545805444796,True
Dietzia,IL21,0.039352581447565635,0.40759713507429973,0.6356735575957043,False
Dietzia,ICAM1,0.010708137811612891,0.8217773782414557,0.9147562550479077,False
Dietzia,VCAM1,-0.0034644087172969523,0.94190443516732,0.9725730953668271,False
Dietzia,FGFB,0.10126014124423133,0.03271457422101035,0.14177870219135397,True
Dietzia,IL22,0.15642521852809932,0.0009299098589309568,0.013520724763040372,True
Dietzia,PDGFBB,0.21046750163420658,7.549381273628657e-06,0.0005315842899673664,True
Dietzia,VEGF,0.08085145729426979,0.08846404559536761,0.2597936305685658,False
Dietzia,LEPTIN,0.03229920204042662,0.49674930775883197,0.7109396314210463,False
Dietzia,PAI1,0.036455102678069014,0.4430141673767216,0.6655339320328744,False
Dietzia,CD40L,0.04424082059401197,0.3518058943364244,0.5838992682108309,False
Dietzia,ENA78,0.04348946586299832,0.3600530324868684,0.5911730170312373,False
Dorea,IL17F,-0.0052405736299437535,0.9122191647364314,0.9589098449532674,False
Dorea,FASL,-0.014104662099860096,0.7666832871630833,0.8837247483716121,False
Dorea,TGFA,-0.010221601837046543,0.8297485505661382,0.9190630574697741,False
Dorea,MIP1A,0.01742809483601205,0.7138876712782752,0.8532432935437119,False
Dorea,SDF1A,0.0010149278344854633,0.9829666872315808,0.9917189236238791,False
Dorea,IL27,-0.045626838187713036,0.33690815497825843,0.5685108852748496,False
Dorea,LIF,0.00792436885792786,0.8676083169293646,0.9384334856582923,False
Dorea,IL1B,-0.007028508697005816,0.8824600743202842,0.9463981084257356,False
Dorea,IL2,-0.026815485436490507,0.5726291065152163,0.7639704604177835,False
Dorea,IL4,0.0675878199559814,0.15462472397759713,0.36031847358539576,False
Dorea,IL5,0.028007101970069462,0.5556839646966589,0.7531874775167969,False
Dorea,IP10,-0.03897217099319985,0.412148764326815,0.6389310455627839,False
Dorea,IL6,0.021841689122332846,0.6458680891508944,0.8112853749808254,False
Dorea,IL7,0.08286668810118057,0.08078275622778645,0.24586489993625155,False
Dorea,IL8,0.012008759901294281,0.8005605839551408,0.9027598074387758,False
Dorea,IL10,0.130548384295721,0.005815840065903891,0.04608725994347312,True
Dorea,IFNB,0.07374388639501576,0.12033495446615401,0.308119995098012,False
Dorea,EOTAXIN,-0.007215756926457643,0.8793522485889952,0.9445443013512013,False
Dorea,IL12P70,0.004250960265910542,0.9287463101174211,0.9650659982225717,False
Dorea,IL13,0.002692544344318749,0.9548322629125072,0.9787915029464991,False
Dorea,IL17A,0.02101728493395433,0.6583720187805913,0.8185434936485142,False
Dorea,IL31,0.03101032314144646,0.5140912470844612,0.7252306115853776,False
Dorea,IL1RA,0.020439904598749354,0.6671865932267554,0.8234183374178887,False
Dorea,SCF,-0.05865731091885415,0.21684517058665814,0.4413005143772246,False
Dorea,RANTES,-0.0020553181954080617,0.9655141386517738,0.9831386539192881,False
Dorea,IFNG,-0.027512718322656983,0.5626845740176933,0.758400947589065,False
Dorea,GMCSF,-0.05301105638931659,0.2644611102569449,0.49479172991325926,False
Dorea,TNFA,-0.08388282044673041,0.0771195178088677,0.23804774778225768,False
Dorea,HGF,-0.07421560768252437,0.11797425867371412,0.30484672136447544,False
Dorea,MIP1B,-0.020019456296117594,0.6736343797708886,0.8271907966842824,False
Dorea,IFNA,0.006068675600390046,0.8984180793048615,0.953039572123801,False
Dorea,TGFB,-0.05199489113405089,0.27374061316680603,0.5041746612981702,False
Dorea,MCP1,-0.020329994909708157,0.6688697747782194,0.8244208851917587,False
Dorea,IL9,0.029390002162856213,0.536329763876958,0.73977036690906,False
Dorea,VEGFD,-0.04331010999235717,0.3620394508596858,0.5929415807611962,False
Dorea,TNFB,-0.03557587784674176,0.4540982360053226,0.6754942523827479,False
Dorea,NGF,-0.0029192087385088122,0.9510345179030906,0.9772043232737821,False
Dorea,EGF,0.007935643050828358,0.8674216960979447,0.9384334856582923,False
Dorea,BDNF,-0.06847696382157634,0.14925908503303312,0.3522165287663899,False
Dorea,TRAIL,-0.003883025135941418,0.9348992555589664,0.9686186738445872,False
Dorea,GCSF,-0.0794697310735444,0.09406190612925727,0.2691250769906389,False
Dorea,GROA,0.07539858829073973,0.11221333177303669,0.29601258352116555,False
Dorea,IL1A,0.03421081300439756,0.47161192546293584,0.6908135847146692,False
Dorea,IL23,-0.018960834960123008,0.6899741684030456,0.8382752467484871,False
Dorea,IL12P40,-0.02385262869630445,0.6157885695543868,0.7924399709861291,False
Dorea,IL15,0.012079232610095159,0.7994150031235137,0.9020871223433605,False
Dorea,IL18,0.03421061689152694,0.4716144679579757,0.6908135847146692,False
Dorea,MCSF,0.03666258304518185,0.4404211968574223,0.6634584594468932,False
Dorea,MCP3,-0.08576420896784565,0.07069357498833279,0.22502333297868407,False
Dorea,MIG,0.029536338008927764,0.5343016959933943,0.7388337942352196,False
Dorea,RESISTIN,-0.015228459748913828,0.7486956361136634,0.8740693487456767,False
Dorea,IL21,0.046457953100438196,0.3281716822276155,0.5597087272318051,False
Dorea,ICAM1,-0.07976108299890076,0.09285857212764692,0.2670361155292717,False
Dorea,VCAM1,-0.03564634924169088,0.4532041238684905,0.6748770775068851,False
Dorea,FGFB,-0.048994984370159624,0.3024176095101731,0.5344626738170108,False
Dorea,IL22,0.024850903870920316,0.6010879128026044,0.7825147013056719,False
Dorea,PDGFBB,0.010648637550226719,0.8227512359887698,0.915530159654283,False
Dorea,VEGF,-0.006035226390440572,0.8989749767709994,0.953039572123801,False
Dorea,LEPTIN,-0.08726465173099579,0.06588840825314773,0.2161121510483734,False
Dorea,PAI1,-0.07035695644068492,0.138381810317096,0.3366653223361136,False
Dorea,CD40L,0.09883435611854136,0.03714615179550478,0.15360590143651823,True
Dorea,ENA78,0.046287357163164775,0.3299528921138001,0.5612900104327594,False
Eikenella,IL17F,0.02644574010962378,0.577936256062701,0.766880442366406,False
Eikenella,FASL,0.05461004761789055,0.25030120309222015,0.47969704003342784,False
Eikenella,TGFA,-0.034242774691349606,0.4711976604967407,0.6907030934466227,False
Eikenella,MIP1A,0.05245763876689779,0.2694877058280574,0.5006803249251771,False
Eikenella,SDF1A,0.10871357352282403,0.021809639283795083,0.10980563026539936,True
Eikenella,IL27,-0.02094991177042255,0.6593981653373274,0.8191194903732066,False
Eikenella,LIF,-0.17612556975536708,0.0001883475893359304,0.0047730862099578455,True
Eikenella,IL1B,0.032700044449258656,0.4914200078378045,0.7071809131152436,False
Eikenella,IL2,-0.00979587601383603,0.8367378239865151,0.9236995735297585,False
Eikenella,IL4,0.043931943388609,0.3551817021410465,0.5874800704205431,False
Eikenella,IL5,-0.02959112749758191,0.5335433626118012,0.7383968489821486,False
Eikenella,IP10,0.04351755683114358,0.3597425357393407,0.5908600328754449,False
Eikenella,IL6,0.025692776463328876,0.5888146589649235,0.7742476868182226,False
Eikenella,IL7,-0.02889653024578332,0.5431971271656895,0.743934048291104,False
Eikenella,IL8,0.03656329635273557,0.4416609412585423,0.6641709075655341,False
Eikenella,IL10,-0.02075999604565324,0.6622941670760492,0.8206254272292223,False
Eikenella,IFNB,-0.14570759181141302,0.002059458869597464,0.022604599254810218,True
Eikenella,EOTAXIN,0.0439887047831102,0.3545598173425172,0.5867467986171788,False
Eikenella,IL12P70,0.002234967961434002,0.9625019471864448,0.9821285783421978,False
Eikenella,IL13,0.03606235000346942,0.4479463015199926,0.6705929598153512,False
Eikenella,IL17A,0.03463693495669352,0.4661053122356392,0.6868260340835473,False
Eikenella,IL31,-0.06295541943723737,0.18496361278247517,0.4017121160629302,False
Eikenella,IL1RA,-0.06277998420777414,0.18619325686198906,0.4035824815623325,False
Eikenella,SCF,0.0962532261700549,0.042410712415191384,0.1659066678527606,True
Eikenella,RANTES,-0.042877072348821876,0.36686360813113783,0.5968875142691462,False
Eikenella,IFNG,0.015842139525965016,0.7389295295753728,0.8687838152642283,False
Eikenella,GMCSF,-0.023763391516762936,0.6171103134949742,0.7931875706810267,False
Eikenella,TNFA,0.01993916138981414,0.6748684833226268,0.827308955828116,False
Eikenella,HGF,0.01130278406666764,0.8120599028491933,0.9092783419226882,False
Eikenella,MIP1B,0.14598493030724247,0.002018817235118102,0.022400771993890612,True
Eikenella,IFNA,0.04591995631457161,0.33381010657248533,0.5655653329533222,False
Eikenella,TGFB,-0.033882754204986716,0.4758755413210408,0.6945781886797188,False
Eikenella,MCP1,0.030585890487035992,0.5198699351199794,0.7297277261017736,False
Eikenella,IL9,0.04081532047960959,0.3903755938573479,0.620497033899667,False
Eikenella,VEGFD,-0.10365225893560476,0.02879448803196422,0.13092991836674506,True
Eikenella,TNFB,0.09167322874466563,0.05330021680161049,0.1905062787484331,False
Eikenella,NGF,-0.07366431545140313,0.12073676960694273,0.308587781899207,False
Eikenella,EGF,0.1253869595396953,0.008095527010494211,0.05647962156366025,True
Eikenella,BDNF,0.12940557386359505,0.006263878603537597,0.048172866630843435,True
Eikenella,TRAIL,0.0646015165377144,0.17371639873745706,0.38797341698434057,False
Eikenella,GCSF,0.03044483698607039,0.521797756364156,0.7311065090304601,False
Eikenella,GROA,-0.0030846455459749692,0.9482633311660259,0.9762903309279043,False
Eikenella,IL1A,0.06838894351108966,0.14978385221942173,0.35282253943097847,False
Eikenella,IL23,-0.012788037063692375,0.7879172216363444,0.8950841873485215,False
Eikenella,IL12P40,0.03463131130222188,0.4661777521495326,0.6868301121940058,False
Eikenella,IL15,-0.037682899756697065,0.42779676020486557,0.6521138800215811,False
Eikenella,IL18,-0.13374008073208773,0.004713020861262181,0.0401569744890793,True
Eikenella,MCSF,0.02894724433855622,0.5424893615703886,0.7433778324104658,False
Eikenella,MCP3,0.10222505687794552,0.03108166616579311,0.13764737873422664,True
Eikenella,MIG,0.006943346277617865,0.8838741451733738,0.9468537240873669,False
Eikenella,RESISTIN,-0.12205325504522868,0.009962845370532453,0.06609268483358609,True
Eikenella,IL21,0.014783645131140112,0.7557997221226032,0.8770657634708208,False
Eikenella,ICAM1,-0.028147433874861457,0.553704575966961,0.7522629148128861,False
Eikenella,VCAM1,0.030880089250348252,0.5158608452479954,0.7265832565301812,False
Eikenella,FGFB,0.027174951029323477,0.5674917193236491,0.7620669348988601,False
Eikenella,IL22,0.06333709170991211,0.18230913481224592,0.3982334027480149,False
Eikenella,PDGFBB,0.05088255841838195,0.2841498001612299,0.5151064233154478,False
Eikenella,VEGF,0.08588714484796238,0.07028939193724812,0.2243888684317979,False
Eikenella,LEPTIN,0.03258537793687879,0.4929413965203209,0.707924891693993,False
Eikenella,PAI1,0.13646424014852124,0.003925052368729367,0.035400884035621326,True
Eikenella,CD40L,-0.05226007573956829,0.271297859803301,0.5023714519055035,False
Eikenella,ENA78,0.042752067761645175,0.36826358765115397,0.5982856745436271,False
Enterobacter,IL17F,0.03557022244068946,0.454170032415284,0.6754991218391474,False
Enterobacter,FASL,0.04079367765375374,0.39062714923917374,0.6207953840593761,False
Enterobacter,TGFA,-0.023942120897649643,0.6144642944911127,0.7916148383491288,False
Enterobacter,MIP1A,-0.005007663912898223,0.9161057625529268,0.9603329016638401,False
Enterobacter,SDF1A,0.0856838491625874,0.07095880361827257,0.22543083663194682,False
Enterobacter,IL27,0.003994742538266524,0.9330305889374184,0.9676818038658674,False
Enterobacter,LIF,-0.1625802249533197,0.0005754681029537138,0.009932636248432727,True
Enterobacter,IL1B,0.006404997680570538,0.8928214531446742,0.950875208873392,False
Enterobacter,IL2,-0.03246519775784094,0.49453863583376345,0.709075690061183,False
Enterobacter,IL4,0.061045745331329435,0.19867404776270237,0.4194749973965988,False
Enterobacter,IL5,0.00859468665153516,0.8565257331170086,0.9331037714852694,False
Enterobacter,IP10,0.021271400734909074,0.6545074150798729,0.8166224652395122,False
Enterobacter,IL6,0.00619936613334156,0.896242686909636,0.952040592432602,False
Enterobacter,IL7,-0.03826354728280219,0.42070713372569646,0.6464044458023559,False
Enterobacter,IL8,0.034533023443455636,0.46744483182438334,0.6880764023363719,False
Enterobacter,IL10,-0.04476387765099572,0.34613560808626054,0.5784378410771921,False
Enterobacter,IFNB,-0.10391517936508674,0.028389286987764353,0.12980593280398006,True
Enterobacter,EOTAXIN,-0.0032326422170815047,0.9457848068388295,0.9748584928708889,False
Enterobacter,IL12P70,-0.023856294776497287,0.6157342956127063,0.7924399709861291,False
Enterobacter,IL13,0.03959553142231172,0.40470591720682847,0.6332684018769706,False
Enterobacter,IL17A,0.07112608730079566,0.1341113744070447,0.33018729493123045,False
Enterobacter,IL31,-0.020276093129997775,0.6696958458509517,0.8252327060498352,False
Enterobacter,IL1RA,-0.06579203875987091,0.16590499404488876,0.37690455101701803,False
Enterobacter,SCF,0.08514925567036175,0.07274400215198482,0.22859750500932938,False
Enterobacter,RANTES,-0.014084778437093739,0.7670027108798668,0.8837247483716121,False
Enterobacter,IFNG,0.022979671354495957,0.6287712100619125,0.7997969791987527,False
Enterobacter,GMCSF,-0.003146826958982229,0.9472219067624974,0.9758296119620337,False
Enterobacter,TNFA,0.06192448882114008,0.1922758632284676,0.41110107422782144,False
Enterobacter,HGF,0.0007659292291368382,0.9871451576460486,0.9940292419328048,False
Enterobacter,MIP1B,0.1549088847866652,0.0010438755560287316,0.014646152973878238,True
Enterobacter,IFNA,0.0354309638703112,0.45593995624517847,0.6770079964851589,False
Enterobacter,TGFB,-0.02743150634735177,0.5638386022534962,0.7592297419771843,False
Enterobacter,MCP1,0.055349262588138534,0.24393669146894706,0.4720706526307185,False
Enterobacter,IL9,0.012640576341636805,0.7903055361641471,0.8966316003574821,False
Enterobacter,VEGFD,-0.022193159710759674,0.6405671652305318,0.80737639860322,False
Enterobacter,TNFB,0.08073126200102938,0.0889401192493205,0.26009246382669876,False
Enterobacter,NGF,-0.03510274800981079,0.46012671434696206,0.6809681954710032,False
Enterobacter,EGF,0.14510905713164923,0.0021497300103237105,0.023313573643312584,True
Enterobacter,BDNF,0.14944019207479783,0.0015704104914147142,0.019022413532158635,True
Enterobacter,TRAIL,0.058219843811711046,0.22029859432799723,0.4459350190729767,False
Enterobacter,GCSF,0.04277064746170827,0.36805529625734035,0.5982856745436271,False
Enterobacter,GROA,0.003890753720241522,0.9347699700016222,0.9686186738445872,False
Enterobacter,IL1A,0.058370736636316985,0.21910301167316173,0.44433603971899366,False
Enterobacter,IL23,0.019400552677424836,0.6831691029769572,0.8340162250336649,False
Enterobacter,IL12P40,0.028712922319811103,0.545763384839903,0.7455399665992871,False
Enterobacter,IL15,0.029453521663503582,0.5354489733675522,0.7395903011709862,False
Enterobacter,IL18,-0.10049455099237803,0.034061740698364235,0.14551185552449514,True
Enterobacter,MCSF,0.029427542267624705,0.5358091277647116,0.7397415806655765,False
Enterobacter,MCP3,0.0974722715730236,0.03985072968890979,0.159775674729426,True
Enterobacter,MIG,-0.005831729986091615,0.9023640564743307,0.9545557322377886,False
Enterobacter,RESISTIN,-0.08615177835982185,0.06942575222066585,0.22285869924823315,False
Enterobacter,IL21,-0.0014376336036831475,0.9758743466221549,0.9883058669612906,False
Enterobacter,ICAM1,0.007309705998063902,0.8777936368315991,0.9442677458431674,False
Enterobacter,VCAM1,0.08649950610336532,0.06830415475192539,0.22076798608015752,False
Enterobacter,FGFB,0.018653628282913125,0.6947434033659776,0.840650603950142,False
Enterobacter,IL22,0.04084572968316057,0.39002231235856233,0.6202709596900131,False
Enterobacter,PDGFBB,0.03221268351095477,0.49790360846269177,0.7120751156572197,False
Enterobacter,VEGF,0.05915792393605447,0.212941097480613,0.4365093239683682,False
Enterobacter,LEPTIN,0.055099856357139855,0.24607124925063728,0.47461756507782865,False
Enterobacter,PAI1,0.12731927996732964,0.0071623245875898035,0.05263662036754931,True
Enterobacter,CD40L,-0.054910419240767845,0.24770125390852343,0.4769216720762156,False
Enterobacter,ENA78,0.09436360262890119,0.046652140255425044,0.1753323669988487,True
Enterococcus,IL17F,-0.030810354175738536,0.5168096878126122,0.7269050262393604,False
Enterococcus,FASL,0.11355019681329333,0.016558727988069538,0.09230312683638014,True
Enterococcus,TGFA,-0.0038269045406965356,0.9358381050524336,0.9691660930357066,False
Enterococcus,MIP1A,-0.02391675972475463,0.6148394535564732,0.7917967169055518,False
Enterococcus,SDF1A,0.05921115949451554,0.2125289297857136,0.4358456812622352,False
Enterococcus,IL27,0.0851042417915572,0.0728959770370926,0.22892913081607477,False
Enterococcus,LIF,0.15914852425699583,0.0007536002588400854,0.011886386162632899,True
Enterococcus,IL1B,0.1288623706531303,0.006487505560889503,0.04915744029150555,True
Enterococcus,IL2,0.04465060078831418,0.3473586562448706,0.5793032707260929,False
Enterococcus,IL4,0.08933502117777826,0.05970168509893429,0.20315471581128552,False
Enterococcus,IL5,0.06167840251229787,0.1940522168862354,0.4138360660533636,False
Enterococcus,IP10,0.00042344255323295023,0.9928930114815618,0.9961653928959203,False
Enterococcus,IL6,0.18966940496351972,5.6629247261201886e-05,0.0020331257087505324,True
Enterococcus,IL7,0.06092111894645673,0.19959387532151648,0.42044907969052864,False
Enterococcus,IL8,0.12248344088224435,0.009702136984823296,0.06494196695969819,True
Enterococcus,IL10,0.16478546451860296,0.0004825420329601587,0.008754572361865373,True
Enterococcus,IFNB,0.0546441003229095,0.25000549963936725,0.4794852559231289,False
Enterococcus,EOTAXIN,-0.06821551197788707,0.15082193453814194,0.3545916123722879,False
Enterococcus,IL12P70,-0.013242035374716203,0.7805766995057352,0.8913810348325876,False
Enterococcus,IL13,0.06838697673066346,0.14979559394358966,0.35282253943097847,False
Enterococcus,IL17A,0.15745236802814322,0.0008593610042842649,0.012889602799900642,True
Enterococcus,IL31,0.269955241937991,7.188031830728695e-09,3.7294535677538672e-06,True
Enterococcus,IL1RA,0.14789782962396275,0.0017578838198737787,0.02029182517132987,True
Enterococcus,SCF,0.0008503595610197862,0.9857282787381823,0.9931837052126943,False
Enterococcus,RANTES,0.19407314484315102,3.760611795564843e-05,0.0015008951854525595,True
Enterococcus,IFNG,0.06668975122388997,0.16019118174546293,0.3682849303917542,False
Enterococcus,GMCSF,0.03899121236700142,0.411920221675401,0.6389310455627839,False
Enterococcus,TNFA,0.06097866876566319,0.19916873392559534,0.42006961468517734,False
Enterococcus,HGF,-0.0925302971518918,0.05110164542769239,0.18538892247298386,True
Enterococcus,MIP1B,-0.06849154127744043,0.14917231102146605,0.3522165287663899,False
Enterococcus,IFNA,0.11365763515838266,0.01645589721942173,0.09196271813438743,True
Enterococcus,TGFB,0.09941187269354818,0.03604735104707454,0.15095785328039965,True
Enterococcus,MCP1,-0.11068565645332011,0.019515769334855763,0.10168085231145885,True
Enterococcus,IL9,0.09787069064394414,0.039042911092389464,0.15832300142048686,True
Enterococcus,VEGFD,0.10379653881542221,0.028571520244778187,0.13031201651682395,True
Enterococcus,TNFB,0.07999726282556441,0.09189217358163715,0.26547005293111264,False
Enterococcus,NGF,0.08728558732250964,0.06582330893776067,0.2161121510483734,False
Enterococcus,EGF,0.06220262999204243,0.19028250058638005,0.40849409642433243,False
Enterococcus,BDNF,0.06732872018189728,0.15621544446288282,0.36302966796678426,False
Enterococcus,TRAIL,0.01993675249354649,0.6749055206704919,0.827308955828116,False
Enterococcus,GCSF,0.049144866898180116,0.3009392205550729,0.5329965569945937,False
Enterococcus,GROA,0.20604135828526932,1.1796221964286862e-05,0.0007072249774277773,True
Enterococcus,IL1A,0.0959031808241781,0.04317093095301708,0.16715925627900582,True
Enterococcus,IL23,0.10344015450892412,0.029124980894338494,0.13194580039356107,True
Enterococcus,IL12P40,-0.1033002702365057,0.02934471905027763,0.1326366305611965,True
Enterococcus,IL15,0.16389250314703535,0.0005183488167436941,0.009252025088800913,True
Enterococcus,IL18,0.1811013207717718,0.00012233390994754315,0.003656724941685457,True
Enterococcus,MCSF,0.15695678765666143,0.00089275788104026,0.01316965926848322,True
Enterococcus,MCP3,-0.007262837702856686,0.8785711215550378,0.9444125245735482,False
Enterococcus,MIG,-0.022702682644310558,0.6329148741445462,0.802066439043185,False
Enterococcus,RESISTIN,0.03865422486314702,0.4159759488270629,0.6424394334227144,False
Enterococcus,IL21,0.07595490730547655,0.10958171664483203,0.292040162931807,False
Enterococcus,ICAM1,-0.0662776590693151,0.16279540705491294,0.3721792956278599,False
Enterococcus,VCAM1,-0.07802712337679363,0.10020483209597109,0.27778943610857226,False
Enterococcus,FGFB,0.07253460225722505,0.12655512237125244,0.3180169248880465,False
Enterococcus,IL22,0.011440244146627698,0.8098176252222753,0.9076955258034326,False
Enterococcus,PDGFBB,0.13812766007003036,0.0035046103045736944,0.032747344438376756,True
Enterococcus,VEGF,-0.0436537011908656,0.35824007258431156,0.5895710576854997,False
Enterococcus,LEPTIN,0.014556568814326267,0.7594343250113303,0.8794528850312447,False
Enterococcus,PAI1,-0.13562375627928863,0.004154404342511077,0.036777140214444747,True
Enterococcus,CD40L,0.009793912898035837,0.8367700832850462,0.9236995735297585,False
Enterococcus,ENA78,0.1686474396183058,0.0003525889858995271,0.006951433044010574,True
Erysipelatoclostridium,IL17F,-0.07756753008219591,0.1022274807700558,0.2805770794728203,False
Erysipelatoclostridium,FASL,-0.02887646788082949,0.5434772438594369,0.7442142894799734,False
Erysipelatoclostridium,TGFA,-0.03470231100095676,0.46526364187111857,0.6864426487416889,False
Erysipelatoclostridium,MIP1A,-0.047018836139501544,0.3223593499105808,0.5537860625470986,False
Erysipelatoclostridium,SDF1A,-0.0051048023973486265,0.9144845503870063,0.9593721234215792,False
Erysipelatoclostridium,IL27,0.01718122635307244,0.7177663314945675,0.8556391501051981,False
Erysipelatoclostridium,LIF,0.14497001705861676,0.0021712110125436355,0.02339969964605256,True
Erysipelatoclostridium,IL1B,0.081227272929448,0.0869886966699654,0.25744521909813267,False
Erysipelatoclostridium,IL2,0.01730681022496187,0.7157923141648855,0.8545586681653257,False
Erysipelatoclostridium,IL4,-0.02284806676786083,0.6307385308925986,0.8008527096263829,False
Erysipelatoclostridium,IL5,0.0267223281702658,0.5739640669079945,0.7640261607689972,False
Erysipelatoclostridium,IP10,-0.024586903498556807,0.6049602237825591,0.784200034512498,False
Erysipelatoclostridium,IL6,0.04427861871099267,0.3513941830333309,0.583762024998749,False
Erysipelatoclostridium,IL7,0.06146044876124492,0.19563549738587585,0.415767975387347,False
Erysipelatoclostridium,IL8,-0.005311542000805501,0.9110353168799934,0.9584830473642449,False
Erysipelatoclostridium,IL10,0.03236082585734742,0.4959280115036555,0.7102801594367334,False
Erysipelatoclostridium,IFNB,0.039833975059139264,0.4018802463553397,0.6309500666620383,False
Erysipelatoclostridium,EOTAXIN,0.0021161935275374006,0.964493383570886,0.9828919227062173,False
Erysipelatoclostridium,IL12P70,0.003314458031522189,0.9444148469880046,0.9741594183957046,False
Erysipelatoclostridium,IL13,0.0017077610939676953,0.9713429906154059,0.9859451401860246,False
Erysipelatoclostridium,IL17A,0.07546061506914598,0.11191748234154726,0.2955484974344958,False
Erysipelatoclostridium,IL31,0.13561809855420556,0.004155988455963831,0.036777140214444747,True
Erysipelatoclostridium,IL1RA,0.12654190255732847,0.00752551867510339,0.05422994378594242,True
Erysipelatoclostridium,SCF,0.017659140359379186,0.7102642734072623,0.8515914871380189,False
Erysipelatoclostridium,RANTES,0.04151094552603424,0.3823426619839977,0.6119582119927633,False
Erysipelatoclostridium,IFNG,-0.030409306397347756,0.5222839408894301,0.731345893364773,False
Erysipelatoclostridium,GMCSF,-0.009039297208037148,0.8491902229327212,0.9296298964653821,False
Erysipelatoclostridium,TNFA,0.006049203886598043,0.8987422587354045,0.953039572123801,False
Erysipelatoclostridium,HGF,-0.010956417101726835,0.8177166897890566,0.9124210815126456,False
Erysipelatoclostridium,MIP1B,-0.12985040099895084,0.006085928504578564,0.04745495975725434,True
Erysipelatoclostridium,IFNA,0.013322434606010587,0.7792787640694809,0.8905784901689013,False
Erysipelatoclostridium,TGFB,0.02981810105386451,0.5304076398779176,0.7362374702783036,False
Erysipelatoclostridium,MCP1,-0.06512629187680874,0.17024007263317467,0.3835070009181526,False
Erysipelatoclostridium,IL9,0.0165792025434175,0.7272552676292914,0.8607355819420509,False
Erysipelatoclostridium,VEGFD,0.1262623255383523,0.007660108302507511,0.054653097446258535,True
Erysipelatoclostridium,TNFB,-0.015527691276882203,0.7439285325313776,0.8703627838589427,False
Erysipelatoclostridium,NGF,0.062469623502928034,0.18838333829648055,0.4062012006715379,False
Erysipelatoclostridium,EGF,0.022334720261417713,0.6384372632232407,0.8056470226388512,False
Erysipelatoclostridium,BDNF,0.036024510072103465,0.44842312672275486,0.6708627074776857,False
Erysipelatoclostridium,TRAIL,-0.04052034674815216,0.39381252499462216,0.6232493898770284,False
Erysipelatoclostridium,GCSF,0.005915640049351718,0.9009663789859578,0.9536227896043342,False
Erysipelatoclostridium,GROA,0.07783291377822836,0.101055625789657,0.2791568983441724,False
Erysipelatoclostridium,IL1A,-0.009219596425632717,0.8462191819225543,0.928536878338938,False
Erysipelatoclostridium,IL23,-0.0007717869813589672,0.9870468536378701,0.9940292419328048,False
Erysipelatoclostridium,IL12P40,-0.03651899699914964,0.44221472747014146,0.664839527741445,False
Erysipelatoclostridium,IL15,0.08214820535037218,0.08345696419752564,0.2512084973238566,False
Erysipelatoclostridium,IL18,0.07949018559690116,0.09397702069426812,0.2690750711600625,False
Erysipelatoclostridium,MCSF,0.00396215151551236,0.9335756925784393,0.9680434603385143,False
Erysipelatoclostridium,MCP3,-0.07171822429410522,0.13089342779396246,0.32478747621814347,False
Erysipelatoclostridium,MIG,0.020034422247867424,0.6734044551709857,0.8271907966842824,False
Erysipelatoclostridium,RESISTIN,0.014092131510809843,0.7668845818587922,0.8837247483716121,False
Erysipelatoclostridium,IL21,0.05637860544912808,0.23526425895198036,0.46301358849044166,False
Erysipelatoclostridium,ICAM1,0.0018136726281756785,0.9695665809271519,0.9852950574446646,False
Erysipelatoclostridium,VCAM1,-0.06242438138659167,0.18870416743506038,0.40649017208372995,False
Erysipelatoclostridium,FGFB,-0.00740670785740725,0.8761848747385192,0.9433628762748277,False
Erysipelatoclostridium,IL22,-0.004791598031964237,0.9197130748007258,0.9617064901337078,False
Erysipelatoclostridium,PDGFBB,0.07596242371069246,0.10954649679564102,0.292025247542301,False
Erysipelatoclostridium,VEGF,-0.046716457046083425,0.3254844851704155,0.5571217207779824,False
Erysipelatoclostridium,LEPTIN,-0.03233549320217038,0.49626554701227044,0.7106603373688207,False
Erysipelatoclostridium,PAI1,-0.07175801254706851,0.13067935864973754,0.3246257142373119,False
Erysipelatoclostridium,CD40L,0.051977576698168756,0.27390062483412164,0.5042226628599012,False
Erysipelatoclostridium,ENA78,0.056505597723124926,0.23420958700367514,0.4622298515880339,False
Erysipelothrix,IL17F,0.008975708786800906,0.8502385695032022,0.9300545736975774,False
Erysipelothrix,FASL,0.06299516805484176,0.1846858444517507,0.4012856633470043,False
Erysipelothrix,TGFA,0.045265041436481884,0.3407574088769103,0.572849000120836,False
Erysipelothrix,MIP1A,0.03691322247425084,0.437300447722459,0.6608474368709856,False
Erysipelothrix,SDF1A,-0.0043798636710795594,0.9265916551940543,0.9642500302863916,False
Erysipelothrix,IL27,0.0638898023359659,0.17851516939802106,0.39351672100273377,False
Erysipelothrix,LIF,0.1439723045526002,0.002331196808450951,0.0244850212376564,True
Erysipelothrix,IL1B,0.023722834018130173,0.6177114434579394,0.7934070891997872,False
Erysipelothrix,IL2,0.04301094158481385,0.3653680215232932,0.5958309274072165,False
Erysipelothrix,IL4,-0.0033621746535807207,0.943615934333744,0.9736409755769362,False
Erysipelothrix,IL5,0.053122458575908624,0.263457103086392,0.49375667722921146,False
Erysipelothrix,IP10,0.011500424668155367,0.8088364362289778,0.9070569857119982,False
Erysipelothrix,IL6,0.07515949255841943,0.11335950250008987,0.2975234226959228,False
Erysipelothrix,IL7,0.01945121131670457,0.6823867435335768,0.833267498792766,False
Erysipelothrix,IL8,0.0460902181849691,0.33201899612823627,0.563540506858153,False
Erysipelothrix,IL10,0.0817719668706174,0.0848855799226088,0.25365324246046606,False
Erysipelothrix,IFNB,0.08939150357070064,0.0595398751634997,0.20295919899148118,False
Erysipelothrix,EOTAXIN,-0.042065201978961825,0.3760150879803056,0.6062130946894481,False
Erysipelothrix,IL12P70,0.00962437504206479,0.8395570747777783,0.9247322506323283,False
Erysipelothrix,IL13,-0.0055122124062898115,0.907688938140958,0.956977824740759,False
Erysipelothrix,IL17A,-0.008931605632125679,0.8509658285457132,0.9303658544801832,False
Erysipelothrix,IL31,0.15747870299696523,0.0008576190324290193,0.012889602799900642,True
Erysipelothrix,IL1RA,0.10302587017803665,0.029779893591484023,0.1336617342962061,True
Erysipelothrix,SCF,-0.049545206749377416,0.2970139684879102,0.5295647859203867,False
Erysipelothrix,RANTES,0.10292993486590225,0.029933337740096815,0.13409601092759413,True
Erysipelothrix,IFNG,-0.013797757472355782,0.7716179675443342,0.8864647365353208,False
Erysipelothrix,GMCSF,0.04291555397555561,0.3664333025211276,0.5966623479366641,False
Erysipelothrix,TNFA,-0.0021805404417714652,0.9634144802214527,0.9825132917106845,False
Erysipelothrix,HGF,-0.019803992521097363,0.6769479477571739,0.8286791095231865,False
Erysipelothrix,MIP1B,-0.0743253661248199,0.11743020751848268,0.3038511072300221,False
Erysipelothrix,IFNA,0.05535275721720975,0.24390687484619536,0.4720706526307185,False
Erysipelothrix,TGFB,0.04616870217361679,0.33119545295478947,0.5626270507027942,False
Erysipelothrix,MCP1,-0.08816225920850354,0.06314436314434689,0.2102253062738844,False
Erysipelothrix,IL9,0.028335026376351075,0.5510639609401553,0.7504335580809575,False
Erysipelothrix,VEGFD,0.07358260252957231,0.12115048955968245,0.309478601655206,False
Erysipelothrix,TNFB,-0.0054394241308322235,0.9089025695313876,0.9571585867365046,False
Erysipelothrix,NGF,0.07774104870544968,0.10146006154716919,0.2797743459390193,False
Erysipelothrix,EGF,-0.04011003232874864,0.3986236135605279,0.6279481044560534,False
Erysipelothrix,BDNF,-0.07625177978955737,0.10819741944927222,0.28999732488605917,False
Erysipelothrix,TRAIL,-0.009422373711832877,0.8428803420034672,0.9270461242296306,False
Erysipelothrix,GCSF,0.02897826810423217,0.5420566200424639,0.7431980751569692,False
Erysipelothrix,GROA,0.06653085366011612,0.1611915954822108,0.3697991036219767,False
Erysipelothrix,IL1A,0.04385637131679126,0.3560107430369682,0.5883577376124782,False
Erysipelothrix,IL23,0.08518614977848682,0.07261963386659127,0.2283837592353851,False
Erysipelothrix,IL12P40,-0.06882386028187114,0.14720453611080733,0.349252061848457,False
Erysipelothrix,IL15,0.07706415860175618,0.1044798058030274,0.2837567810562423,False
Erysipelothrix,IL18,0.13156717073660704,0.005440930907670934,0.044254700402491805,True
Erysipelothrix,MCSF,0.0761082930893252,0.10886475654481773,0.2909947857968582,False
Erysipelothrix,MCP3,-0.10511927039863278,0.026595559186600164,0.12417077749099693,True
Erysipelothrix,MIG,-0.019220762154535397,0.6859484769733315,0.835753316772105,False
Erysipelothrix,RESISTIN,0.07676224413422321,0.10584944616108809,0.2859588490698839,False
Erysipelothrix,IL21,0.0896812646371475,0.05871546378136223,0.2012229773127377,False
Erysipelothrix,ICAM1,-0.05020741791220193,0.2905963332659567,0.5216130104398764,False
Erysipelothrix,VCAM1,-0.08999523551030982,0.05783285885073237,0.19941109568048956,False
Erysipelothrix,FGFB,0.05410491828524235,0.25471619554342556,0.4851079427055822,False
Erysipelothrix,IL22,-0.12679265755870728,0.007406605965695287,0.05376606893212381,True
Erysipelothrix,PDGFBB,0.0020487157771319343,0.9656248511469772,0.9831386539192881,False
Erysipelothrix,VEGF,-0.008267234742445721,0.8619362210161,0.9363658121234495,False
Erysipelothrix,LEPTIN,0.0012994687089673313,0.9781923552069479,0.9893321265651065,False
Erysipelothrix,PAI1,-0.13816297897333363,0.0034961437350681615,0.032699226698578686,True
Erysipelothrix,CD40L,0.007236850593924105,0.8790022646120643,0.9445443013512013,False
Erysipelothrix,ENA78,-0.017987270861030778,0.7051295447975798,0.8481170147162691,False
Erysipelotrichaceae UCG-003,IL17F,-0.02698527400653641,0.5701997917045121,0.7624504539566439,False
Erysipelotrichaceae UCG-003,FASL,-0.022098062022683756,0.6419996528549092,0.8079704554887904,False
Erysipelotrichaceae UCG-003,TGFA,-0.04466101912169078,0.3472460554130511,0.5792134711102974,False
Erysipelotrichaceae UCG-003,MIP1A,-0.051346905057231614,0.2797724300620218,0.5106455500002611,False
Erysipelotrichaceae UCG-003,SDF1A,-0.0039390584382566094,0.9339619564124301,0.9681384822622224,False
Erysipelotrichaceae UCG-003,IL27,0.01380957077670533,0.771427851003929,0.8864361528379451,False
Erysipelotrichaceae UCG-003,LIF,0.059804397831294986,0.20797468943588177,0.42984446719588604,False
Erysipelotrichaceae UCG-003,IL1B,0.051048713295042986,0.2825781889917551,0.5139663454332052,False
Erysipelotrichaceae UCG-003,IL2,-0.026885617448433752,0.5716250724646339,0.7636644483475215,False
Erysipelotrichaceae UCG-003,IL4,0.0022673690427962895,0.9619587330863809,0.9821285783421978,False
Erysipelotrichaceae UCG-003,IL5,0.06276061114943177,0.18632941298122718,0.4036267381924572,False
Erysipelotrichaceae UCG-003,IP10,-0.07620005008597813,0.10843763432068192,0.29016780649654783,False
Erysipelotrichaceae UCG-003,IL6,0.0696724131464513,0.14226973101620177,0.34266369801605806,False
Erysipelotrichaceae UCG-003,IL7,0.00140807228504227,0.9763702839094155,0.9886049978203593,False
Erysipelotrichaceae UCG-003,IL8,0.016053236754578475,0.735579713654837,0.8668672823920363,False
Erysipelotrichaceae UCG-003,IL10,0.040508329028339715,0.39395293725227254,0.6232493898770284,False
Erysipelotrichaceae UCG-003,IFNB,0.0256297717892006,0.5897291711269171,0.7748584683277717,False
Erysipelotrichaceae UCG-003,EOTAXIN,-0.02125419532137829,0.6547687861771294,0.8167418314733825,False
Erysipelotrichaceae UCG-003,IL12P70,-0.01523065572207306,0.7486606165830381,0.8740693487456767,False
Erysipelotrichaceae UCG-003,IL13,0.006908598695316943,0.8844512141099163,0.9468904997821029,False
Erysipelotrichaceae UCG-003,IL17A,0.09822090308732902,0.03834432322730466,0.15626223165554748,True
Erysipelotrichaceae UCG-003,IL31,0.13699363413775104,0.003786537466181455,0.03459470467249007,True
Erysipelotrichaceae UCG-003,IL1RA,0.05798450138846245,0.22217260152644644,0.4486045123922642,False
Erysipelotrichaceae UCG-003,SCF,0.0394227346140129,0.4067610222828687,0.6349723131693619,False
Erysipelotrichaceae UCG-003,RANTES,0.0554440909669982,0.24312850809681177,0.4713001580214963,False
Erysipelotrichaceae UCG-003,IFNG,-0.01601992075966939,0.7361080605689745,0.8672825697488886,False
Erysipelotrichaceae UCG-003,GMCSF,0.021385704191861185,0.6527720797060403,0.815696179711262,False
Erysipelotrichaceae UCG-003,TNFA,-0.035026118142564726,0.46110729148965324,0.682112196804472,False
Erysipelotrichaceae UCG-003,HGF,-0.06598409837260624,0.16466989196789686,0.3750729655775248,False
Erysipelotrichaceae UCG-003,MIP1B,-0.08751411347469618,0.0651161359772741,0.2148309466077537,False
Erysipelotrichaceae UCG-003,IFNA,-0.010274445026283894,0.828881931577669,0.918412732549473,False
Erysipelotrichaceae UCG-003,TGFB,0.019075326815752965,0.6881998596543554,0.8372546237779385,False
Erysipelotrichaceae UCG-003,MCP1,-0.09591379235683707,0.04314771756751756,0.16715925627900582,True
Erysipelotrichaceae UCG-003,IL9,0.039699268581029123,0.40347512998335444,0.6323462371026881,False
Erysipelotrichaceae UCG-003,VEGFD,0.06825806897519533,0.15056670314968593,0.35416047712946885,False
Erysipelotrichaceae UCG-003,TNFB,0.01111355096647222,0.8151492236827349,0.9109937406401867,False
Erysipelotrichaceae UCG-003,NGF,0.023504624722832098,0.6209500431007753,0.7955912288072314,False
Erysipelotrichaceae UCG-003,EGF,0.0655444120831342,0.16750767118851032,0.37942205773899335,False
Erysipelotrichaceae UCG-003,BDNF,0.0378997341043853,0.42514116794995205,0.6493711858770727,False
Erysipelotrichaceae UCG-003,TRAIL,-0.03278078294416953,0.49035028353023025,0.7064610340895227,False
Erysipelotrichaceae UCG-003,GCSF,-0.0005201318393779741,0.9912702533206639,0.995815974445644,False
Erysipelotrichaceae UCG-003,GROA,0.078631804496082,0.09759224609252619,0.2739871531301238,False
Erysipelotrichaceae UCG-003,IL1A,-0.006423744924005531,0.8925096402088002,0.9507629169200726,False
Erysipelotrichaceae UCG-003,IL23,0.010775603360909346,0.8206734814551107,0.9141468000208454,False
Erysipelotrichaceae UCG-003,IL12P40,-0.07276965720232495,0.12532693441991485,0.31622035308715657,False
Erysipelotrichaceae UCG-003,IL15,0.030033781301519114,0.5274366045451631,0.7346997382515498,False
Erysipelotrichaceae UCG-003,IL18,0.046234102131458996,0.3305102088295655,0.5619471608557877,False
Erysipelotrichaceae UCG-003,MCSF,0.03859732441950579,0.4166630706391763,0.643198332345913,False
Erysipelotrichaceae UCG-003,MCP3,-0.04762202086785925,0.3161838179588839,0.5476001541529651,False
Erysipelotrichaceae UCG-003,MIG,-0.05560008368145162,0.24180313012109717,0.46997146228978226,False
Erysipelotrichaceae UCG-003,RESISTIN,-0.025387053082271138,0.593258313520528,0.7760725459544532,False
Erysipelotrichaceae UCG-003,IL21,0.033757834931157714,0.47750457422431014,0.6963372918200073,False
Erysipelotrichaceae UCG-003,ICAM1,-0.07880001421687953,0.09687520696595404,0.2730119469040523,False
Erysipelotrichaceae UCG-003,VCAM1,-0.0917565476837938,0.05308308636511687,0.19021921678928463,False
Erysipelotrichaceae UCG-003,FGFB,0.010477584223255055,0.8255524255185682,0.916577971704251,False
Erysipelotrichaceae UCG-003,IL22,0.03188717830320519,0.5022591011191604,0.7144690070465631,False
Erysipelotrichaceae UCG-003,PDGFBB,0.09497893732400481,0.045233516280276886,0.17157060542168895,True
Erysipelotrichaceae UCG-003,VEGF,-0.04891108482442545,0.3032472638404805,0.5352633887833061,False
Erysipelotrichaceae UCG-003,LEPTIN,0.01572265218397649,0.7408278210533779,0.8695178783122037,False
Erysipelotrichaceae UCG-003,PAI1,-0.021163933981980455,0.656140655711159,0.8170636873077131,False
Erysipelotrichaceae UCG-003,CD40L,-0.0005452524279410668,0.990848654420176,0.9957955706859972,False
Erysipelotrichaceae UCG-003,ENA78,0.08659797675119783,0.06798924851664358,0.2201110055425525,False
Erysipelotrichaceae UCG-007,IL17F,0.0059360303718753015,0.9006267864468046,0.9535365546979487,False
Erysipelotrichaceae UCG-007,FASL,0.023420774122013134,0.6221964839692721,0.7960561893535475,False
Erysipelotrichaceae UCG-007,TGFA,0.06904946695806838,0.14587995517214242,0.34778345782030956,False
Erysipelotrichaceae UCG-007,MIP1A,-0.03721444762790517,0.4335666867820097,0.6570484855183785,False
Erysipelotrichaceae UCG-007,SDF1A,-0.017945893234390855,0.7057763085096107,0.8484049961514993,False
Erysipelotrichaceae UCG-007,IL27,0.09096518118828065,0.055175401727784575,0.1936344287050553,False
Erysipelotrichaceae UCG-007,LIF,0.21392282508549465,5.293034637426125e-06,0.00040137488812112875,True
Erysipelotrichaceae UCG-007,IL1B,0.05083429414130763,0.2846074211066579,0.5155567727433725,False
Erysipelotrichaceae UCG-007,IL2,0.04322310794327517,0.36300548398531385,0.5935604676903525,False
Erysipelotrichaceae UCG-007,IL4,-0.03143172677927568,0.5083869175085093,0.7200636443125711,False
Erysipelotrichaceae UCG-007,IL5,0.0034047969611098717,0.9429023628356249,0.9734141263832433,False
Erysipelotrichaceae UCG-007,IP10,-0.071843950354802,0.1302179189354635,0.3238365905312309,False
Erysipelotrichaceae UCG-007,IL6,0.022940861719898203,0.6293510924045682,0.8001645307307658,False
Erysipelotrichaceae UCG-007,IL7,-0.014437575212410443,0.7613410691262027,0.8809037863199655,False
Erysipelotrichaceae UCG-007,IL8,0.029136370397757794,0.5398539661219112,0.7422819899408158,False
Erysipelotrichaceae UCG-007,IL10,0.07313163712473256,0.12345368207814889,0.3130965778045772,False
Erysipelotrichaceae UCG-007,IFNB,0.07862169802734519,0.09763546189266163,0.2739871531301238,False
Erysipelotrichaceae UCG-007,EOTAXIN,0.017134562979353743,0.7185002995024725,0.8559487555885649,False
Erysipelotrichaceae UCG-007,IL12P70,0.005183717580792469,0.9131677403202081,0.9589308690447874,False
Erysipelotrichaceae UCG-007,IL13,0.05870038095098831,0.21650728091376562,0.4410681494622652,False
Erysipelotrichaceae UCG-007,IL17A,0.030621402830735934,0.5193851546411627,0.7292549287071047,False
Erysipelotrichaceae UCG-007,IL31,0.0916173701612136,0.05344619872091774,0.19068860911719404,False
Erysipelotrichaceae UCG-007,IL1RA,0.09749793707350692,0.03979826876275375,0.159775674729426,True
Erysipelotrichaceae UCG-007,SCF,0.04553226404397081,0.33791165485993513,0.569424460446024,False
Erysipelotrichaceae UCG-007,RANTES,0.0726103487511264,0.12615832291412213,0.31742438675023377,False
Erysipelotrichaceae UCG-007,IFNG,0.061004156211717495,0.19898065977869875,0.4198525993361328,False
Erysipelotrichaceae UCG-007,GMCSF,0.06430779476487358,0.1756850611477296,0.3898212873220537,False
Erysipelotrichaceae UCG-007,TNFA,0.017637695426587992,0.7106003128292615,0.851698573899973,False
Erysipelotrichaceae UCG-007,HGF,-0.0073254536381140555,0.8775324300693318,0.9441950115284297,False
Erysipelotrichaceae UCG-007,MIP1B,-0.09505764119226352,0.04505471022327917,0.1710898818879376,True
Erysipelotrichaceae UCG-007,IFNA,0.009218049218633728,0.8462446682009613,0.928536878338938,False
Erysipelotrichaceae UCG-007,TGFB,0.1311058994202646,0.0056078967276269424,0.045039387197660735,True
Erysipelotrichaceae UCG-007,MCP1,-0.029018425560093344,0.5414967302632885,0.7426370015213548,False
Erysipelotrichaceae UCG-007,IL9,-0.0011164604344471962,0.9812629857326307,0.990811278638971,False
Erysipelotrichaceae UCG-007,VEGFD,0.10501525781912802,0.02674655900564258,0.12460660618035188,True
Erysipelotrichaceae UCG-007,TNFB,-0.004863255204785404,0.9185165414728897,0.9612246354394636,False
Erysipelotrichaceae UCG-007,NGF,0.050565709474815236,0.2871630989413844,0.5183386941645608,False
Erysipelotrichaceae UCG-007,EGF,-0.0826204555670195,0.08169131832313849,0.2478498084912947,False
Erysipelotrichaceae UCG-007,BDNF,0.03953930400734259,0.405373960251469,0.6339374444535708,False
Erysipelotrichaceae UCG-007,TRAIL,-0.02175369695605849,0.6471980220084245,0.8124143082003766,False
Erysipelotrichaceae UCG-007,GCSF,0.029233533749712992,0.5385025216661263,0.7416911301187512,False
Erysipelotrichaceae UCG-007,GROA,0.04307166910659797,0.3646908265702393,0.5949234102812211,False
Erysipelotrichaceae UCG-007,IL1A,-0.014337675566305655,0.7629429697934033,0.8813978985558708,False
Erysipelotrichaceae UCG-007,IL23,0.059008034143455304,0.21410468368956867,0.43789080840016475,False
Erysipelotrichaceae UCG-007,IL12P40,-0.013868470848627187,0.7704801513994749,0.886106416594146,False
Erysipelotrichaceae UCG-007,IL15,0.09851735561284122,0.037761277100084055,0.15510444568859527,True
Erysipelotrichaceae UCG-007,IL18,0.10383272848582681,0.02851582636050611,0.13020317774877574,True
Erysipelotrichaceae UCG-007,MCSF,0.018902385778341125,0.6908806259297726,0.8389994403984494,False
Erysipelotrichaceae UCG-007,MCP3,-0.031920847833078345,0.5018076492833039,0.7141359616911809,False
Erysipelotrichaceae UCG-007,MIG,0.001764927471067739,0.9703841448179109,0.9855929813989596,False
Erysipelotrichaceae UCG-007,RESISTIN,0.09102248604229346,0.05502162506233298,0.19350809128236837,False
Erysipelotrichaceae UCG-007,IL21,0.009890488870124402,0.835183404370598,0.9229484613515425,False
Erysipelotrichaceae UCG-007,ICAM1,-0.012585132718731521,0.7912040256576643,0.8970120931298343,False
Erysipelotrichaceae UCG-007,VCAM1,-0.05600772531619084,0.2383635877726449,0.4671547213245991,False
Erysipelotrichaceae UCG-007,FGFB,-0.0036710798018015195,0.9384453817008929,0.9712540233918532,False
Erysipelotrichaceae UCG-007,IL22,0.04512591434894624,0.34224506362493967,0.5748597439452471,False
Erysipelotrichaceae UCG-007,PDGFBB,0.11677155647971546,0.013708673555138702,0.08111650894751339,True
Erysipelotrichaceae UCG-007,VEGF,-0.03886912393893912,0.41338687829528264,0.6396433599489713,False
Erysipelotrichaceae UCG-007,LEPTIN,0.03685942822764626,0.43796917672146607,0.6613817622733169,False
Erysipelotrichaceae UCG-007,PAI1,-0.041878143729006174,0.37814336724515285,0.6078619323583748,False
Erysipelotrichaceae UCG-007,CD40L,-0.014890811124607321,0.7540862774849064,0.8764185950773647,False
Erysipelotrichaceae UCG-007,ENA78,0.04134726650337022,0.38422364816245114,0.614085071917225,False
Escherichia-Shigella,IL17F,-0.023822287175746498,0.6162378364730361,0.792650390390291,False
Escherichia-Shigella,FASL,0.13028285212769664,0.005917293404728324,0.046547015010932516,True
Escherichia-Shigella,TGFA,0.009658228978002292,0.8390003967743339,0.924325649463722,False
Escherichia-Shigella,MIP1A,-0.0014457309420304024,0.975738502739063,0.9883058669612906,False
Escherichia-Shigella,SDF1A,0.08157994835969311,0.0856222550033213,0.25531282208794354,False
Escherichia-Shigella,IL27,0.039261151370100035,0.4086883654663537,0.6366880246377625,False
Escherichia-Shigella,LIF,0.13307039062621515,0.004927397409336697,0.04123453621497552,True
Escherichia-Shigella,IL1B,0.11923645546568656,0.011828922062291787,0.07380348967726104,True
Escherichia-Shigella,IL2,0.10071494820772993,0.03366915974220649,0.14449601625349315,True
Escherichia-Shigella,IL4,0.09858139298779779,0.03763632405164641,0.15484928318077223,True
Escherichia-Shigella,IL5,0.08155055563867966,0.08573547269596325,0.2554958554524806,False
Escherichia-Shigella,IP10,0.055932410425158174,0.23899646339541875,0.4679396691174302,False
Escherichia-Shigella,IL6,0.15751770429573989,0.0008550452188677777,0.012889602799900642,True
Escherichia-Shigella,IL7,0.020188474696899814,0.6710394908680537,0.8254438858219707,False
Escherichia-Shigella,IL8,0.10715841422776476,0.023780064456199807,0.11606140373150015,True
Escherichia-Shigella,IL10,0.03396009507413053,0.4748684874577619,0.6934432490726801,False
Escherichia-Shigella,IFNB,0.03216608976221428,0.4985258352154067,0.7121384847925634,False
Escherichia-Shigella,EOTAXIN,-0.028530074477077103,0.5483249601223978,0.7480469771500966,False
Escherichia-Shigella,IL12P70,0.02762279863716767,0.5611221407160435,0.7573648430587204,False
Escherichia-Shigella,IL13,0.019270103552641336,0.6851852868221397,0.8352176992625824,False
Escherichia-Shigella,IL17A,0.13556041542670177,0.004172170425337374,0.03683821167968076,True
Escherichia-Shigella,IL31,0.1986964248637908,2.4226770887473693e-05,0.001142715346453185,True
Escherichia-Shigella,IL1RA,0.137825736002133,0.003577749272178859,0.03327306823126339,True
Escherichia-Shigella,SCF,0.009717140205926554,0.8380318801293636,0.9240554181358809,False
Escherichia-Shigella,RANTES,0.17437821790308744,0.00021857012303102153,0.005160065662508589,True
Escherichia-Shigella,IFNG,0.03466264240876517,0.4657742464756236,0.6868063197316195,False
Escherichia-Shigella,GMCSF,0.08888472030677756,0.06100474500247912,0.20595369049124632,False
Escherichia-Shigella,TNFA,0.14039330481238207,0.0029976108393211195,0.029200047088960072,True
Escherichia-Shigella,HGF,0.08424064013447231,0.07586212382513559,0.23532058422535765,False
Escherichia-Shigella,MIP1B,0.019113470378526193,0.6876091184096665,0.8367424625703609,False
Escherichia-Shigella,IFNA,0.08263609394378689,0.08163337034063782,0.2477653216804211,False
Escherichia-Shigella,TGFB,0.05068076948743036,0.28606637839260685,0.5173967467420107,False
Escherichia-Shigella,MCP1,-0.07235538210848222,0.12749782644320082,0.31940878604245837,False
Escherichia-Shigella,IL9,0.13322163963817893,0.00487822649744465,0.04096214379200116,True
Escherichia-Shigella,VEGFD,0.02366605369858938,0.6185534515193849,0.7940747395595906,False
Escherichia-Shigella,TNFB,0.10133716538408316,0.03258159179409704,0.1415257397129886,True
Escherichia-Shigella,NGF,0.06475021915724694,0.17272600841573654,0.3869890489132335,False
Escherichia-Shigella,EGF,0.06754668971053307,0.15487641745087702,0.36068313801813034,False
Escherichia-Shigella,BDNF,-0.013265468666256592,0.7801983380180081,0.8912155906411129,False
Escherichia-Shigella,TRAIL,0.0691568485735188,0.14525269931137708,0.3467206213804503,False
Escherichia-Shigella,GCSF,0.06123685976203321,0.1972694989972338,0.41803153936258186,False
Escherichia-Shigella,GROA,0.15784904003214575,0.0008334655804273552,0.01264046721823518,True
Escherichia-Shigella,IL1A,0.07696101795093323,0.10494611902589657,0.2843757123027181,False
Escherichia-Shigella,IL23,0.07313224656861113,0.12345054666813443,0.3130965778045772,False
Escherichia-Shigella,IL12P40,-0.00874426618193441,0.8540564487318358,0.9321030362567065,False
Escherichia-Shigella,IL15,0.08485435872437935,0.07374434189516242,0.23054820036149362,False
Escherichia-Shigella,IL18,0.1441979377817499,0.002294102369730326,0.024196242268286344,True
Escherichia-Shigella,MCSF,0.12499205489699261,0.008299086347527816,0.05737194475030099,True
Escherichia-Shigella,MCP3,0.032053009608913614,0.5000376530502673,0.7125428134966081,False
Escherichia-Shigella,MIG,0.006187493499703318,0.8964402794485706,0.9520694112049137,False
Escherichia-Shigella,RESISTIN,0.09590967113105789,0.0431567317554903,0.16715925627900582,True
Escherichia-Shigella,IL21,0.07935500542205899,0.0945391490580025,0.2697354283048924,False
Escherichia-Shigella,ICAM1,-0.0062118474758314935,0.8960349707347885,0.952040592432602,False
Escherichia-Shigella,VCAM1,0.08609226904949151,0.06961920196263834,0.2233342313529739,False
Escherichia-Shigella,FGFB,0.0790351833618618,0.09587978115873025,0.2717604608001043,False
Escherichia-Shigella,IL22,-0.0429564758356749,0.3659760543024233,0.5963292468286429,False
Escherichia-Shigella,PDGFBB,0.043207006527647605,0.36318444331389343,0.5937433237459969,False
Escherichia-Shigella,VEGF,-0.016086651574176762,0.7350499247024673,0.8665537141493569,False
Escherichia-Shigella,LEPTIN,0.0740275015513234,0.1189112446874075,0.3058266126409352,False
Escherichia-Shigella,PAI1,-0.08489234330361714,0.07361486630023126,0.230233296950406,False
Escherichia-Shigella,CD40L,0.012812546906569711,0.7875204453357985,0.8950841873485215,False
Escherichia-Shigella,ENA78,0.10311698790238753,0.029634779547820015,0.13351903874881613,True
Family XIII UCG-001,IL17F,-0.1304496821661738,0.005853367788160785,0.04627305505668726,True
Family XIII UCG-001,FASL,-0.04467438667203741,0.347101613495998,0.5790908783657643,False
Family XIII UCG-001,TGFA,-0.0608475370747287,0.20013841318536538,0.4209439891575276,False
Family XIII UCG-001,MIP1A,0.15070640328777693,0.0014304148709924362,0.01780433055333767,True
Family XIII UCG-001,SDF1A,-0.053402661996576055,0.2609433808300362,0.4912635033962396,False
Family XIII UCG-001,IL27,-0.13049249439141145,0.005837063436669511,0.046208282461275285,True
Family XIII UCG-001,LIF,-0.2277730737708384,1.2018605097401548e-06,0.0001391563627309776,True
Family XIII UCG-001,IL1B,-0.19783976634103934,2.6303574032704547e-05,0.0011929089055212657,True
Family XIII UCG-001,IL2,-0.09478797612654172,0.04566983745563652,0.1727602677043994,True
Family XIII UCG-001,IL4,0.0018344581606912205,0.9692179713062561,0.9852324819154693,False
Family XIII UCG-001,IL5,-0.13731562145101736,0.003704470666556199,0.03399888055577525,True
Family XIII UCG-001,IP10,0.1587889148065279,0.0007749617121392213,0.012145584353367954,True
Family XIII UCG-001,IL6,-0.027234668520063524,0.5666403880993327,0.7613985797123665,False
Family XIII UCG-001,IL7,0.08593428387768005,0.07013491240337402,0.22418611104813915,False
Family XIII UCG-001,IL8,-0.05447733290400436,0.2514559803634289,0.48123724605371426,False
Family XIII UCG-001,IL10,0.013915031197083498,0.7697312389485629,0.8856221467734515,False
Family XIII UCG-001,IFNB,-0.06118749952834912,0.1976315642091471,0.4182593301789979,False
Family XIII UCG-001,EOTAXIN,-0.2625745421176093,1.8833453580552477e-08,6.775357411418191e-06,True
Family XIII UCG-001,IL12P70,-0.05645949590998137,0.2345920763008668,0.46256342882503715,False
Family XIII UCG-001,IL13,-0.15258414025511197,0.0012438132489364438,0.016348681344020618,True
Family XIII UCG-001,IL17A,-0.19556577673281708,3.26656114509816e-05,0.0013530151163183891,True
Family XIII UCG-001,IL31,-0.1346248339852645,0.004442708466780873,0.038549418842461276,True
Family XIII UCG-001,IL1RA,-0.11421778135036333,0.015928778822077654,0.09040063421303483,True
Family XIII UCG-001,SCF,-0.14522042809010274,0.002132664013015218,0.023179494862518215,True
Family XIII UCG-001,RANTES,-0.029749345278409892,0.531356540531235,0.7368283551212428,False
Family XIII UCG-001,IFNG,-0.14755393007902218,0.0018023869225594086,0.02066038404952401,True
Family XIII UCG-001,GMCSF,-0.18976082864800814,5.615527314062105e-05,0.00203085730121885,True
Family XIII UCG-001,TNFA,-0.1693586439902816,0.0003325458886041139,0.006668914777405402,True
Family XIII UCG-001,HGF,-0.13096021236365485,0.005661580138007463,0.04530183198090713,True
Family XIII UCG-001,MIP1B,-0.013791262710222473,0.7717224963426783,0.8864647365353208,False
Family XIII UCG-001,IFNA,-0.10395853944403197,0.028322934869027337,0.12962279105797192,True
Family XIII UCG-001,TGFB,-0.19251984256797372,4.3493371180675536e-05,0.0016618513686011607,True
Family XIII UCG-001,MCP1,-0.15068695830508758,0.0014324751510124266,0.01780749059102207,True
Family XIII UCG-001,IL9,-0.09833989408687735,0.03810938852746603,0.1555620505605632,True
Family XIII UCG-001,VEGFD,-0.10031632291305813,0.034382053664287655,0.1460940883717878,True
Family XIII UCG-001,TNFB,-0.04308527497695349,0.3645392097427621,0.5947745001066118,False
Family XIII UCG-001,NGF,-0.19603310904631416,3.124961711984598e-05,0.0013252809339001543,True
Family XIII UCG-001,EGF,-0.07457198992195847,0.1162149018975471,0.302361177858543,False
Family XIII UCG-001,BDNF,-0.12318610238453648,0.009289315866386963,0.06276495943169479,True
Family XIII UCG-001,TRAIL,0.030438058262826063,0.5218904954399826,0.7311065090304601,False
Family XIII UCG-001,GCSF,-0.028036188757506988,0.5552734113695195,0.7529415803687377,False
Family XIII UCG-001,GROA,-0.12033576561243653,0.011066744668312048,0.07061227763121046,True
Family XIII UCG-001,IL1A,0.0222953871378237,0.6390287671340664,0.8060838882159471,False
Family XIII UCG-001,IL23,-0.06897542299455159,0.1463136756575097,0.3483120537627941,False
Family XIII UCG-001,IL12P40,-0.038988090435439215,0.4119576872880627,0.6389310455627839,False
Family XIII UCG-001,IL15,-0.2371665899075737,4.162904633924485e-07,6.353368026868763e-05,True
Family XIII UCG-001,IL18,-0.05416471635524279,0.2541907422302268,0.48430853051905215,False
Family XIII UCG-001,MCSF,-0.062139548882060525,0.19073325056860924,0.4091944252677584,False
Family XIII UCG-001,MCP3,0.021185648418593,0.6558105151971566,0.8170636873077131,False
Family XIII UCG-001,MIG,0.03637693842204036,0.4439932701820093,0.6668015931526886,False
Family XIII UCG-001,RESISTIN,-0.1144859721610152,0.01568168179609058,0.0892552073590421,True
Family XIII UCG-001,IL21,0.057065352277144946,0.2296006199873136,0.4567460402820283,False
Family XIII UCG-001,ICAM1,0.2369402565873411,4.272872558320325e-07,6.382117830291177e-05,True
Family XIII UCG-001,VCAM1,0.03573656644556695,0.45206093186288354,0.6738901620049186,False
Family XIII UCG-001,FGFB,-0.010493585108955468,0.825290298676193,0.916577971704251,False
Family XIII UCG-001,IL22,-0.17468160670988037,0.00021301643268274235,0.005155124518634727,True
Family XIII UCG-001,PDGFBB,-0.17988649165454862,0.00013607097281281255,0.003855923171556379,True
Family XIII UCG-001,VEGF,-0.0500561968241821,0.2920535950438436,0.5233710852467206,False
Family XIII UCG-001,LEPTIN,-0.17710944845846044,0.0001731004929727865,0.0045871630637788425,True
Family XIII UCG-001,PAI1,-0.018996678509064585,0.6894185088041594,0.8379099568230063,False
Family XIII UCG-001,CD40L,0.01700073647888277,0.7206066899295965,0.8572395013913798,False
Family XIII UCG-001,ENA78,-0.2023415623920277,1.700574083341892e-05,0.0008891113067024125,True
Ferritrophicum,IL17F,0.05264574853904088,0.26777185892294386,0.4989971616753082,False
Ferritrophicum,FASL,0.03008594667318961,0.5267192894531554,0.7341154751066317,False
Ferritrophicum,TGFA,-0.020657481458406873,0.6638594972076323,0.8217406384599124,False
Ferritrophicum,MIP1A,0.00874199789847056,0.8540938833680043,0.9321030362567065,False
Ferritrophicum,SDF1A,0.09247493243668814,0.051241344894793116,0.18557574503044472,True
Ferritrophicum,IL27,-0.0027529263420998117,0.953820463616051,0.9784468453004149,False
Ferritrophicum,LIF,-0.07465562730903275,0.11580499990150965,0.30179310053031105,False
Ferritrophicum,IL1B,0.05472243720786733,0.24932616917104103,0.47858391526930216,False
Ferritrophicum,IL2,0.020357076119169246,0.668454892670284,0.82432178283008,False
Ferritrophicum,IL4,0.09166918568697044,0.053310771853308694,0.1905062787484331,False
Ferritrophicum,IL5,0.04566091123097862,0.33654708385863397,0.5684447230635439,False
Ferritrophicum,IP10,0.025847698764389665,0.5865687429006319,0.7724278209343346,False
Ferritrophicum,IL6,0.05144547189375541,0.27884915459774884,0.5094288566275146,False
Ferritrophicum,IL7,0.04318839585036057,0.3633913603982476,0.5938758175119959,False
Ferritrophicum,IL8,0.06457613286907851,0.17388588090453713,0.38797341698434057,False
Ferritrophicum,IL10,0.0262371254337344,0.5809407543037022,0.7689795058413871,False
Ferritrophicum,IFNB,-0.03803704424228244,0.4234644905256002,0.6481156571341976,False
Ferritrophicum,EOTAXIN,0.015665960077312104,0.7417290378220889,0.8698243308236129,False
Ferritrophicum,IL12P70,0.020344649710600463,0.6686452518022278,0.8244137698070665,False
Ferritrophicum,IL13,0.05750635764474783,0.22601498857572222,0.45258089729422496,False
Ferritrophicum,IL17A,0.10822122923236746,0.022417547208873706,0.11200820090475265,True
Ferritrophicum,IL31,0.01873345867401923,0.6935029074671608,0.8405867586947157,False
Ferritrophicum,IL1RA,-0.022167021962750052,0.6409607540102633,0.8073845020487064,False
Ferritrophicum,SCF,0.0790085416236253,0.09599213903027864,0.2718130983311983,False
Ferritrophicum,RANTES,-0.00255719821986817,0.957100470084275,0.9799643159628981,False
Ferritrophicum,IFNG,0.017301634257659067,0.7158736364338103,0.8545586681653257,False
Ferritrophicum,GMCSF,-0.002957401811849449,0.9503947025527031,0.9772043232737821,False
Ferritrophicum,TNFA,0.10188145404293061,0.031654962628482934,0.1391858258660057,True
Ferritrophicum,HGF,-0.013608333860231733,0.7746683019319653,0.8876733764192946,False
Ferritrophicum,MIP1B,0.14665594272403665,0.0019235021106718518,0.02169551922998068,True
Ferritrophicum,IFNA,0.05627780996891682,0.2361037479485589,0.4640172941142133,False
Ferritrophicum,TGFB,0.007184160054744965,0.8798765445917656,0.944757975883414,False
Ferritrophicum,MCP1,0.01482892224377367,0.755075653486469,0.8767415538362322,False
Ferritrophicum,IL9,0.08490056203648286,0.07358687602717515,0.2302187952636917,False
Ferritrophicum,VEGFD,-0.0018133373097208169,0.9695722048499655,0.9852950574446646,False
Ferritrophicum,TNFB,0.10798060690079177,0.022719952364421158,0.11306072206383835,True
Ferritrophicum,NGF,0.02477728888282716,0.6021665626791752,0.7826684351031851,False
Ferritrophicum,EGF,0.09235663010963333,0.05154092028244956,0.1864135039613862,True
Ferritrophicum,BDNF,0.07246619808421606,0.12691429043976596,0.3184647281098039,False
Ferritrophicum,TRAIL,0.07583545571215151,0.1101426328090241,0.292822439300072,False
Ferritrophicum,GCSF,0.07521655194712143,0.11308514116949475,0.2973410558197876,False
Ferritrophicum,GROA,0.06766515183353501,0.1541523359387355,0.35976177265247505,False
Ferritrophicum,IL1A,0.07753078282759818,0.10239059171667309,0.28061341482984803,False
Ferritrophicum,IL23,0.015193751896103053,0.7492491962817771,0.8741771284471821,False
Ferritrophicum,IL12P40,-0.024927678092812624,0.599963899248112,0.7814166134504522,False
Ferritrophicum,IL15,0.04805015535686211,0.3118477631837534,0.5438166017097896,False
Ferritrophicum,IL18,-0.07862702700909341,0.09761267298292424,0.2739871531301238,False
Ferritrophicum,MCSF,0.05046873135584664,0.2880896615827644,0.5192883313005836,False
Ferritrophicum,MCP3,0.12868621391577645,0.006561548011899643,0.049407310394797135,True
Ferritrophicum,MIG,0.01600288968500639,0.7363781985960316,0.8674137463531278,False
Ferritrophicum,RESISTIN,-0.06882503666988996,0.1471976056178132,0.349252061848457,False
Ferritrophicum,IL21,0.017272166157350763,0.7163366860123481,0.8546739308575013,False
Ferritrophicum,ICAM1,0.03894776347753753,0.4124418232525483,0.6391012416508873,False
Ferritrophicum,VCAM1,0.010290344495244257,0.8286212236507594,0.918412732549473,False
Ferritrophicum,FGFB,0.06039891774215549,0.20348179193326724,0.42526915191958825,False
Ferritrophicum,IL22,0.06312186369094122,0.18380253269510935,0.40051097988979756,False
Ferritrophicum,PDGFBB,-0.040181288434517584,0.39778558777287687,0.627405965444565,False
Ferritrophicum,VEGF,0.11751049737067468,0.013119310515065223,0.0788188190253889,True
Ferritrophicum,LEPTIN,0.023082540638700397,0.6272352715305667,0.7993438127088748,False
Ferritrophicum,PAI1,0.11315443046800432,0.016942389082153154,0.09335834073329558,True
Ferritrophicum,CD40L,-0.005914436426157945,0.9009864254066123,0.9536227896043342,False
Ferritrophicum,ENA78,0.11163866812149671,0.018484615971932163,0.09834548613201985,True
Finegoldia,IL17F,-0.017145044537113137,0.7183354125552297,0.8558557525948096,False
Finegoldia,FASL,-0.03137434152254154,0.509161762577544,0.7204416040604893,False
Finegoldia,TGFA,0.022131551923169866,0.6414950317018984,0.8077478633947265,False
Finegoldia,MIP1A,-0.00023306819641925622,0.9960881866985586,0.997504809475253,False
Finegoldia,SDF1A,-0.060149760071355876,0.2053560750165571,0.4268275282625554,False
Finegoldia,IL27,0.04452324366487775,0.348736996583755,0.5808613812888818,False
Finegoldia,LIF,0.17319602764307868,0.0002415293165702077,0.005538166200627736,True
Finegoldia,IL1B,0.03888837596686129,0.4131553979236331,0.6394859338563629,False
Finegoldia,IL2,-0.009392378632500415,0.8433740517051922,0.9272787644110846,False
Finegoldia,IL4,-0.09646259449309104,0.04196142882765367,0.16467188112380965,True
Finegoldia,IL5,0.01677307636036008,0.724194846103596,0.8592024061727344,False
Finegoldia,IP10,-0.06153582389369956,0.1950868861098348,0.41501219751203094,False
Finegoldia,IL6,0.02168991710226389,0.6481627072942351,0.8128960785728527,False
Finegoldia,IL7,0.04705719020413725,0.3219643535837687,0.5534306185926402,False
Finegoldia,IL8,-0.07387856580930398,0.11965723247859388,0.3069514135353308,False
Finegoldia,IL10,-0.019871437493242664,0.6759100530347337,0.8279113375435038,False
Finegoldia,IFNB,0.07766436987437611,0.10179862261122459,0.28006748134831944,False
Finegoldia,EOTAXIN,0.010582737941152767,0.823830151289072,0.9159801046522402,False
Finegoldia,IL12P70,-0.048332407776030574,0.309010638653546,0.5403985942605387,False
Finegoldia,IL13,-0.07260071602734983,0.1262087304621085,0.3174701875211701,False
Finegoldia,IL17A,-0.025396819344699863,0.5931161255789357,0.7760725459544532,False
Finegoldia,IL31,0.08143026298595064,0.08620008453658805,0.25611336810348206,False
Finegoldia,IL1RA,0.11035833962716508,0.01988129954064875,0.10309829083204385,True
Finegoldia,SCF,-0.09853746530474077,0.03772200019770348,0.15500770235471484,True
Finegoldia,RANTES,-0.023614030498318804,0.619325353611347,0.7947523570267457,False
Finegoldia,IFNG,-0.020826210198476004,0.6612839011374313,0.8201317303498544,False
Finegoldia,GMCSF,0.051822144637308866,0.2753399056587474,0.5056852795299122,False
Finegoldia,TNFA,-0.016679619406098804,0.7256695786570231,0.8599171422527868,False
Finegoldia,HGF,0.05784137666290099,0.2233178375865956,0.4499217745613447,False
Finegoldia,MIP1B,-0.15432972379049562,0.0010907050455194883,0.014975167602689576,True
Finegoldia,IFNA,-0.031015277056406675,0.5140239962258826,0.7252306115853776,False
Finegoldia,TGFB,0.09006710600198652,0.05763237675853434,0.1989285609543528,False
Finegoldia,MCP1,0.007924750244643088,0.8676020037447348,0.9384334856582923,False
Finegoldia,IL9,-0.03403294419887011,0.4739209879036643,0.6927510526029541,False
Finegoldia,VEGFD,0.15477513463337667,0.001054522560063824,0.01472448073244926,True
Finegoldia,TNFB,-0.1419122040343328,0.0026960737774488395,0.026927958761996613,True
Finegoldia,NGF,0.03153757250195452,0.5069593527227614,0.7187710527266428,False
Finegoldia,EGF,-0.07759518606349405,0.10210485944491425,0.2803759622306308,False
Finegoldia,BDNF,-0.09615995774703127,0.042612158951296594,0.1665753974532329,True
Finegoldia,TRAIL,-0.047840144293510585,0.3139698056863518,0.545586875454972,False
Finegoldia,GCSF,-0.06633515950507611,0.16243013319248037,0.3715231875240478,False
Finegoldia,GROA,-0.0319919883530566,0.5008544788018595,0.713294344413281,False
Finegoldia,IL1A,-0.04550751833628518,0.3381745401821601,0.5696726960211439,False
Finegoldia,IL23,0.02941056514125432,0.536044548669379,0.7397415806655765,False
Finegoldia,IL12P40,-0.1311821723597,0.005579974264129988,0.04490398881289259,True
Finegoldia,IL15,0.056865853063168915,0.23123584579850764,0.45819557143350514,False
Finegoldia,IL18,0.0983805375953397,0.03802942236978289,0.1555620505605632,True
Finegoldia,MCSF,-0.053741075908020075,0.25792955146772495,0.4882375789755305,False
Finegoldia,MCP3,-0.10991937792622626,0.02038085121493451,0.10480669341514053,True
Finegoldia,MIG,-0.045771342108843684,0.3353785564461682,0.5670946499907935,False
Finegoldia,RESISTIN,0.13756979705044414,0.003640829324767679,0.03360608191344549,True
Finegoldia,IL21,0.03072344345876312,0.5179934889704454,0.7279229956194798,False
Finegoldia,ICAM1,-0.06971210968454239,0.14204201190278906,0.3422757646877767,False
Finegoldia,VCAM1,-0.08809801877913782,0.0633375717554208,0.21065512225537728,False
Finegoldia,FGFB,-0.06189163015581553,0.19251235917816084,0.4113997044826164,False
Finegoldia,IL22,-0.1305972434543216,0.005797343345763677,0.04597764336487396,True
Finegoldia,PDGFBB,0.011778566704452662,0.8043054954476203,0.9041901669657476,False
Finegoldia,VEGF,-0.03295216723238351,0.4880837128171306,0.7048826898551529,False
Finegoldia,LEPTIN,0.022904421165676633,0.6298957840463102,0.8002980589159074,False
Finegoldia,PAI1,-0.11538950204054392,0.01487377669578036,0.08594706369695358,True
Finegoldia,CD40L,0.03826987074188112,0.4206303055268361,0.6463871476046065,False
Finegoldia,ENA78,-0.04486873394601866,0.34500591633655475,0.5777457400498012,False
Frederiksenia,IL17F,0.025153146533274797,0.5966684197887823,0.7787577495402906,False
Frederiksenia,FASL,0.11705470978767735,0.013480137678680304,0.08014909362872764,True
Frederiksenia,TGFA,0.0872694790415579,0.06587339302030013,0.2161121510483734,False
Frederiksenia,MIP1A,-0.035830677556088486,0.4508701311688672,0.6725189518932808,False
Frederiksenia,SDF1A,0.05770973901429019,0.22437486814997762,0.4506759308776466,False
Frederiksenia,IL27,0.08084354168874265,0.08849533490051166,0.2597936305685658,False
Frederiksenia,LIF,0.11021328939901184,0.020045179554651373,0.10335009416828098,True
Frederiksenia,IL1B,0.051904551447885076,0.2745761898099726,0.5047123026564815,False
Frederiksenia,IL2,0.11556359736941499,0.014722376936334923,0.0853321219635443,True
Frederiksenia,IL4,0.10195861534583672,0.03152543919817694,0.13872015019908537,True
Frederiksenia,IL5,0.1257090802093865,0.007932796444471474,0.05577064176221193,True
Frederiksenia,IP10,0.037642538225949006,0.4282921323747688,0.6525662814452042,False
Frederiksenia,IL6,0.08580613975537874,0.07055550389393953,0.2247289684608904,False
Frederiksenia,IL7,0.05527030970660044,0.24461100761841334,0.47281868884359196,False
Frederiksenia,IL8,0.09571445122037608,0.04358554892039608,0.1679696408355217,True
Frederiksenia,IL10,0.04014099007123205,0.3982593969680017,0.627664450089618,False
Frederiksenia,IFNB,0.03905217976380563,0.4111889692029177,0.6387433733984418,False
Frederiksenia,EOTAXIN,0.046388214953764814,0.3288990729068624,0.5601739911395731,False
Frederiksenia,IL12P70,0.08241492020399781,0.08245602482880136,0.24911170479997666,False
Frederiksenia,IL13,0.1095045201833352,0.020862965510475423,0.1062330134309229,True
Frederiksenia,IL17A,0.06343315162094502,0.18164550800317616,0.39765965309689333,False
Frederiksenia,IL31,0.15116660096938833,0.0013824425652529376,0.017494375877103285,True
Frederiksenia,IL1RA,0.08845523672228481,0.062269354239971,0.20850927109294637,False
Frederiksenia,SCF,0.029125887361683707,0.539999875655228,0.7422819899408158,False
Frederiksenia,RANTES,0.1151728524236485,0.015064091336322485,0.08669107553617458,True
Frederiksenia,IFNG,0.12692899193218546,0.0073426610316980195,0.05345934449813817,True
Frederiksenia,GMCSF,0.0728072779662721,0.12513122419665051,0.31596916191869384,False
Frederiksenia,TNFA,0.14129888444940195,0.002814340813993919,0.0277993704853227,True
Frederiksenia,HGF,0.04205073346645583,0.37617944189942165,0.606241121177783,False
Frederiksenia,MIP1B,0.06808246541746078,0.15162198796287885,0.3559632191802952,False
Frederiksenia,IFNA,0.10622173894454658,0.025039648110018325,0.12005704502953037,True
Frederiksenia,TGFB,0.13772737028911983,0.00360187483346115,0.03337587895024552,True
Frederiksenia,MCP1,-0.022408395799978977,0.6373299243140793,0.8050676519311583,False
Frederiksenia,IL9,0.09189803245105282,0.05271606229066697,0.18924797598739804,True
Frederiksenia,VEGFD,-0.007227679812412677,0.8791544223914936,0.9445443013512013,False
Frederiksenia,TNFB,0.1184906171723362,0.012372097633655878,0.07584748692527388,True
Frederiksenia,NGF,0.10458758288399403,0.027375213462463393,0.12645963182425685,True
Frederiksenia,EGF,-0.028243301481889645,0.5523543399213597,0.7515678513381316,False
Frederiksenia,BDNF,0.038013714171559326,0.42374909890910384,0.6481933300081874,False
Frederiksenia,TRAIL,0.06998814236938948,0.1404662586606357,0.34013920655924995,False
Frederiksenia,GCSF,0.07328725024941557,0.12265510809225504,0.3121957282658018,False
Frederiksenia,GROA,0.10460783866135695,0.02734515466768983,0.12637999752184076,True
Frederiksenia,IL1A,0.044262791793465865,0.3515665387326995,0.5838992682108309,False
Frederiksenia,IL23,0.09997974357230079,0.03499395564556731,0.14805597199742598,True
Frederiksenia,IL12P40,0.07070106034911608,0.1364585133324098,0.33363294256718645,False
Frederiksenia,IL15,0.07816339723073092,0.09961124860743494,0.2768557785811521,False
Frederiksenia,IL18,0.12657199021461135,0.007511161035574666,0.054166075704970784,True
Frederiksenia,MCSF,0.1317883318731722,0.00536247499856661,0.043833564291765874,True
Frederiksenia,MCP3,0.11058270611797652,0.01963010296333152,0.10211797098286127,True
Frederiksenia,MIG,0.020827791905399205,0.6612597756684155,0.8201317303498544,False
Frederiksenia,RESISTIN,0.09355551277331055,0.04857166317992504,0.1800948445201847,True
Frederiksenia,IL21,0.008771308063847056,0.8536101880408863,0.9318993309842135,False
Frederiksenia,ICAM1,0.017836388031845653,0.7074889792770528,0.8496115816070899,False
Frederiksenia,VCAM1,0.13145443239676152,0.005481320396192529,0.04443832484963604,True
Frederiksenia,FGFB,0.10382416402219037,0.028528998167717146,0.13020317774877574,True
Frederiksenia,IL22,0.041979404632817456,0.3769903418665371,0.6072354827349921,False
Frederiksenia,PDGFBB,0.058449781457994066,0.21847856536785457,0.4437086315196354,False
Frederiksenia,VEGF,-0.029019581088374442,0.5414806237299836,0.7426370015213548,False
Frederiksenia,LEPTIN,0.08245072785398772,0.0823223858718458,0.2490132187556477,False
Frederiksenia,PAI1,0.013631308378189,0.774298151892043,0.8876561279851519,False
Frederiksenia,CD40L,-0.055783994247072026,0.2402470694330236,0.46911008892487727,False
Frederiksenia,ENA78,0.05163815745798815,0.27705024075509255,0.5076112009437457,False
Fusobacterium,IL17F,0.0678128879560865,0.1532529177030602,0.3583413810998025,False
Fusobacterium,FASL,-0.027989053755916496,0.5559387853269242,0.7534292749179019,False
Fusobacterium,TGFA,-0.047711975257544635,0.31526952188671936,0.5464967376049374,False
Fusobacterium,MIP1A,0.15442153621246987,0.0010831544342366484,0.014913039682548715,True
Fusobacterium,SDF1A,0.08337306016173085,0.07894001731881832,0.2421252926972343,False
Fusobacterium,IL27,-0.0677459146639355,0.15366015732954988,0.35877301814873047,False
Fusobacterium,LIF,-0.03469034059256294,0.46541768941898987,0.6865311360605121,False
Fusobacterium,IL1B,-0.032293812416491055,0.4968211727388505,0.7109396314210463,False
Fusobacterium,IL2,0.02755030550725898,0.5621508422212569,0.7579924774472918,False
Fusobacterium,IL4,-0.06333674131279991,0.1823115587950691,0.3982334027480149,False
Fusobacterium,IL5,0.02735705504300785,0.5648975582682111,0.7602402907041673,False
Fusobacterium,IP10,0.06354137147457696,0.18090001643932785,0.39673244984625006,False
Fusobacterium,IL6,-0.05229795538019028,0.2709501492521258,0.5020726637833564,False
Fusobacterium,IL7,-0.0012192625922752382,0.9795380680505869,0.9898807047506597,False
Fusobacterium,IL8,-0.0506656517807097,0.2862103150728765,0.5175094068210595,False
Fusobacterium,IL10,-0.035731016100157095,0.4521312164232635,0.6738901620049186,False
Fusobacterium,IFNB,-0.02016414977674444,0.6714127042523153,0.8256969109929295,False
Fusobacterium,EOTAXIN,-0.04087201744303629,0.38971706824692365,0.6200501708809188,False
Fusobacterium,IL12P70,0.0284276839732666,0.5497619627556585,0.7492815469162563,False
Fusobacterium,IL13,-0.008947889184704627,0.8506972987480519,0.9302466967341426,False
Fusobacterium,IL17A,0.026204896246282985,0.581405572637242,0.7689795058413871,False
Fusobacterium,IL31,-0.1886997041788795,6.189450083431966e-05,0.002210710105886678,True
Fusobacterium,IL1RA,-0.05230486248905815,0.2708867792914197,0.5020726637833564,False
Fusobacterium,SCF,0.0009662464993539743,0.9837835805271058,0.9923399710259091,False
Fusobacterium,RANTES,0.0031222643334205286,0.9476332749649401,0.9759527143611577,False
Fusobacterium,IFNG,-0.04843609199125789,0.3079727170123569,0.5395411395508948,False
Fusobacterium,GMCSF,-0.0050992950014094275,0.9145764577563612,0.9593721234215792,False
Fusobacterium,TNFA,0.009422998699705804,0.8428700555507435,0.9270461242296306,False
Fusobacterium,HGF,0.007223661105661431,0.879221100498683,0.9445443013512013,False
Fusobacterium,MIP1B,0.06758875552053795,0.1546190024641009,0.36031847358539576,False
Fusobacterium,IFNA,-0.030866367122063726,0.516047482659189,0.7267291972061849,False
Fusobacterium,TGFB,-0.08348260757116835,0.07854588121020238,0.24144225038047243,False
Fusobacterium,MCP1,0.040788336606579635,0.3906892435285422,0.6207953840593761,False
Fusobacterium,IL9,-0.08124593635138685,0.08691594823826235,0.2573798190846471,False
Fusobacterium,VEGFD,-0.025094826231901998,0.5975200501834923,0.7795596419678226,False
Fusobacterium,TNFB,-0.018620564982477893,0.6952574176341915,0.8409628985322527,False
Fusobacterium,NGF,0.014994504484598586,0.7524295033491509,0.875408391151076,False
Fusobacterium,EGF,0.0013364404825580575,0.9775720566475993,0.9889536272874866,False
Fusobacterium,BDNF,0.09603338131640014,0.042886835349435375,0.16693955932322843,True
Fusobacterium,TRAIL,0.07132356420724772,0.13303148528634098,0.3283404046633983,False
Fusobacterium,GCSF,0.04866783539318181,0.30566119095082717,0.5376887973578255,False
Fusobacterium,GROA,-0.07557521170522132,0.11137250350752431,0.2947409770676979,False
Fusobacterium,IL1A,0.0461692027377467,0.33119020469615224,0.5626270507027942,False
Fusobacterium,IL23,-0.07448523987311789,0.11664125837495994,0.30267554246350337,False
Fusobacterium,IL12P40,0.0752262904423031,0.11303836724570156,0.2973410558197876,False
Fusobacterium,IL15,-0.057080948134336604,0.22947313256296495,0.4567224188987903,False
Fusobacterium,IL18,-0.06198720595668386,0.19182505586340573,0.41046931568276473,False
Fusobacterium,MCSF,-0.03520214779134149,0.45885650133722633,0.6795984660730735,False
Fusobacterium,MCP3,0.050151410692036776,0.2911354846832836,0.5223905365867872,False
Fusobacterium,MIG,0.09044958805548214,0.056575109728500675,0.1966563581465302,False
Fusobacterium,RESISTIN,0.0012367587103433862,0.979244509911567,0.9897258443760318,False
Fusobacterium,IL21,0.020119244470527195,0.6721018913533532,0.8261322250575256,False
Fusobacterium,ICAM1,0.00020242702720149762,0.9966024643156499,0.9978170925476008,False
Fusobacterium,VCAM1,0.004560360501137909,0.9235755072905178,0.9633355961081153,False
Fusobacterium,FGFB,0.0502265078580887,0.29041271769019983,0.5213783593134201,False
Fusobacterium,IL22,-0.009377840889864498,0.8436133605235352,0.9273019971149433,False
Fusobacterium,PDGFBB,0.02770903578711501,0.5598995906325032,0.7566127710014005,False
Fusobacterium,VEGF,0.06307600723454397,0.18412187944350678,0.4005446241793268,False
Fusobacterium,LEPTIN,0.019840439404946744,0.6763869992001881,0.8281981167700229,False
Fusobacterium,PAI1,0.17483719029456452,0.0002102198912369661,0.005129573484688148,True
Fusobacterium,CD40L,-0.029336800307189295,0.5370680439666096,0.7403743221119895,False
Fusobacterium,ENA78,-0.006961024459080085,0.8835805791021927,0.9467757987814582,False
Gallibacterium,IL17F,0.0025971707425334824,0.9564305510137512,0.9796900094227479,False
Gallibacterium,FASL,0.08178699454745568,0.08482814277925275,0.25363464160607935,False
Gallibacterium,TGFA,0.07019296270314804,0.13930571187583432,0.3381582607308495,False
Gallibacterium,MIP1A,-0.039903413217443374,0.4010595942243491,0.6300630246794635,False
Gallibacterium,SDF1A,0.07916593712637446,0.09532986531190077,0.270824729753521,False
Gallibacterium,IL27,0.06036984784111809,0.2036998278467304,0.42534905802013734,False
Gallibacterium,LIF,0.07045478988521535,0.1378328850813441,0.33591015602766133,False
Gallibacterium,IL1B,0.04786865050148868,0.31368121266663196,0.5453307196416517,False
Gallibacterium,IL2,0.11478036578360608,0.015414318062249875,0.08839694441981341,True
Gallibacterium,IL4,0.05563435930501607,0.24151259068369904,0.46986186851912326,False
Gallibacterium,IL5,0.12500367681938354,0.008293031076184568,0.05737031603440525,True
Gallibacterium,IP10,0.006461397005008406,0.891883443234906,0.9504039545356938,False
Gallibacterium,IL6,0.07599093631663478,0.1094129754801546,0.29174820456677414,False
Gallibacterium,IL7,-0.013485288027758547,0.776651600815429,0.8887093999812536,False
Gallibacterium,IL8,0.08222462296028318,0.08316918344416072,0.25103545939759225,False
Gallibacterium,IL10,-0.04227918196558832,0.3735895600361121,0.6043087632431822,False
Gallibacterium,IFNB,0.020442973303516014,0.667139622289415,0.8234183374178887,False
Gallibacterium,EOTAXIN,0.014788774710025607,0.7557176794804794,0.8770657634708208,False
Gallibacterium,IL12P70,0.03636337267571634,0.44416332303296235,0.6669553752412708,False
Gallibacterium,IL13,0.06846262453479401,0.14934447876724766,0.3522165287663899,False
Gallibacterium,IL17A,0.09784682367232247,0.039090909460079634,0.15832300142048686,True
Gallibacterium,IL31,0.12362626908270533,0.009038741014854504,0.06145097167202463,True
Gallibacterium,IL1RA,0.07997966274696501,0.09196391060658853,0.26547005293111264,False
Gallibacterium,SCF,0.004880664880571646,0.9182258619176564,0.9611245006141704,False
Gallibacterium,RANTES,0.1331655679118734,0.004896403524863942,0.041044851996691105,True
Gallibacterium,IFNG,0.04790874015095136,0.3132756448846223,0.5451493922811309,False
Gallibacterium,GMCSF,0.11878087011868874,0.012158150321341885,0.07505012264733144,True
Gallibacterium,TNFA,0.16975682667579228,0.00032179351013842793,0.006540701902978604,True
Gallibacterium,HGF,0.03938853532172997,0.40716849530825805,0.6352060494934021,False
Gallibacterium,MIP1B,0.10101034860481016,0.033149033602719175,0.1430123296523438,True
Gallibacterium,IFNA,0.09164211502545491,0.053381489001163136,0.1905956966944825,False
Gallibacterium,TGFB,0.09368271084950965,0.04826520661312378,0.17942424492996736,True
Gallibacterium,MCP1,-0.024796463102991863,0.6018855270616746,0.7826684351031851,False
Gallibacterium,IL9,0.05515608691993192,0.2455888610237466,0.4741192613533847,False
Gallibacterium,VEGFD,-0.027934395891131385,0.5567108398293426,0.7542682049254615,False
Gallibacterium,TNFB,0.09599047844035515,0.04298027431007561,0.16694229477885159,True
Gallibacterium,NGF,0.06922248534722047,0.14487030555299707,0.34621369021610787,False
Gallibacterium,EGF,-0.014019211638335865,0.7680562966719926,0.8843408476453557,False
Gallibacterium,BDNF,0.026754812159794066,0.5734983986831816,0.7640221374577739,False
Gallibacterium,TRAIL,0.07313424451796842,0.12344026823915996,0.3130965778045772,False
Gallibacterium,GCSF,0.0611885165749723,0.19762409912292342,0.4182593301789979,False
Gallibacterium,GROA,0.09527566751948474,0.04456247879711735,0.16993998525096027,True
Gallibacterium,IL1A,0.0429110981591981,0.36648311186412064,0.5966623479366641,False
Gallibacterium,IL23,0.09275960316618655,0.05052642697622407,0.1844092991971925,True
Gallibacterium,IL12P40,0.018675519261666468,0.6944031550612836,0.8405867586947157,False
Gallibacterium,IL15,0.07711890264645982,0.10423296740957966,0.28346741450304286,False
Gallibacterium,IL18,0.1184266927828637,0.012419660871373717,0.07595100302109312,True
Gallibacterium,MCSF,0.10576427305924999,0.025675468242014967,0.12174543815766405,True
Gallibacterium,MCP3,-0.00979392976525981,0.8367698061098022,0.9236995735297585,False
Gallibacterium,MIG,0.020483126851637973,0.6665251343723373,0.8232024938836243,False
Gallibacterium,RESISTIN,0.09925111209726035,0.03635040943333298,0.15171140397705188,True
Gallibacterium,IL21,0.03710659385397407,0.43490144527675556,0.6584574672568552,False
Gallibacterium,ICAM1,-0.01585453687787525,0.738732663793181,0.8687136585557889,False
Gallibacterium,VCAM1,0.14596850806788836,0.002021203194365146,0.022400771993890612,True
Gallibacterium,FGFB,0.09177937815567422,0.053023718525230766,0.19007556989880905,False
Gallibacterium,IL22,0.014341771131893697,0.7628772770505594,0.8813978985558708,False
Gallibacterium,PDGFBB,0.02607252797019301,0.5833164404631785,0.7700960900150442,False
Gallibacterium,VEGF,-0.021037296620573832,0.6580673483420512,0.8182679011044325,False
Gallibacterium,LEPTIN,0.14823618655743123,0.0017150827362771672,0.019997300736803652,True
Gallibacterium,PAI1,0.03902401193781273,0.4115267230112639,0.6387703409612722,False
Gallibacterium,CD40L,-0.06373979094322263,0.17953905393134834,0.3945376713453482,False
Gallibacterium,ENA78,0.1132782384151794,0.016821540743485346,0.09302487671917023,True
Gallionella,IL17F,0.05441176200247133,0.2520278909051765,0.4818640319129616,False
Gallionella,FASL,0.02207981396118781,0.6422746814771061,0.808110250159708,False
Gallionella,TGFA,-0.008123695001173636,0.8643099804796034,0.9375620765785023,False
Gallionella,MIP1A,0.01783935160094699,0.7074426093304536,0.8496115816070899,False
Gallionella,SDF1A,0.06288957498695097,0.18542441965873055,0.40253554921730145,False
Gallionella,IL27,-0.029483704264005536,0.5350307023447662,0.7395258764968861,False
Gallionella,LIF,-0.14208248604413853,0.002664050625537326,0.02666214321476849,True
Gallionella,IL1B,-0.015915294029321795,0.7377681076615497,0.8680971598624441,False
Gallionella,IL2,-0.02874472856891766,0.5453184053620768,0.7455181374101154,False
Gallionella,IL4,0.02013832244965771,0.6718090572327843,0.8259782596907942,False
Gallionella,IL5,-0.042275451582876544,0.3736317622202471,0.6043087632431822,False
Gallionella,IP10,0.007916108397486615,0.8677450563517767,0.9384784164032709,False
Gallionella,IL6,-0.01136860266075075,0.8109860632771191,0.9087169899130126,False
Gallionella,IL7,-0.03847884344166601,0.41809596979429864,0.644300464316429,False
Gallionella,IL8,0.0045021700082972654,0.9245477677124084,0.9637508611725624,False
Gallionella,IL10,-0.041715679239170696,0.3799978149205371,0.6097035253070726,False
Gallionella,IFNB,-0.08119654307945605,0.08710858572909652,0.2576037443654417,False
Gallionella,EOTAXIN,-0.006254958764711173,0.8953175616075457,0.952040592432602,False
Gallionella,IL12P70,-0.05241859158365844,0.269844815741866,0.5010456494567698,False
Gallionella,IL13,-0.0007175987468332818,0.9879562405707847,0.9945136954505049,False
Gallionella,IL17A,0.04329448350010399,0.3622128422949811,0.5929415807611962,False
Gallionella,IL31,-0.06391872332815454,0.17831827149916862,0.393411832822886,False
Gallionella,IL1RA,-0.08214174268621649,0.0834813387333084,0.2512084973238566,False
Gallionella,SCF,0.05772885363852219,0.2242211597985611,0.4506759308776466,False
Gallionella,RANTES,-0.026541629930107065,0.576557685753722,0.7658948478857555,False
Gallionella,IFNG,0.014838230483553207,0.7549268232729469,0.8766720018641431,False
Gallionella,GMCSF,0.00027726067545818844,0.9953464684712438,0.9971706785327183,False
Gallionella,TNFA,0.005508443474777622,0.9077517739702365,0.956977824740759,False
Gallionella,HGF,0.002373298000781726,0.9601829256518735,0.981740867523234,False
Gallionella,MIP1B,0.13167360744080753,0.005403044969945142,0.044055597447245,True
Gallionella,IFNA,-0.000539398491021889,0.9909469008348177,0.9957955706859972,False
Gallionella,TGFB,-0.04138775059127966,0.38375788383850074,0.6135396073434869,False
Gallionella,MCP1,0.03246397506545827,0.4945549000294456,0.709075690061183,False
Gallionella,IL9,0.023941086951105816,0.6144795873403612,0.7916148383491288,False
Gallionella,VEGFD,-0.08505574674329593,0.07305999462240467,0.22929813020938083,False
Gallionella,TNFB,0.035895215150353155,0.4500545521873064,0.6722551851476181,False
Gallionella,NGF,-0.07635229164551392,0.10773187737869461,0.2891312397394515,False
Gallionella,EGF,0.08851174231619686,0.062101749486377616,0.20837271832427182,False
Gallionella,BDNF,0.07409732501923451,0.11856276690561635,0.3056225444116556,False
Gallionella,TRAIL,0.046581458315095865,0.32688603804172467,0.5582887323311368,False
Gallionella,GCSF,-0.016993651586851,0.7207182631613925,0.8572395013913798,False
Gallionella,GROA,-0.038367453577254115,0.4194457436175799,0.6454992605526713,False
Gallionella,IL1A,0.05193555283811455,0.2742892539793177,0.5044104572316016,False
Gallionella,IL23,-0.004856913008760287,0.9186224362486043,0.9612334122214988,False
Gallionella,IL12P40,0.016215004976935583,0.7330160629912625,0.865190654809371,False
Gallionella,IL15,-0.026849162253217738,0.5721468734678806,0.763911725157092,False
Gallionella,IL18,-0.08828858843010436,0.0627658331466433,0.2095630239713491,False
Gallionella,MCSF,-0.008265563765429492,0.86196384735633,0.9363658121234495,False
Gallionella,MCP3,0.06553589932732781,0.1675629723775403,0.37942205773899335,False
Gallionella,MIG,-0.005939854858745278,0.9005630931884451,0.9535365546979487,False
Gallionella,RESISTIN,-0.08800242258725706,0.06362598660015543,0.2114908135986995,False
Gallionella,IL21,0.00465749982915309,0.9219527347938272,0.9627764893641472,False
Gallionella,ICAM1,0.0124069451875555,0.7940935038692798,0.8991699702668688,False
Gallionella,VCAM1,0.028504483029037932,0.5486839506897442,0.7484207904476522,False
Gallionella,FGFB,-0.000897002843477506,0.9849455472070334,0.9926577763885098,False
Gallionella,IL22,0.002050964374388285,0.9655871455226308,0.9831386539192881,False
Gallionella,PDGFBB,-0.006020592082200705,0.8992186396633396,0.953039572123801,False
Gallionella,VEGF,0.07070913399424895,0.13641363551186142,0.33363294256718645,False
Gallionella,LEPTIN,0.0481079861561214,0.3112650742304762,0.5431536119179339,False
Gallionella,PAI1,0.0506456896127937,0.28640045087736005,0.5177220144989005,False
Gallionella,CD40L,-0.060138523939447526,0.20544089228522278,0.4268275282625554,False
Gallionella,ENA78,0.06837838803958379,0.1498468768261832,0.35282253943097847,False
Gemella,IL17F,0.12141916207359113,0.010358470274340875,0.06780464805076516,True
Gemella,FASL,0.11983522411323147,0.011408217991560764,0.07218370536637099,True
Gemella,TGFA,0.02841900819305206,0.5498838082089316,0.7493440117948089,False
Gemella,MIP1A,0.12014199116664345,0.011197850549578413,0.07123017377583699,True
Gemella,SDF1A,0.21089752377989457,7.22534225550742e-06,0.0005199082040495777,True
Gemella,IL27,0.06242689955196317,0.18868629961476469,0.40649017208372995,False
Gemella,LIF,0.14789969534950417,0.0017576451517574648,0.02029182517132987,True
Gemella,IL1B,0.12867552843088517,0.006566063619635731,0.049407310394797135,True
Gemella,IL2,0.11784908388678103,0.012856803681442134,0.07809141755493319,True
Gemella,IL4,0.16669241005263347,0.00041363750014825415,0.007871888950697856,True
Gemella,IL5,0.23534265719843037,5.132454739357717e-07,7.294031399707453e-05,True
Gemella,IP10,0.08297022856371712,0.0804031573827956,0.24501215625335365,False
Gemella,IL6,0.15694493344207455,0.0008935712173598022,0.01316965926848322,True
Gemella,IL7,0.17835284956974265,0.00015548447170300498,0.004243701574639257,True
Gemella,IL8,0.10409475705581994,0.028115352331950946,0.12915244328442332,True
Gemella,IL10,0.12625872319530576,0.007661856428355579,0.054653097446258535,True
Gemella,IFNB,-0.016861027205134497,0.7228079298854985,0.8581766316766523,False
Gemella,EOTAXIN,0.007316391869626892,0.877682736379652,0.944253674040228,False
Gemella,IL12P70,0.0820049536522127,0.0839986004879331,0.2522212337128462,False
Gemella,IL13,0.14626901254161484,0.0019779490059067314,0.022157524204805178,True
Gemella,IL17A,0.16767902107079388,0.00038169505021144756,0.007428960688339556,True
Gemella,IL31,0.23275041243021125,6.891140069732452e-07,9.057714507656335e-05,True
Gemella,IL1RA,0.17310795543973542,0.00024332702478380708,0.005558685686301691,True
Gemella,SCF,0.06937140562013275,0.14400556067477024,0.34540311852357297,False
Gemella,RANTES,0.19630174816435628,3.0462171228157803e-05,0.0013183322522969992,True
Gemella,IFNG,0.1326339243133246,0.00507180695345657,0.04212120720065279,True
Gemella,GMCSF,0.17072496315230054,0.0002969881387350783,0.006179752336898089,True
Gemella,TNFA,0.17584347934437236,0.00019294588214565777,0.004863366585176954,True
Gemella,HGF,0.030389190300461853,0.5225593033079876,0.731419794407233,False
Gemella,MIP1B,0.15449102550692237,0.0010774717329640137,0.014913039682548715,True
Gemella,IFNA,0.19618574046208362,3.0799884093129144e-05,0.0013183322522969992,True
Gemella,TGFB,0.15240869647164162,0.0012602484728509234,0.016423439773593538,True
Gemella,MCP1,-0.010369807606465367,0.8273185278647015,0.9177119441532832,False
Gemella,IL9,0.11910434231695496,0.011923572627374951,0.07406715276247235,True
Gemella,VEGFD,-0.06950470433129621,0.14323487673667687,0.3441287098066444,False
Gemella,TNFB,0.19085871435659027,5.074828514402117e-05,0.0018736951121713884,True
Gemella,NGF,0.1547761436357761,0.001054441866280555,0.01472448073244926,True
Gemella,EGF,0.1119010848842348,0.01820916187716683,0.09798357957702544,True
Gemella,BDNF,0.19910281890613488,2.3296842125349233e-05,0.001121051702940818,True
Gemella,TRAIL,0.18660349859739392,7.48961197036199e-05,0.002528513520679058,True
Gemella,GCSF,0.17520585516915432,0.00020372990112770852,0.005058864900042696,True
Gemella,GROA,0.22620223334730621,1.428780897938218e-06,0.00015649913435416613,True
Gemella,IL1A,0.17183558524836925,0.0002707342860367585,0.005865711190660142,True
Gemella,IL23,0.15166768289511737,0.0013318931558783712,0.017073865709556546,True
Gemella,IL12P40,0.14097125664217391,0.0028794344199860834,0.028254443062188106,True
Gemella,IL15,0.20427508776499476,1.4058455863863485e-05,0.0007874332835566263,True
Gemella,IL18,0.17373277755393207,0.00023083899986383298,0.005367006746834116,True
Gemella,MCSF,0.17532665144701776,0.0002016445274764219,0.005032434814841942,True
Gemella,MCP3,0.1343279761116336,0.0045318030195614775,0.03905114874723518,True
Gemella,MIG,0.08778800035269145,0.06427683471572955,0.2131318656668893,False
Gemella,RESISTIN,0.00869087858109118,0.854937618144555,0.9323024778057902,False
Gemella,IL21,0.14259638100232416,0.002569496955382804,0.02607567950724059,True
Gemella,ICAM1,0.007259456705741431,0.8786272124704347,0.9444125245735482,False
Gemella,VCAM1,0.047427694741069656,0.3181648629705506,0.5495828314637616,False
Gemella,FGFB,0.15965356925268512,0.0007245187288412375,0.011531552233148062,True
Gemella,IL22,0.1396637152423974,0.003153084766048093,0.030324984998733758,True
Gemella,PDGFBB,0.17503858832337132,0.00020665087358930678,0.005080210253973531,True
Gemella,VEGF,0.07620809554284845,0.1084002464035865,0.29016780649654783,False
Gemella,LEPTIN,0.15025044816693506,0.0014794488458476415,0.018253325059281664,True
Gemella,PAI1,0.09732815461635037,0.04014639562731331,0.16048790271453958,True
Gemella,CD40L,-0.11762057641584302,0.013033452412209517,0.0786314405627671,True
Gemella,ENA78,0.14613337509426846,0.0019973665304563026,0.022324307547889152,True
Geobacillus,IL17F,-0.04710626604899536,0.3214593963888598,0.5528544538831135,False
Geobacillus,FASL,0.034308874934304,0.4703415505589822,0.689970025440974,False
Geobacillus,TGFA,0.037513660043388256,0.42987612771827555,0.6539689609640063,False
Geobacillus,MIP1A,-0.07664123876678157,0.10640235737234642,0.2869021988448006,False
Geobacillus,SDF1A,0.006229012344697982,0.8957493222890037,0.952040592432602,False
Geobacillus,IL27,0.02138575262312916,0.652771344826768,0.815696179711262,False
Geobacillus,LIF,0.020228649997437648,0.6704232646932312,0.8253710593300803,False
Geobacillus,IL1B,-0.04546564435525985,0.33861968529270026,0.5699356082662521,False
Geobacillus,IL2,0.050941714616951406,0.2835895841168138,0.5145639831075925,False
Geobacillus,IL4,0.10615140966767786,0.02513650428320883,0.12034757611649957,True
Geobacillus,IL5,0.07284243249604942,0.12494855846011887,0.31575054839780875,False
Geobacillus,IP10,-0.006690106369264634,0.8880812035496746,0.9483047323186683,False
Geobacillus,IL6,0.019954514017697936,0.6746324514940775,0.827308955828116,False
Geobacillus,IL7,-0.0328839349438803,0.4889854148449976,0.7053945169164383,False
Geobacillus,IL8,0.0806141177244123,0.08940608572550736,0.26097573608304914,False
Geobacillus,IL10,0.005872044300263634,0.9016925090044666,0.9540500970018281,False
Geobacillus,IFNB,-0.01226442220664308,0.7964066787536137,0.9002381652509028,False
Geobacillus,EOTAXIN,0.01155728999905633,0.8079095735747459,0.9067682734829907,False
Geobacillus,IL12P70,-0.011922938545662436,0.8019562445904939,0.9034129538830539,False
Geobacillus,IL13,0.033616222763694706,0.4793549649944462,0.6982094037995347,False
Geobacillus,IL17A,-0.0029201889244267706,0.9510180973055525,0.9772043232737821,False
Geobacillus,IL31,0.08572430907127039,0.07082516368031465,0.2251137612846399,False
Geobacillus,IL1RA,-0.016703774901815852,0.7252883122211393,0.8596720189823243,False
Geobacillus,SCF,-0.015567251753949537,0.7432990153274426,0.8700786350633528,False
Geobacillus,RANTES,0.08916762336624483,0.06018338044227142,0.20401917620354595,False
Geobacillus,IFNG,0.018825609582351223,0.6920719787595252,0.839685608198326,False
Geobacillus,GMCSF,0.06449572194175585,0.17442358278297476,0.38840471630326745,False
Geobacillus,TNFA,0.06874840587390442,0.14764958274216522,0.35005521564989533,False
Geobacillus,HGF,-0.07716861245340752,0.10400922830307988,0.28331665449344057,False
Geobacillus,MIP1B,0.012249193789313861,0.7966539446793449,0.9003126041193295,False
Geobacillus,IFNA,0.03641600274554645,0.44350378796808754,0.6661679630945311,False
Geobacillus,TGFB,-0.013742852677062153,0.7725017530361862,0.8868431677455133,False
Geobacillus,MCP1,-0.05395848727004937,0.2560060814555765,0.48616990001715915,False
Geobacillus,IL9,0.03553438159839412,0.4546251867005995,0.6759607170528601,False
Geobacillus,VEGFD,0.04234767672137099,0.3728151948938746,0.6035822288165242,False
Geobacillus,TNFB,0.07632399867732831,0.10786276215257312,0.2893363562721267,False
Geobacillus,NGF,0.026821272908234665,0.5725462194962498,0.7639704604177835,False
Geobacillus,EGF,-0.06587055585282307,0.1653992276089259,0.3760391111090386,False
Geobacillus,BDNF,-0.004277316499326269,0.928305715756899,0.965031520257349,False
Geobacillus,TRAIL,-0.001315880407813636,0.9779170042308879,0.989155122892273,False
Geobacillus,GCSF,0.05064228009514312,0.2864329343758373,0.5177220144989005,False
Geobacillus,GROA,0.08211838065720145,0.08356949872013313,0.2513970455853135,False
Geobacillus,IL1A,0.024032257625257528,0.6131317469431112,0.7903050158688795,False
Geobacillus,IL23,0.0017689480172656347,0.9703167101973165,0.9855929813989596,False
Geobacillus,IL12P40,-0.010832200170402534,0.8197476959718591,0.9137161444595474,False
Geobacillus,IL15,-0.0479672903041204,0.31268393939767203,0.544504199714229,False
Geobacillus,IL18,0.058677966098307895,0.21668308101828795,0.44110676572907864,False
Geobacillus,MCSF,0.09938510766706153,0.0360976577620064,0.15110433554898475,True
Geobacillus,MCP3,0.03607424101400343,0.4477965208748359,0.6704705502406033,False
Geobacillus,MIG,-0.020384670575909262,0.6680322514354644,0.8239036575316913,False
Geobacillus,RESISTIN,0.03903095828884235,0.4114434157039002,0.6387433733984418,False
Geobacillus,IL21,-0.05877404865321905,0.21593022447294957,0.4401654575794741,False
Geobacillus,ICAM1,0.09151301708599262,0.053719808673045134,0.19124950303318125,False
Geobacillus,VCAM1,0.08196767466518898,0.08414001681048798,0.2523432569874629,False
Geobacillus,FGFB,0.03905421283993453,0.41116459741038736,0.6387433733984418,False
Geobacillus,IL22,-0.01158288973338633,0.8074924045327048,0.9067271088546979,False
Geobacillus,PDGFBB,0.03940528345887956,0.40696891660159995,0.6350687610838682,False
Geobacillus,VEGF,-0.06328735386596535,0.1826534504010494,0.3988034804105305,False
Geobacillus,LEPTIN,0.07764238723263252,0.10189584800159888,0.28006748134831944,False
Geobacillus,PAI1,-0.012046345359070698,0.799949553926038,0.9025417682540398,False
Geobacillus,CD40L,-0.059926428370886534,0.20704668323413483,0.4287087402777259,False
Geobacillus,ENA78,0.0062560364681834724,0.8952996287804045,0.952040592432602,False
Granulicatella,IL17F,-0.021065584893527722,0.6576367665119593,0.8181452857489773,False
Granulicatella,FASL,0.15343834846020155,0.0011665746844428592,0.01573200169526362,True
Granulicatella,TGFA,0.029131360966960805,0.539923688097875,0.7422819899408158,False
Granulicatella,MIP1A,0.006707230156199729,0.8877966267376354,0.9482014243098168,False
Granulicatella,SDF1A,0.13537398330626393,0.004224860968420957,0.037071701625457115,True
Granulicatella,IL27,0.10891969992757226,0.021559407660181676,0.10909614639954533,True
Granulicatella,LIF,0.1333170781584132,0.0048474276126204184,0.04089475251165066,True
Granulicatella,IL1B,0.13887810789682523,0.0033286567910749683,0.031491265495601765,True
Granulicatella,IL2,0.07991712984262996,0.09221915429371116,0.26597320743926406,False
Granulicatella,IL4,0.14366962649907247,0.0023818173058390408,0.024925642251551236,True
Granulicatella,IL5,0.11381111749003245,0.016309966985680834,0.09160983607226286,True
Granulicatella,IP10,0.020144263248782966,0.6717178801024443,0.825969173263053,False
Granulicatella,IL6,0.18481372166734317,8.799345099231203e-05,0.0028818586042598402,True
Granulicatella,IL7,0.08448998845648487,0.07499579845402998,0.2333676076893395,False
Granulicatella,IL8,0.1761304985211149,0.00018826816672550865,0.0047730862099578455,True
Granulicatella,IL10,0.20666945921689692,1.1078705444970902e-05,0.0006868797375881959,True
Granulicatella,IFNB,0.014228647139562844,0.7646924065063075,0.8823993612711202,False
Granulicatella,EOTAXIN,-0.11846904837195983,0.012388127994590655,0.07585227687619546,True
Granulicatella,IL12P70,0.013680259046413413,0.773509662140097,0.8871737346570188,False
Granulicatella,IL13,0.1638766347390345,0.0005190068851802501,0.009252025088800913,True
Granulicatella,IL17A,0.19371029108695917,3.8909753633865176e-05,0.001540451210131096,True
Granulicatella,IL31,0.3291864129119624,1.0469979070721675e-12,3.4404351226391424e-09,True
Granulicatella,IL1RA,0.18140125095326023,0.00011914885197286128,0.0036029735667130877,True
Granulicatella,SCF,0.034832263700057174,0.4635930957920319,0.6846592866393784,False
Granulicatella,RANTES,0.2352630532893685,5.179369019877478e-07,7.294031399707453e-05,True
Granulicatella,IFNG,0.10528673114544942,0.026353990631392942,0.12356886080901017,True
Granulicatella,GMCSF,0.06403121498498379,0.17755394509719166,0.3923619795490059,False
Granulicatella,TNFA,0.08497972931533114,0.07331770251716217,0.2298561754856706,False
Granulicatella,HGF,-0.12120746642493639,0.010493620489273096,0.06842890275893006,True
Granulicatella,MIP1B,0.020249050803416418,0.6701104328329989,0.825244486317425,False
Granulicatella,IFNA,0.1956856291370955,3.2296781400096135e-05,0.0013433825782369101,True
Granulicatella,TGFB,0.18701115356806763,7.218152147780009e-05,0.0024646081581458455,True
Granulicatella,MCP1,-0.1799039298765169,0.0001358639260350708,0.003855923171556379,True
Granulicatella,IL9,0.13048349608076845,0.005840486908779571,0.046208282461275285,True
Granulicatella,VEGFD,0.07754658839234366,0.1023204098909301,0.2805770794728203,False
Granulicatella,TNFB,0.1482277290362882,0.001716140842294166,0.019997300736803652,True
Granulicatella,NGF,0.10415391972873168,0.028025601950287433,0.12886025374343915,True
Granulicatella,EGF,0.03522250579935276,0.4585965916526734,0.679417673656756,False
Granulicatella,BDNF,0.1696557213006251,0.0003244925730878844,0.0065684759455859635,True
Granulicatella,TRAIL,0.10549029073524457,0.02606289458179833,0.1228145386172887,True
Granulicatella,GCSF,0.1536509898386077,0.0011480466729123218,0.015519685216618654,True
Granulicatella,GROA,0.2045378804074097,1.3697542460347186e-05,0.0007805223906017489,True
Granulicatella,IL1A,0.17668668923591085,0.00017950446103929198,0.004669010493206702,True
Granulicatella,IL23,0.1057695417536768,0.025668066929027643,0.12174543815766405,True
Granulicatella,IL12P40,-0.02292022471658547,0.6296595373531417,0.8001645307307658,False
Granulicatella,IL15,0.17760718004784806,0.00016583542467043678,0.004418393557840989,True
Granulicatella,IL18,0.171197840721552,0.0002855319703273212,0.006059558597834643,True
Granulicatella,MCSF,0.1806942225193635,0.00012678514505435516,0.003697775029425542,True
Granulicatella,MCP3,0.06712919430648563,0.1574488246573337,0.36491130015514595,False
Granulicatella,MIG,0.02767036689112323,0.5604476251256407,0.7570016812013383,False
Granulicatella,RESISTIN,0.011563326264049583,0.807811202688251,0.9067682734829907,False
Granulicatella,IL21,0.1352271640233991,0.004266778471368681,0.037248583669438756,True
Granulicatella,ICAM1,-0.009246074052750543,0.8457830556030592,0.9283778083894528,False
Granulicatella,VCAM1,-0.03185395843301955,0.5027047335230808,0.7146904042501485,False
Granulicatella,FGFB,0.1480126865945725,0.001743246264936924,0.020241368291811772,True
Granulicatella,IL22,0.07155749473375753,0.13176094653750475,0.32651939140635006,False
Granulicatella,PDGFBB,0.20267143304549212,1.6464522368420407e-05,0.0008726196855262816,True
Granulicatella,VEGF,-0.017096539859370638,0.7190985564709613,0.8562475624701941,False
Granulicatella,LEPTIN,0.06021459515456805,0.2048671551532757,0.4268275282625554,False
Granulicatella,PAI1,-0.09834015329979207,0.03810887807454602,0.1555620505605632,True
Granulicatella,CD40L,-0.06906369611219614,0.14579671883575634,0.3476690987621882,False
Granulicatella,ENA78,0.18994830383117886,5.519502168606913e-05,0.0020227231367333435,True
Haemophilus,IL17F,-0.008093961693789984,0.8648018423995343,0.9375804014642513,False
Haemophilus,FASL,0.17619538339019042,0.0001872255263577718,0.0047730862099578455,True
Haemophilus,TGFA,0.016253858508705643,0.7324007652846023,0.8648786229247256,False
Haemophilus,MIP1A,0.009115124897120143,0.8479404419507945,0.9291700710275373,False
Haemophilus,SDF1A,0.1159106006953014,0.014424643071305818,0.08424059916879902,True
Haemophilus,IL27,0.062106878928979085,0.19096700343318496,0.409517668010515,False
Haemophilus,LIF,0.055263862892121235,0.2446661257222588,0.4728325166379195,False
Haemophilus,IL1B,0.04629676540654401,0.3298544974203377,0.561219474554658,False
Haemophilus,IL2,0.08589905001472904,0.07025035122341207,0.2243888684317979,False
Haemophilus,IL4,0.17047476291531613,0.0003032217953196225,0.006266583769938865,True
Haemophilus,IL5,0.11003169413396154,0.020252004113360228,0.10419846375235133,True
Haemophilus,IP10,0.030293402997906154,0.5238715220772459,0.7324151275276349,False
Haemophilus,IL6,0.16109793066956038,0.0006469848867842217,0.01079183927905052,True
Haemophilus,IL7,0.010748602855964351,0.8211152315531257,0.9144230062242118,False
Haemophilus,IL8,0.12535324913834237,0.008112727976530383,0.05651962713260531,True
Haemophilus,IL10,0.0574531065784204,0.22644582420449982,0.4532594791894333,False
Haemophilus,IFNB,0.03423265212144361,0.47132884049659474,0.6907030934466227,False
Haemophilus,EOTAXIN,-0.029996226189704604,0.5279533242659321,0.7348872622846002,False
Haemophilus,IL12P70,-0.005278974715146788,0.9115785587223435,0.9588499180414919,False
Haemophilus,IL13,0.0701347065564265,0.13963504988767128,0.33846135278895095,False
Haemophilus,IL17A,0.11246506282875039,0.01762925930499127,0.09564625108893998,True
Haemophilus,IL31,0.20038348340633438,2.058280701120288e-05,0.0010196246809871256,True
Haemophilus,IL1RA,0.0961506289212703,0.042632352178383716,0.1665753974532329,True
Haemophilus,SCF,-0.013591250086854073,0.7749435773391785,0.8877854486240118,False
Haemophilus,RANTES,0.17515136234451256,0.00020467723456847947,0.005058889997701785,True
Haemophilus,IFNG,0.06601171770216337,0.1644928458626899,0.3748429205997219,False
Haemophilus,GMCSF,0.09225889829605324,0.05178950584784728,0.18694285926330226,True
Haemophilus,TNFA,0.12046353966241072,0.010981039286745662,0.07022966168857216,True
Haemophilus,HGF,0.05576011088398501,0.24044874742424724,0.46911008892487727,False
Haemophilus,MIP1B,0.08773390323435236,0.06444190127166095,0.2133204374533357,False
Haemophilus,IFNA,0.11515088791104626,0.015083504765302293,0.08675215284501167,True
Haemophilus,TGFB,0.04014546305539409,0.3982067890137255,0.627664450089618,False
Haemophilus,MCP1,-0.05843360270045231,0.21860627212569994,0.4437231956848846,False
Haemophilus,IL9,0.12435361966849928,0.008637841714308939,0.0592707907267019,True
Haemophilus,VEGFD,-0.11586675252707844,0.01446197096283304,0.08435864482343675,True
Haemophilus,TNFB,0.10855071590785748,0.022009121311589816,0.11058405600899715,True
Haemophilus,NGF,0.06780022816601151,0.15332983439910747,0.3584362123562726,False
Haemophilus,EGF,0.017831689320212434,0.7075625006183379,0.8496115816070899,False
Haemophilus,BDNF,-0.030542232253315614,0.5204662340579984,0.7300449822629125,False
Haemophilus,TRAIL,0.09293332184931895,0.05009425871728238,0.18344324013186097,True
Haemophilus,GCSF,0.06305980644820504,0.18423480038115725,0.40065887098112685,False
Haemophilus,GROA,0.15503157655187078,0.0010341961054622345,0.014564436010923866,True
Haemophilus,IL1A,0.11942994915159139,0.011691494820200675,0.07327503258847719,True
Haemophilus,IL23,0.1180286647219835,0.012719462921131644,0.07743677907267024,True
Haemophilus,IL12P40,0.017168448304524662,0.7179672915877908,0.8556391501051981,False
Haemophilus,IL15,0.07702296438901277,0.10466585349554587,0.283961605245567,False
Haemophilus,IL18,0.14976812613478105,0.0015329946189750867,0.018749703416695292,True
Haemophilus,MCSF,0.17726833787220148,0.00017074948560593845,0.004537057760386365,True
Haemophilus,MCP3,0.03590748975742405,0.4498995290266914,0.6722551851476181,False
Haemophilus,MIG,0.03010011253384736,0.5265245834144211,0.7341154751066317,False
Haemophilus,RESISTIN,0.08127358094721715,0.08680828190593469,0.25737023850487345,False
Haemophilus,IL21,0.07887007473505364,0.09657779658548173,0.2725382464270435,False
Haemophilus,ICAM1,-0.09296330153920213,0.05001999017016463,0.18330219313043272,True
Haemophilus,VCAM1,0.11177918369091,0.01833667066958425,0.09829412694984314,True
Haemophilus,FGFB,0.09202490664008137,0.052388739386842166,0.1885535570921833,True
Haemophilus,IL22,6.781623122271865e-05,0.9988617691777719,0.9990644602835305,False
Haemophilus,PDGFBB,0.015083652035894759,0.7510060445487347,0.875285860264706,False
Haemophilus,VEGF,-0.0208360951721685,0.6611331333027407,0.8201317303498544,False
Haemophilus,LEPTIN,0.08952709586311874,0.0591529120431539,0.20212457778905066,False
Haemophilus,PAI1,-0.13347345483127873,0.004797342261623741,0.04059416310307884,True
Haemophilus,CD40L,-0.013816647500331814,0.7713139688265452,0.8864361528379451,False
Haemophilus,ENA78,0.10722959941853069,0.023686619002193418,0.11588222834919241,True
Herbaspirillum,IL17F,0.07175419532897741,0.1306998843383943,0.3246257142373119,False
Herbaspirillum,FASL,0.06327290627440135,0.18275355540526125,0.39893369113929705,False
Herbaspirillum,TGFA,0.005468543364911778,0.9084170259609587,0.9570123574279662,False
Herbaspirillum,MIP1A,-0.016377347419376947,0.7304462927362522,0.8638123265107934,False
Herbaspirillum,SDF1A,0.08990710918283396,0.058079474574041945,0.2001214471691386,False
Herbaspirillum,IL27,0.0396425206274051,0.4041481378115125,0.6325964341927421,False
Herbaspirillum,LIF,-0.04952250506643224,0.29723563720754115,0.5296283576840367,False
Herbaspirillum,IL1B,0.11052704768036348,0.01969215807307414,0.10233278560061405,True
Herbaspirillum,IL2,0.029881071430394222,0.5295393366758756,0.7356478452607285,False
Herbaspirillum,IL4,0.09034423871388415,0.05686470116552134,0.197245680538251,False
Herbaspirillum,IL5,0.047510824812348355,0.31731640914564896,0.5487138800623549,False
Herbaspirillum,IP10,0.02711720936175715,0.5683154632646246,0.7624018723071825,False
Herbaspirillum,IL6,0.054839677110631785,0.24831187923470713,0.47772414236841193,False
Herbaspirillum,IL7,0.0167150708537247,0.7251100420236679,0.859564068574954,False
Herbaspirillum,IL8,0.08009092310925008,0.0915111724021047,0.2646357341867204,False
Herbaspirillum,IL10,0.02455880514573683,0.6053730210028965,0.7843037509589372,False
Herbaspirillum,IFNB,-0.010196838515813853,0.8301547357823468,0.9193063789420776,False
Herbaspirillum,EOTAXIN,0.023144743245625505,0.6263073060268904,0.7991376420933324,False
Herbaspirillum,IL12P70,0.06260266186831973,0.18744223603948595,0.40520570660076427,False
Herbaspirillum,IL13,0.08983806571454277,0.058273296055757574,0.20030363871103823,False
Herbaspirillum,IL17A,0.1010847826422235,0.03301906016054215,0.1425763885513029,True
Herbaspirillum,IL31,0.026620743348700623,0.5754214680869563,0.7646946390403364,False
Herbaspirillum,IL1RA,0.020941800206478473,0.6595217540157847,0.8191464597565334,False
Herbaspirillum,SCF,0.09262927411018484,0.050852693006009766,0.18498370762112337,True
Herbaspirillum,RANTES,0.0038819953486051557,0.934916482210514,0.9686186738445872,False
Herbaspirillum,IFNG,0.05405352958675549,0.25516835579073327,0.48542061971922973,False
Herbaspirillum,GMCSF,0.04473667726283575,0.3464290404604803,0.5784947009428163,False
Herbaspirillum,TNFA,0.1314896866744197,0.005468661356893072,0.04440697171025692,True
Herbaspirillum,HGF,0.022671341769689286,0.6333844508426087,0.8021889043186359,False
Herbaspirillum,MIP1B,0.17449032759955227,0.00021650230030905804,0.005160065662508589,True
Herbaspirillum,IFNA,0.0712125844218598,0.13363754206342698,0.32967940181713296,False
Herbaspirillum,TGFB,0.057493230574874744,0.2261211408885725,0.45270150424036304,False
Herbaspirillum,MCP1,0.0023901099574505005,0.9599011056036217,0.981740867523234,False
Herbaspirillum,IL9,0.10481539184239554,0.027038785536605547,0.1253708529404334,True
Herbaspirillum,VEGFD,-0.02114997328382093,0.6563529458094725,0.8170636873077131,False
Herbaspirillum,TNFB,0.12451308721592413,0.008552093287691409,0.058914420426318594,True
Herbaspirillum,NGF,0.05345638863849991,0.2604632908444861,0.4907582418090489,False
Herbaspirillum,EGF,0.10626717255038601,0.024977249148717615,0.11987620355796409,True
Herbaspirillum,BDNF,0.09854448339368688,0.03770830109288952,0.15500770235471484,True
Herbaspirillum,TRAIL,0.07137653714304815,0.13274295057030697,0.3279218039610286,False
Herbaspirillum,GCSF,0.059313005183996216,0.21174200684389125,0.43477984862981384,False
Herbaspirillum,GROA,0.06497828346080653,0.171215237740426,0.3853772531590258,False
Herbaspirillum,IL1A,0.07438032622586689,0.11715851946838182,0.3035047866631009,False
Herbaspirillum,IL23,0.037078049214552364,0.4352550984415994,0.6586958490078734,False
Herbaspirillum,IL12P40,0.03604033481297873,0.44822368245989674,0.6708627074776857,False
Herbaspirillum,IL15,0.07788232332956592,0.10083863030330502,0.27899725442884676,False
Herbaspirillum,IL18,-0.06916176488670593,0.14522403066183062,0.3467206213804503,False
Herbaspirillum,MCSF,0.07281899444240579,0.12507032141749902,0.31596916191869384,False
Herbaspirillum,MCP3,0.11597389884702594,0.014370906795559215,0.08397652589841301,True
Herbaspirillum,MIG,0.019968444287161255,0.6744183146551146,0.827308955828116,False
Herbaspirillum,RESISTIN,-0.04221470639151502,0.37431939225358335,0.6051293721032331,False
Herbaspirillum,IL21,0.0003268958478394805,0.9945134059160565,0.9970116058283889,False
Herbaspirillum,ICAM1,0.019478001091323652,0.6819731463157229,0.8329688113468463,False
Herbaspirillum,VCAM1,0.06992841009540827,0.14080610376420105,0.34029580066376414,False
Herbaspirillum,FGFB,0.08141128084393516,0.08627358495614529,0.25621560425356954,False
Herbaspirillum,IL22,-0.0185054562277777,0.6970480286677673,0.8424052306738813,False
Herbaspirillum,PDGFBB,-0.03714324631746984,0.4344475829321053,0.6581810776924379,False
Herbaspirillum,VEGF,0.11623438314190555,0.014151619154939506,0.0829902805647791,True
Herbaspirillum,LEPTIN,0.052258183495271816,0.2713152373650741,0.5023714519055035,False
Herbaspirillum,PAI1,0.10715685904696146,0.023782109508787817,0.11606140373150015,True
Herbaspirillum,CD40L,-0.022645065964276203,0.6337782516702402,0.8024384799595721,False
Herbaspirillum,ENA78,0.09573674274986044,0.04353640298587355,0.16784585867608193,True
Iamia,IL17F,-0.04728316017622644,0.3196435551314352,0.5513061163674411,False
Iamia,FASL,-0.034449139884608675,0.4685277212724215,0.6885429750005263,False
Iamia,TGFA,-0.009145923274418905,0.8474329361644396,0.9291700710275373,False
Iamia,MIP1A,-0.07899479859074535,0.09605013943292227,0.2718130983311983,False
Iamia,SDF1A,-0.046537498386776927,0.3273432706501078,0.5586824726573343,False
Iamia,IL27,0.04837152570100837,0.308618781760651,0.5400971378729501,False
Iamia,LIF,0.14496368475376045,0.0021721939751706072,0.02339969964605256,True
Iamia,IL1B,0.04995292179264123,0.29305162556161335,0.5243018012316487,False
Iamia,IL2,0.04894962503110326,0.3028659656799545,0.5350632060345862,False
Iamia,IL4,-0.02457814424559089,0.6050888938212815,0.784200034512498,False
Iamia,IL5,0.025259433205573358,0.5951177717770877,0.7776605241487978,False
Iamia,IP10,-0.04991392929228039,0.2934290343724678,0.524881767527452,False
Iamia,IL6,0.01828849437344166,0.7004276178711532,0.8452461080883619,False
Iamia,IL7,-0.011018778427871882,0.8166975110101204,0.9116752421625827,False
Iamia,IL8,-0.020626763862913487,0.664328819797498,0.8220099793603283,False
Iamia,IL10,0.10872320740762247,0.02179788815240973,0.10980254542997195,True
Iamia,IFNB,-0.03535672968028901,0.45688502255045593,0.6775532668094517,False
Iamia,EOTAXIN,0.09695175872013095,0.040927355929012296,0.16228797057279024,True
Iamia,IL12P70,-0.020660244290823675,0.6638172913670926,0.8217406384599124,False
Iamia,IL13,0.005619794341957008,0.9058955705700523,0.9562392691593935,False
Iamia,IL17A,-0.04642622407040359,0.3285024968943272,0.5597886973870834,False
Iamia,IL31,0.05974417949267996,0.20843373819688338,0.4303634357690071,False
Iamia,IL1RA,0.1054238158594091,0.026157649468011676,0.12308453864231939,True
Iamia,SCF,-0.03656158006892422,0.4416823891503452,0.6641709075655341,False
Iamia,RANTES,0.04801897652561993,0.31216221057274757,0.5440292422994747,False
Iamia,IFNG,0.028339935560601978,0.5509949405805994,0.7504335580809575,False
Iamia,GMCSF,0.03356304480604801,0.48005082646244,0.6983253475549485,False
Iamia,TNFA,-0.01502343000077018,0.7519675444744315,0.8754026381562515,False
Iamia,HGF,-0.02996533845128621,0.5283785004014263,0.7349028854499222,False
Iamia,MIP1B,-0.13637008156163904,0.0039501637907931805,0.035519668038942236,True
Iamia,IFNA,-0.02161148192973108,0.6493498651134548,0.8138958639909011,False
Iamia,TGFB,0.0835034428677417,0.07847109969943387,0.24128761722926362,False
Iamia,MCP1,-0.03833919393588213,0.41978858728524926,0.6455428463475625,False
Iamia,IL9,-0.02106928407596528,0.6575804688338546,0.8181452857489773,False
Iamia,VEGFD,0.05172369007224534,0.2762542387688048,0.5067309361555025,False
Iamia,TNFB,-0.054889248173408546,0.24788388641653405,0.47718011175438246,False
Iamia,NGF,0.01696399840294737,0.7211853072555467,0.8573517915676541,False
Iamia,EGF,-0.07404035515082472,0.11884703440366745,0.3058266126409352,False
Iamia,BDNF,-0.008897662615392522,0.8515256334470008,0.9306363297694605,False
Iamia,TRAIL,-0.07717959289163247,0.10395985770981778,0.2832604414879446,False
Iamia,GCSF,-0.055525690967250435,0.24243456769741167,0.4708099094993559,False
Iamia,GROA,0.025887790547245593,0.5859881755759359,0.7722822773833657,False
Iamia,IL1A,-0.04503076240100698,0.3432648820754626,0.5760819216036619,False
Iamia,IL23,0.012034429802141334,0.8001432529709434,0.9025417682540398,False
Iamia,IL12P40,-0.025213241280408753,0.5957914543244589,0.7780251896583013,False
Iamia,IL15,0.04557394058853182,0.33746920107294787,0.5689738114466135,False
Iamia,IL18,0.08301560661140944,0.08023724865187051,0.2446578401516052,False
Iamia,MCSF,-0.006037768480315832,0.8989326516530577,0.953039572123801,False
Iamia,MCP3,-0.07446352601481734,0.11674816834291922,0.3027896457575632,False
Iamia,MIG,-0.013063363864978753,0.783463284060498,0.8928546104930237,False
Iamia,RESISTIN,0.020645645377279285,0.6640403206912883,0.8217561488042581,False
Iamia,IL21,-0.01502740416785441,0.751904081415376,0.8754026381562515,False
Iamia,ICAM1,0.0032335896228813735,0.9457689421386746,0.9748584928708889,False
Iamia,VCAM1,-0.12330969131928542,0.00921834370152759,0.06237092121459093,True
Iamia,FGFB,-0.035594548996004394,0.45386124765519875,0.6752716175588791,False
Iamia,IL22,0.022343065087391024,0.6383118005643569,0.8055918230653476,False
Iamia,PDGFBB,0.25036533751861617,8.694807727769211e-08,2.0905710873255826e-05,True
Iamia,VEGF,-0.032881899924514034,0.4890123217223872,0.7053945169164383,False
Iamia,LEPTIN,0.01558429638535864,0.7430278405250984,0.8700283230664473,False
Iamia,PAI1,-0.11731545203447727,0.013272664224335377,0.0793833957193864,True
Iamia,CD40L,-0.08935821208678935,0.05963520418576311,0.2031388537882698,False
Iamia,ENA78,-0.011497759038319153,0.8088798905857351,0.9070569857119982,False
Izimaplasma,IL17F,-0.007386657539180142,0.8765173648534421,0.9434543838957611,False
Izimaplasma,FASL,-0.004888437787462855,0.9180960855822278,0.9611245006141704,False
Izimaplasma,TGFA,-0.017194447422754146,0.7175584245029144,0.8555504292150133,False
Izimaplasma,MIP1A,-0.05616330733888775,0.23705995806943442,0.46552531208137143,False
Izimaplasma,SDF1A,0.041518827997386445,0.38225221949311117,0.6119582119927633,False
Izimaplasma,IL27,0.04158695231475749,0.38147111445448045,0.6115834854624494,False
Izimaplasma,LIF,0.07416014147635124,0.11824994240529003,0.30518829606464093,False
Izimaplasma,IL1B,0.0963188678470719,0.042269417542518735,0.16548527328600066,True
Izimaplasma,IL2,-0.03795299364773406,0.42449036386250505,0.6486826852080142,False
Izimaplasma,IL4,0.030456009110108383,0.5216449300202677,0.7311061000745618,False
Izimaplasma,IL5,0.060441154925450005,0.2031652979441865,0.42486285683788516,False
Izimaplasma,IP10,-0.10430066205206774,0.02780405396598425,0.12793594054924606,True
Izimaplasma,IL6,0.03254975326056724,0.4934145742688161,0.7083269074038137,False
Izimaplasma,IL7,-0.09054789944645081,0.05630596916803057,0.19620510571171626,False
Izimaplasma,IL8,0.05579587321147655,0.24014680428994378,0.46911008892487727,False
Izimaplasma,IL10,0.051282492986791224,0.28037689534287547,0.5113701081017699,False
Izimaplasma,IFNB,0.04957863603129255,0.29668775161431216,0.5291745712708321,False
Izimaplasma,EOTAXIN,0.03849354664818634,0.41791799340446256,0.644126888521137,False
Izimaplasma,IL12P70,0.007636980304728219,0.8723678918201299,0.9416645072489785,False
Izimaplasma,IL13,0.07384471727079266,0.11982728114566345,0.3072989951961369,False
Izimaplasma,IL17A,0.1515421992436541,0.0013443899620225496,0.017124981098588284,True
Izimaplasma,IL31,0.08589311025495484,0.07026982731071821,0.2243888684317979,False
Izimaplasma,IL1RA,0.06416208664240794,0.17666779827356568,0.3908308441847252,False
Izimaplasma,SCF,0.05689272461223322,0.2310151097995947,0.4579422787863271,False
Izimaplasma,RANTES,0.017906311234929587,0.7063952035153156,0.8489142894372768,False
Izimaplasma,IFNG,0.01408454971914353,0.767006385379135,0.8837247483716121,False
Izimaplasma,GMCSF,0.09387738706217337,0.04779931158722874,0.17849792697353514,True
Izimaplasma,TNFA,0.022178326197561098,0.6407905196461344,0.80737639860322,False
Izimaplasma,HGF,-0.07713388724166782,0.10416548309431603,0.28346741450304286,False
Izimaplasma,MIP1B,-0.05401067798301791,0.25554582462481584,0.4857680241768767,False
Izimaplasma,IFNA,0.0064076891180368505,0.8927766868795373,0.950875208873392,False
Izimaplasma,TGFB,0.08783480143284385,0.06413431136465184,0.212802437372177,False
Izimaplasma,MCP1,0.01035190033589563,0.8276120534039071,0.9178309846389601,False
Izimaplasma,IL9,0.053739965427242235,0.25793940162380846,0.4882375789755305,False
Izimaplasma,VEGFD,0.10641733959600437,0.024771962023439797,0.1194726035357483,True
Izimaplasma,TNFB,0.04148477547616685,0.38264302762080626,0.6120550002086497,False
Izimaplasma,NGF,0.042266258698409595,0.3737357747718617,0.6043778326281188,False
Izimaplasma,EGF,0.061880980061351364,0.19258905754707747,0.41147441033790416,False
Izimaplasma,BDNF,0.05041391480098946,0.28861428589071186,0.5198537603344853,False
Izimaplasma,TRAIL,-0.02575730701398262,0.5878786756919476,0.7733263924434508,False
Izimaplasma,GCSF,0.06578772397835808,0.16593282120246078,0.37690455101701803,False
Izimaplasma,GROA,0.11029982438109569,0.019947270171118803,0.10316956163067079,True
Izimaplasma,IL1A,0.03380561812138691,0.47688108986440714,0.6957368334887265,False
Izimaplasma,IL23,0.023965977369714217,0.6141114856786771,0.7913609184078954,False
Izimaplasma,IL12P40,-0.01752727472289176,0.7123314779002707,0.8526182259763075,False
Izimaplasma,IL15,0.09701836289623576,0.04078823614736423,0.1621986413637421,True
Izimaplasma,IL18,0.0013674905007123738,0.9770511215081916,0.9887865676858386,False
Izimaplasma,MCSF,0.0066112798861201775,0.8893913900830681,0.9490820874040794,False
Izimaplasma,MCP3,0.015112130519195688,0.7505514935469795,0.875095993304095,False
Izimaplasma,MIG,-0.018666247694276314,0.694547254200137,0.8405867586947157,False
Izimaplasma,RESISTIN,-0.015527504246592102,0.7439315091088914,0.8703627838589427,False
Izimaplasma,IL21,0.01667223295274471,0.7257861787753654,0.8599362457186226,False
Izimaplasma,ICAM1,-0.0991054264197244,0.03662691579703396,0.1523975440814126,True
Izimaplasma,VCAM1,-0.190235945223521,5.375180470377673e-05,0.0019771839207829516,True
Izimaplasma,FGFB,0.021167197204259386,0.6560910382726254,0.8170636873077131,False
Izimaplasma,IL22,0.07364638445030551,0.12082746139398648,0.3087395319911661,False
Izimaplasma,PDGFBB,0.07810414841971187,0.09986898099269095,0.2774044560794442,False
Izimaplasma,VEGF,-0.02534981646410973,0.593800587684093,0.7765569373029703,False
Izimaplasma,LEPTIN,0.07505577383022434,0.11385955619074788,0.29828331107470624,False
Izimaplasma,PAI1,-0.013142841813228319,0.7821788833553027,0.8922933576247528,False
Izimaplasma,CD40L,-0.0003226712357658236,0.9945843103790196,0.9970116058283889,False
Izimaplasma,ENA78,0.13324865397611887,0.004869490870870446,0.040958567410444416,True
Jatrophihabitans,IL17F,-0.040709275999924396,0.3916090902111906,0.621729973714269,False
Jatrophihabitans,FASL,-0.12525598781403507,0.008162539128133556,0.056786387244277065,True
Jatrophihabitans,TGFA,-0.0075899410922966835,0.8731473734446445,0.9419442774586678,False
Jatrophihabitans,MIP1A,-0.06195596781518578,0.19204949699540028,0.4108558900565659,False
Jatrophihabitans,SDF1A,-0.19448341851628187,3.6181916258329345e-05,0.0014558421652024927,True
Jatrophihabitans,IL27,-0.03319417316377025,0.484892780737471,0.7021752525246133,False
Jatrophihabitans,LIF,0.06307636103092092,0.18411941402090257,0.4005446241793268,False
Jatrophihabitans,IL1B,-0.08559266713876133,0.07126073530649504,0.22595314527225094,False
Jatrophihabitans,IL2,-0.09868915440254984,0.03742684582961654,0.15450328567351754,True
Jatrophihabitans,IL4,-0.1686906226441933,0.0003513405917667388,0.006940912933139301,True
Jatrophihabitans,IL5,-0.09860953825720793,0.037581516555433805,0.15477422773810812,True
Jatrophihabitans,IP10,-0.06462139169959402,0.17358378175659872,0.38797341698434057,False
Jatrophihabitans,IL6,-0.10916691087310791,0.02126258899414587,0.10798897594244719,True
Jatrophihabitans,IL7,-0.007430645290678578,0.8757879539531104,0.9431415392254492,False
Jatrophihabitans,IL8,-0.12305994905592713,0.009362261395638609,0.06317123397549992,True
Jatrophihabitans,IL10,-0.06603133935880345,0.16436715347201528,0.37464309801783274,False
Jatrophihabitans,IFNB,0.03870649306162754,0.4153453532445719,0.6417671618001551,False
Jatrophihabitans,EOTAXIN,0.06007286500991184,0.20593703385345913,0.42730525778307726,False
Jatrophihabitans,IL12P70,-0.041612728482039577,0.38117582283671714,0.6112951458474635,False
Jatrophihabitans,IL13,-0.09019928227702027,0.05726517552008183,0.19800775176322927,False
Jatrophihabitans,IL17A,-0.14908412844621122,0.0016119833520759693,0.019261735617896854,True
Jatrophihabitans,IL31,-0.10718929637921501,0.023739486102704994,0.1159682130824905,True
Jatrophihabitans,IL1RA,-0.051364667868040136,0.27960589305661926,0.5104360914355838,False
Jatrophihabitans,SCF,-0.11455655355856437,0.0156172130063507,0.08909403114386875,True
Jatrophihabitans,RANTES,-0.11468499862155156,0.015500487851252204,0.08868316456898931,True
Jatrophihabitans,IFNG,-0.10093037598175522,0.03328916432210232,0.14349129072465444,True
Jatrophihabitans,GMCSF,-0.05498143198519307,0.2470893470390411,0.4761154775431718,False
Jatrophihabitans,TNFA,-0.161805292753202,0.0006118869000482545,0.010364228626590538,True
Jatrophihabitans,HGF,0.012012472070516273,0.800500229479806,0.9027598074387758,False
Jatrophihabitans,MIP1B,-0.20776457711508348,9.925938734455643e-06,0.0006353889873004138,True
Jatrophihabitans,IFNA,-0.1134547989926727,0.016650505567331535,0.0925779378921344,True
Jatrophihabitans,TGFB,-0.06974016342933312,0.14188124997316565,0.34212332247231664,False
Jatrophihabitans,MCP1,0.06492835866180406,0.17154510958912392,0.3858297262901172,False
Jatrophihabitans,IL9,-0.1271316635622265,0.007248514088095049,0.05308755711771248,True
Jatrophihabitans,VEGFD,0.00499001394628678,0.9164003727379477,0.9605395932430291,False
Jatrophihabitans,TNFB,-0.17776186765886162,0.0001636364323764084,0.004378683465993476,True
Jatrophihabitans,NGF,-0.015796056166769785,0.7396614672755839,0.8687838152642283,False
Jatrophihabitans,EGF,-0.15698307344476226,0.0008909568107045099,0.01316965926848322,True
Jatrophihabitans,BDNF,-0.1970964565169969,2.8241258632469946e-05,0.0012526650753436534,True
Jatrophihabitans,TRAIL,-0.17812319884408892,0.00015860592450102562,0.004307265024052646,True
Jatrophihabitans,GCSF,-0.10089706571484443,0.033347680544795644,0.14355521170768362,True
Jatrophihabitans,GROA,-0.12216974852263753,0.009891639003893811,0.06593088390830643,True
Jatrophihabitans,IL1A,-0.1710549501729673,0.0002889494493771194,0.006099493944239064,True
Jatrophihabitans,IL23,-0.02632123837299503,0.5797284713154389,0.7680369937142316,False
Jatrophihabitans,IL12P40,-0.06560953816455162,0.16708504639644375,0.37899778816754315,False
Jatrophihabitans,IL15,-0.107095080139746,0.02386347145004398,0.11623490797799194,True
Jatrophihabitans,IL18,-0.05568029945897495,0.24112356035116433,0.4696970001895318,False
Jatrophihabitans,MCSF,-0.13189489074175628,0.005325038406378385,0.043636100257754044,True
Jatrophihabitans,MCP3,-0.2080655315679988,9.629721989975205e-06,0.0006286741680607654,True
Jatrophihabitans,MIG,-0.07569456017219091,0.11080714782958184,0.29356002776243423,False
Jatrophihabitans,RESISTIN,0.041810601406605974,0.37891365208415206,0.6086851673216489,False
Jatrophihabitans,IL21,-0.12468050033852172,0.008462889267271853,0.058381499227967766,True
Jatrophihabitans,ICAM1,-0.01583594872502426,0.7390278437998307,0.8687838152642283,False
Jatrophihabitans,VCAM1,-0.06208516470001764,0.1911224845157788,0.40973856555022853,False
Jatrophihabitans,FGFB,-0.1174783666346666,0.013144465254386218,0.0788188190253889,True
Jatrophihabitans,IL22,-0.05102783294571858,0.282775366950055,0.5140327433880956,False
Jatrophihabitans,PDGFBB,-0.07850730060544081,0.0981256947746183,0.27500193422222585,False
Jatrophihabitans,VEGF,-0.09166697136260993,0.05331655344023029,0.1905062787484331,False
Jatrophihabitans,LEPTIN,-0.07739543030271767,0.10299316498860116,0.2814822901185557,False
Jatrophihabitans,PAI1,-0.0711264240529822,0.134109527166644,0.33018729493123045,False
Jatrophihabitans,CD40L,0.013766874832396634,0.7721150395757345,0.886709000482012,False
Jatrophihabitans,ENA78,-0.12438510156246729,0.008620852934955788,0.0592707907267019,True
Jeotgalibaca,IL17F,0.0385913807622329,0.41673488388481317,0.6432084680345214,False
Jeotgalibaca,FASL,0.11506110906924508,0.01516308469487431,0.08715900228692183,True
Jeotgalibaca,TGFA,0.0005497549509213549,0.9907730888315094,0.9957955706859972,False
Jeotgalibaca,MIP1A,0.018900448525573835,0.6909106773335983,0.8389994403984494,False
Jeotgalibaca,SDF1A,0.13154427506941507,0.005449111745535096,0.04428470205068835,True
Jeotgalibaca,IL27,0.08188040850721104,0.08447180846186479,0.2530304125849478,False
Jeotgalibaca,LIF,0.10911419192599478,0.021325587742666817,0.10818748646514659,True
Jeotgalibaca,IL1B,0.1540235629448412,0.001116235585142663,0.015177724687360514,True
Jeotgalibaca,IL2,0.044799580246694594,0.3457506951400542,0.5781485606678366,False
Jeotgalibaca,IL4,0.05833368598167121,0.21939614744362315,0.4446560899463892,False
Jeotgalibaca,IL5,0.06411660617953882,0.17697537848345277,0.3913466310206095,False
Jeotgalibaca,IP10,0.008589231581480979,0.8566158129545038,0.9331037714852694,False
Jeotgalibaca,IL6,0.14247933725919887,0.0025907592697015976,0.026221462916548612,True
Jeotgalibaca,IL7,0.05947804912009377,0.2104712351621707,0.43308169756893494,False
Jeotgalibaca,IL8,0.14832580957616065,0.0017039068374925326,0.01990179336966989,True
Jeotgalibaca,IL10,0.14277399673399904,0.0025375347078536387,0.02586868371253482,True
Jeotgalibaca,IFNB,0.009139624132374959,0.847536730376089,0.9291700710275373,False
Jeotgalibaca,EOTAXIN,0.03166439676321382,0.5052516143757726,0.7167607446418717,False
Jeotgalibaca,IL12P70,0.03656798145965824,0.44160239588698424,0.6641709075655341,False
Jeotgalibaca,IL13,0.09837319433341539,0.03804385971241222,0.1555620505605632,True
Jeotgalibaca,IL17A,0.12636101686788867,0.007612354277598378,0.05457900828409553,True
Jeotgalibaca,IL31,0.24019952218879367,2.927927224922508e-07,5.247910287870197e-05,True
Jeotgalibaca,IL1RA,0.16094772824006973,0.0006546738864898222,0.010901647251717344,True
Jeotgalibaca,SCF,0.07642273771227545,0.10740653462429209,0.28850507311342544,False
Jeotgalibaca,RANTES,0.21401019434012414,5.2453271034703855e-06,0.0004012517304217246,True
Jeotgalibaca,IFNG,0.11171885754266009,0.018400059525628874,0.09830057800865775,True
Jeotgalibaca,GMCSF,0.02300153746526449,0.6284445934168637,0.799744616426074,False
Jeotgalibaca,TNFA,0.10141695296896448,0.03244432509485545,0.14133281342690457,True
Jeotgalibaca,HGF,-0.02954346117297419,0.534203074653613,0.7388010535823958,False
Jeotgalibaca,MIP1B,-0.005450418361436487,0.9087192441629096,0.9571585867365046,False
Jeotgalibaca,IFNA,0.13461308269515793,0.004446205033868784,0.038549418842461276,True
Jeotgalibaca,TGFB,0.13434449434253706,0.004526803414597526,0.03904219427917971,True
Jeotgalibaca,MCP1,-0.08670257834738557,0.06765604006370794,0.21946198342948972,False
Jeotgalibaca,IL9,0.1337398673851191,0.004713087795076562,0.0401569744890793,True
Jeotgalibaca,VEGFD,0.07192103485275057,0.12980508977246288,0.3232176243942761,False
Jeotgalibaca,TNFB,0.13023242513250186,0.005936738961415279,0.04659583812231833,True
Jeotgalibaca,NGF,0.09037658631705972,0.05677565139456634,0.19707548290409682,False
Jeotgalibaca,EGF,0.08526725864825443,0.07234682951782294,0.22771233888464193,False
Jeotgalibaca,BDNF,0.1428015000021966,0.0025326179805295187,0.02586868371253482,True
Jeotgalibaca,TRAIL,0.07878314766160137,0.09694691524062826,0.2730579115548895,False
Jeotgalibaca,GCSF,0.152522278554229,0.0012495856821224693,0.016380871880802263,True
Jeotgalibaca,GROA,0.18773482480765466,6.758960088234026e-05,0.002337888721046001,True
Jeotgalibaca,IL1A,0.13950667131497346,0.003187493998763622,0.03053675008728065,True
Jeotgalibaca,IL23,0.09127029600753947,0.05436072487785555,0.19228131533760318,False
Jeotgalibaca,IL12P40,-0.030621783541617844,0.5193799588012178,0.7292549287071047,False
Jeotgalibaca,IL15,0.15859029729489885,0.0007869987556044218,0.012246368998738665,True
Jeotgalibaca,IL18,0.1768643743772374,0.00017678629922978265,0.0046442449069387815,True
Jeotgalibaca,MCSF,0.15326474414860786,0.0011819050636395012,0.01591696737344017,True
Jeotgalibaca,MCP3,0.0644324404199675,0.17484761087140838,0.3891280763874798,False
Jeotgalibaca,MIG,0.005630119313593194,0.9057234805301768,0.9562309853413696,False
Jeotgalibaca,RESISTIN,0.016905546502628203,0.7221062407711918,0.8575654735498455,False
Jeotgalibaca,IL21,0.10373873934187477,0.028660664052069747,0.1305090515783093,True
Jeotgalibaca,ICAM1,0.010633240492433058,0.8230032884125411,0.915603929259771,False
Jeotgalibaca,VCAM1,-0.06553724940682285,0.16755420098026036,0.37942205773899335,False
Jeotgalibaca,FGFB,0.10706219857695097,0.02390687403287093,0.11632476022509458,True
Jeotgalibaca,IL22,0.03817665712901339,0.4217636552676204,0.6471200176853232,False
Jeotgalibaca,PDGFBB,0.19692809745717563,2.8698550241372524e-05,0.0012629924476761176,True
Jeotgalibaca,VEGF,0.06076481198423243,0.2007519048153852,0.4218742864357424,False
Jeotgalibaca,LEPTIN,0.027014786741937562,0.5697780270006307,0.7624504539566439,False
Jeotgalibaca,PAI1,0.011402909474086252,0.8104264831751307,0.9082747011301089,False
Jeotgalibaca,CD40L,-0.008597462390570751,0.8564798979180632,0.9331037714852694,False
Jeotgalibaca,ENA78,0.10633954697338868,0.024878126535151587,0.11957475230979427,True
Johnsonella,IL17F,-0.009213269837574273,0.8463233972932611,0.928536878338938,False
Johnsonella,FASL,-0.07568785235156207,0.11083886287425132,0.293565155887794,False
Johnsonella,TGFA,-0.0113617611946361,0.811097666285717,0.9087169899130126,False
Johnsonella,MIP1A,0.13218698006958324,0.005223623839801319,0.04309161825335682,True
Johnsonella,SDF1A,-0.054488810447918604,0.25135596588981973,0.48122974111278294,False
Johnsonella,IL27,-0.16447064999199845,0.0004948947820378331,0.008902687520673282,True
Johnsonella,LIF,-0.2819948299336494,1.4017597568283071e-09,1.5097278412097736e-06,True
Johnsonella,IL1B,-0.15363700926565557,0.0011492564625818235,0.015519685216618654,True
Johnsonella,IL2,-0.07368913482474165,0.12061132528344778,0.3083471070135447,False
Johnsonella,IL4,-0.06167563815459996,0.19407223913214647,0.4138360660533636,False
Johnsonella,IL5,-0.2079474722424494,9.744905456303046e-06,0.0006320084078173384,True
Johnsonella,IP10,0.1580643847841848,0.0008197114925136533,0.012502240255525918,True
Johnsonella,IL6,-0.113891453339023,0.016234036832881986,0.09124422716187086,True
Johnsonella,IL7,0.061230445464394205,0.19731652152328996,0.41804132155095475,False
Johnsonella,IL8,-0.07382103074295678,0.11994638993535178,0.30744449089513726,False
Johnsonella,IL10,-0.035353531915133005,0.45692575753187614,0.6775532668094517,False
Johnsonella,IFNB,-0.014686135607542873,0.7573598133797461,0.8783300064870577,False
Johnsonella,EOTAXIN,-0.1722377946516881,0.0002617734703526443,0.005773071299186505,True
Johnsonella,IL12P70,0.0035843645937670217,0.9398965967643989,0.971531996529668,False
Johnsonella,IL13,-0.12436621560759871,0.00863104090981529,0.0592707907267019,True
Johnsonella,IL17A,-0.14491287742288922,0.002180095518392333,0.02339969964605256,True
Johnsonella,IL31,-0.26031947933081706,2.513122811669449e-08,8.25812155914581e-06,True
Johnsonella,IL1RA,-0.17052963783258976,0.0003018442409054142,0.006251219594213389,True
Johnsonella,SCF,0.010424241178077286,0.826426432254973,0.9172125329277929,False
Johnsonella,RANTES,-0.07843769943535085,0.09842491759355111,0.27533281431249346,False
Johnsonella,IFNG,-0.12215082338557334,0.009903176118560508,0.06596318255187128,True
Johnsonella,GMCSF,-0.16717715679307932,0.0003976446463447866,0.007656212741536926,True
Johnsonella,TNFA,-0.08849399110521876,0.06215436233409955,0.20837574293157415,False
Johnsonella,HGF,-0.03186685019296142,0.5025317705506727,0.7145913273410281,False
Johnsonella,MIP1B,0.09204274938067256,0.05234284299880338,0.18845717541351487,True
Johnsonella,IFNA,-0.08465029315628493,0.07444310693306076,0.23194062836476392,False
Johnsonella,TGFB,-0.2255804196287665,1.529501166065441e-06,0.00016569035708871558,True
Johnsonella,MCP1,-0.03289940090307602,0.48878095104130004,0.7053945169164383,False
Johnsonella,IL9,-0.07761112465582702,0.102034243788304,0.28026012127754274,False
Johnsonella,VEGFD,-0.17148021181792286,0.00027888926948642216,0.005976718301298151,True
Johnsonella,TNFB,-0.027884819325051317,0.5574115699821977,0.7548026451764429,False
Johnsonella,NGF,-0.16890706674210615,0.00034514517232811146,0.006859760300021215,True
Johnsonella,EGF,0.004110364736655025,0.9310969952263659,0.9663881005413261,False
Johnsonella,BDNF,-0.0014956990057418047,0.97490023605722,0.9877252340238515,False
Johnsonella,TRAIL,0.026808527008613418,0.5727287712511373,0.7640000307163344,False
Johnsonella,GCSF,-0.035996745619535586,0.44877317231203784,0.6712192281371672,False
Johnsonella,GROA,-0.13806136193802465,0.0035205533742258973,0.03283407300200463,True
Johnsonella,IL1A,-0.00015619510361728026,0.99737841783141,0.9982898205890994,False
Johnsonella,IL23,-0.20043651754525452,2.047715393830464e-05,0.0010196246809871256,True
Johnsonella,IL12P40,0.017427797417913705,0.7138923397391495,0.8532432935437119,False
Johnsonella,IL15,-0.24764067810244025,1.2102400763814127e-07,2.538414185737865e-05,True
Johnsonella,IL18,-0.13351286923035116,0.004784792224296392,0.04052275064185037,True
Johnsonella,MCSF,-0.07951041476834927,0.09389313068333208,0.2690750711600625,False
Johnsonella,MCP3,0.0536102225873897,0.25909203303222583,0.4891093951803298,False
Johnsonella,MIG,0.09906042685910013,0.03671268357403775,0.15264176915768207,True
Johnsonella,RESISTIN,-0.07794092339180712,0.1005817520216725,0.27844282825881705,False
Johnsonella,IL21,-0.02854254906045057,0.5481500116490902,0.7479118082819005,False
Johnsonella,ICAM1,0.24626565370995032,1.4279376944670912e-07,2.861314249926551e-05,True
Johnsonella,VCAM1,0.1898383086419087,5.575652258145629e-05,0.00203085730121885,True
Johnsonella,FGFB,-0.02126476856259423,0.6546081608236413,0.8166448050366307,False
Johnsonella,IL22,-0.12436284829423544,0.008632858523705923,0.0592707907267019,True
Johnsonella,PDGFBB,-0.15720627042264096,0.0008757983346845363,0.013061452319697669,True
Johnsonella,VEGF,0.011316917610152948,0.8118292823317832,0.9092266604438445,False
Johnsonella,LEPTIN,-0.16126505406585762,0.0006385281143929077,0.010705119305587216,True
Johnsonella,PAI1,0.16043355458903388,0.0006816406991773707,0.011030846044674634,True
Johnsonella,CD40L,0.15964055554604958,0.0007252548574306957,0.011531552233148062,True
Johnsonella,ENA78,-0.14791654396558304,0.0017554911804490748,0.02029182517132987,True
Kerstersia,IL17F,0.005999012307090368,0.899577962635266,0.9530402531605,False
Kerstersia,FASL,0.03153469295844809,0.5069981619683206,0.7187710527266428,False
Kerstersia,TGFA,0.018208913488369366,0.7016687272838213,0.8462258763841339,False
Kerstersia,MIP1A,-0.01699518581093649,0.720694101621496,0.8572395013913798,False
Kerstersia,SDF1A,0.13444198731817614,0.0044973963241267635,0.038856558249992665,True
Kerstersia,IL27,0.07206346949445042,0.12904494030917577,0.3220613274101504,False
Kerstersia,LIF,0.03949090856664267,0.40594947646084845,0.6343081215645971,False
Kerstersia,IL1B,0.10567977212745372,0.02579442436402526,0.12198768304000696,True
Kerstersia,IL2,0.1004119506804023,0.03420987319061732,0.14582593296059565,True
Kerstersia,IL4,0.05900245771555545,0.21414806119874155,0.43789080840016475,False
Kerstersia,IL5,0.05534979020658208,0.24393218959730337,0.4720706526307185,False
Kerstersia,IP10,0.07569571836193947,0.11080167255054384,0.29356002776243423,False
Kerstersia,IL6,0.011259931443150904,0.812759238929331,0.9094732361232342,False
Kerstersia,IL7,-0.02406326084763412,0.6126737010139751,0.7898178821231551,False
Kerstersia,IL8,0.0627873710607851,0.18614136049860922,0.4035587270277743,False
Kerstersia,IL10,0.04473766347148017,0.34641839868044066,0.5784947009428163,False
Kerstersia,IFNB,0.006539041523946734,0.8905923390351533,0.9495829568774465,False
Kerstersia,EOTAXIN,0.08178032610712078,0.08485362629507504,0.25363464160607935,False
Kerstersia,IL12P70,0.049519547259567066,0.2972645265840713,0.5296283576840367,False
Kerstersia,IL13,0.11107828048654782,0.0190850377329399,0.10034149438470481,True
Kerstersia,IL17A,0.09555475316861564,0.0439390012517514,0.1684755637260853,True
Kerstersia,IL31,-0.04479625248697551,0.34578656052927215,0.5781485606678366,False
Kerstersia,IL1RA,0.04353248170949316,0.3595776353955037,0.5907860549548126,False
Kerstersia,SCF,0.1472933880416799,0.0018367874438781147,0.02098151868105499,True
Kerstersia,RANTES,0.048669357477138436,0.30564604691659947,0.5376887973578255,False
Kerstersia,IFNG,0.10724123528695995,0.02367137472123589,0.11587602351462811,True
Kerstersia,GMCSF,0.07417363110340851,0.11818284860189879,0.3051457625766156,False
Kerstersia,TNFA,0.13780607059828584,0.0035825607377660417,0.03328641258520042,True
Kerstersia,HGF,0.10400234960362781,0.028256029297944497,0.1294969487769116,True
Kerstersia,MIP1B,0.148013832184019,0.0017431008334226042,0.020241368291811772,True
Kerstersia,IFNA,0.053737217202506855,0.25796377996922415,0.4882375789755305,False
Kerstersia,TGFB,0.09953232249628764,0.03582169397155597,0.15035531964414486,True
Kerstersia,MCP1,0.026500717788773307,0.5771456744998903,0.7662629035986422,False
Kerstersia,IL9,0.10852067597496537,0.022046089102924608,0.11071337054336769,True
Kerstersia,VEGFD,0.03966920484206048,0.40383159043998673,0.6325444969536749,False
Kerstersia,TNFB,0.12965550722770458,0.006163328219342119,0.047737746586750944,True
Kerstersia,NGF,0.0547496839707425,0.24909018934883304,0.47838127539466124,False
Kerstersia,EGF,0.08889719114296277,0.06096834390932326,0.20590131355193855,False
Kerstersia,BDNF,0.13847189157241058,0.003422878790977838,0.032289702508573714,True
Kerstersia,TRAIL,0.07897250207607565,0.09614429797827231,0.2718130983311983,False
Kerstersia,GCSF,0.03890577987867744,0.4129462045857526,0.6394345180755272,False
Kerstersia,GROA,0.0635073522260164,0.1811341196489617,0.39715750700610863,False
Kerstersia,IL1A,0.050615656550572714,0.2866866701694443,0.5179631170315347,False
Kerstersia,IL23,-0.009266209994983843,0.8454514178802212,0.9282169592898118,False
Kerstersia,IL12P40,0.1460565827728349,0.0020084370781660635,0.02235984684197823,True
Kerstersia,IL15,0.06880822556150495,0.14729666906034394,0.34938656486931435,False
Kerstersia,IL18,-0.0010459763529149315,0.9824456892650697,0.9913328023241493,False
Kerstersia,MCSF,0.055753642705214046,0.24050338703858082,0.46911008892487727,False
Kerstersia,MCP3,0.12634447883358862,0.007620337981210547,0.05457900828409553,True
Kerstersia,MIG,0.13213635649579905,0.00524107498882569,0.04319942913030406,True
Kerstersia,RESISTIN,0.027593731844852008,0.5615344990740478,0.7576795910035538,False
Kerstersia,IL21,0.025455320433729077,0.5922647286243206,0.7760276919785165,False
Kerstersia,ICAM1,0.025748745095419294,0.5880028225658753,0.7733865009812407,False
Kerstersia,VCAM1,0.07510905642847902,0.11360245179057524,0.2980023868418017,False
Kerstersia,FGFB,0.08046470929922404,0.09000323070813382,0.26163284195403286,False
Kerstersia,IL22,0.06893084136841737,0.14657529119305324,0.348788818940758,False
Kerstersia,PDGFBB,0.10511439162413203,0.026602625488028556,0.12417077749099693,True
Kerstersia,VEGF,0.05145623208039545,0.27874848914084804,0.5094288566275146,False
Kerstersia,LEPTIN,0.07999150800434232,0.09191562500820775,0.26547005293111264,False
Kerstersia,PAI1,0.12567991427391476,0.007947409490336888,0.055801682874459434,True
Kerstersia,CD40L,0.01505041048663203,0.7515367287779942,0.8754026381562515,False
Kerstersia,ENA78,0.09315047040620415,0.04955839488930773,0.1822935286637297,True
Kingella,IL17F,-0.02635559083154297,0.5792337046948157,0.7677826733723785,False
Kingella,FASL,0.09402681370608068,0.04744426748591151,0.17756476418986925,True
Kingella,TGFA,-0.08586819629571181,0.07035156667294812,0.2244753427339618,False
Kingella,MIP1A,-0.032483973498127844,0.49428891762887284,0.7090040560721049,False
Kingella,SDF1A,0.06785724705700497,0.1529836372448474,0.3580514472838807,False
Kingella,IL27,-0.017672968680559883,0.7100476151040434,0.8515388551941191,False
Kingella,LIF,-0.15273832524202133,0.0012295325945297752,0.016247707154419335,True
Kingella,IL1B,8.913136622406671e-05,0.9985040153147862,0.9989470990624508,False
Kingella,IL2,-0.028620193180719414,0.5470617182669528,0.7466335897377296,False
Kingella,IL4,0.04871003213362963,0.3052415365120749,0.5374300887544265,False
Kingella,IL5,-0.0726543703181355,0.12592815918476952,0.3170880697939867,False
Kingella,IP10,-0.007663976579731089,0.8719205952348881,0.9414450413828617,False
Kingella,IL6,0.00625574443420163,0.8953044881776085,0.952040592432602,False
Kingella,IL7,-0.06995191446783058,0.1406723011911201,0.34013920655924995,False
Kingella,IL8,0.04070037402286265,0.3917127440567605,0.621729973714269,False
Kingella,IL10,-0.06683104205597297,0.1593055548232515,0.36770555184169135,False
Kingella,IFNB,-0.11145546630079807,0.018679067397265683,0.0988466879297285,True
Kingella,EOTAXIN,0.012118135754729614,0.7987827906610246,0.9015930596731682,False
Kingella,IL12P70,-0.07336753512370466,0.12224467874926896,0.31144682003958657,False
Kingella,IL13,0.0068495648103653875,0.8854317566590861,0.9471264356691936,False
Kingella,IL17A,-0.00971305984509075,0.8380989545093235,0.9240554181358809,False
Kingella,IL31,-0.05997514908326391,0.2066770144280587,0.42829977049228557,False
Kingella,IL1RA,-0.074064907101734,0.11872446018033977,0.305743398238712,False
Kingella,SCF,0.047992989044791934,0.3124244607746119,0.5443261211378361,False
Kingella,RANTES,-0.020486999972833125,0.6664658740292928,0.8232024938836243,False
Kingella,IFNG,0.01236897102729546,0.7947096562169087,0.8996609773755496,False
Kingella,GMCSF,0.0036453786941749735,0.9388754793973093,0.971291266229266,False
Kingella,TNFA,0.014379242861984862,0.7622763107607491,0.8812618589749578,False
Kingella,HGF,0.04581971262457127,0.33486754358557724,0.5666193348209098,False
Kingella,MIP1B,0.11757206532081022,0.013071228270892452,0.07881111210670201,True
Kingella,IFNA,-0.016954625025546392,0.721332961555436,0.857354754643536,False
Kingella,TGFB,-0.0487495553805341,0.30484881612938913,0.5369304322679146,False
Kingella,MCP1,-0.014421276506507447,0.7616023511015748,0.8811026847974797,False
Kingella,IL9,0.0571853526592641,0.22862097655467323,0.45585276044375006,False
Kingella,VEGFD,-0.15540992525137484,0.0010048660519942835,0.01423271485712593,True
Kingella,TNFB,0.06653988499294827,0.16113460875256205,0.36975441645315565,False
Kingella,NGF,-0.08032709465251577,0.09055606560030328,0.26289968146212134,False
Kingella,EGF,0.06843340585096273,0.14951859770517625,0.35245201725911707,False
Kingella,BDNF,0.04291506132539571,0.3664388094040195,0.5966623479366641,False
Kingella,TRAIL,0.033594646056794825,0.47963724136134245,0.6982419232194164,False
Kingella,GCSF,-0.03552958701893705,0.4546860940127323,0.6759607170528601,False
Kingella,GROA,-0.03261629833277195,0.49253089896923397,0.707924891693993,False
Kingella,IL1A,0.031824377875067984,0.503101721140297,0.7149718411222374,False
Kingella,IL23,-0.04433202977326787,0.3508129285713214,0.5830911903314933,False
Kingella,IL12P40,0.01935252326125357,0.6839111706956535,0.8345108784977859,False
Kingella,IL15,-0.0268275097579245,0.5724569029321382,0.7639704604177835,False
Kingella,IL18,-0.07449793288268927,0.11657879880018333,0.30267554246350337,False
Kingella,MCSF,0.04913759660771949,0.3010108212444593,0.5330276047831651,False
Kingella,MCP3,0.03895613032993736,0.4123413493164416,0.6391012416508873,False
Kingella,MIG,-0.02385127110576813,0.6158086683339371,0.7924399709861291,False
Kingella,RESISTIN,-0.07874293731215148,0.09711804045877376,0.2733246283662584,False
Kingella,IL21,-0.030927506540615848,0.5152161819740564,0.7260406684543426,False
Kingella,ICAM1,-0.011643809593584967,0.8064998841477515,0.9062436860741518,False
Kingella,VCAM1,0.08549622270780764,0.07158123369470779,0.22624168059071154,False
Kingella,FGFB,-0.014270543111880982,0.7640200144533842,0.8822430950546399,False
Kingella,IL22,0.014117623508213785,0.7664750881827274,0.8837247483716121,False
Kingella,PDGFBB,0.030809106554931052,0.5168266716282894,0.7269050262393604,False
Kingella,VEGF,0.04615241210578232,0.3313662784874949,0.5627233028991774,False
Kingella,LEPTIN,0.06251700722654764,0.18804775232502663,0.40572876831256566,False
Kingella,PAI1,0.020579530786126322,0.6650507321570416,0.8226967144690822,False
Kingella,CD40L,-0.033652179132173915,0.47888476811899794,0.6978338572235154,False
Kingella,ENA78,0.014253707842600716,0.7642901838524945,0.8822941094942869,False
Klebsiella,IL17F,0.06398760352114854,0.1778499748133121,0.392723786102628,False
Klebsiella,FASL,0.048176720773406984,0.3105734524724248,0.5425541546115831,False
Klebsiella,TGFA,0.021177345100998467,0.6559367487189001,0.8170636873077131,False
Klebsiella,MIP1A,0.030850793901483875,0.5162593394233022,0.7267291972061849,False
Klebsiella,SDF1A,0.10605076675031244,0.02527566997868694,0.12042897759782303,True
Klebsiella,IL27,0.07995647175762849,0.09205850436013162,0.265665320837874,False
Klebsiella,LIF,0.00014033204633181524,0.9976446629310589,0.9984549327080587,False
Klebsiella,IL1B,0.06420113924498531,0.17640400606615195,0.3908308441847252,False
Klebsiella,IL2,0.029260641437358424,0.538125782954632,0.7414177454041596,False
Klebsiella,IL4,0.10123414667870902,0.03275955834290159,0.14177870219135397,True
Klebsiella,IL5,0.10154479257570578,0.0322254189605864,0.1409318140298642,True
Klebsiella,IP10,0.07817148531452081,0.09957610649109197,0.2768557785811521,False
Klebsiella,IL6,0.06962726965192202,0.14252903597900424,0.34306776673411293,False
Klebsiella,IL7,0.006529356468768302,0.8907533703061528,0.9495829568774465,False
Klebsiella,IL8,0.09137045157790674,0.05409549311785526,0.19175597668314173,False
Klebsiella,IL10,0.02333633922619817,0.6234527022563005,0.7970278103177054,False
Klebsiella,IFNB,0.0009120491187070243,0.9846930552850224,0.992606352103735,False
Klebsiella,EOTAXIN,0.042550469394365915,0.37052834494759823,0.6007678329758921,False
Klebsiella,IL12P70,0.06758422188521086,0.1546467297362355,0.36031847358539576,False
Klebsiella,IL13,0.10485698056251232,0.02697775286196122,0.1251990897891535,True
Klebsiella,IL17A,0.10536538414616077,0.02624118435140512,0.12330104639473388,True
Klebsiella,IL31,0.07891942198265103,0.09636875233109136,0.2721292353136347,False
Klebsiella,IL1RA,0.05654847122064164,0.23385427718773918,0.46166613121124306,False
Klebsiella,SCF,0.0688897462771386,0.14681676266333074,0.34891987616564957,False
Klebsiella,RANTES,0.011245421646968795,0.8129960662179653,0.9095001385357129,False
Klebsiella,IFNG,0.059549291554283075,0.20992439986226108,0.4323933835859109,False
Klebsiella,GMCSF,0.13587441291593846,0.004084768237377581,0.03634264014807599,True
Klebsiella,TNFA,0.12930696739442382,0.006303952001089649,0.04828621509459344,True
Klebsiella,HGF,0.008247918674681385,0.8622555847215585,0.9363658121234495,False
Klebsiella,MIP1B,0.14780575365071377,0.001769699360761252,0.020404323156005173,True
Klebsiella,IFNA,0.0670129429768031,0.1581708214031413,0.365934747099781,False
Klebsiella,TGFB,0.0732804616166924,0.12268986182540385,0.31220357714889807,False
Klebsiella,MCP1,0.019346933417366464,0.6839975551087554,0.8345108784977859,False
Klebsiella,IL9,0.12544243584263146,0.008067290665763657,0.056429996380080644,True
Klebsiella,VEGFD,0.053178676741343585,0.2629514358003872,0.49327787899528397,False
Klebsiella,TNFB,0.11665071682730699,0.01380723819972434,0.08150404441489974,True
Klebsiella,NGF,0.09864682662186738,0.03750900888852037,0.1547128910556627,True
Klebsiella,EGF,0.04064112239212509,0.3924030875541221,0.6220800956220637,False
Klebsiella,BDNF,0.06674887893216372,0.1598201122858632,0.3677653284113071,False
Klebsiella,TRAIL,0.10008664275196269,0.034798616323126065,0.14735599644045394,True
Klebsiella,GCSF,0.07656416935319144,0.10675569935233727,0.28756069832758174,False
Klebsiella,GROA,0.11188153676290259,0.018229556999667565,0.09802156901822665,True
Klebsiella,IL1A,0.086616721455323,0.06792943852762637,0.220036786358921,False
Klebsiella,IL23,0.03795489727330321,0.4244671132893989,0.6486826852080142,False
Klebsiella,IL12P40,0.024926997207768285,0.5999738635835334,0.7814166134504522,False
Klebsiella,IL15,0.04418498067819636,0.35241468056738756,0.5843740825960145,False
Klebsiella,IL18,-0.018708215118862476,0.6938950823810817,0.8405867586947157,False
Klebsiella,MCSF,0.07808593036601842,0.09994833599848432,0.27746851486146396,False
Klebsiella,MCP3,0.09767116108730224,0.03944571968682738,0.15915926670258293,True
Klebsiella,MIG,0.05706249301070562,0.22962399834020414,0.4567460402820283,False
Klebsiella,RESISTIN,0.022197381283947736,0.6405036051655792,0.80737639860322,False
Klebsiella,IL21,0.04869073140544803,0.3054334385516397,0.5375676879697031,False
Klebsiella,ICAM1,0.02522487239199234,0.5956217886396817,0.7779535371944901,False
Klebsiella,VCAM1,0.04836602174983656,0.3086738968123555,0.5400971378729501,False
Klebsiella,FGFB,0.10022021985145527,0.03455583282207694,0.14659014965508055,True
Klebsiella,IL22,0.04422088086961654,0.3520232079301231,0.5841179572084082,False
Klebsiella,PDGFBB,-0.020807854747300313,0.6615638989137829,0.8202360603058825,False
Klebsiella,VEGF,0.09785328608266519,0.03907790811340006,0.15832300142048686,True
Klebsiella,LEPTIN,0.12602504233148246,0.007776019992520518,0.055148205098034,True
Klebsiella,PAI1,0.10400599777568738,0.028250464044843503,0.1294969487769116,True
Klebsiella,CD40L,-0.017414237726995418,0.7141051924810274,0.8532907863609659,False
Klebsiella,ENA78,0.10962304522266415,0.020724224627488578,0.10574503435703023,True
Kocuria,IL17F,0.052073191681501985,0.27301779243449503,0.5036742390862193,False
Kocuria,FASL,0.1730949151804219,0.00024359426014225303,0.005558685686301691,True
Kocuria,TGFA,0.01680701793665772,0.7236595067154473,0.8588773678305899,False
Kocuria,MIP1A,0.023068236247168663,0.6274487538674216,0.7994419099355773,False
Kocuria,SDF1A,0.204357278701302,1.3944616425025689e-05,0.0007874332835566263,True
Kocuria,IL27,0.12194093053982874,0.010031934002215288,0.06632783728627653,True
Kocuria,LIF,0.1296524439683964,0.006164551775708455,0.047737746586750944,True
Kocuria,IL1B,0.13578724456068383,0.004108864240316626,0.036458311144051576,True
Kocuria,IL2,0.11180384063593708,0.018310816811357197,0.09820894022108774,True
Kocuria,IL4,0.18710669786957204,7.155884233195398e-05,0.002457934033827186,True
Kocuria,IL5,0.14850579766080763,0.0016816639022315667,0.01979491727325918,True
Kocuria,IP10,0.0614164647047918,0.1959561517482579,0.416053358590206,False
Kocuria,IL6,0.16334693462778271,0.0005414242162264158,0.009599568207841738,True
Kocuria,IL7,0.06929908095385644,0.14442503905004492,0.3460724440824849,False
Kocuria,IL8,0.17998813960865143,0.00013486824694131392,0.003855923171556379,True
Kocuria,IL10,0.1732085229740095,0.00024127527314215608,0.005538166200627736,True
Kocuria,IFNB,0.0409065094165766,0.38931677942914666,0.6196133050714445,False
Kocuria,EOTAXIN,0.06154814059424752,0.19499734707374275,0.4149776648321158,False
Kocuria,IL12P70,0.10046829198167677,0.03410877332642301,0.1455602975982156,True
Kocuria,IL13,0.1408072547013563,0.0029125303678530752,0.028483853537991682,True
Kocuria,IL17A,0.10857862691153918,0.021974821604248764,0.11052438335443078,True
Kocuria,IL31,0.17165534682090544,0.00027484208219079575,0.0059157057778097474,True
Kocuria,IL1RA,0.09766469088483896,0.039458840314578275,0.15915926670258293,True
Kocuria,SCF,0.04782392484509523,0.3141340868752699,0.545713064285698,False
Kocuria,RANTES,0.2042857326696022,1.4043662386128905e-05,0.0007874332835566263,True
Kocuria,IFNG,0.18164026442111791,0.00011666665673720887,0.003549691055911744,True
Kocuria,GMCSF,0.10408060715485744,0.02813685442346908,0.12919101579252826,True
Kocuria,TNFA,0.11913356319249277,0.011902580302770405,0.07405713859554977,True
Kocuria,HGF,-0.02020619217942355,0.6707677052353539,0.8253884938214663,False
Kocuria,MIP1B,0.06494365248983071,0.1714440072028265,0.3856903293029355,False
Kocuria,IFNA,0.1401983967848481,0.003038448134462553,0.029516933481708685,True
Kocuria,TGFB,0.10593992517384573,0.025429706560878382,0.1209874745546038,True
Kocuria,MCP1,-0.06791288106059983,0.1526464201181316,0.3575168471191592,False
Kocuria,IL9,0.192393293681458,4.400957656515424e-05,0.0016622467654378945,True
Kocuria,VEGFD,0.0033012788923781093,0.9446355133053833,0.9742386526635589,False
Kocuria,TNFB,0.1818651817878247,0.00011437530930461343,0.0034944628085397094,True
Kocuria,NGF,0.15447239558496353,0.0010789925497221129,0.014913039682548715,True
Kocuria,EGF,0.0641773317892275,0.176564785637957,0.3908308441847252,False
Kocuria,BDNF,0.09082243597532344,0.05556000918791405,0.1947069216404041,False
Kocuria,TRAIL,0.1279009746547199,0.006900896527209996,0.051168294283213664,True
Kocuria,GCSF,0.11837707699912663,0.01245668890055593,0.07613021647965305,True
Kocuria,GROA,0.2425554916162728,2.2203561983555823e-07,4.209282962190256e-05,True
Kocuria,IL1A,0.15474488587013793,0.0010569443150933735,0.014737421581598976,True
Kocuria,IL23,0.14936253527677526,0.0015793926515772876,0.019080456812805027,True
Kocuria,IL12P40,0.17069345486320997,0.00029776652059510975,0.006179752336898089,True
Kocuria,IL15,0.20875211565971397,8.985129012794355e-06,0.0005984824446495052,True
Kocuria,IL18,0.22747398310881484,1.2422154514430948e-06,0.0001391563627309776,True
Kocuria,MCSF,0.1743685067833019,0.0002187501081134345,0.005160065662508589,True
Kocuria,MCP3,0.08303769995714413,0.08015657256338539,0.24448746668621693,False
Kocuria,MIG,0.09248571286142365,0.051214118146119994,0.18557574503044472,True
Kocuria,RESISTIN,0.056468888427023016,0.2345141143989826,0.46256342882503715,False
Kocuria,IL21,0.1339517186949823,0.004647044030145028,0.03976611115379313,True
Kocuria,ICAM1,-0.030526376997428935,0.520682877428606,0.7302449574180108,False
Kocuria,VCAM1,0.007675815882687787,0.8717244447491377,0.941336354073502,False
Kocuria,FGFB,0.13640101406397256,0.003941898322232855,0.035487884621526466,True
Kocuria,IL22,0.08893308897266998,0.060863661912361644,0.20575439029192447,False
Kocuria,PDGFBB,0.2093560244715923,8.452313761510491e-06,0.0005707048565819892,True
Kocuria,VEGF,0.07555880382982195,0.1114504049636348,0.294788862927693,False
Kocuria,LEPTIN,0.08388051792051142,0.07712766346282522,0.23804774778225768,False
Kocuria,PAI1,-0.0807776218854817,0.08875625228295646,0.26009246382669876,False
Kocuria,CD40L,-0.08704170632962015,0.06658494349501298,0.21727718403635815,False
Kocuria,ENA78,0.0968875740249362,0.041061800946889805,0.16263046755100027,True
Lachnoanaerobaculum,IL17F,-0.021556775899626623,0.6501783957446041,0.814134890764531,False
Lachnoanaerobaculum,FASL,-0.08330914161738816,0.07917072693148515,0.24253108330968945,False
Lachnoanaerobaculum,TGFA,0.026285830975140846,0.5802386385157905,0.7686095805547787,False
Lachnoanaerobaculum,MIP1A,0.1095877399477245,0.0207654675630981,0.10584590446588472,True
Lachnoanaerobaculum,SDF1A,-0.09138279219348762,0.05406288733260354,0.19175597668314173,False
Lachnoanaerobaculum,IL27,-0.04441232587874135,0.34994023710776734,0.5822296805752524,False
Lachnoanaerobaculum,LIF,0.01838152347978142,0.6989777858682935,0.8443177057619715,False
Lachnoanaerobaculum,IL1B,-0.08559607169820456,0.07124944293330532,0.22595314527225094,False
Lachnoanaerobaculum,IL2,-0.058776345512327924,0.21591225039591183,0.4401654575794741,False
Lachnoanaerobaculum,IL4,-0.09683633589476999,0.04116939482432286,0.1628505998722551,True
Lachnoanaerobaculum,IL5,-0.05184667254130577,0.275112439246314,0.5055209335674191,False
Lachnoanaerobaculum,IP10,-0.007266271489936321,0.878514155473168,0.9444125245735482,False
Lachnoanaerobaculum,IL6,-0.04238586024806002,0.37238394281085385,0.6032023350457145,False
Lachnoanaerobaculum,IL7,0.05236796496664823,0.2703083079709681,0.5015432523955964,False
Lachnoanaerobaculum,IL8,-0.12113820975109392,0.010538173318975367,0.06856575123666296,True
Lachnoanaerobaculum,IL10,0.05376664396197493,0.2577028303197476,0.48812102257945084,False
Lachnoanaerobaculum,IFNB,0.08944352339352199,0.059391170470731586,0.2026577218762451,False
Lachnoanaerobaculum,EOTAXIN,-0.12905716531210473,0.006406502041557001,0.048741115260481985,True
Lachnoanaerobaculum,IL12P70,-0.0579878316052759,0.22214600424136127,0.4486045123922642,False
Lachnoanaerobaculum,IL13,-0.10086398850344179,0.03340587412806876,0.1436442513674469,True
Lachnoanaerobaculum,IL17A,-0.09031348794674474,0.056949462355505895,0.19747020749228883,False
Lachnoanaerobaculum,IL31,-0.056148761944916595,0.23718162145293925,0.4655787384076215,False
Lachnoanaerobaculum,IL1RA,0.03635505449327737,0.44426761358730016,0.6670103769027725,False
Lachnoanaerobaculum,SCF,-0.07015544680398597,0.1395177311732908,0.3383858683433109,False
Lachnoanaerobaculum,RANTES,-0.12681264241977927,0.007397201432513535,0.05373737046552575,True
Lachnoanaerobaculum,IFNG,-0.10559449490506022,0.025914954576982768,0.12235135163788129,True
Lachnoanaerobaculum,GMCSF,-0.10503563127911493,0.026716923948172357,0.12456060868208133,True
Lachnoanaerobaculum,TNFA,-0.13916375916687052,0.0032638163709887745,0.03105666195483334,True
Lachnoanaerobaculum,HGF,-0.025995633951585263,0.5844278201870224,0.7710505154448163,False
Lachnoanaerobaculum,MIP1B,-0.13772545174618547,0.0036023468455123994,0.03337587895024552,True
Lachnoanaerobaculum,IFNA,-0.032727026370252967,0.49106237881200376,0.7071140359237914,False
Lachnoanaerobaculum,TGFB,-0.06075545245110457,0.20082140141066512,0.4219303868513079,False
Lachnoanaerobaculum,MCP1,-0.04032751376545424,0.39606918465110774,0.6256128861225156,False
Lachnoanaerobaculum,IL9,-0.08958503855228041,0.05898818661523916,0.20185738033235331,False
Lachnoanaerobaculum,VEGFD,-0.04627925237989831,0.3300376699512354,0.561337362039213,False
Lachnoanaerobaculum,TNFB,-0.20276911062459,1.6307428789280553e-05,0.000868965583809339,True
Lachnoanaerobaculum,NGF,-0.025645296090125703,0.5895037754980965,0.7748437625146981,False
Lachnoanaerobaculum,EGF,-0.08680135995824606,0.06734260154352939,0.2190245351422345,False
Lachnoanaerobaculum,BDNF,-0.12171430242513763,0.010172624396430978,0.06698846446226893,True
Lachnoanaerobaculum,TRAIL,-0.029884429803965842,0.5294930480527325,0.7356478452607285,False
Lachnoanaerobaculum,GCSF,-0.08147175181882921,0.08603961185491654,0.2560702697779185,False
Lachnoanaerobaculum,GROA,-0.10644311526657535,0.024736872024210346,0.1194202176369567,True
Lachnoanaerobaculum,IL1A,-0.006682617541247423,0.8882056634153639,0.9483047323186683,False
Lachnoanaerobaculum,IL23,-0.07014627865678794,0.139569582134703,0.3383858683433109,False
Lachnoanaerobaculum,IL12P40,-0.17202690013404515,0.00026643683905537384,0.0058109167243537065,True
Lachnoanaerobaculum,IL15,-0.10504558294375121,0.02670245862010238,0.12456060868208133,True
Lachnoanaerobaculum,IL18,-0.005248742293786833,0.9120828905005229,0.9589098449532674,False
Lachnoanaerobaculum,MCSF,-0.09122589850401437,0.05447864367242303,0.19249120764256136,False
Lachnoanaerobaculum,MCP3,-0.10798876742028439,0.022709638945535314,0.11306072206383835,True
Lachnoanaerobaculum,MIG,0.009665464844255615,0.8388814240377689,0.9242978739425869,False
Lachnoanaerobaculum,RESISTIN,0.055375455916045015,0.24371326874123653,0.4720245380997914,False
Lachnoanaerobaculum,IL21,0.06386970194641028,0.17865211040845036,0.39351672100273377,False
Lachnoanaerobaculum,ICAM1,-0.06816350547779133,0.15113428441425153,0.35515656156273934,False
Lachnoanaerobaculum,VCAM1,-0.11537193914730612,0.014889125695041352,0.08598535506837589,True
Lachnoanaerobaculum,FGFB,-0.09989482311629669,0.035149796988433034,0.14846045360410148,True
Lachnoanaerobaculum,IL22,-0.1525656851439341,0.0012455327568512177,0.016349483245058992,True
Lachnoanaerobaculum,PDGFBB,-0.08939431609896038,0.05953182736055737,0.20295919899148118,False
Lachnoanaerobaculum,VEGF,-0.048384148103880996,0.30849240898620106,0.5400671581932107,False
Lachnoanaerobaculum,LEPTIN,-0.11470982577759054,0.015478014489105789,0.08865907427867802,True
Lachnoanaerobaculum,PAI1,-0.14630131945890515,0.001973349563591696,0.022131149030588097,True
Lachnoanaerobaculum,CD40L,0.15825876823677934,0.0008074767308160841,0.01241324060467238,True
Lachnoanaerobaculum,ENA78,-0.09159349142341174,0.053508705341376854,0.1908425532761552,False
Lachnoclostridium,IL17F,-0.05276810371480464,0.2666598188547938,0.4975832849272302,False
Lachnoclostridium,FASL,-0.05923913142685317,0.2123125919084159,0.4355057161870211,False
Lachnoclostridium,TGFA,0.004369578179393983,0.926763560454744,0.9643271246530363,False
Lachnoclostridium,MIP1A,0.03804077413440359,0.42341899913530257,0.6481156571341976,False
Lachnoclostridium,SDF1A,-0.05901758376437719,0.2140304144669266,0.43789080840016475,False
Lachnoclostridium,IL27,-0.034127952487941225,0.4726868366812884,0.6916649600718631,False
Lachnoclostridium,LIF,0.07178001192197234,0.1305611136523327,0.3245441226848539,False
Lachnoclostridium,IL1B,-0.04116936270264434,0.38627449152253734,0.616463321584778,False
Lachnoclostridium,IL2,-0.03317087559452037,0.485199476525756,0.7024667997636808,False
Lachnoclostridium,IL4,-0.106872269609302,0.024158911708765895,0.1173194835591203,True
Lachnoclostridium,IL5,-0.03186455546947468,0.5025625555341193,0.7145913273410281,False
Lachnoclostridium,IP10,-0.09336224009084029,0.049040428309069635,0.1809490821625923,True
Lachnoclostridium,IL6,-0.011553057753782067,0.8079785467919041,0.9067682734829907,False
Lachnoclostridium,IL7,-0.003091903407338949,0.9481417707500648,0.9762671376701628,False
Lachnoclostridium,IL8,-0.12011040877297396,0.01121934868162262,0.07130905177526486,True
Lachnoclostridium,IL10,0.009666904251225397,0.8388577576218433,0.9242978739425869,False
Lachnoclostridium,IFNB,0.04711647789903688,0.3213543881865505,0.5528544538831135,False
Lachnoclostridium,EOTAXIN,-0.0036235388400413567,0.9392409745416958,0.9713635676701674,False
Lachnoclostridium,IL12P70,-0.06807242320995745,0.15168250561198038,0.3560205096006911,False
Lachnoclostridium,IL13,-0.09306457052690084,0.04976979689211673,0.1829346574886126,True
Lachnoclostridium,IL17A,-0.0588426783627859,0.21539362570248108,0.43952605302733566,False
Lachnoclostridium,IL31,-0.05004229911650344,0.2921877671995171,0.523516359333486,False
Lachnoclostridium,IL1RA,0.005660028814609028,0.9052249929785852,0.9562309853413696,False
Lachnoclostridium,SCF,-0.061474752529506536,0.19553130211381334,0.4157082723612007,False
Lachnoclostridium,RANTES,-0.10249750506867716,0.030633424837230062,0.13627450453312903,True
Lachnoclostridium,IFNG,-0.07782405847839288,0.10109455539548544,0.2791568983441724,False
Lachnoclostridium,GMCSF,-0.0524139109758175,0.269887644412198,0.5010456494567698,False
Lachnoclostridium,TNFA,-0.10138685776598984,0.03249604283075396,0.14143310826736094,True
Lachnoclostridium,HGF,-0.003058133647208814,0.9487073836426976,0.9765435301190052,False
Lachnoclostridium,MIP1B,-0.16019466509393546,0.0006945166532016663,0.011142753833707835,True
Lachnoclostridium,IFNA,-0.07229444539432216,0.12781959288722253,0.3197286561988017,False
Lachnoclostridium,TGFB,-0.0398716763641474,0.4014345504580358,0.6305515931190754,False
Lachnoclostridium,MCP1,-0.0003426893261501402,0.9942483338944041,0.9969789518391858,False
Lachnoclostridium,IL9,-0.09684274631395395,0.0411559207063246,0.1628505998722551,True
Lachnoclostridium,VEGFD,0.025407148935404904,0.592965753021935,0.7760725459544532,False
Lachnoclostridium,TNFB,-0.1723163836090483,0.00026005527546638584,0.005770991947897922,True
Lachnoclostridium,NGF,-0.03837663587781584,0.4193343800231534,0.6454992605526713,False
Lachnoclostridium,EGF,-0.0734063834097865,0.12204646441319518,0.3112895332950267,False
Lachnoclostridium,BDNF,-0.08823071717191124,0.06293900453155057,0.20989604420569202,False
Lachnoclostridium,TRAIL,-0.05087022345673746,0.28426670767320616,0.5152206860920379,False
Lachnoclostridium,GCSF,-0.08622388710691756,0.0691919346194283,0.2225158208972899,False
Lachnoclostridium,GROA,-0.06553327862327353,0.16757999993868705,0.37942205773899335,False
Lachnoclostridium,IL1A,-0.03560717271886277,0.45370105721448717,0.6752716175588791,False
Lachnoclostridium,IL23,-0.0354938943042482,0.45513965572621795,0.6763346516940426,False
Lachnoclostridium,IL12P40,-0.11731261209500189,0.013274908733093433,0.0793833957193864,True
Lachnoclostridium,IL15,-0.051006333770859086,0.2829784857050316,0.5141035207495631,False
Lachnoclostridium,IL18,-0.0243943582778443,0.6077914526966641,0.7858877414328063,False
Lachnoclostridium,MCSF,-0.11247230703626983,0.01762191671807421,0.09564625108893998,True
Lachnoclostridium,MCP3,-0.10063959219462547,0.03380295098355453,0.14488238730255676,True
Lachnoclostridium,MIG,-0.03054806816179978,0.5203865049094006,0.7300370236796458,False
Lachnoclostridium,RESISTIN,0.060133681469608485,0.20547745406368528,0.4268275282625554,False
Lachnoclostridium,IL21,0.03231134974234249,0.496587351152069,0.7108113993984458,False
Lachnoclostridium,ICAM1,-0.03490637222306565,0.4626419214312999,0.6836642274726059,False
Lachnoclostridium,VCAM1,-0.16284532124218773,0.0005634786238257839,0.009814223301980974,True
Lachnoclostridium,FGFB,-0.1065477871239016,0.02459481638412383,0.11890912207684781,True
Lachnoclostridium,IL22,-0.08550646281552687,0.0715471486195555,0.22623279088155987,False
Lachnoclostridium,PDGFBB,0.020452773063703546,0.6669896315790853,0.8234183374178887,False
Lachnoclostridium,VEGF,-0.040517341692424026,0.3938476325389071,0.6232493898770284,False
Lachnoclostridium,LEPTIN,-0.08324579707665532,0.07939990359218418,0.24278047444533243,False
Lachnoclostridium,PAI1,-0.07269211803977768,0.12573105755825498,0.3168345514849891,False
Lachnoclostridium,CD40L,0.07988009348955154,0.09237059462587717,0.26602083605664534,False
Lachnoclostridium,ENA78,-0.07273557333043243,0.1255044502829272,0.31658722387131427,False
Lachnospira,IL17F,-0.048546135220879694,0.30687365664360483,0.5387829060555596,False
Lachnospira,FASL,-0.07763338168411323,0.10193569923694158,0.28006748134831944,False
Lachnospira,TGFA,-0.060485777345443935,0.20283131902872853,0.4246069410153866,False
Lachnospira,MIP1A,0.06798094751035107,0.15223461269169464,0.3568453683705679,False
Lachnospira,SDF1A,-0.007255515231636318,0.8786926024942772,0.9444125245735482,False
Lachnospira,IL27,-0.030466848471509163,0.5214966775581159,0.7310742672593723,False
Lachnospira,LIF,-0.03949560672831025,0.40589358484839966,0.6343081215645971,False
Lachnospira,IL1B,0.01758917972518599,0.7113607546573663,0.8518556316058153,False
Lachnospira,IL2,-0.02617823737845473,0.5817901852137373,0.7689795058413871,False
Lachnospira,IL4,-0.01224229486957019,0.7967659700941967,0.9003126041193295,False
Lachnospira,IL5,-0.07919358230389754,0.09521392000494613,0.2707040685074473,False
Lachnospira,IP10,0.03212770793183374,0.4990387069303315,0.7124084194708101,False
Lachnospira,IL6,-0.04486759492166852,0.34501817525595246,0.5777457400498012,False
Lachnospira,IL7,0.005953326897614645,0.9003387340438775,0.9534363777209738,False
Lachnospira,IL8,-0.04724861355037186,0.31999765425191173,0.5514924607719136,False
Lachnospira,IL10,0.009706191476109757,0.8382118617771501,0.9240765526055855,False
Lachnospira,IFNB,-0.014249209949107413,0.7643623700873432,0.8822941094942869,False
Lachnospira,EOTAXIN,-0.08471276570956546,0.07422861694263347,0.23156509677863316,False
Lachnospira,IL12P70,-0.010767869190990048,0.8208000129432144,0.9141844455535202,False
Lachnospira,IL13,-0.08764986276103852,0.06469902550000749,0.21387171444810574,False
Lachnospira,IL17A,-0.08617069800741853,0.06936434146831207,0.22280667259518422,False
Lachnospira,IL31,-0.07221531172011192,0.12823838435373752,0.320612222409116,False
Lachnospira,IL1RA,-0.016208688351307315,0.7331161113884936,0.8652051509718388,False
Lachnospira,SCF,-0.04931656495212347,0.2992515572045355,0.5316312580505156,False
Lachnospira,RANTES,-0.07450559098160357,0.11654112760561203,0.30267554246350337,False
Lachnospira,IFNG,-0.06377981764103907,0.17926543197513692,0.39428848055221477,False
Lachnospira,GMCSF,-0.07196466970035974,0.12957185081682365,0.32288152309207474,False
Lachnospira,TNFA,-0.07714571647946986,0.10411223361714302,0.28346741450304286,False
Lachnospira,HGF,-0.012893062587044563,0.7862174087873409,0.8944640756867406,False
Lachnospira,MIP1B,-0.07587921436060474,0.10993689082236124,0.2926498072929855,False
Lachnospira,IFNA,-0.09692089389593524,0.04099196072335736,0.162419111258383,True
Lachnospira,TGFB,-0.057024164045156145,0.22993755220349854,0.45700088500445335,False
Lachnospira,MCP1,-0.07081249712327216,0.13584008821578675,0.33286392981139096,False
Lachnospira,IL9,-0.026655535428246262,0.5749221223541243,0.7644432535968382,False
Lachnospira,VEGFD,0.09351235885907114,0.04867600256482142,0.1800948445201847,True
Lachnospira,TNFB,-0.05967317971962097,0.20897591433457757,0.4307997832518331,False
Lachnospira,NGF,-0.05720377212303729,0.22847086912894468,0.4557397466356003,False
Lachnospira,EGF,-0.005580054354344838,0.9065579723524992,0.9564264224583623,False
Lachnospira,BDNF,-0.030105240574030735,0.5264541088798627,0.7341154751066317,False
Lachnospira,TRAIL,-0.015010950350171262,0.7521668415743572,0.875408391151076,False
Lachnospira,GCSF,-0.06646371152926063,0.16161573076456118,0.37051345904117305,False
Lachnospira,GROA,-0.0377460714336308,0.42702209833955107,0.651739254595339,False
Lachnospira,IL1A,-0.00247086491506865,0.9585474746213007,0.980936468889939,False
Lachnospira,IL23,-0.12875109070023372,0.006534191258997591,0.04939728330613363,True
Lachnospira,IL12P40,0.024248767615101367,0.6099361529902615,0.7874239197901421,False
Lachnospira,IL15,-0.062343389655494345,0.18927951337654209,0.4069141131717569,False
Lachnospira,IL18,-0.05566409438333416,0.24126073791245542,0.4696970001895318,False
Lachnospira,MCSF,-0.0633012107714619,0.18255747623251803,0.398682233207834,False
Lachnospira,MCP3,0.019041849597277463,0.6887184880502567,0.8375754817665224,False
Lachnospira,MIG,0.025537419938510754,0.5910708350266338,0.7756477088981077,False
Lachnospira,RESISTIN,-0.07531597724552005,0.11260831612983788,0.29649914006622374,False
Lachnospira,IL21,0.04958528621671967,0.2966228848257168,0.5291546142982114,False
Lachnospira,ICAM1,0.015490127375829369,0.7445264365666342,0.8706455055366406,False
Lachnospira,VCAM1,-0.10047541062020049,0.03409601763945556,0.1455602975982156,True
Lachnospira,FGFB,-0.08603846463299272,0.06979448598983262,0.22367816738874188,False
Lachnospira,IL22,0.018149489102443992,0.7025960023028477,0.846540263862894,False
Lachnospira,PDGFBB,-0.023014399736815235,0.6282525020186956,0.799744616426074,False
Lachnospira,VEGF,0.02139101625660284,0.6526914782786915,0.815696179711262,False
Lachnospira,LEPTIN,-0.13999993123065502,0.0030805498333743614,0.029831100449316753,True
Lachnospira,PAI1,-0.09811709552633079,0.03855028093632297,0.15684220778797847,True
Lachnospira,CD40L,0.06985427127963167,0.14122879033933533,0.340816013504325,False
Lachnospira,ENA78,-0.11249317838668434,0.017600776859984228,0.0955969962733028,True
Lachnospiraceae ND3007 group,IL17F,-0.08124669642743493,0.08691298656403115,0.2573798190846471,False
Lachnospiraceae ND3007 group,FASL,-0.04413191538122319,0.3529938323247429,0.585039206297464,False
Lachnospiraceae ND3007 group,TGFA,-0.028405594553551003,0.5500722197829501,0.7494971586206388,False
Lachnospiraceae ND3007 group,MIP1A,0.06500560014046247,0.17103494667695543,0.3851216318733272,False
Lachnospiraceae ND3007 group,SDF1A,-0.056074728811049926,0.23780154510931628,0.4663313371170957,False
Lachnospiraceae ND3007 group,IL27,0.004739845873865402,0.9205773465185022,0.9622726473156192,False
Lachnospiraceae ND3007 group,LIF,0.029038588285055754,0.5412157228047281,0.7424894592381114,False
Lachnospiraceae ND3007 group,IL1B,-0.02885078145154076,0.5438359899751486,0.7443785808812957,False
Lachnospiraceae ND3007 group,IL2,-0.03931825284333994,0.4080066485360785,0.6361109506988235,False
Lachnospiraceae ND3007 group,IL4,0.0025993717891228574,0.9563936634833343,0.9796900094227479,False
Lachnospiraceae ND3007 group,IL5,-0.004720959849986061,0.9208927703538509,0.9624852555288658,False
Lachnospiraceae ND3007 group,IP10,0.02356203498090729,0.6200972631520831,0.7953277749305634,False
Lachnospiraceae ND3007 group,IL6,-0.008131344283829037,0.8641834510261572,0.9375620765785023,False
Lachnospiraceae ND3007 group,IL7,0.06120845284601564,0.19747780911951143,0.4182031164858412,False
Lachnospiraceae ND3007 group,IL8,-0.0004721279882268116,0.992075908731801,0.9961653928959203,False
Lachnospiraceae ND3007 group,IL10,0.06642918208843832,0.16183417916120618,0.37075559799469454,False
Lachnospiraceae ND3007 group,IFNB,0.0235184070171225,0.6207452726210749,0.7955912288072314,False
Lachnospiraceae ND3007 group,EOTAXIN,-0.02753516392931724,0.56236582080022,0.7581786462593776,False
Lachnospiraceae ND3007 group,IL12P70,0.07029731393344689,0.13871727600674166,0.3370655427346461,False
Lachnospiraceae ND3007 group,IL13,-0.02651935568096017,0.5768777760481434,0.7660103874303068,False
Lachnospiraceae ND3007 group,IL17A,-0.06892695789674007,0.14659809719937558,0.348788818940758,False
Lachnospiraceae ND3007 group,IL31,-0.006571874724533807,0.8900464621756254,0.9493700523833927,False
Lachnospiraceae ND3007 group,IL1RA,-0.019022122704279713,0.6890241649981419,0.8377405301617763,False
Lachnospiraceae ND3007 group,SCF,-0.02610574574197087,0.5828366347213978,0.7697753945717497,False
Lachnospiraceae ND3007 group,RANTES,-0.02383586269472242,0.6160368060289585,0.7924952151681421,False
Lachnospiraceae ND3007 group,IFNG,0.01219309629475682,0.7975649828108932,0.9008244271940633,False
Lachnospiraceae ND3007 group,GMCSF,-0.0678351742570424,0.15311758457578592,0.35819486206646833,False
Lachnospiraceae ND3007 group,TNFA,-0.10661627377065414,0.024502251269579473,0.11863614588188331,True
Lachnospiraceae ND3007 group,HGF,-0.056257226121066366,0.23627544266933243,0.4642621713841497,False
Lachnospiraceae ND3007 group,MIP1B,-0.1058415699172029,0.025567068094029484,0.12146513603418924,True
Lachnospiraceae ND3007 group,IFNA,-0.046391402306977,0.3288658051197654,0.5601739911395731,False
Lachnospiraceae ND3007 group,TGFB,-0.05261198359432663,0.2680792942024849,0.4991926109271054,False
Lachnospiraceae ND3007 group,MCP1,-0.02091712188355927,0.6598978125985451,0.8193038585134077,False
Lachnospiraceae ND3007 group,IL9,-0.026871787080365812,0.5718230067196198,0.7638105878871237,False
Lachnospiraceae ND3007 group,VEGFD,0.023915939096857453,0.6148515944990567,0.7917967169055518,False
Lachnospiraceae ND3007 group,TNFB,-0.03495388503896137,0.4620326710671375,0.6830710964876787,False
Lachnospiraceae ND3007 group,NGF,-1.2528500638761493e-05,0.9997897209859332,0.9997897209859332,False
Lachnospiraceae ND3007 group,EGF,-0.08876578039651194,0.061352820811540275,0.20670406956943405,False
Lachnospiraceae ND3007 group,BDNF,-0.09593982778456196,0.04309080798992558,0.16715925627900582,True
Lachnospiraceae ND3007 group,TRAIL,-0.016644804550000298,0.7262192099145035,0.8601501401050229,False
Lachnospiraceae ND3007 group,GCSF,0.0006312530806222278,0.9894053252523256,0.9950579163780275,False
Lachnospiraceae ND3007 group,GROA,-0.012274782592778349,0.7962384673668693,0.9002354177282784,False
Lachnospiraceae ND3007 group,IL1A,-0.006359060813963502,0.893585566337207,0.95120879521534,False
Lachnospiraceae ND3007 group,IL23,0.009564983817145566,0.8405338689220111,0.9251879052962467,False
Lachnospiraceae ND3007 group,IL12P40,-0.004114384057432359,0.9310297858288643,0.9663881005413261,False
Lachnospiraceae ND3007 group,IL15,-0.06659837733904615,0.16076589554146029,0.3692521431145656,False
Lachnospiraceae ND3007 group,IL18,0.05117065840922481,0.28142848868005343,0.5128136860273507,False
Lachnospiraceae ND3007 group,MCSF,-0.01127814979769985,0.81246190512856,0.9094732361232342,False
Lachnospiraceae ND3007 group,MCP3,-0.022858471967650645,0.6305828911776634,0.8008527096263829,False
Lachnospiraceae ND3007 group,MIG,0.03726161504067325,0.43298370304663114,0.6565687347536825,False
Lachnospiraceae ND3007 group,RESISTIN,-0.0078062052754596205,0.8695647099270177,0.9398277502971759,False
Lachnospiraceae ND3007 group,IL21,0.03196668263512244,0.5011934257856948,0.7135708826394251,False
Lachnospiraceae ND3007 group,ICAM1,0.05999942533330148,0.2064929965356694,0.42805461455855837,False
Lachnospiraceae ND3007 group,VCAM1,-0.09460993059914063,0.046079826355775,0.17391076884197165,True
Lachnospiraceae ND3007 group,FGFB,0.009795878403542227,0.83673778471735,0.9236995735297585,False
Lachnospiraceae ND3007 group,IL22,0.008800381595687915,0.8531304519713429,0.9317704404535229,False
Lachnospiraceae ND3007 group,PDGFBB,0.004017087088943796,0.9326568815167493,0.9674327418410591,False
Lachnospiraceae ND3007 group,VEGF,-0.084346234533627,0.07549426278748385,0.23447461958381088,False
Lachnospiraceae ND3007 group,LEPTIN,-0.09274734069364585,0.0505570501938921,0.18444099763555788,True
Lachnospiraceae ND3007 group,PAI1,-0.037219599833265345,0.43350298412501276,0.6570484855183785,False
Lachnospiraceae ND3007 group,CD40L,0.0263580661391616,0.5791980613240275,0.7677826733723785,False
Lachnospiraceae ND3007 group,ENA78,-0.06174173703893826,0.19359389868350696,0.4129947312750512,False
Lachnospiraceae NK4A136 group,IL17F,-0.049113653523601385,0.3012467021309,0.5333494952597723,False
Lachnospiraceae NK4A136 group,FASL,-0.10728212386899881,0.023617873398035952,0.11583333132230768,True
Lachnospiraceae NK4A136 group,TGFA,0.006532170078850654,0.8907065885703057,0.9495829568774465,False
Lachnospiraceae NK4A136 group,MIP1A,0.048421194472382356,0.30812170571117875,0.539601216971989,False
Lachnospiraceae NK4A136 group,SDF1A,-0.1595920570221476,0.0007280043103271348,0.011548289617554662,True
Lachnospiraceae NK4A136 group,IL27,-0.06764459749648861,0.15427778698998693,0.3598841514782989,False
Lachnospiraceae NK4A136 group,LIF,-0.04072761451401033,0.39139561044715254,0.6215679111186962,False
Lachnospiraceae NK4A136 group,IL1B,-0.09473806280638594,0.045784463656476884,0.17299472699331128,True
Lachnospiraceae NK4A136 group,IL2,-0.15511934580271416,0.0010273226391766736,0.014488335589418668,True
Lachnospiraceae NK4A136 group,IL4,-0.14689140130381698,0.001891044403680338,0.021476861441798126,True
Lachnospiraceae NK4A136 group,IL5,-0.14392135651709145,0.0023396481393545723,0.024536437614635507,True
Lachnospiraceae NK4A136 group,IP10,-0.07559338130493527,0.11128628769957631,0.2945918969233145,False
Lachnospiraceae NK4A136 group,IL6,-0.13737662440321516,0.003689105292508214,0.03389301022697668,True
Lachnospiraceae NK4A136 group,IL7,-0.05696585206840521,0.23041516090973008,0.4572734045144172,False
Lachnospiraceae NK4A136 group,IL8,-0.12056667206243284,0.010912291688600567,0.0700012366148844,True
Lachnospiraceae NK4A136 group,IL10,-0.03548378574737526,0.45526815535448817,0.6764180068552441,False
Lachnospiraceae NK4A136 group,IFNB,0.060187003093091114,0.20507512304553926,0.4268275282625554,False
Lachnospiraceae NK4A136 group,EOTAXIN,-0.08056038275342427,0.08962048262167102,0.26107527118334306,False
Lachnospiraceae NK4A136 group,IL12P70,-0.06746520153435213,0.15537599389325485,0.36141966677671217,False
Lachnospiraceae NK4A136 group,IL13,-0.13400855299601835,0.004629468827390167,0.03966494400929796,True
Lachnospiraceae NK4A136 group,IL17A,-0.10085219158258345,0.0334266496892801,0.1436442513674469,True
Lachnospiraceae NK4A136 group,IL31,-0.16679041363433103,0.00041035664246777577,0.007854943264946278,True
Lachnospiraceae NK4A136 group,IL1RA,-0.10553711857155959,0.02599632272098989,0.12260060726073271,True
Lachnospiraceae NK4A136 group,SCF,-0.13837213645043514,0.0034463840475650177,0.032418372081007577,True
Lachnospiraceae NK4A136 group,RANTES,-0.1391472070420925,0.003267542032667292,0.03106213052848039,True
Lachnospiraceae NK4A136 group,IFNG,-0.1145453136101829,0.015627463950569125,0.0891009483081032,True
Lachnospiraceae NK4A136 group,GMCSF,-0.08553900375226162,0.07143892130248795,0.22611026266235276,False
Lachnospiraceae NK4A136 group,TNFA,-0.18252652088818974,0.00010788053471969341,0.0033374969206465994,True
Lachnospiraceae NK4A136 group,HGF,-0.08884540747710677,0.06111961257175044,0.20627084585152888,False
Lachnospiraceae NK4A136 group,MIP1B,-0.15224458079182443,0.0012758031578817418,0.016510754860646255,True
Lachnospiraceae NK4A136 group,IFNA,-0.1168454788785485,0.01364868345187848,0.08085860665181374,True
Lachnospiraceae NK4A136 group,TGFB,-0.11420718020438306,0.01593861587675297,0.09040441617550676,True
Lachnospiraceae NK4A136 group,MCP1,0.03268015599343894,0.4916837064812213,0.7071809131152436,False
Lachnospiraceae NK4A136 group,IL9,-0.12862928796032777,0.006585636625965047,0.049407310394797135,True
Lachnospiraceae NK4A136 group,VEGFD,0.03583533641691593,0.4508112279776184,0.6725189518932808,False
Lachnospiraceae NK4A136 group,TNFB,-0.1818531300388398,0.0001144970062039284,0.0034944628085397094,True
Lachnospiraceae NK4A136 group,NGF,-0.07117911031654357,0.13382076029544732,0.32971277987936226,False
Lachnospiraceae NK4A136 group,EGF,-0.13227056764575068,0.005194923702888363,0.042890751979123516,True
Lachnospiraceae NK4A136 group,BDNF,-0.21847153206538905,3.2870996050875624e-06,0.0002956516294098258,True
Lachnospiraceae NK4A136 group,TRAIL,-0.10607026948479215,0.025248650447186733,0.12042897759782303,True
Lachnospiraceae NK4A136 group,GCSF,-0.06205420006834205,0.1913443621164998,0.40988107817132874,False
Lachnospiraceae NK4A136 group,GROA,-0.15222241995539174,0.001277917017516037,0.016510754860646255,True
Lachnospiraceae NK4A136 group,IL1A,-0.08764574351328634,0.06471165011553236,0.21387171444810574,False
Lachnospiraceae NK4A136 group,IL23,-0.0818268507666379,0.084675960416809,0.25341135823370425,False
Lachnospiraceae NK4A136 group,IL12P40,-0.1492560615961878,0.0015917845428678292,0.01911304753177961,True
Lachnospiraceae NK4A136 group,IL15,-0.14916628703214627,0.001602302160352461,0.01916928968052738,True
Lachnospiraceae NK4A136 group,IL18,-0.08625274069203923,0.06909855562907123,0.2225003594968453,False
Lachnospiraceae NK4A136 group,MCSF,-0.13176245815428275,0.005371600697282985,0.04387178100564678,True
Lachnospiraceae NK4A136 group,MCP3,-0.14492400052879423,0.0021783634141624305,0.02339969964605256,True
Lachnospiraceae NK4A136 group,MIG,-0.07746207501426673,0.10269612039764951,0.2812162096888969,False
Lachnospiraceae NK4A136 group,RESISTIN,-0.004167422022972765,0.9301429532874287,0.9656968505764768,False
Lachnospiraceae NK4A136 group,IL21,-0.07165814361501407,0.1312171879794279,0.32541862618898126,False
Lachnospiraceae NK4A136 group,ICAM1,-0.03773476734918412,0.4271606582261508,0.6517699930057193,False
Lachnospiraceae NK4A136 group,VCAM1,-0.08243503382549491,0.08238093653334147,0.24903749535286113,False
Lachnospiraceae NK4A136 group,FGFB,-0.12763668212154194,0.007018598271679131,0.05182722229379241,True
Lachnospiraceae NK4A136 group,IL22,-0.10751310220164133,0.0233176057119186,0.11458871241679638,True
Lachnospiraceae NK4A136 group,PDGFBB,-0.20615320811210847,1.166529566088595e-05,0.0007055284971238125,True
Lachnospiraceae NK4A136 group,VEGF,-0.04975306692628006,0.2949894579213062,0.5269394830101698,False
Lachnospiraceae NK4A136 group,LEPTIN,-0.079730320581361,0.09298504181564986,0.2673218262521657,False
Lachnospiraceae NK4A136 group,PAI1,-0.06257900813915813,0.18760930720975486,0.40520570660076427,False
Lachnospiraceae NK4A136 group,CD40L,0.08183035139333726,0.08466260455220154,0.25341135823370425,False
Lachnospiraceae NK4A136 group,ENA78,-0.08476353726397198,0.07405467154704394,0.23116876254298896,False
Lachnospiraceae UCG-001,IL17F,-0.08709788843036106,0.06640884994959473,0.21706181790553875,False
Lachnospiraceae UCG-001,FASL,-0.13273149685723865,0.00503919711113029,0.04192101698018768,True
Lachnospiraceae UCG-001,TGFA,0.019771227997768735,0.6774523741513374,0.8289877736325576,False
Lachnospiraceae UCG-001,MIP1A,-0.04803506249987473,0.3119999529490989,0.5438895731515857,False
Lachnospiraceae UCG-001,SDF1A,-0.1916409260765754,4.720013816139156e-05,0.001762496068162871,True
Lachnospiraceae UCG-001,IL27,0.022729498792191015,0.6325132079110464,0.8019698011044495,False
Lachnospiraceae UCG-001,LIF,0.0832699450391005,0.07931247442108708,0.24272185236600208,False
Lachnospiraceae UCG-001,IL1B,-0.0772095523304785,0.10382524751759835,0.2830501355167269,False
Lachnospiraceae UCG-001,IL2,-0.048660653906164295,0.3057326501281801,0.5377185486108117,False
Lachnospiraceae UCG-001,IL4,-0.17170281901309015,0.00027375453733030495,0.005905190873090035,True
Lachnospiraceae UCG-001,IL5,-0.11323487918022598,0.01686377740326039,0.09305268044939836,True
Lachnospiraceae UCG-001,IP10,-0.053668398793457125,0.25857475836447275,0.48868827305280244,False
Lachnospiraceae UCG-001,IL6,-0.0856211399444647,0.07116634061497866,0.22594453648388393,False
Lachnospiraceae UCG-001,IL7,-0.05073594927031466,0.2855414217495497,0.5167738820648176,False
Lachnospiraceae UCG-001,IL8,-0.11285724552724838,0.01723557351063909,0.09440772983605861,True
Lachnospiraceae UCG-001,IL10,-0.07766812004526183,0.10178204361118105,0.28006748134831944,False
Lachnospiraceae UCG-001,IFNB,0.03705152733715624,0.43558383881619056,0.6589910194981594,False
Lachnospiraceae UCG-001,EOTAXIN,-0.05060623531532899,0.2867764955120833,0.5179631170315347,False
Lachnospiraceae UCG-001,IL12P70,-0.01770448145857136,0.7095539689181731,0.8513081579234592,False
Lachnospiraceae UCG-001,IL13,-0.07194555565710314,0.12967398011474687,0.3230543583450024,False
Lachnospiraceae UCG-001,IL17A,-0.1524198628147197,0.001259196506940762,0.016423439773593538,True
Lachnospiraceae UCG-001,IL31,-0.07197991612027445,0.12949043146632178,0.3228261534959613,False
Lachnospiraceae UCG-001,IL1RA,0.02252797008601312,0.6355344472067297,0.8039921613525188,False
Lachnospiraceae UCG-001,SCF,-0.07705323891613829,0.10452909746689758,0.2837567810562423,False
Lachnospiraceae UCG-001,RANTES,-0.1294168216757182,0.006259322075627662,0.048172866630843435,True
Lachnospiraceae UCG-001,IFNG,-0.08220553860387832,0.08324097797230355,0.25117525584663863,False
Lachnospiraceae UCG-001,GMCSF,-0.04054236056140539,0.39355539902232506,0.6232400198493302,False
Lachnospiraceae UCG-001,TNFA,-0.14539966225382256,0.0021054587467692724,0.02295974814784457,True
Lachnospiraceae UCG-001,HGF,-0.017063220073729138,0.7196229520983498,0.8565615867888834,False
Lachnospiraceae UCG-001,MIP1B,-0.2555877784503334,4.563295535260766e-08,1.2852847824743037e-05,True
Lachnospiraceae UCG-001,IFNA,-0.12334256842813189,0.009199545095838433,0.06237092121459093,True
Lachnospiraceae UCG-001,TGFB,-0.04101829856772717,0.3880211500390963,0.6183499025356307,False
Lachnospiraceae UCG-001,MCP1,-0.06017891474042975,0.20513611585378339,0.4268275282625554,False
Lachnospiraceae UCG-001,IL9,-0.07063067656903724,0.13685022677825232,0.3342590524231941,False
Lachnospiraceae UCG-001,VEGFD,0.0753754451513153,0.11232387504008541,0.2962249224572397,False
Lachnospiraceae UCG-001,TNFB,-0.1536527183039295,0.0011478971840516727,0.015519685216618654,True
Lachnospiraceae UCG-001,NGF,-0.037381845691227225,0.43149971261364617,0.6552165348108513,False
Lachnospiraceae UCG-001,EGF,-0.11961101465812816,0.011564175029107204,0.07293642830258401,True
Lachnospiraceae UCG-001,BDNF,-0.15071957407133305,0.001429020916343478,0.01780433055333767,True
Lachnospiraceae UCG-001,TRAIL,-0.13093268794450102,0.005671774190136055,0.0453233274796046,True
Lachnospiraceae UCG-001,GCSF,-0.07862106982913976,0.09763814860480066,0.2739871531301238,False
Lachnospiraceae UCG-001,GROA,-0.14187170229955268,0.0027037419383959026,0.026973649505320003,True
Lachnospiraceae UCG-001,IL1A,-0.18039050137691745,0.00013020466167203978,0.003764098401064423,True
Lachnospiraceae UCG-001,IL23,-0.07420866301221977,0.11800874822900922,0.3048559329249405,False
Lachnospiraceae UCG-001,IL12P40,-0.05179444870340068,0.27559690541656445,0.5059281738540954,False
Lachnospiraceae UCG-001,IL15,-0.07322540269093247,0.12297201386886497,0.31267942035575724,False
Lachnospiraceae UCG-001,IL18,-0.005191547909172294,0.9130370932492822,0.9589308690447874,False
Lachnospiraceae UCG-001,MCSF,-0.14758532667491064,0.0017982815762601822,0.020637322210445723,True
Lachnospiraceae UCG-001,MCP3,-0.15245402154354046,0.001255983474186697,0.016423439773593538,True
Lachnospiraceae UCG-001,MIG,-0.041212258215176246,0.38577939135740547,0.6159723420799,False
Lachnospiraceae UCG-001,RESISTIN,0.061986913058362424,0.19182715939850853,0.41046931568276473,False
Lachnospiraceae UCG-001,IL21,-0.056953549948015096,0.23051601208792508,0.4572734045144172,False
Lachnospiraceae UCG-001,ICAM1,0.0358770414796363,0.45028413344793283,0.6722551851476181,False
Lachnospiraceae UCG-001,VCAM1,-0.10404957792817533,0.028184055672658435,0.12934749572675366,True
Lachnospiraceae UCG-001,FGFB,-0.06733261218270847,0.1561914586853477,0.36302966796678426,False
Lachnospiraceae UCG-001,IL22,-0.08246930336781544,0.08225312853744114,0.2490132187556477,False
Lachnospiraceae UCG-001,PDGFBB,-0.09615196651767786,0.042629456314745864,0.1665753974532329,True
Lachnospiraceae UCG-001,VEGF,-0.10638742765345234,0.024812736838855903,0.1195241187148431,True
Lachnospiraceae UCG-001,LEPTIN,-0.0478964352376639,0.31340009119251966,0.5451734778499838,False
Lachnospiraceae UCG-001,PAI1,-0.1266357399832705,0.007480820903809566,0.054026324153666455,True
Lachnospiraceae UCG-001,CD40L,0.037502241387159886,0.4300166336476007,0.6540817735685924,False
Lachnospiraceae UCG-001,ENA78,-0.15316248802069415,0.001191021537183724,0.015996035849532905,True
Lachnospiraceae UCG-004,IL17F,-0.06143462226613354,0.1958237322636719,0.41586177351470865,False
Lachnospiraceae UCG-004,FASL,-0.1126657105489935,0.017426871968558355,0.09500305498912864,True
Lachnospiraceae UCG-004,TGFA,-0.007613363894268067,0.8727592213758125,0.9418200188368444,False
Lachnospiraceae UCG-004,MIP1A,0.015117430999119299,0.7504669010028753,0.875095993304095,False
Lachnospiraceae UCG-004,SDF1A,-0.15006006941575034,0.0015003754821556951,0.018488376878863552,True
Lachnospiraceae UCG-004,IL27,-0.04619606635965918,0.33090862663750176,0.562333604790983,False
Lachnospiraceae UCG-004,LIF,0.11709030865156561,0.013451644234017738,0.08002794741034813,True
Lachnospiraceae UCG-004,IL1B,-0.03116138785448001,0.5120425518626135,0.7235270419896005,False
Lachnospiraceae UCG-004,IL2,-0.01598812413243287,0.7366124283796023,0.8674137463531278,False
Lachnospiraceae UCG-004,IL4,-0.16158354416617426,0.0006226949285402726,0.010511175694434943,True
Lachnospiraceae UCG-004,IL5,-0.015660159525456754,0.7418212673223583,0.8698243308236129,False
Lachnospiraceae UCG-004,IP10,-0.07533144473920331,0.11253427912586937,0.29646256644115987,False
Lachnospiraceae UCG-004,IL6,-0.08016619888757623,0.0912058757167885,0.264055072780059,False
Lachnospiraceae UCG-004,IL7,0.01795850489963582,0.7055791561396462,0.8484049961514993,False
Lachnospiraceae UCG-004,IL8,-0.13536380597207212,0.0042277545863051965,0.037071701625457115,True
Lachnospiraceae UCG-004,IL10,-0.026634695808257412,0.5752211939260672,0.7646095615034713,False
Lachnospiraceae UCG-004,IFNB,0.05587296650390423,0.23949680782688879,0.4683514246295317,False
Lachnospiraceae UCG-004,EOTAXIN,0.02966129839170086,0.5325729298039348,0.737684971477756,False
Lachnospiraceae UCG-004,IL12P70,-0.03082381965236799,0.5166264011209065,0.726830749571842,False
Lachnospiraceae UCG-004,IL13,-0.11373412441104085,0.016383029356438355,0.09174694921427692,True
Lachnospiraceae UCG-004,IL17A,-0.10094172824635003,0.033269241789151756,0.14346814766293,True
Lachnospiraceae UCG-004,IL31,-0.06235518449000935,0.18919564561166413,0.40689247843798165,False
Lachnospiraceae UCG-004,IL1RA,0.01155503819390035,0.8079462712262617,0.9067682734829907,False
Lachnospiraceae UCG-004,SCF,-0.09566466759487233,0.04369547506229536,0.16813036423267277,True
Lachnospiraceae UCG-004,RANTES,-0.1194277001686644,0.011693083998492181,0.07327503258847719,True
Lachnospiraceae UCG-004,IFNG,-0.0807889401484132,0.0887114095504932,0.26009246382669876,False
Lachnospiraceae UCG-004,GMCSF,-0.029118090445884464,0.5401084108181652,0.7422819899408158,False
Lachnospiraceae UCG-004,TNFA,-0.08855057281035887,0.06198678773838553,0.20827053630709086,False
Lachnospiraceae UCG-004,HGF,0.005626641808887981,0.9057814408676256,0.9562309853413696,False
Lachnospiraceae UCG-004,MIP1B,-0.19304179529028354,4.142415250828845e-05,0.0016140683613703854,True
Lachnospiraceae UCG-004,IFNA,-0.09137704580990984,0.054078068118686415,0.19175597668314173,False
Lachnospiraceae UCG-004,TGFB,0.009130013340606171,0.8476950974253985,0.9291700710275373,False
Lachnospiraceae UCG-004,MCP1,0.057686740149579877,0.2245599107016282,0.4506759308776466,False
Lachnospiraceae UCG-004,IL9,-0.11259241677998716,0.01750056459295028,0.0952100252523752,True
Lachnospiraceae UCG-004,VEGFD,0.09145499177621877,0.05387245246313958,0.19137824734473152,False
Lachnospiraceae UCG-004,TNFB,-0.20572859802362395,1.2169784504747807e-05,0.000714105569332166,True
Lachnospiraceae UCG-004,NGF,-0.02676026455729809,0.5734202543450508,0.7640221374577739,False
Lachnospiraceae UCG-004,EGF,-0.1679325164283126,0.00037386723660643855,0.007323459568860598,True
Lachnospiraceae UCG-004,BDNF,-0.1764626599359426,0.00018298740517314754,0.0047222247125573,True
Lachnospiraceae UCG-004,TRAIL,-0.10522991990426664,0.026435730392035985,0.1237914719201581,True
Lachnospiraceae UCG-004,GCSF,-0.0627596020654563,0.1863365069500784,0.4036267381924572,False
Lachnospiraceae UCG-004,GROA,-0.10784234856171664,0.02289530336617952,0.11339782964653206,True
Lachnospiraceae UCG-004,IL1A,-0.0978306311263568,0.03912350238046617,0.1583249123426254,True
Lachnospiraceae UCG-004,IL23,-0.0522242070127313,0.2716273921648659,0.5026007521224449,False
Lachnospiraceae UCG-004,IL12P40,-0.11869780462920687,0.01221904215377133,0.07528457346992361,True
Lachnospiraceae UCG-004,IL15,-0.034330031287422166,0.47006772096582883,0.689970025440974,False
Lachnospiraceae UCG-004,IL18,-0.01061684382117996,0.823271724687992,0.9157661793809541,False
Lachnospiraceae UCG-004,MCSF,-0.1489785583483724,0.001624502017852093,0.01938782190313067,True
Lachnospiraceae UCG-004,MCP3,-0.07827013922442402,0.09914825554043452,0.2763368682831788,False
Lachnospiraceae UCG-004,MIG,-0.01663495718679729,0.7263746983229193,0.8601501401050229,False
Lachnospiraceae UCG-004,RESISTIN,0.037266173604114855,0.43292738369852446,0.6565687347536825,False
Lachnospiraceae UCG-004,IL21,-0.0068955209961257796,0.8846684172617986,0.9469121886391759,False
Lachnospiraceae UCG-004,ICAM1,-0.010419987398186475,0.8264961381616539,0.9172125329277929,False
Lachnospiraceae UCG-004,VCAM1,-0.07329565658634209,0.122612083305645,0.3121668174656633,False
Lachnospiraceae UCG-004,FGFB,-0.11663399649181212,0.01382092538953604,0.0815097243199689,True
Lachnospiraceae UCG-004,IL22,-0.09144092775619928,0.05390950413718392,0.19144088320762218,False
Lachnospiraceae UCG-004,PDGFBB,-0.024951382236328326,0.5996170501669518,0.7814166134504522,False
Lachnospiraceae UCG-004,VEGF,-0.07051113270424465,0.13751751599443565,0.3353073640052304,False
Lachnospiraceae UCG-004,LEPTIN,-0.06345615168045313,0.1814868782277128,0.39740063206770165,False
Lachnospiraceae UCG-004,PAI1,-0.05647065680437246,0.23449943815806062,0.46256342882503715,False
Lachnospiraceae UCG-004,CD40L,0.02463890048567958,0.6041966599874772,0.7837066676521777,False
Lachnospiraceae UCG-004,ENA78,-0.1156808761624045,0.01462115162000749,0.08510430746345328,True
Lactobacillus,IL17F,-0.07318391930264871,0.1231849308644193,0.31289797692899907,False
Lactobacillus,FASL,-0.035878548671863984,0.45026509113182556,0.6722551851476181,False
Lactobacillus,TGFA,-0.05574517925924163,0.24057489473798221,0.4691567383436258,False
Lactobacillus,MIP1A,-0.14033633245778993,0.0030094958162715573,0.029286880312739398,True
Lactobacillus,SDF1A,-0.11121439764953922,0.01893765496537027,0.09988625074832538,True
Lactobacillus,IL27,0.010953420761319594,0.8177656670942026,0.9124210815126456,False
Lactobacillus,LIF,0.07270398371659761,0.1256691498400641,0.3168345514849891,False
Lactobacillus,IL1B,-0.022395532473587974,0.6375232012930487,0.8050676519311583,False
Lactobacillus,IL2,-0.011044770541081703,0.8162728098167363,0.9116140658404199,False
Lactobacillus,IL4,-0.08817178596074726,0.06311575199727858,0.2102253062738844,False
Lactobacillus,IL5,-0.013960654832939956,0.7689976008741781,0.8849234802724907,False
Lactobacillus,IP10,-0.02252518288239766,0.6355762744390525,0.8039921613525188,False
Lactobacillus,IL6,0.0017612090942591494,0.9704465114895525,0.9855929813989596,False
Lactobacillus,IL7,-0.04631019015388586,0.3297141295194347,0.561219474554658,False
Lactobacillus,IL8,-0.05302125314798613,0.2643691032877404,0.49479172991325926,False
Lactobacillus,IL10,-0.022105430298192164,0.6418886145591687,0.8079338562722529,False
Lactobacillus,IFNB,-0.01731048119786201,0.7157346395802995,0.8545586681653257,False
Lactobacillus,EOTAXIN,0.029890893133491594,0.5294039694442703,0.7356478452607285,False
Lactobacillus,IL12P70,-0.09532399818987013,0.044453978534750485,0.16982032228552074,True
Lactobacillus,IL13,-0.08111834555921837,0.08741426404769462,0.25792571534934855,False
Lactobacillus,IL17A,-0.09130540438609956,0.05426762812806969,0.19226747655209225,False
Lactobacillus,IL31,0.12271287695767791,0.009565583387194784,0.06432300206750763,True
Lactobacillus,IL1RA,0.0366735821900562,0.4402839783853022,0.663353119199497,False
Lactobacillus,SCF,-0.13366904685492548,0.004735353925211929,0.040276448808719105,True
Lactobacillus,RANTES,0.09712464484209364,0.040567066542903554,0.16151459692243264,True
Lactobacillus,IFNG,-0.04179336530456137,0.37911037482351806,0.6087846833699887,False
Lactobacillus,GMCSF,0.015300404317831414,0.7475485938803933,0.8731438434209617,False
Lactobacillus,TNFA,-0.05801572113524549,0.2219233494580026,0.4485002146156529,False
Lactobacillus,HGF,-0.04354670920593183,0.35942048427298356,0.5907247639151504,False
Lactobacillus,MIP1B,-0.19887289659665114,2.381871770899926e-05,0.0011288698037274748,True
Lactobacillus,IFNA,-0.07469981405025883,0.11558890095179222,0.30168794958505896,False
Lactobacillus,TGFB,-0.0027111759443075607,0.9545200521160919,0.9786436478169979,False
Lactobacillus,MCP1,-0.0601823872529737,0.20510992865334626,0.4268275282625554,False
Lactobacillus,IL9,-0.059611238635874746,0.2094497466285493,0.4316863061392931,False
Lactobacillus,VEGFD,0.07388825254396617,0.11960860284065933,0.3069514135353308,False
Lactobacillus,TNFB,-0.058909902283910166,0.21486894731244666,0.4389096731467259,False
Lactobacillus,NGF,-0.004443872794504178,0.9255219238999757,0.9637628606963885,False
Lactobacillus,EGF,-0.045776627128035985,0.33532269823996896,0.5670946499907935,False
Lactobacillus,BDNF,-0.033227232234761525,0.48445776147300557,0.7019083792770265,False
Lactobacillus,TRAIL,-0.13538493383017453,0.0042217495169273355,0.037071701625457115,True
Lactobacillus,GCSF,-0.09601419955470403,0.04292859048569037,0.16694229477885159,True
Lactobacillus,GROA,0.007137043054180744,0.8806584679956628,0.9451857569407995,False
Lactobacillus,IL1A,-0.10464731499673346,0.027286654851425635,0.126168782141348,True
Lactobacillus,IL23,0.05053383351478531,0.2874674315207778,0.5184692188231219,False
Lactobacillus,IL12P40,-0.14647226309240438,0.0019491752581633865,0.021934896912071535,True
Lactobacillus,IL15,0.025859684072081654,0.586395156352306,0.7724278209343346,False
Lactobacillus,IL18,0.09762141831668791,0.0395466857336474,0.15926104354201095,True
Lactobacillus,MCSF,0.006226170007071219,0.8957966220019533,0.952040592432602,False
Lactobacillus,MCP3,-0.1810209153559626,0.0001232012607356843,0.003656724941685457,True
Lactobacillus,MIG,-0.1100336715705213,0.020249741993591423,0.10419846375235133,True
Lactobacillus,RESISTIN,0.06317015424248196,0.18346667693228969,0.4000229547868712,False
Lactobacillus,IL21,-0.05067770800025156,0.28609552307676006,0.5173967467420107,False
Lactobacillus,ICAM1,-0.03409516616787606,0.4731125293672065,0.6920824031016355,False
Lactobacillus,VCAM1,-0.09060020143969767,0.056163218941963876,0.19591543253003535,False
Lactobacillus,FGFB,-0.04926059907278645,0.2998009671346593,0.5317578101620725,False
Lactobacillus,IL22,-0.08881046143006745,0.06122187073947679,0.20647458150864256,False
Lactobacillus,PDGFBB,0.17436594173617048,0.00021879767163000507,0.005160065662508589,True
Lactobacillus,VEGF,-0.08344276853738661,0.07868903135727628,0.24165622153271948,False
Lactobacillus,LEPTIN,0.02748650375612282,0.5630569607553171,0.7586148990505399,False
Lactobacillus,PAI1,-0.15534510019828865,0.0010098362585457719,0.014262128705937278,True
Lactobacillus,CD40L,-0.09062064031686617,0.05610751585300391,0.19591543253003535,False
Lactobacillus,ENA78,-0.03787706967663304,0.4254182916095156,0.6496473522041735,False
Lactococcus,IL17F,-0.028845522062764313,0.5439094590097473,0.7443785808812957,False
Lactococcus,FASL,0.007384268735723866,0.8765569793164207,0.9434543838957611,False
Lactococcus,TGFA,0.030094691787574544,0.5265990858224965,0.7341154751066317,False
Lactococcus,MIP1A,-0.03977765307757006,0.40254662237797834,0.6317872804740096,False
Lactococcus,SDF1A,0.01401425644741285,0.7681359384865035,0.8843408476453557,False
Lactococcus,IL27,0.056988523556567215,0.230229384906005,0.4572734045144172,False
Lactococcus,LIF,0.16770033601009482,0.00038103102261883605,0.007428960688339556,True
Lactococcus,IL1B,0.08148581517356776,0.08598527149265492,0.25600809615662706,False
Lactococcus,IL2,0.05265824667626137,0.26765812262469846,0.49897386021828244,False
Lactococcus,IL4,-0.03395327265801066,0.47495727508000973,0.6934432490726801,False
Lactococcus,IL5,0.04498791826700281,0.34372470753199513,0.5764223584600957,False
Lactococcus,IP10,-0.020986654512426324,0.6588384649724128,0.8188136141828095,False
Lactococcus,IL6,0.06273910775589875,0.1864806271970861,0.40376148098152315,False
Lactococcus,IL7,-0.062079714594536005,0.19116152365080655,0.40973856555022853,False
Lactococcus,IL8,0.02549845198371535,0.5916373707580393,0.7758963909757524,False
Lactococcus,IL10,0.04878669883057593,0.30448004720896693,0.5364726193719385,False
Lactococcus,IFNB,0.028155592924516446,0.5535895980980219,0.752210373266754,False
Lactococcus,EOTAXIN,0.05531755754648803,0.24420731952373284,0.472501620385664,False
Lactococcus,IL12P70,-0.009786904548643605,0.8368852516389458,0.9236995735297585,False
Lactococcus,IL13,0.01572521068257451,0.7407871577440939,0.8695178783122037,False
Lactococcus,IL17A,0.0454772035231955,0.3384967670820539,0.5698564233057726,False
Lactococcus,IL31,0.14425174457393136,0.0022853363955618092,0.024196242268286344,True
Lactococcus,IL1RA,0.12970627571944965,0.006143081496151826,0.04764633940917758,True
Lactococcus,SCF,0.05198230497722442,0.27385692203768014,0.5042226628599012,False
Lactococcus,RANTES,0.07507024856440749,0.11378966615610969,0.29828331107470624,False
Lactococcus,IFNG,0.025487265102050356,0.5918000571867197,0.7758963909757524,False
Lactococcus,GMCSF,0.1259599606338188,0.00780808458995842,0.05521766547126177,True
Lactococcus,TNFA,0.0612026805706102,0.19752015726902786,0.4182031164858412,False
Lactococcus,HGF,0.020026642408134204,0.6735239744492308,0.8271907966842824,False
Lactococcus,MIP1B,-0.08403056834349137,0.07659828870937398,0.23700751101601028,False
Lactococcus,IFNA,0.03470752168814664,0.46519659420527315,0.6864426487416889,False
Lactococcus,TGFB,0.1395376579688452,0.0031806777550157125,0.03050109076745612,True
Lactococcus,MCP1,-0.06258618299515621,0.18755861815013625,0.40520570660076427,False
Lactococcus,IL9,0.023223629879826305,0.6251312886856466,0.7983604409720305,False
Lactococcus,VEGFD,0.047504235540726907,0.31738360749535655,0.5487138800623549,False
Lactococcus,TNFB,0.03677996332159546,0.4389580954838632,0.6620637859975403,False
Lactococcus,NGF,0.04755553292732063,0.3168607148502265,0.5481946168819818,False
Lactococcus,EGF,-0.0052343011053928405,0.9123238082587026,0.958917592687311,False
Lactococcus,BDNF,0.07482553100395745,0.11497579977649366,0.3003262941697601,False
Lactococcus,TRAIL,-0.01795387609717121,0.7056515137951054,0.8484049961514993,False
Lactococcus,GCSF,0.012152592070168897,0.7982229530823979,0.9011545890387401,False
Lactococcus,GROA,0.07617269453562835,0.1085648339484825,0.2904293441150992,False
Lactococcus,IL1A,0.006859715825688812,0.8852631375713746,0.9471264356691936,False
Lactococcus,IL23,0.06437438783986692,0.17523727553383492,0.38968848685146507,False
Lactococcus,IL12P40,0.008041728993184564,0.8656660258357896,0.9377755388928168,False
Lactococcus,IL15,0.09432766586320834,0.046736131339339695,0.17544736585803913,True
Lactococcus,IL18,0.13693499990978772,0.0038016579341274516,0.03466858826515117,True
Lactococcus,MCSF,0.007987285109900303,0.8665669634101401,0.9383366789649781,False
Lactococcus,MCP3,-0.024805423960558265,0.6017542084181507,0.7826684351031851,False
Lactococcus,MIG,0.006114502401791022,0.8976551877294261,0.9525387341912468,False
Lactococcus,RESISTIN,0.07074125008021774,0.13623522879681038,0.3334177967921938,False
Lactococcus,IL21,0.05184339367303054,0.2751428393481902,0.5055209335674191,False
Lactococcus,ICAM1,0.04127768290027821,0.3850250037122741,0.615151474740917,False
Lactococcus,VCAM1,-0.05970683494047709,0.20871878588832923,0.43040056788025505,False
Lactococcus,FGFB,0.04482971551127903,0.34542601574663445,0.5779378247166195,False
Lactococcus,IL22,-0.020948678943605827,0.6594169482249714,0.8191194903732066,False
Lactococcus,PDGFBB,0.14097907152653383,0.002877865933255763,0.028254443062188106,True
Lactococcus,VEGF,-0.006739737858004017,0.887256427386886,0.9478486677993003,False
Lactococcus,LEPTIN,0.11954710400446375,0.011608974360698831,0.07305541069319142,True
Lactococcus,PAI1,-0.04186159823482084,0.37833197100291105,0.607921201327905,False
Lactococcus,CD40L,-0.031935464663432896,0.5016117287964532,0.714063310104756,False
Lactococcus,ENA78,0.04210774659515352,0.3755320617900767,0.6058911726884739,False
Lautropia,IL17F,-0.0305548177402119,0.5202943011881673,0.7300370236796458,False
Lautropia,FASL,0.13535322581186537,0.0042307646347409834,0.037071701625457115,True
Lautropia,TGFA,0.0005241532836503084,0.9912027612450446,0.995815974445644,False
Lautropia,MIP1A,0.020479565560734624,0.6665796254144363,0.8232024938836243,False
Lautropia,SDF1A,0.10563937576842858,0.02585145992691061,0.12211005843770234,True
Lautropia,IL27,0.10960365889733291,0.02074686253674095,0.10580577904148593,True
Lautropia,LIF,-0.03983448717207223,0.401874190296014,0.6309500666620383,False
Lautropia,IL1B,0.10060445918303564,0.03386548277352386,0.14496132400408085,True
Lautropia,IL2,0.06884607681940254,0.14707369308652826,0.34919375396122243,False
Lautropia,IL4,0.09340695723983071,0.04893163584105822,0.18066219704912057,True
Lautropia,IL5,-0.010278803200602087,0.8288104675353325,0.918412732549473,False
Lautropia,IP10,0.14569712507097257,0.0020610072297973475,0.022604599254810218,True
Lautropia,IL6,0.11887003860748507,0.012093083034677892,0.07474207683752643,True
Lautropia,IL7,0.03791227818616132,0.42498783349082336,0.6492375736173155,False
Lautropia,IL8,0.10779729177514465,0.02295270078801056,0.11339782964653206,True
Lautropia,IL10,0.017341598948046117,0.7152458141727509,0.8542914830805918,False
Lautropia,IFNB,-0.08559882271887392,0.07124031931042579,0.22595314527225094,False
Lautropia,EOTAXIN,0.044733525922033356,0.34646304669977557,0.5784947009428163,False
Lautropia,IL12P70,0.07475792160227163,0.1153052022252239,0.301027193733119,False
Lautropia,IL13,0.05424941667717251,0.2534477568922087,0.4837343634933966,False
Lautropia,IL17A,0.003065558336701793,0.9485830246000264,0.9765174871039118,False
Lautropia,IL31,0.052236374042150785,0.2715155809023348,0.502553623082091,False
Lautropia,IL1RA,-0.006005248015692549,0.8994741302790213,0.953039572123801,False
Lautropia,SCF,0.1752324896600235,0.00020326836733835227,0.005058864900042696,True
Lautropia,RANTES,0.0552824489675316,0.24450724458325745,0.47271920988001104,False
Lautropia,IFNG,0.1047209769245189,0.027177783293033234,0.12578337450832,True
Lautropia,GMCSF,-0.04701529428253326,0.3223958422558124,0.5537860625470986,False
Lautropia,TNFA,0.08676174662811936,0.06746815310212677,0.2191551617131978,False
Lautropia,HGF,0.14594475402718587,0.0020246589416267535,0.022400771993890612,True
Lautropia,MIP1B,0.09282678874945843,0.050358918415296904,0.18413880479896025,True
Lautropia,IFNA,0.09519014784149375,0.04475501235354127,0.1704113216613402,True
Lautropia,TGFB,0.013610146817514825,0.774639090922705,0.8876733764192946,False
Lautropia,MCP1,0.007827043274043953,0.8692196443458382,0.9397497740438839,False
Lautropia,IL9,0.11632534517287203,0.014075739320797415,0.08279155025323442,True
Lautropia,VEGFD,-0.03854301833324469,0.41731948525890417,0.6436635160343549,False
Lautropia,TNFB,0.16672198896584517,0.0004126447258586255,0.007871888950697856,True
Lautropia,NGF,-0.00351172511110937,0.9411124020295735,0.9721770993615776,False
Lautropia,EGF,0.17701899079339595,0.00017445246887576486,0.004598268551276177,True
Lautropia,BDNF,0.10198376723663448,0.03148331710483587,0.13872015019908537,True
Lautropia,TRAIL,0.0889471424746402,0.06082272080620075,0.20575439029192447,False
Lautropia,GCSF,0.047805692527596796,0.31431882297515706,0.5458085180357757,False
Lautropia,GROA,0.07303303290680793,0.12396178832688207,0.31382005889224535,False
Lautropia,IL1A,0.060873943606406654,0.1999428691324067,0.4207122313569403,False
Lautropia,IL23,0.07391036581192567,0.11949764696278296,0.3068741367255975,False
Lautropia,IL12P40,0.12633760718071765,0.007623657457360316,0.05457900828409553,True
Lautropia,IL15,0.06588956452142802,0.16527695766074035,0.3758478082167424,False
Lautropia,IL18,0.03305706062469419,0.48669927275567537,0.7032954310796611,False
Lautropia,MCSF,0.1206513981096215,0.010856099191233832,0.06993772061951342,True
Lautropia,MCP3,0.11661925140311387,0.013833005557649419,0.0815097243199689,True
Lautropia,MIG,0.02606238389830907,0.5834630005214929,0.7700960900150442,False
Lautropia,RESISTIN,0.003839439931598393,0.9356283909396779,0.9691525352404481,False
Lautropia,IL21,0.06857758772169983,0.1486608910721046,0.35134123780476295,False
Lautropia,ICAM1,0.01368544242595527,0.7734261826896605,0.8871737346570188,False
Lautropia,VCAM1,0.11389067479234463,0.01623477119516347,0.09124422716187086,True
Lautropia,FGFB,0.08558152019071417,0.07129771816101993,0.22599706148899817,False
Lautropia,IL22,0.006742608362743133,0.8872087290476923,0.9478486677993003,False
Lautropia,PDGFBB,0.05351758452676062,0.259917199629719,0.4901040080240569,False
Lautropia,VEGF,0.08126148610046165,0.08685537402384438,0.2573798190846471,False
Lautropia,LEPTIN,-0.054355853497151066,0.25251623924020916,0.48251697740453225,False
Lautropia,PAI1,0.07465401873712602,0.11581287272328734,0.30179310053031105,False
Lautropia,CD40L,0.02906396982782368,0.5408620840320806,0.7424317761820052,False
Lautropia,ENA78,-0.03175019703100422,0.5040979950979116,0.7157421915130654,False
Lawsonella,IL17F,0.029982669414144656,0.5281399146978123,0.7348872622846002,False
Lawsonella,FASL,-0.057427126156218276,0.22665623446403818,0.4535885422952677,False
Lawsonella,TGFA,0.03381347013777527,0.4767786777416977,0.6957368334887265,False
Lawsonella,MIP1A,-0.028074946915909747,0.5547265784647428,0.7526093040949894,False
Lawsonella,SDF1A,-0.09835512717129158,0.038079400733595864,0.1555620505605632,True
Lawsonella,IL27,0.02698413893001716,0.5702160159754428,0.7624504539566439,False
Lawsonella,LIF,0.09545758920851498,0.04415522755121186,0.16910731670545706,True
Lawsonella,IL1B,-0.009087654339467238,0.8483931638586796,0.9291700710275373,False
Lawsonella,IL2,-0.025708965702422825,0.5885797777491159,0.7740420823173404,False
Lawsonella,IL4,-0.06474993183782204,0.17272791795680945,0.3869890489132335,False
Lawsonella,IL5,-0.047236153260681174,0.32012543356240336,0.5516112072090112,False
Lawsonella,IP10,-0.014910910927824966,0.753765041850333,0.8763552049251778,False
Lawsonella,IL6,-0.039834265505994476,0.4018768116308815,0.6309500666620383,False
Lawsonella,IL7,0.05174461381724968,0.27605975056279547,0.5065538723739766,False
Lawsonella,IL8,-0.07234432006965663,0.12755619104834062,0.3194738138604019,False
Lawsonella,IL10,0.01777042207165392,0.7085214055894533,0.8504327305857581,False
Lawsonella,IFNB,0.0993760412912828,0.036114712160849695,0.15111155877829213,True
Lawsonella,EOTAXIN,0.09409823379910247,0.04727535241195886,0.17699978126740998,True
Lawsonella,IL12P70,-0.0493010482287286,0.29940381578148234,0.5316512531818269,False
Lawsonella,IL13,-0.04563870834400204,0.33678233908535193,0.568493201832774,False
Lawsonella,IL17A,-0.06742580593775767,0.15561795171691575,0.3618970908292889,False
Lawsonella,IL31,-0.04220894366226499,0.3743846663073259,0.6051293721032331,False
Lawsonella,IL1RA,0.04646092103892119,0.32814074879024746,0.5597087272318051,False
Lawsonella,SCF,-0.027470242947738862,0.5632880105333183,0.7586956152257757,False
Lawsonella,RANTES,-0.062312446086709085,0.18949966898384182,0.407168207681498,False
Lawsonella,IFNG,-0.009089925200893679,0.8483557375819564,0.9291700710275373,False
Lawsonella,GMCSF,-0.022939575968538815,0.629370307630658,0.8001645307307658,False
Lawsonella,TNFA,-0.07437641309624647,0.11717784723470906,0.3035047866631009,False
Lawsonella,HGF,0.07097697102291962,0.13493127434457328,0.33151218436591057,False
Lawsonella,MIP1B,-0.1452023888860131,0.0021354198319249876,0.023183886236912477,True
Lawsonella,IFNA,-0.051091018899669854,0.2821789722116729,0.5138206458558485,False
Lawsonella,TGFB,0.008950394019166537,0.8506559934023525,0.9302466967341426,False
Lawsonella,MCP1,0.09116897845218802,0.05463013309085694,0.1926959031165368,False
Lawsonella,IL9,-0.036836453494956525,0.438254959596462,0.6617119607446657,False
Lawsonella,VEGFD,0.07085442592526571,0.13560796105337672,0.33262584724164906,False
Lawsonella,TNFB,-0.12199386314421458,0.00999932337572176,0.06624551736415667,True
Lawsonella,NGF,0.01234009650143838,0.7951782472805752,0.899835728581761,False
Lawsonella,EGF,-0.026634847563025317,0.5752190158126042,0.7646095615034713,False
Lawsonella,BDNF,-0.10721990530462538,0.023699325850208713,0.1158868820592051,True
Lawsonella,TRAIL,-0.1251865542708899,0.008198265338868022,0.05687438403276633,True
Lawsonella,GCSF,-0.10196402027997768,0.03151638344574941,0.13872015019908537,True
Lawsonella,GROA,-0.052630236876516176,0.2679130651174635,0.4991659413963249,False
Lawsonella,IL1A,-0.08701898853124754,0.06665625742860395,0.21743791718437386,False
Lawsonella,IL23,-0.027907776392637317,0.5570870346611139,0.7546741772281518,False
Lawsonella,IL12P40,0.009496848421443237,0.8416547778601136,0.9261114856730661,False
Lawsonella,IL15,-0.036991313609862554,0.43633072149258223,0.6596148217257898,False
Lawsonella,IL18,0.015825754311395955,0.7391897474426683,0.8687838152642283,False
Lawsonella,MCSF,-0.0720631414071649,0.1290466872864774,0.3220613274101504,False
Lawsonella,MCP3,-0.09255634375656056,0.05103603313748954,0.18524050613747123,True
Lawsonella,MIG,-0.03308042349160771,0.48639120517105827,0.7031973257838255,False
Lawsonella,RESISTIN,0.05090728718400009,0.2839155251451589,0.514871090301872,False
Lawsonella,IL21,-0.06926821562935154,0.14460433981687096,0.34616551284961483,False
Lawsonella,ICAM1,-0.046597026685374,0.32672420868929386,0.5582356501941654,False
Lawsonella,VCAM1,-0.12136263383850038,0.010394406976847004,0.06790461496206612,True
Lawsonella,FGFB,-0.09645041118043844,0.041987462555154224,0.1647084782605294,True
Lawsonella,IL22,-0.02159402255759069,0.6496142428939593,0.8140248614752967,False
Lawsonella,PDGFBB,0.05355850573324991,0.2595524737551824,0.4896035756369285,False
Lawsonella,VEGF,-0.012795595056859756,0.7877948636076596,0.8950841873485215,False
Lawsonella,LEPTIN,-0.07883373142968786,0.0967319847314026,0.27284231916514073,False
Lawsonella,PAI1,-0.06311622603678006,0.18384177155623188,0.40051097988979756,False
Lawsonella,CD40L,0.11490854476532844,0.015299162965825395,0.08783875860052809,True
Lawsonella,ENA78,-0.07452058059036536,0.11646741933404536,0.30267554246350337,False
Leptotrichia,IL17F,-0.002146696706443887,0.9639819292180178,0.9827232531779959,False
Leptotrichia,FASL,-0.09498694771785066,0.04521529038559098,0.1715674875370115,True
Leptotrichia,TGFA,0.015023344330720665,0.7519689125489083,0.8754026381562515,False
Leptotrichia,MIP1A,0.06133778897928441,0.19653067377828315,0.4168870807459965,False
Leptotrichia,SDF1A,-0.12644491975557368,0.007571965335506561,0.05440557231643804,True
Leptotrichia,IL27,-0.03740128683460855,0.43126002952167575,0.655107995311224,False
Leptotrichia,LIF,0.016547674375533585,0.7277533714972632,0.8610408948895848,False
Leptotrichia,IL1B,-0.09969094779322504,0.03552634956704219,0.14953832366861738,True
Leptotrichia,IL2,-0.1022414429414733,0.03105454955635853,0.13762376817255073,True
Leptotrichia,IL4,-0.129287153138416,0.006312032153879994,0.048306141792199796,True
Leptotrichia,IL5,-0.042625157356144416,0.36968829670712855,0.5998087006555808,False
Leptotrichia,IP10,-0.128009019278818,0.0068532903375422,0.05102699104795393,True
Leptotrichia,IL6,-0.11552594743581768,0.014755003506679364,0.08541093632932777,True
Leptotrichia,IL7,-0.029979956077485093,0.528177264078782,0.7348872622846002,False
Leptotrichia,IL8,-0.14250087775256456,0.0025868341988810445,0.026208644946114426,True
Leptotrichia,IL10,-0.029082351198453225,0.5406060499064662,0.7423513031790117,False
Leptotrichia,IFNB,0.0976511483966053,0.039486314459388785,0.15920494394300802,True
Leptotrichia,EOTAXIN,-0.012505968390921796,0.7924873992017106,0.8980734315818444,False
Leptotrichia,IL12P70,-0.049494694611933523,0.2975073402962239,0.5297662069348639,False
Leptotrichia,IL13,-0.07912630941372502,0.09549626250893689,0.271141173909303,False
Leptotrichia,IL17A,-0.030194146127210983,0.5252330457453883,0.733567905875264,False
Leptotrichia,IL31,-0.14016456335187633,0.0030455882375305357,0.029550599257456716,True
Leptotrichia,IL1RA,-0.040555902345515614,0.39339727848050665,0.6231071956214219,False
Leptotrichia,SCF,-0.07512666963284462,0.11351756312567911,0.29785896654057614,False
Leptotrichia,RANTES,-0.1603534934860146,0.0006859310839303662,0.011030846044674634,True
Leptotrichia,IFNG,-0.09613280197684908,0.042670962909918106,0.16661397582755652,True
Leptotrichia,GMCSF,-0.06764949403553588,0.1542478945095471,0.3598841514782989,False
Leptotrichia,TNFA,-0.10213133955179247,0.031237144505347415,0.13808778947700215,True
Leptotrichia,HGF,0.013571157457075123,0.7752673713307672,0.8878468571768939,False
Leptotrichia,MIP1B,-0.05500715355072798,0.24686796842645042,0.47587493796401026,False
Leptotrichia,IFNA,0.0015279098887315311,0.9743598792954927,0.9877252340238515,False
Leptotrichia,TGFB,-0.08011403035752807,0.09141736916784945,0.264589672711879,False
Leptotrichia,MCP1,0.17618874998538708,0.00018733187033743618,0.0047730862099578455,True
Leptotrichia,IL9,-0.13406118084429797,0.004613247924897034,0.03958148966587738,True
Leptotrichia,VEGFD,0.07357688308176455,0.12117948898246045,0.309478601655206,False
Leptotrichia,TNFB,-0.2509008001553085,8.144021977762975e-08,2.0070942164196852e-05,True
Leptotrichia,NGF,-0.0038519011393226984,0.9354199223055681,0.9690384188827544,False
Leptotrichia,EGF,-0.06497655424613939,0.17122665539019408,0.3853772531590258,False
Leptotrichia,BDNF,-0.22100741833888327,2.509235888735433e-06,0.00024251026854072452,True
Leptotrichia,TRAIL,-0.09668343802551431,0.0414918776977311,0.16347998814717554,True
Leptotrichia,GCSF,-0.11110483179625132,0.019056210724016344,0.100339943144041,True
Leptotrichia,GROA,-0.17656097667468845,0.00018145116735634618,0.004694870361676799,True
Leptotrichia,IL1A,-0.048353006381302514,0.3088042549324614,0.5401334891987588,False
Leptotrichia,IL23,-0.04877897988703368,0.30455665839233653,0.5365117116568359,False
Leptotrichia,IL12P40,-0.1795884009054568,0.00013965638890995588,0.003922315332975342,True
Leptotrichia,IL15,-0.09846560751088257,0.03786250746628928,0.1554543816900959,True
Leptotrichia,IL18,-0.093698155886343,0.04822810555092369,0.17942424492996736,True
Leptotrichia,MCSF,-0.13353426318833722,0.004777992526058002,0.0404999572845054,True
Leptotrichia,MCP3,-0.1964429213217458,3.00559287619432e-05,0.0013110236536957348,True
Leptotrichia,MIG,-0.04380044628779022,0.3566250341481184,0.5887793958164087,False
Leptotrichia,RESISTIN,0.05566381052616967,0.2412631412792054,0.4696970001895318,False
Leptotrichia,IL21,-0.05581421476328316,0.2399920490034823,0.4689477936722158,False
Leptotrichia,ICAM1,-0.2707312034624031,6.484693715988116e-09,3.5514505917894913e-06,True
Leptotrichia,VCAM1,-0.09836943468368205,0.03805125323230997,0.1555620505605632,True
Leptotrichia,FGFB,-0.1708478569775679,0.0002939702800855233,0.0061397448933976865,True
Leptotrichia,IL22,-0.09049313464513475,0.056455763760274925,0.1963799996996437,False
Leptotrichia,PDGFBB,-0.21243505588365927,6.171825229757045e-06,0.00046092312965867384,True
Leptotrichia,VEGF,-0.08998110068155543,0.0578723557312155,0.19947751146794487,False
Leptotrichia,LEPTIN,-0.08081211040834935,0.08861966619546928,0.26000377064135005,False
Leptotrichia,PAI1,-0.0820200318953559,0.08394145627619376,0.25213128457364964,False
Leptotrichia,CD40L,0.11031856516088749,0.01992612094325851,0.10316956163067079,True
Leptotrichia,ENA78,-0.0032933029885732434,0.9447690607563266,0.9742386526635589,False
Limnobacter,IL17F,0.06836413308852023,0.14993202227893526,0.35282253943097847,False
Limnobacter,FASL,0.020079199995240327,0.6727167083054777,0.8266817888899775,False
Limnobacter,TGFA,0.021870292355832086,0.6454360162190999,0.8112032199957351,False
Limnobacter,MIP1A,0.04763333817651113,0.3160686935866879,0.5475671334263991,False
Limnobacter,SDF1A,0.06109898246103532,0.19828206439427123,0.4192759740023007,False
Limnobacter,IL27,0.03288477450188947,0.4889743145019533,0.7053945169164383,False
Limnobacter,LIF,-0.10256461411488191,0.03052386775831117,0.1359097960078733,True
Limnobacter,IL1B,0.013086922226254355,0.7830825084596154,0.8928546104930237,False
Limnobacter,IL2,-0.003331474835300201,0.9441299306150266,0.9739674399333332,False
Limnobacter,IL4,0.023116814684134616,0.6267238836143232,0.7992553744721861,False
Limnobacter,IL5,0.010427577950327616,0.8263717541374679,0.9172125329277929,False
Limnobacter,IP10,0.047204482512926985,0.320450364278372,0.5518286457769819,False
Limnobacter,IL6,-0.0014999487797662879,0.9748289429020673,0.9877252340238515,False
Limnobacter,IL7,-0.009087785681073103,0.8483909991962713,0.9291700710275373,False
Limnobacter,IL8,0.01283923943293582,0.7870883972948255,0.8949385721490646,False
Limnobacter,IL10,-0.032578914213161295,0.4930272316592359,0.707924891693993,False
Limnobacter,IFNB,-0.05105289415135559,0.2825387193645448,0.5139663454332052,False
Limnobacter,EOTAXIN,0.018407887791402552,0.6985671042348266,0.844137596659343,False
Limnobacter,IL12P70,0.02818106400140717,0.5532307330003516,0.7520440132802585,False
Limnobacter,IL13,0.043936122077319596,0.35513589653550315,0.5874800704205431,False
Limnobacter,IL17A,0.0517197133387452,0.2762912134140622,0.5067309361555025,False
Limnobacter,IL31,-0.020709229204792727,0.6630691600020067,0.8212252357263633,False
Limnobacter,IL1RA,-0.01963255468410491,0.6795889140250547,0.8306752238973238,False
Limnobacter,SCF,0.0685709550636952,0.1487002649755747,0.35134123780476295,False
Limnobacter,RANTES,-0.04050058089668089,0.394043480640608,0.6232493898770284,False
Limnobacter,IFNG,0.0161334256683577,0.7343085366766817,0.8662510356015499,False
Limnobacter,GMCSF,0.023201039866809797,0.625467956565616,0.7986869321015341,False
Limnobacter,TNFA,0.06357986116213454,0.18063541997455987,0.3965462438851272,False
Limnobacter,HGF,0.03963665036404258,0.4042177949563279,0.6326050202698017,False
Limnobacter,MIP1B,0.14220165948768373,0.002641845424681517,0.026520684517831357,True
Limnobacter,IFNA,0.03919742515885674,0.40944997053180965,0.6372040841656434,False
Limnobacter,TGFB,0.004552308033666052,0.9237100430579643,0.9633355961081153,False
Limnobacter,MCP1,0.03045434354125374,0.5216677123072091,0.7311061000745618,False
Limnobacter,IL9,0.025408479695069437,0.5929463818134746,0.7760725459544532,False
Limnobacter,VEGFD,-0.04630185781647188,0.32980124711958647,0.561219474554658,False
Limnobacter,TNFB,0.04758275619559808,0.3165834471964115,0.5480034455596532,False
Limnobacter,NGF,-0.015874835923503732,0.7384103586282641,0.8685418584127703,False
Limnobacter,EGF,0.07654512568434128,0.10684315195105548,0.2876187307300669,False
Limnobacter,BDNF,0.08023175402284484,0.0909406684425147,0.2636707945995738,False
Limnobacter,TRAIL,0.07509369843373272,0.11367651189810003,0.2981173328788162,False
Limnobacter,GCSF,0.05588792442522802,0.23937083650027136,0.4681979575832689,False
Limnobacter,GROA,-0.01595302988410815,0.7371692353761051,0.8678068213921237,False
Limnobacter,IL1A,0.044927676356161045,0.34437191771936715,0.5771537512542538,False
Limnobacter,IL23,0.017021664847277542,0.7202771435714239,0.8572367597883734,False
Limnobacter,IL12P40,0.014750012715533981,0.7563377079557011,0.877586761420351,False
Limnobacter,IL15,0.014174213664127286,0.7655662780660785,0.882863307578668,False
Limnobacter,IL18,-0.089284792050694,0.059845886002077874,0.2033431337726272,False
Limnobacter,MCSF,0.014814338193811524,0.7553088572837592,0.8768746195555962,False
Limnobacter,MCP3,0.10636408316824658,0.024844599384073462,0.1195241187148431,True
Limnobacter,MIG,0.026748445747716062,0.5735896491415735,0.7640221374577739,False
Limnobacter,RESISTIN,-0.020487612071470707,0.6664565088588784,0.8232024938836243,False
Limnobacter,IL21,0.029217925006028534,0.5387195095196848,0.7417174476040577,False
Limnobacter,ICAM1,0.02617327671822499,0.5818617666820529,0.7689795058413871,False
Limnobacter,VCAM1,0.0722943477560013,0.1278201089551103,0.3197286561988017,False
Limnobacter,FGFB,0.03904073124262099,0.41132622595385093,0.6387433733984418,False
Limnobacter,IL22,-0.042312902524914715,0.37320820948482325,0.6038218495160657,False
Limnobacter,PDGFBB,-0.030416099560162013,0.5221909683809001,0.7313195860632068,False
Limnobacter,VEGF,0.08332756283494944,0.07910418082011945,0.24246302694332794,False
Limnobacter,LEPTIN,0.06102634605571075,0.1988170243013676,0.41968698620190187,False
Limnobacter,PAI1,0.0872095295510024,0.06606006387049745,0.2164960470862247,False
Limnobacter,CD40L,-0.03648261662337149,0.4426698145141016,0.6651179746197247,False
Limnobacter,ENA78,0.052895547184459824,0.26550490431636076,0.4961410303376625,False
Massilia,IL17F,0.029996082864131003,0.5279552967708419,0.7348872622846002,False
Massilia,FASL,0.054210632958430746,0.2537877777139883,0.4841021502911178,False
Massilia,TGFA,-0.022169818244995206,0.6409186420807402,0.8073845020487064,False
Massilia,MIP1A,0.027894239059264497,0.5572783956902573,0.7548026451764429,False
Massilia,SDF1A,0.07535195734315273,0.11243615209826523,0.2963624565199729,False
Massilia,IL27,0.01433917086299685,0.7629189850844088,0.8813978985558708,False
Massilia,LIF,-0.155828421922602,0.000973318765801954,0.013867007072663695,True
Massilia,IL1B,0.03144396628826907,0.508221733175172,0.7200636443125711,False
Massilia,IL2,-0.009685571296022379,0.8385508512991922,0.9241682027659918,False
Massilia,IL4,0.030334946582838362,0.52330219742454,0.7322516766800731,False
Massilia,IL5,-0.029586225080199653,0.5336111941721269,0.7383968489821486,False
Massilia,IP10,0.023785705794120062,0.6167796875572855,0.7931698472159131,False
Massilia,IL6,0.00693350965975856,0.8840375001521734,0.9468537240873669,False
Massilia,IL7,-0.027104097803629663,0.5685025924105866,0.7624018723071825,False
Massilia,IL8,0.022802814969885028,0.6314155916208929,0.8013409328940824,False
Massilia,IL10,-0.05350422981170748,0.26003630511526293,0.49023482421615266,False
Massilia,IFNB,-0.13660432708399436,0.003887959522924301,0.03522748619208434,True
Massilia,EOTAXIN,0.07985457637934276,0.09247504894633012,0.2661661408796853,False
Massilia,IL12P70,0.013337701045743952,0.7790323774687758,0.8904001364738774,False
Massilia,IL13,0.031673551746909404,0.5051284559059609,0.7166891649857459,False
Massilia,IL17A,0.025862273818850708,0.5863576514476131,0.7724278209343346,False
Massilia,IL31,-0.07516671087526239,0.11332476548226009,0.2975114615510306,False
Massilia,IL1RA,-0.07939626272430551,0.09436730213931553,0.26956617342491235,False
Massilia,SCF,0.12870041139601793,0.006555552566574232,0.049407310394797135,True
Massilia,RANTES,-0.05416668340508039,0.25417347029122045,0.48430853051905215,False
Massilia,IFNG,0.038338376656293596,0.41979850489628656,0.6455428463475625,False
Massilia,GMCSF,-0.022833832886764115,0.6309514660003568,0.8009478676695259,False
Massilia,TNFA,0.06417366266698042,0.17658957410303427,0.3908308441847252,False
Massilia,HGF,0.04318243492591741,0.36345765064108526,0.5938758175119959,False
Massilia,MIP1B,0.14211328058184924,0.002658296548910633,0.02663159286500104,True
Massilia,IFNA,0.024480057848280962,0.6065305791883003,0.7851763983117241,False
Massilia,TGFB,-0.0054664056039189285,0.9084526705248184,0.9570123574279662,False
Massilia,MCP1,0.09024147716054941,0.057148362308119774,0.19782045689797417,False
Massilia,IL9,0.03023124560175328,0.5247239347134482,0.7330964496039077,False
Massilia,VEGFD,-0.07372184384822579,0.12044615968226594,0.3083246538945151,False
Massilia,TNFB,0.07708046721530755,0.10440622267544827,0.2837567810562423,False
Massilia,NGF,-0.05204686422696186,0.2732606853911422,0.5036820971674013,False
Massilia,EGF,0.1166213180436671,0.013831311867063097,0.0815097243199689,True
Massilia,BDNF,0.12622346010052574,0.007678987542427135,0.05472271814492971,True
Massilia,TRAIL,0.060509936000286216,0.20265066866192727,0.4245070743028642,False
Massilia,GCSF,0.03329306777190886,0.4835920700476799,0.7011800827614407,False
Massilia,GROA,-0.01819418627873469,0.7018984936538315,0.8463820536989515,False
Massilia,IL1A,0.054083065291509934,0.2549084083270512,0.48520700700677166,False
Massilia,IL23,0.007965236562886287,0.8669318720702507,0.9384225754769443,False
Massilia,IL12P40,0.04007927680749824,0.39898564889487664,0.6283067934194398,False
Massilia,IL15,-0.020503823608966947,0.6662084895756525,0.8232024938836243,False
Massilia,IL18,-0.12581647962927453,0.007879192513603661,0.05548077128507492,True
Massilia,MCSF,0.018866911547969045,0.6914309926260416,0.8393211088914564,False
Massilia,MCP3,0.08032589828471173,0.09056088364018466,0.26289968146212134,False
Massilia,MIG,0.017587994871012213,0.7113793298103094,0.8518556316058153,False
Massilia,RESISTIN,-0.09559088098121052,0.04385883085173169,0.16836462404064292,True
Massilia,IL21,-0.009522603374211736,0.8412310402828947,0.9257485594003992,False
Massilia,ICAM1,-0.01440942714853634,0.7617923232927508,0.881219047526395,False
Massilia,VCAM1,0.024912408457199366,0.6001873789362703,0.7814882025563007,False
Massilia,FGFB,0.0019299110820955238,0.9676171356787284,0.9845963793890282,False
Massilia,IL22,0.05217532987824517,0.2720768746793237,0.5030258496978194,False
Massilia,PDGFBB,0.07818769304593876,0.09950571478254941,0.2768557785811521,False
Massilia,VEGF,0.0690295955415199,0.14599625772859406,0.3477979547062902,False
Massilia,LEPTIN,0.016328571599281718,0.7312180653943982,0.8644985456745461,False
Massilia,PAI1,0.1441047178625577,0.0023093620490589615,0.02429636187793302,True
Massilia,CD40L,-0.05030852415494706,0.2896247338689625,0.5206154245076544,False
Massilia,ENA78,0.05382897198330102,0.25715072268135775,0.4874071037140793,False
Megasphaera,IL17F,-0.08527093568907387,0.0723344818750396,0.22771233888464193,False
Megasphaera,FASL,0.009983051433917235,0.8336632902102994,0.9218455092420786,False
Megasphaera,TGFA,0.02443495299261729,0.6071940489122152,0.7856305203014329,False
Megasphaera,MIP1A,-0.04206462198827119,0.37602167548842047,0.6062130946894481,False
Megasphaera,SDF1A,-0.05799380441919246,0.2220983071441816,0.4486045123922642,False
Megasphaera,IL27,0.12143475323955988,0.010348577907117724,0.06778490432449603,True
Megasphaera,LIF,0.18296902098325243,0.00010373029980035513,0.0032670073336482455,True
Megasphaera,IL1B,0.06323969165821387,0.18298384775306464,0.3991712261893585,False
Megasphaera,IL2,0.010208429276325481,0.8299646104296777,0.9191990933171288,False
Megasphaera,IL4,-0.0174441024600359,0.7136364213318545,0.8532432935437119,False
Megasphaera,IL5,-0.021863487831403676,0.6455387927734235,0.8112032199957351,False
Megasphaera,IP10,-0.026357273305054628,0.5792094776842907,0.7677826733723785,False
Megasphaera,IL6,0.03067013611655488,0.5187202732472931,0.7286327235212048,False
Megasphaera,IL7,0.03664433224360537,0.44064893639048286,0.663691383254877,False
Megasphaera,IL8,0.0029511063261791854,0.9505001631677734,0.9772043232737821,False
Megasphaera,IL10,0.055480029970623186,0.24282270537953396,0.4711171481266376,False
Megasphaera,IFNB,0.10203838041711806,0.03139202155657643,0.1385860047043128,True
Megasphaera,EOTAXIN,0.01147578795103631,0.8092380795069407,0.9072522447150485,False
Megasphaera,IL12P70,-0.04403977676943036,0.3540008524567997,0.5862154213873898,False
Megasphaera,IL13,-0.020481285496722408,0.6665533085853552,0.8232024938836243,False
Megasphaera,IL17A,-0.008475887844604964,0.8584878830447001,0.9346188350143185,False
Megasphaera,IL31,0.0637753887207904,0.17929569279996244,0.39428848055221477,False
Megasphaera,IL1RA,0.07466641921660022,0.11575219198828732,0.30179310053031105,False
Megasphaera,SCF,-0.0687041365274917,0.14791116965496554,0.3502542182221115,False
Megasphaera,RANTES,0.007102375150109664,0.8812338683093333,0.9455974174151962,False
Megasphaera,IFNG,0.05163649464457329,0.27706573100493553,0.5076112009437457,False
Megasphaera,GMCSF,0.07838524255227657,0.09865091485104341,0.2755740205728495,False
Megasphaera,TNFA,-0.05077380758686724,0.2851816296812002,0.5164071464726803,False
Megasphaera,HGF,0.033191582976505415,0.4849268735227802,0.7021752525246133,False
Megasphaera,MIP1B,-0.17228582541603682,0.00026072211500110924,0.005770991947897922,True
Megasphaera,IFNA,-0.01666701845825575,0.7258684968812934,0.8599362457186226,False
Megasphaera,TGFB,0.06309840197754042,0.18396587017494961,0.4005446241793268,False
Megasphaera,MCP1,0.03192423767455977,0.5017622090665752,0.7141359616911809,False
Megasphaera,IL9,0.0021847817259320113,0.9633433690232809,0.9825132917106845,False
Megasphaera,VEGFD,0.2099083645743615,7.991462425775132e-06,0.0005509079482048339,True
Megasphaera,TNFB,-0.09387890307583566,0.04779569832965288,0.17849792697353514,True
Megasphaera,NGF,-0.0027340048160227727,0.9541375168815593,0.9785567666893896,False
Megasphaera,EGF,-0.07910872465564725,0.09557017530959945,0.2712729018721657,False
Megasphaera,BDNF,-0.1018664508353556,0.03168019984770203,0.13923469019110415,True
Megasphaera,TRAIL,-0.09651934448402456,0.04184034280468531,0.1643930248579465,True
Megasphaera,GCSF,-0.10761445369045296,0.023186896692947965,0.11419607280112806,True
Megasphaera,GROA,0.01661655924961432,0.7266652291316507,0.8603730277179692,False
Megasphaera,IL1A,-0.057006582799799026,0.23008147878953197,0.457194762730741,False
Megasphaera,IL23,0.037548815442087956,0.42944370937975684,0.6537902729718166,False
Megasphaera,IL12P40,-0.027317652686949898,0.5654583820376942,0.7606835057488522,False
Megasphaera,IL15,0.07340917654249361,0.12203222275745729,0.3112895332950267,False
Megasphaera,IL18,0.10774462012780192,0.02301995659339819,0.11357894499385353,True
Megasphaera,MCSF,-0.0018878282366533608,0.9683228890870973,0.9849009541553964,False
Megasphaera,MCP3,-0.0935013583298824,0.04870263009497845,0.1800948445201847,True
Megasphaera,MIG,-0.0180904214675559,0.7035181478022434,0.8468041869735171,False
Megasphaera,RESISTIN,0.14274894543748826,0.002542020669085924,0.02588764437587711,True
Megasphaera,IL21,0.013502344138712838,0.7763765970544321,0.8884978516093094,False
Megasphaera,ICAM1,-0.19580113372754562,3.19450649663734e-05,0.0013343832645699534,True
Megasphaera,VCAM1,-0.10089905699191137,0.03334418000048939,0.14355521170768362,True
Megasphaera,FGFB,-0.09488041789328919,0.04545818086839872,0.1722239611839641,True
Megasphaera,IL22,-0.06678278267101341,0.15960763403637626,0.36770555184169135,False
Megasphaera,PDGFBB,0.08518317669970965,0.0726296495438154,0.2283837592353851,False
Megasphaera,VEGF,-0.03272543260524654,0.49108349932920137,0.7071140359237914,False
Megasphaera,LEPTIN,0.0264222126694124,0.5782747368198674,0.7671420206661623,False
Megasphaera,PAI1,-0.19529068935337804,3.352729417612953e-05,0.0013771336082845204,True
Megasphaera,CD40L,0.04615424263821775,0.3313470798075634,0.5627233028991774,False
Megasphaera,ENA78,0.0036739175210352935,0.9383978947059175,0.9712540233918532,False
Methyloversatilis,IL17F,-0.045658294336256344,0.3365748062235546,0.5684447230635439,False
Methyloversatilis,FASL,0.0006565897649455988,0.9889801118870969,0.9948019433381021,False
Methyloversatilis,TGFA,-0.06296294292253954,0.18491101410141284,0.40168637660020445,False
Methyloversatilis,MIP1A,-0.10794080639967044,0.02277031114357193,0.11325415098553587,True
Methyloversatilis,SDF1A,-0.05614097896420666,0.23724673941434457,0.46561384772976483,False
Methyloversatilis,IL27,-0.08361703105810654,0.078064426854109,0.24031266462340473,False
Methyloversatilis,LIF,-0.1167191538798263,0.013751340198394453,0.08122271520417766,True
Methyloversatilis,IL1B,-0.06292129725908191,0.18520230847003305,0.40214192883206734,False
Methyloversatilis,IL2,-0.04787612862304769,0.31360553398096486,0.5453307196416517,False
Methyloversatilis,IL4,-0.01556926742720119,0.7432669449353468,0.8700786350633528,False
Methyloversatilis,IL5,0.000893465567916883,0.9850049065360522,0.9926577763885098,False
Methyloversatilis,IP10,-0.015894109266574575,0.7381043818092559,0.8683421771462522,False
Methyloversatilis,IL6,-0.03971415521285781,0.4032986913536222,0.6323148389495928,False
Methyloversatilis,IL7,0.026402649027976594,0.5785562625619332,0.7674122223271713,False
Methyloversatilis,IL8,-0.00494413464221423,0.9171662355669206,0.961017838567769,False
Methyloversatilis,IL10,-0.07256990470654195,0.12637006949228693,0.3177138855024138,False
Methyloversatilis,IFNB,-0.10328249848333791,0.02937273743837646,0.1326366305611965,True
Methyloversatilis,EOTAXIN,0.012716498326158144,0.7890756360903712,0.8956735801093882,False
Methyloversatilis,IL12P70,-0.04361741793855128,0.3586401025916991,0.5899339448271266,False
Methyloversatilis,IL13,-0.01872061860274623,0.6937023760404486,0.8405867586947157,False
Methyloversatilis,IL17A,-0.01193983326852978,0.8016814460239912,0.9033624415583956,False
Methyloversatilis,IL31,0.04329665245943123,0.3621887724410884,0.5929415807611962,False
Methyloversatilis,IL1RA,-0.0733329334505214,0.12242143677478853,0.31176195394623235,False
Methyloversatilis,SCF,-0.051008977254846495,0.282953505426953,0.5141035207495631,False
Methyloversatilis,RANTES,-0.01182539913283926,0.8035432335765844,0.903756070412011,False
Methyloversatilis,IFNG,-0.04584951462398037,0.33455294785524836,0.5662814148277882,False
Methyloversatilis,GMCSF,-0.0019161763086307316,0.9678474729402997,0.9846951380532878,False
Methyloversatilis,TNFA,0.004216800939870371,0.9293173803232601,0.9652524217918762,False
Methyloversatilis,HGF,-0.04275156994574336,0.3682691695202607,0.5982856745436271,False
Methyloversatilis,MIP1B,0.043403030450070434,0.36100947694159635,0.591724486962261,False
Methyloversatilis,IFNA,-0.034640522430993706,0.46605910420000274,0.6868260340835473,False
Methyloversatilis,TGFB,-0.0611005966286548,0.1982701881380624,0.4192759740023007,False
Methyloversatilis,MCP1,-0.03290600548575763,0.4886936508181301,0.7053945169164383,False
Methyloversatilis,IL9,-0.029402326328169078,0.5361588145521956,0.7397415806655765,False
Methyloversatilis,VEGFD,-0.09393335107092168,0.04766607890051848,0.17832721282782207,True
Methyloversatilis,TNFB,0.017959012478876983,0.7055712217987562,0.8484049961514993,False
Methyloversatilis,NGF,-0.025791825075857304,0.5873782901704596,0.7728332497036378,False
Methyloversatilis,EGF,-0.04359248519816552,0.3589151531770963,0.590287396436464,False
Methyloversatilis,BDNF,0.017697141684270744,0.7096689352921559,0.8513081579234592,False
Methyloversatilis,TRAIL,-0.05986043878357638,0.20754814197496216,0.42922571731816256,False
Methyloversatilis,GCSF,-0.014640155444934562,0.7580958095343608,0.8786958836437072,False
Methyloversatilis,GROA,-0.02479747800441847,0.6018706533431388,0.7826684351031851,False
Methyloversatilis,IL1A,-0.04673481421366159,0.3252942028904008,0.5569208496168063,False
Methyloversatilis,IL23,0.05739807356346123,0.22689169018484381,0.45378338036968763,False
Methyloversatilis,IL12P40,-0.03796764801948709,0.4243113968770509,0.6486826852080142,False
Methyloversatilis,IL15,-0.049389614122297636,0.29853545068193105,0.5307416542511229,False
Methyloversatilis,IL18,-0.05928368186679711,0.21196836151694456,0.43505811114595866,False
Methyloversatilis,MCSF,0.013046618483792244,0.7837339723755882,0.8928546104930237,False
Methyloversatilis,MCP3,0.007701947075531417,0.8712915377973572,0.9411781700204195,False
Methyloversatilis,MIG,-0.07840728249674667,0.09855591105949749,0.27549660238034207,False
Methyloversatilis,RESISTIN,-0.10272743629431454,0.03025944994706015,0.13503741855052917,True
Methyloversatilis,IL21,-0.08078160858888524,0.08874045496706465,0.26009246382669876,False
Methyloversatilis,ICAM1,0.0776371992923766,0.10191880409737944,0.28006748134831944,False
Methyloversatilis,VCAM1,0.1087997009555039,0.021704778298207234,0.10944537312722603,True
Methyloversatilis,FGFB,-0.02254960563989957,0.6352098044470836,0.8038380298124969,False
Methyloversatilis,IL22,-0.03126430392245678,0.5106492692240505,0.7219246373168923,False
Methyloversatilis,PDGFBB,-0.04043954822855067,0.39475713711388183,0.6241404743654607,False
Methyloversatilis,VEGF,-0.029061591678447567,0.5408952136882899,0.7424317761820052,False
Methyloversatilis,LEPTIN,0.062322137986565204,0.18943069336725432,0.4071087366937853,False
Methyloversatilis,PAI1,0.016735801412672155,0.7247829155928327,0.8594618086756723,False
Methyloversatilis,CD40L,-0.14873237491783697,0.0016540420166549434,0.01959801225983706,True
Methyloversatilis,ENA78,0.03734332418111067,0.431974858147948,0.6556440572167007,False
Microbacterium,IL17F,-0.03092467489922621,0.5152546679353399,0.7260406684543426,False
Microbacterium,FASL,0.0460657332713217,0.332276189314585,0.5637829043482236,False
Microbacterium,TGFA,-0.031149330682152306,0.5122059116762221,0.7235270419896005,False
Microbacterium,MIP1A,-0.06307609778868657,0.18412124841655092,0.4005446241793268,False
Microbacterium,SDF1A,0.060014331957657256,0.20638006068691617,0.4280443169054533,False
Microbacterium,IL27,0.055915160769179774,0.239141579434892,0.4679396691174302,False
Microbacterium,LIF,0.10431478147000707,0.027782816401397466,0.12792293511675676,True
Microbacterium,IL1B,0.05728865793380517,0.22778000539534718,0.45491395729078865,False
Microbacterium,IL2,0.06675777700746138,0.1597643265030886,0.3677653284113071,False
Microbacterium,IL4,0.11098240369036373,0.01918944862077488,0.10062211941680786,True
Microbacterium,IL5,0.07804832313209738,0.10011230574797784,0.27773270337669237,False
Microbacterium,IP10,0.020566888739684545,0.665244006289758,0.8227293205375027,False
Microbacterium,IL6,0.035451669690948075,0.45567654860793194,0.6768207648300426,False
Microbacterium,IL7,0.07218971445430056,0.12837407759312341,0.32074851869452703,False
Microbacterium,IL8,0.07267502754569034,0.125820266736012,0.3169783259605434,False
Microbacterium,IL10,0.06869776399259277,0.1479488539087659,0.3502593184036057,False
Microbacterium,IFNB,0.07536010960746435,0.11239717243504753,0.29633894781083137,False
Microbacterium,EOTAXIN,0.027479875990309505,0.5631511291592464,0.7586148990505399,False
Microbacterium,IL12P70,0.0022660167486145376,0.9619814043643042,0.9821285783421978,False
Microbacterium,IL13,0.057179798807115004,0.22866625080080583,0.45585276044375006,False
Microbacterium,IL17A,0.07438379199882772,0.11714140337328574,0.3035047866631009,False
Microbacterium,IL31,0.10889453560592306,0.02158982233870317,0.10909614639954533,True
Microbacterium,IL1RA,0.0713180653283789,0.133061464458336,0.3283404046633983,False
Microbacterium,SCF,0.0027969469170927037,0.9530828734169652,0.9781875029822429,False
Microbacterium,RANTES,0.08119562242961983,0.08711217959057257,0.2576037443654417,False
Microbacterium,IFNG,0.07198682853421749,0.12945353065100224,0.3228261534959613,False
Microbacterium,GMCSF,0.0745500982631846,0.11632237904787691,0.30248114287891603,False
Microbacterium,TNFA,-7.169739532194701e-05,0.9987966275844344,0.9990644602835305,False
Microbacterium,HGF,0.02364752875147743,0.6188282701940678,0.7943240999444168,False
Microbacterium,MIP1B,-0.04088504869609121,0.38956580766863036,0.6199095612586535,False
Microbacterium,IFNA,0.021318972977770714,0.6537849547548471,0.8163084800556972,False
Microbacterium,TGFB,0.02636945093574623,0.5790341383393367,0.7677826733723785,False
Microbacterium,MCP1,-0.09943920965071266,0.0359960308555499,0.15087111912160328,True
Microbacterium,IL9,0.09124308136738217,0.05443298116418106,0.19239882693312904,False
Microbacterium,VEGFD,0.02580751028194885,0.5871509770461504,0.7726784583795154,False
Microbacterium,TNFB,0.05562665179773932,0.2415779024920519,0.46986186851912326,False
Microbacterium,NGF,0.06377851137129169,0.17927435673666833,0.39428848055221477,False
Microbacterium,EGF,0.02704821266235332,0.5693005184033799,0.7624504539566439,False
Microbacterium,BDNF,0.06526393790169879,0.169336909165684,0.3819961671751288,False
Microbacterium,TRAIL,0.0002885595140388176,0.9951568315149516,0.9971706785327183,False
Microbacterium,GCSF,0.017433302233121922,0.7138059344393715,0.8532432935437119,False
Microbacterium,GROA,0.13193510322770627,0.005310972078911103,0.04359330787169497,True
Microbacterium,IL1A,0.03553969697880839,0.4545576688171399,0.6759607170528601,False
Microbacterium,IL23,-0.01831991472584582,0.6999378186902109,0.8449653461484323,False
Microbacterium,IL12P40,0.12095098941793628,0.010659452659589229,0.06913216073567804,True
Microbacterium,IL15,0.10602525622135829,0.025311050490384436,0.12053929262522212,True
Microbacterium,IL18,0.14919400345493608,0.0015990482353748002,0.01916928968052738,True
Microbacterium,MCSF,0.07494179689981552,0.11441106179646397,0.29908890140268946,False
Microbacterium,MCP3,-0.005183655844584773,0.9131687703826923,0.9589308690447874,False
Microbacterium,MIG,0.08393036635705801,0.07695147061557493,0.23772723200511994,False
Microbacterium,RESISTIN,0.04214627749348072,0.37509493471285216,0.6055977269106706,False
Microbacterium,IL21,0.03216870304348314,0.4984909257775012,0.7121384847925634,False
Microbacterium,ICAM1,0.006721966307918148,0.8875517410989765,0.9480425900697487,False
Microbacterium,VCAM1,-0.012584176481192194,0.7912195243575921,0.8970120931298343,False
Microbacterium,FGFB,0.007493248817940111,0.874750035161663,0.9424607169194004,False
Microbacterium,IL22,0.08307161499572323,0.08003285618664728,0.24437255997118618,False
Microbacterium,PDGFBB,0.19806374604791588,2.5744855563934135e-05,0.0011804315634849427,True
Microbacterium,VEGF,-0.04066407235953519,0.39213560922756163,0.6218907393444824,False
Microbacterium,LEPTIN,0.047793621627470514,0.314441168644574,0.5459248045963738,False
Microbacterium,PAI1,-0.07450388369729631,0.11654952513582212,0.30267554246350337,False
Microbacterium,CD40L,0.010297563273845038,0.8285028615779957,0.918412732549473,False
Microbacterium,ENA78,0.05221459442253622,0.2717157511343337,0.5026409973132411,False
Micrococcus,IL17F,0.06243470730877017,0.1886309070296112,0.40649017208372995,False
Micrococcus,FASL,0.15668384790499384,0.000911659183893244,0.013324013330399705,True
Micrococcus,TGFA,0.029307304339908635,0.5374775776263543,0.7407317153978192,False
Micrococcus,MIP1A,0.006991637359367486,0.8830722551925194,0.946633456675891,False
Micrococcus,SDF1A,0.19780947579434308,2.6380010286430912e-05,0.0011929089055212657,True
Micrococcus,IL27,0.1449505495113722,0.0021742342531281384,0.02339969964605256,True
Micrococcus,LIF,0.09264366272682895,0.05081658637085503,0.18492060112362085,True
Micrococcus,IL1B,0.11854383189255346,0.012332625691952178,0.07577436730249926,True
Micrococcus,IL2,0.06705839140816956,0.15788826001909692,0.36553839062194865,False
Micrococcus,IL4,0.2109236053013953,7.206121325547633e-06,0.0005199082040495777,True
Micrococcus,IL5,0.1088353681144295,0.021661481405570757,0.10933890614240477,True
Micrococcus,IP10,0.10443316232680505,0.027605302926293564,0.12722623009972764,True
Micrococcus,IL6,0.17375281652058597,0.00023044859070202135,0.005367006746834116,True
Micrococcus,IL7,0.13870703558197703,0.003368046337982892,0.03183336605928605,True
Micrococcus,IL8,0.21470193891145842,4.881825025774179e-06,0.0003881050895490472,True
Micrococcus,IL10,0.14330413595921504,0.0024442784292323257,0.02525754376873403,True
Micrococcus,IFNB,0.04402014093201919,0.3542156940807365,0.5863866210163352,False
Micrococcus,EOTAXIN,0.04521246109811759,0.3413191527276106,0.5735977169431955,False
Micrococcus,IL12P70,0.07664365879737016,0.10639127718093326,0.2869021988448006,False
Micrococcus,IL13,0.1618571583909627,0.0006093841996455923,0.010339603167136401,True
Micrococcus,IL17A,0.1336563144364109,0.004739367074265993,0.040276448808719105,True
Micrococcus,IL31,0.22366722005522746,1.8838540231799156e-06,0.00019344826000528757,True
Micrococcus,IL1RA,0.1140783318584858,0.01605860354660604,0.09096074661090608,True
Micrococcus,SCF,0.04685835923257048,0.324015466310818,0.5555033855464424,False
Micrococcus,RANTES,0.21804470783481403,3.4388646822910988e-06,0.00030095166384371333,True
Micrococcus,IFNG,0.159580684147069,0.00072865045061057,0.011548289617554662,True
Micrococcus,GMCSF,0.08197560488452368,0.08410991777525882,0.2523297533257765,False
Micrococcus,TNFA,0.11054574041968061,0.019671298013209406,0.10227829948007296,True
Micrococcus,HGF,-0.003551367831213371,0.9404488638175053,0.9718990354872593,False
Micrococcus,MIP1B,0.07257746559194082,0.1263304631964905,0.31769533321199067,False
Micrococcus,IFNA,0.13318390138658062,0.0048904535714516355,0.04102986494244274,True
Micrococcus,TGFB,0.08533817457187831,0.07210899423332379,0.22719140829539347,False
Micrococcus,MCP1,-0.11301932105981125,0.01707513457296747,0.09387990887914854,True
Micrococcus,IL9,0.19306390530668643,4.133858896604274e-05,0.0016140683613703854,True
Micrococcus,VEGFD,0.07432442852797307,0.11743484667745833,0.3038511072300221,False
Micrococcus,TNFB,0.22274260358633408,2.082084555260174e-06,0.00020762062074506404,True
Micrococcus,NGF,0.12616799332393808,0.007706003016887888,0.05480936344912035,True
Micrococcus,EGF,0.08841478433539583,0.06238957149870305,0.20863940767530292,False
Micrococcus,BDNF,0.1413787918160549,0.0027986691998560147,0.027700081297370074,True
Micrococcus,TRAIL,0.13721038936848992,0.0037311127780643343,0.034183373388622866,True
Micrococcus,GCSF,0.1064247346657833,0.02476189026931755,0.1194726035357483,True
Micrococcus,GROA,0.28135769480858663,1.5314747831302227e-09,1.5097278412097736e-06,True
Micrococcus,IL1A,0.16511014001742033,0.0004701030206208105,0.008622788578087704,True
Micrococcus,IL23,0.11598845077320184,0.014358578002069933,0.08395424789110639,True
Micrococcus,IL12P40,0.10969473404191889,0.02064069806964911,0.10548263430305906,True
Micrococcus,IL15,0.1800502351771601,0.00013413843446658834,0.0038552089999172824,True
Micrococcus,IL18,0.23719410068550253,4.149725031339444e-07,6.353368026868763e-05,True
Micrococcus,MCSF,0.18628859716439522,7.70586315255116e-05,0.0025838230938043994,True
Micrococcus,MCP3,0.10297628865166553,0.02985911261153669,0.1338568131534919,True
Micrococcus,MIG,0.07015976505363243,0.13949331419425323,0.3383858683433109,False
Micrococcus,RESISTIN,0.06014559694936571,0.20538749787610086,0.4268275282625554,False
Micrococcus,IL21,0.15056852710697685,0.0014450824274787701,0.01791902210073675,True
Micrococcus,ICAM1,0.061867636827534475,0.19268518257759967,0.411590580682552,False
Micrococcus,VCAM1,-0.020953200931927,0.6593480539518346,0.8191194903732066,False
Micrococcus,FGFB,0.12556119702401036,0.00800713878286495,0.05618104919678483,True
Micrococcus,IL22,0.1062503993823388,0.02500026994009426,0.11992830222357626,True
Micrococcus,PDGFBB,0.2624065897715475,1.9244269377126127e-08,6.775357411418191e-06,True
Micrococcus,VEGF,0.0974115280463695,0.03997512399792189,0.1599978775361405,True
Micrococcus,LEPTIN,0.04501922018737138,0.34338872053389935,0.5760936022844078,False
Micrococcus,PAI1,-0.030882062764209017,0.5158340059622248,0.7265832565301812,False
Micrococcus,CD40L,-0.04441914428391927,0.3498661951350358,0.5822047521338931,False
Micrococcus,ENA78,0.10760197524644392,0.023202955348007658,0.11419607280112806,True
Micromonospora,IL17F,0.06519474593134088,0.16979046313960722,0.3829316828254971,False
Micromonospora,FASL,0.08755419905755547,0.0649927375189294,0.2145674502550589,False
Micromonospora,TGFA,0.006141676563426579,0.8972028563419219,0.9524688518004163,False
Micromonospora,MIP1A,0.011813554839361319,0.8037359981032766,0.903756070412011,False
Micromonospora,SDF1A,0.053843671495030526,0.25702063229827504,0.4874071037140793,False
Micromonospora,IL27,0.0060126427899167435,0.899351000251455,0.953039572123801,False
Micromonospora,LIF,0.014170132214536828,0.765631813399273,0.882863307578668,False
Micromonospora,IL1B,-0.00699841239152756,0.8829597629908936,0.946633456675891,False
Micromonospora,IL2,0.027716103030639372,0.5597994581999313,0.7566020676141383,False
Micromonospora,IL4,0.09230806627941962,0.051664320038808144,0.18669606559478397,True
Micromonospora,IL5,0.08290443990574713,0.08064418334672381,0.24551894979370084,False
Micromonospora,IP10,0.05181863776376111,0.2753724380854252,0.5056852795299122,False
Micromonospora,IL6,0.07620494235480291,0.10841489832297037,0.29016780649654783,False
Micromonospora,IL7,0.1121914956522306,0.01790850479862261,0.09684149221328672,True
Micromonospora,IL8,0.10528195399881428,0.026360855577332965,0.12356886080901017,True
Micromonospora,IL10,0.10684102931840517,0.024200587005838006,0.11746400133114282,True
Micromonospora,IFNB,0.03362598115110545,0.47922733097786574,0.6981266482606474,False
Micromonospora,EOTAXIN,0.041878230697539126,0.37814237603456935,0.6078619323583748,False
Micromonospora,IL12P70,0.04905231748405647,0.3018515280177529,0.5336535802006829,False
Micromonospora,IL13,0.05771784466511639,0.22430967820108863,0.4506759308776466,False
Micromonospora,IL17A,-0.029578419853111205,0.5337191989830826,0.7384426475193303,False
Micromonospora,IL31,0.10289313942794358,0.02999236981935826,0.1342179245115563,True
Micromonospora,IL1RA,-0.006146672134164043,0.8971197054743143,0.9524688518004163,False
Micromonospora,SCF,-0.04929892998324654,0.2994246051598197,0.5316512531818269,False
Micromonospora,RANTES,0.11461098646762559,0.015567653026965047,0.08891420830812366,True
Micromonospora,IFNG,0.05560984734193771,0.24172034289439245,0.46997146228978226,False
Micromonospora,GMCSF,-0.03669557295809355,0.4400097085598116,0.6632439918933674,False
Micromonospora,TNFA,-0.005095757897335721,0.9146354855147891,0.9593721234215792,False
Micromonospora,HGF,-0.0809025940451814,0.08826212311986799,0.2597277640942265,False
Micromonospora,MIP1B,-0.043795084178726025,0.35668396752034826,0.5887793958164087,False
Micromonospora,IFNA,0.027861409585549078,0.5577425989866683,0.7548361533238024,False
Micromonospora,TGFB,-0.025631227780686144,0.5897080300634256,0.7748584683277717,False
Micromonospora,MCP1,0.008086119945214484,0.8649315728857907,0.9375804014642513,False
Micromonospora,IL9,0.06418268689521184,0.17652861136308873,0.3908308441847252,False
Micromonospora,VEGFD,-0.04363053524692108,0.35849544938530964,0.5898135587884231,False
Micromonospora,TNFB,0.08365936038152068,0.07791331583568224,0.24009673882718208,False
Micromonospora,NGF,0.11202209048858344,0.01808335577810687,0.09746622266844042,True
Micromonospora,EGF,-0.027600205885916503,0.561442641935489,0.757659351704319,False
Micromonospora,BDNF,-0.011362056015211291,0.8110928568775484,0.9087169899130126,False
Micromonospora,TRAIL,0.03614047905111086,0.44696269758939966,0.6696289168444227,False
Micromonospora,GCSF,0.015374835710268812,0.7463624892356584,0.8722752126716207,False
Micromonospora,GROA,0.1341492282053902,0.004586224719091049,0.03945113724328059,True
Micromonospora,IL1A,0.04907249795058054,0.3016524424811672,0.5335600892700967,False
Micromonospora,IL23,0.10242358815412134,0.030754485244222547,0.13672568099778362,True
Micromonospora,IL12P40,0.045486253033105356,0.33840055607048347,0.5698564233057726,False
Micromonospora,IL15,0.08903335840558131,0.06057205123222279,0.20512513948720448,False
Micromonospora,IL18,0.0925996151704252,0.0509271863886368,0.1851006894216848,True
Micromonospora,MCSF,0.10591263841046068,0.025467750925778087,0.12111002828090708,True
Micromonospora,MCP3,0.023161334192748677,0.6260598945724225,0.7990287986399458,False
Micromonospora,MIG,0.015467099620200557,0.7448930449037516,0.8709708974808663,False
Micromonospora,RESISTIN,-0.021317406081763312,0.6538087454237361,0.8163084800556972,False
Micromonospora,IL21,0.056095831348716214,0.2376247248633043,0.46617005725421967,False
Micromonospora,ICAM1,0.0339798923848111,0.4746108946457155,0.6932455474022023,False
Micromonospora,VCAM1,-0.08009027167464185,0.09151381799985087,0.2646357341867204,False
Micromonospora,FGFB,0.07284508752868835,0.1249347711186633,0.31575054839780875,False
Micromonospora,IL22,0.07189732486431234,0.12993196160741913,0.3234518377590752,False
Micromonospora,PDGFBB,0.1013525684339043,0.032555053814689344,0.1415257397129886,True
Micromonospora,VEGF,0.05376926571957567,0.25767959004043456,0.48812102257945084,False
Micromonospora,LEPTIN,-0.07083340269848784,0.13572431211215844,0.33274565252466,False
Micromonospora,PAI1,-0.09932246541753498,0.03621563141837433,0.15140529877961587,True
Micromonospora,CD40L,-0.05774909543623376,0.2240584691911668,0.4506759308776466,False
Micromonospora,ENA78,-0.030310943008252374,0.5236311103754814,0.7323444052652613,False
Mogibacterium,IL17F,-0.008122490808227944,0.8643298997712954,0.9375620765785023,False
Mogibacterium,FASL,0.03453568199715101,0.4674105340156448,0.6880764023363719,False
Mogibacterium,TGFA,0.07222189483437848,0.12820350468716754,0.3206063290730841,False
Mogibacterium,MIP1A,0.021919100415743655,0.6446990098808403,0.8105398341289789,False
Mogibacterium,SDF1A,-0.006337000775228905,0.8939525477436053,0.9514774579633407,False
Mogibacterium,IL27,0.13657731204523527,0.0038950878921880164,0.03525966615352568,True
Mogibacterium,LIF,0.2102206736914367,7.741583379613938e-06,0.0005374403447622127,True
Mogibacterium,IL1B,0.022920038901413784,0.6296623148779061,0.8001645307307658,False
Mogibacterium,IL2,0.022325606796151014,0.6385742939951096,0.8057168040706246,False
Mogibacterium,IL4,-0.028064377349501186,0.5548756768271843,0.7526093040949894,False
Mogibacterium,IL5,0.04602546043465388,0.33269950011959193,0.5642467400239194,False
Mogibacterium,IP10,-0.03176717917811635,0.5038698275682119,0.7156243711522018,False
Mogibacterium,IL6,0.04468885936640562,0.34694527300781774,0.5790908783657643,False
Mogibacterium,IL7,-0.009349245911951357,0.844084110395644,0.9275422093724511,False
Mogibacterium,IL8,-0.005528813476206678,0.9074121710666244,0.956977824740759,False
Mogibacterium,IL10,0.03450180939160014,0.46784762602335594,0.6881450058364751,False
Mogibacterium,IFNB,0.09353402453987834,0.048623594932015374,0.1800948445201847,True
Mogibacterium,EOTAXIN,-0.09495240522133401,0.045293928346881444,0.17173367140136817,True
Mogibacterium,IL12P70,-0.05663891159906188,0.23310601070112782,0.46060514201076735,False
Mogibacterium,IL13,0.03377677858920309,0.47725734053043256,0.6961827260948512,False
Mogibacterium,IL17A,-0.014859954104238857,0.7545795177915924,0.8765558606673872,False
Mogibacterium,IL31,0.08770859115830068,0.06451925568088614,0.21350480782214687,False
Mogibacterium,IL1RA,0.11064717983446219,0.019558432311948808,0.1017988520228043,True
Mogibacterium,SCF,-0.04467325722021986,0.347113816216606,0.5790908783657643,False
Mogibacterium,RANTES,0.03365782703720566,0.478810933997568,0.6978294185907785,False
Mogibacterium,IFNG,0.07040729231840977,0.13809917579301334,0.336309702314112,False
Mogibacterium,GMCSF,0.13797824404322412,0.003540634085607639,0.0329589903833051,True
Mogibacterium,TNFA,-0.013345996922753572,0.778898498756022,0.8903503479518629,False
Mogibacterium,HGF,0.04105623063769125,0.3875821153158874,0.6179499422261067,False
Mogibacterium,MIP1B,-0.08900770336559388,0.06064655296233153,0.20523642948941442,False
Mogibacterium,IFNA,0.0066291134922861795,0.8890949486145305,0.9489712000262064,False
Mogibacterium,TGFB,0.129041979453821,0.006412784184707358,0.048741115260481985,True
Mogibacterium,MCP1,-0.06657861918195129,0.16089037222561414,0.36941432887626374,False
Mogibacterium,IL9,0.01470674648759644,0.7570299698578361,0.8781832716943455,False
Mogibacterium,VEGFD,0.07052262986375063,0.1374532308260037,0.33530312212321783,False
Mogibacterium,TNFB,-0.0644717503959563,0.1745841178857305,0.3886743979488553,False
Mogibacterium,NGF,0.045093682551803994,0.3425903007153934,0.5751456376792147,False
Mogibacterium,EGF,-0.09834439822032408,0.03810051962374181,0.1555620505605632,True
Mogibacterium,BDNF,-0.01824750063466957,0.7010668393728544,0.8458104151924609,False
Mogibacterium,TRAIL,-0.012771992705022975,0.7881769846059726,0.8950841873485215,False
Mogibacterium,GCSF,-0.06797821506418461,0.15225112795360202,0.3568453683705679,False
Mogibacterium,GROA,0.014037748455444924,0.7677583871638967,0.8842811287138326,False
Mogibacterium,IL1A,-0.0035205177997085766,0.9409652268389872,0.9721269342044369,False
Mogibacterium,IL23,0.07042973249034747,0.1379733178442758,0.33616929493545994,False
Mogibacterium,IL12P40,0.017162252250621166,0.7180647437961502,0.8556391501051981,False
Mogibacterium,IL15,0.11326794780733715,0.01683155654193794,0.09302487671917023,True
Mogibacterium,IL18,0.11903322561399024,0.011974799740639213,0.07429048196552634,True
Mogibacterium,MCSF,-0.025392603895552347,0.5931774967945209,0.7760725459544532,False
Mogibacterium,MCP3,-0.10152911380179289,0.03225219846331646,0.1409318140298642,True
Mogibacterium,MIG,0.014384421030738417,0.7621932752485661,0.8812618589749578,False
Mogibacterium,RESISTIN,0.1580512130724411,0.000820546707783046,0.012502240255525918,True
Mogibacterium,IL21,0.06551187525576094,0.16771911302459463,0.37954264726934467,False
Mogibacterium,ICAM1,-0.12782242036271252,0.006935694465659416,0.05136895269907627,True
Mogibacterium,VCAM1,-0.14859583731012685,0.001670636980813542,0.019723520187856163,True
Mogibacterium,FGFB,-0.0326019067479003,0.49272193816803755,0.707924891693993,False
Mogibacterium,IL22,-0.014182443841671647,0.765434132205734,0.8828418948501375,False
Mogibacterium,PDGFBB,0.040940339366202484,0.3889244158559074,0.6191464458722674,False
Mogibacterium,VEGF,-0.03201533788260044,0.5005418406070565,0.713055124957278,False
Mogibacterium,LEPTIN,0.09367164185813269,0.048291810519711494,0.17942424492996736,True
Mogibacterium,PAI1,-0.1324253692675152,0.005142146674459549,0.0425262432188106,True
Mogibacterium,CD40L,-0.03768989319677597,0.42771096090408045,0.6521138800215811,False
Mogibacterium,ENA78,-0.020566938623354514,0.6652432436146629,0.8227293205375027,False
Monoglobus,IL17F,-0.0669919439637751,0.1583015050232381,0.36608702226952133,False
Monoglobus,FASL,-0.06391431201802757,0.17834829386137935,0.393411832822886,False
Monoglobus,TGFA,0.013380547984314976,0.7783409847099733,0.8899194418082714,False
Monoglobus,MIP1A,-0.06379348210579826,0.1791720926700015,0.39428848055221477,False
Monoglobus,SDF1A,-0.12301523171378732,0.009388240263948222,0.06326868129915854,True
Monoglobus,IL27,-0.014198838415343622,0.7651709169666356,0.8826415749423232,False
Monoglobus,LIF,0.13198743031718677,0.005292718142906908,0.04347967954398025,True
Monoglobus,IL1B,-0.025857084241909502,0.5864328084004911,0.7724278209343346,False
Monoglobus,IL2,-0.007232040307320462,0.8790820743248243,0.9445443013512013,False
Monoglobus,IL4,-0.08178774627748661,0.08482527042190449,0.25363464160607935,False
Monoglobus,IL5,-0.029855721857963334,0.5298887971806348,0.7358934536112126,False
Monoglobus,IP10,-0.08927263885674629,0.05988081936923684,0.2033431337726272,False
Monoglobus,IL6,-0.023747316545244427,0.6173485409013524,0.7932510318307523,False
Monoglobus,IL7,-0.09611611721233435,0.04270712652804101,0.16661397582755652,True
Monoglobus,IL8,-0.10051907183780277,0.03401787120109332,0.14542418660033737,True
Monoglobus,IL10,0.0006825899990740244,0.9885437657294335,0.9945973099163865,False
Monoglobus,IFNB,0.07754923175868118,0.10230867621279988,0.2805770794728203,False
Monoglobus,EOTAXIN,0.029428094954383754,0.5358014645592661,0.7397415806655765,False
Monoglobus,IL12P70,-0.07553250713509128,0.11157534601484556,0.29504017194590865,False
Monoglobus,IL13,-0.05292220965816935,0.2652637193391769,0.4959168870179416,False
Monoglobus,IL17A,-0.08404204042617544,0.07655793723262917,0.23695703147229463,False
Monoglobus,IL31,-0.01385688167848555,0.7706665937085522,0.886106416594146,False
Monoglobus,IL1RA,0.03360337828929566,0.4795229914091663,0.6982419232194164,False
Monoglobus,SCF,-0.07022864213812771,0.13910430070226587,0.3377562059908712,False
Monoglobus,RANTES,-0.06996763142791787,0.14058288414165415,0.34013920655924995,False
Monoglobus,IFNG,-0.054965313769266104,0.2472281427995803,0.47628982445148765,False
Monoglobus,GMCSF,0.03525997274164944,0.45811846811863866,0.6789133882612056,False
Monoglobus,TNFA,-0.0594175311778744,0.21093655879318954,0.43384364627232685,False
Monoglobus,HGF,-0.008130397663970194,0.864199109207422,0.9375620765785023,False
Monoglobus,MIP1B,-0.1795446069208154,0.00014019055168909705,0.003926131984520223,True
Monoglobus,IFNA,-0.07440839451711394,0.11701995740812268,0.30333493035216236,False
Monoglobus,TGFB,0.01598516635926459,0.7366593512343667,0.8674137463531278,False
Monoglobus,MCP1,0.021635114918380098,0.6489920737226555,0.8135508472479576,False
Monoglobus,IL9,-0.11443007919782551,0.01573289964990129,0.08944343987815855,True
Monoglobus,VEGFD,0.061791824696524326,0.19323200237634539,0.41257983093480893,False
Monoglobus,TNFB,-0.1557352877641124,0.0009802593140966027,0.013924202187844828,True
Monoglobus,NGF,-0.019863188776305118,0.6760369576950416,0.8279113375435038,False
Monoglobus,EGF,-0.1344865749794237,0.00448400479083514,0.038774841428116505,True
Monoglobus,BDNF,-0.11518114745177158,0.015056765447675743,0.08669107553617458,True
Monoglobus,TRAIL,-0.12847645955624326,0.0066506995047742185,0.04981960160947132,True
Monoglobus,GCSF,-0.0786366622091918,0.09757147967391584,0.2739871531301238,False
Monoglobus,GROA,-0.07795608716172764,0.1005153650879789,0.2783372104037348,False
Monoglobus,IL1A,-0.09127779033641478,0.05434084105535321,0.1922799752776999,False
Monoglobus,IL23,-0.031736479855257176,0.5042823350124253,0.7158812316607146,False
Monoglobus,IL12P40,-0.09486771322787008,0.04548722080888451,0.17226777669380847,True
Monoglobus,IL15,-0.06737146674646556,0.1559521568600342,0.3625887646995795,False
Monoglobus,IL18,-0.008776682584760291,0.8535215001615359,0.9318993309842135,False
Monoglobus,MCSF,-0.09204759334495548,0.05233038878816675,0.18845717541351487,True
Monoglobus,MCP3,-0.1428230300212347,0.0025287751455459187,0.02586868371253482,True
Monoglobus,MIG,-0.050309590857024966,0.28961449483079627,0.5206154245076544,False
Monoglobus,RESISTIN,0.06697221361187056,0.15842436758707176,0.36608702226952133,False
Monoglobus,IL21,-0.0589275896107025,0.2147310515437776,0.4387189028224994,False
Monoglobus,ICAM1,-0.015015278372229218,0.7520977222088171,0.875408391151076,False
Monoglobus,VCAM1,-0.11041775501807824,0.019814508395879605,0.10286014942947928,True
Monoglobus,FGFB,-0.10570014871503175,0.025765695862045242,0.12198768304000696,True
Monoglobus,IL22,-0.08181075056823096,0.08473740902607828,0.25351786894660994,False
Monoglobus,PDGFBB,0.031088746147362865,0.5130271672546566,0.7243514486961335,False
Monoglobus,VEGF,-0.09352796560552518,0.04863824627473383,0.1800948445201847,True
Monoglobus,LEPTIN,0.009202771351077575,0.8464963405997197,0.928536878338938,False
Monoglobus,PAI1,-0.11937165523983656,0.01173274824212452,0.0734358299497546,True
Monoglobus,CD40L,0.03632458329604242,0.4446497700871037,0.6673128282378302,False
Monoglobus,ENA78,-0.08557467517546041,0.07132043602072158,0.22599706148899817,False
Mycobacterium,IL17F,0.00224113556497718,0.9623985440705485,0.9821285783421978,False
Mycobacterium,FASL,-0.0799489108904292,0.09208936122317064,0.2656765943628962,False
Mycobacterium,TGFA,0.01604189576877275,0.7357595524709313,0.8669755759333541,False
Mycobacterium,MIP1A,-0.03210151832451202,0.4993888221111823,0.7124141852257826,False
Mycobacterium,SDF1A,-0.1108967645925236,0.01928313091674785,0.10095225946749883,True
Mycobacterium,IL27,-0.000270315292180165,0.9954630382241865,0.9971706785327183,False
Mycobacterium,LIF,0.07338984723076569,0.12213080579016396,0.31142407746493433,False
Mycobacterium,IL1B,-0.053123179454999,0.2634506147432878,0.49375667722921146,False
Mycobacterium,IL2,-0.03947220282295516,0.4061720544926608,0.6344547794626288,False
Mycobacterium,IL4,-0.11725205358407792,0.013322850013617667,0.07954976101407811,True
Mycobacterium,IL5,-0.03437105253441571,0.46953702749179904,0.6894192271038243,False
Mycobacterium,IP10,-0.012276225351792002,0.7962150434578502,0.9002354177282784,False
Mycobacterium,IL6,-0.06532713050637026,0.16892347284002315,0.3816591302197176,False
Mycobacterium,IL7,0.08210532135595124,0.08361881260945937,0.25140022789247757,False
Mycobacterium,IL8,-0.0739109080063631,0.11949492744929081,0.3068741367255975,False
Mycobacterium,IL10,0.0002650015238300352,0.9955522233839535,0.9971706785327183,False
Mycobacterium,IFNB,0.02353161623914782,0.6205490440478969,0.7955912288072314,False
Mycobacterium,EOTAXIN,0.09543746837095361,0.04420011566412303,0.1692134913463786,True
Mycobacterium,IL12P70,0.005443614994538312,0.9088326876145867,0.9571585867365046,False
Mycobacterium,IL13,-0.06454820814266016,0.17407247142642912,0.38797341698434057,False
Mycobacterium,IL17A,-0.09747029306347896,0.03985477623855331,0.159775674729426,True
Mycobacterium,IL31,-0.059457782647751874,0.21062698195234528,0.4332973263952879,False
Mycobacterium,IL1RA,0.030612840358015907,0.5195020200336441,0.7293151400586249,False
Mycobacterium,SCF,-0.08622580583605026,0.06918572182288307,0.2225158208972899,False
Mycobacterium,RANTES,-0.038901931989572106,0.4129924504551513,0.6394345180755272,False
Mycobacterium,IFNG,-0.021685974134893114,0.6482223649483867,0.8128960785728527,False
Mycobacterium,GMCSF,-0.055106512501110726,0.2460141133052043,0.474600220932036,False
Mycobacterium,TNFA,-0.11263980821942085,0.01745288421437533,0.09500305498912864,True
Mycobacterium,HGF,0.008255272248932143,0.862134001182863,0.9363658121234495,False
Mycobacterium,MIP1B,-0.1762086777124528,0.00018701256754788962,0.0047730862099578455,True
Mycobacterium,IFNA,-0.038977498735478726,0.41208481095336524,0.6389310455627839,False
Mycobacterium,TGFB,0.000297345555999576,0.9950093689133469,0.9971706785327183,False
Mycobacterium,MCP1,0.07426444694587495,0.11773192911973271,0.30438010943150406,False
Mycobacterium,IL9,-0.05311150108559756,0.2635557405846185,0.49378191653066067,False
Mycobacterium,VEGFD,0.00836939053670671,0.8602475954898068,0.9359144461249879,False
Mycobacterium,TNFB,-0.09225954292833252,0.05178786292512094,0.18694285926330226,True
Mycobacterium,NGF,0.026333138011064662,0.5795570625668005,0.7679131079010106,False
Mycobacterium,EGF,-0.10349992096631608,0.029031527526131456,0.1316434215053376,True
Mycobacterium,BDNF,-0.12040897872872593,0.011017564264488631,0.07034400810837366,True
Mycobacterium,TRAIL,-0.11021611664154286,0.020041974097853316,0.10335009416828098,True
Mycobacterium,GCSF,-0.022984461887632653,0.6286996471130635,0.7997969791987527,False
Mycobacterium,GROA,-0.06286956058243547,0.18556465634847352,0.4027512950865812,False
Mycobacterium,IL1A,-0.12854625526676752,0.006620914604676547,0.04963420241285278,True
Mycobacterium,IL23,0.04049856009197177,0.39406709749477764,0.6232493898770284,False
Mycobacterium,IL12P40,0.0234327949779645,0.6220177272848725,0.7960341108106287,False
Mycobacterium,IL15,-0.009698547561564887,0.8383375219327587,0.9241117400439601,False
Mycobacterium,IL18,-0.014089904738344705,0.7669203549615344,0.8837247483716121,False
Mycobacterium,MCSF,-0.08267701751674565,0.08148188538429012,0.24745792548315837,False
Mycobacterium,MCP3,-0.07947709421590057,0.09403134233438142,0.2691250769906389,False
Mycobacterium,MIG,-0.06530245260692782,0.16908483758252507,0.3816591302197176,False
Mycobacterium,RESISTIN,0.007069352007273311,0.8817820278232893,0.9459796746416352,False
Mycobacterium,IL21,-0.06678343950454294,0.15960351969611866,0.36770555184169135,False
Mycobacterium,ICAM1,0.03215764060916573,0.49863871183283404,0.7121965258255691,False
Mycobacterium,VCAM1,-0.033411958477617514,0.4820308620663787,0.6999352243703582,False
Mycobacterium,FGFB,-0.03850929757074139,0.41772738418457167,0.644034493789726,False
Mycobacterium,IL22,-0.06015864844715334,0.20528899803307074,0.4268275282625554,False
Mycobacterium,PDGFBB,0.02154981545797221,0.650283843566638,0.814134890764531,False
Mycobacterium,VEGF,-0.058616892900850155,0.2171625986526124,0.44176411422151324,False
Mycobacterium,LEPTIN,-0.07945966885916317,0.09410368638534515,0.2691250769906389,False
Mycobacterium,PAI1,-0.06861899866669255,0.14841523981917537,0.35094205664126427,False
Mycobacterium,CD40L,-0.05254107683473722,0.26872569820259024,0.49982979865681787,False
Mycobacterium,ENA78,-0.09064665319650346,0.05603668797515295,0.19591543253003535,False
Neisseria,IL17F,-0.008151019922665903,0.8638580053724458,0.9375620765785023,False
Neisseria,FASL,0.11941844655943784,0.01169962480160916,0.07327503258847719,True
Neisseria,TGFA,-0.046910901812215224,0.3234726215414102,0.5550553704360699,False
Neisseria,MIP1A,0.05204365844722818,0.2732902714652683,0.5036820971674013,False
Neisseria,SDF1A,0.11144276662558002,0.018692612763801235,0.0988582492626355,True
Neisseria,IL27,0.05936096580478723,0.21137216110706797,0.43455533247267275,False
Neisseria,LIF,-0.1222441239116082,0.009846413912633224,0.06571831303367524,True
Neisseria,IL1B,-0.010830039771329457,0.8197830302339332,0.9137161444595474,False
Neisseria,IL2,-0.07037447805444144,0.13828337659979037,0.3365088932413561,False
Neisseria,IL4,0.07950103991312413,0.09393200059533123,0.2690750711600625,False
Neisseria,IL5,-0.0558371722013351,0.23979844630518526,0.4686623877233379,False
Neisseria,IP10,0.020747936134610803,0.662478237831486,0.820732312036483,False
Neisseria,IL6,0.09902664703785917,0.036777178856608604,0.1528324687051496,True
Neisseria,IL7,-0.03452779805692554,0.46751224820947646,0.6880764023363719,False
Neisseria,IL8,0.09556227267210857,0.043922304740231954,0.1684755637260853,True
Neisseria,IL10,-0.00035412973418294275,0.9940563226216501,0.9969519881396474,False
Neisseria,IFNB,-0.13558422108201834,0.004165485283302494,0.03682812011013093,True
Neisseria,EOTAXIN,0.03679582562451783,0.43876059145165036,0.6619684589119023,False
Neisseria,IL12P70,0.02280063601235907,0.6314482011281428,0.8013409328940824,False
Neisseria,IL13,0.0762307211882926,0.10829515761354445,0.29010153906367425,False
Neisseria,IL17A,0.07880703936633228,0.09684535196871515,0.27300585636476804,False
Neisseria,IL31,0.02973937756118429,0.5314941764778547,0.7368822793936436,False
Neisseria,IL1RA,-0.09902016990574028,0.03678955652640698,0.1528324687051496,True
Neisseria,SCF,0.051501258432376566,0.27832751854467747,0.5090450237130669,False
Neisseria,RANTES,0.04439735144068801,0.3501028813051038,0.5823520105682258,False
Neisseria,IFNG,0.034846143145966735,0.463414872115823,0.6844986229124638,False
Neisseria,GMCSF,-0.03470041276352679,0.46528806846134774,0.6864426487416889,False
Neisseria,TNFA,0.0069172666529413495,0.8843072556556604,0.9468904997821029,False
Neisseria,HGF,-0.008002595267038037,0.8663135933615282,0.9381653744213936,False
Neisseria,MIP1B,0.1586769718650829,0.000781724805231686,0.01223213195233962,True
Neisseria,IFNA,0.07460557932271851,0.11605014587229796,0.30212698956752754,False
Neisseria,TGFB,-0.02298534938348268,0.6286863897177367,0.7997969791987527,False
Neisseria,MCP1,0.059894713419676594,0.2072875775246484,0.4290239217379769,False
Neisseria,IL9,0.07723234381806221,0.10372293598722888,0.28284943373778765,False
Neisseria,VEGFD,-0.02133857888414861,0.6534873018353144,0.8162795009493828,False
Neisseria,TNFB,0.11400784317279182,0.016124579149239444,0.09114455347087295,True
Neisseria,NGF,-0.043477982597145456,0.36018000827253194,0.5912075551778686,False
Neisseria,EGF,0.10610280698461796,0.02520362771184052,0.12038653664042168,True
Neisseria,BDNF,0.028472139073929804,0.5491378291396454,0.748637908955694,False
Neisseria,TRAIL,0.09256897971632658,0.051004228057395906,0.18519325237193696,True
Neisseria,GCSF,0.05557743860410437,0.24199521693628084,0.47025208920911815,False
Neisseria,GROA,0.022628700441555197,0.6340235773429101,0.8025429411204942,False
Neisseria,IL1A,0.0989557261098668,0.03691290006873617,0.15312327962469677,True
Neisseria,IL23,0.09440483376438476,0.046555931210261636,0.1751711335384577,True
Neisseria,IL12P40,-0.029847685334707882,0.5299996103104239,0.7358934536112126,False
Neisseria,IL15,0.015795291047590528,0.7396736215776698,0.8687838152642283,False
Neisseria,IL18,-0.04922904522866744,0.3001110225772096,0.5321990394974154,False
Neisseria,MCSF,0.10486979136174888,0.026958976530329144,0.1251990897891535,True
Neisseria,MCP3,0.05428498982001593,0.2531361616058993,0.4834316272903808,False
Neisseria,MIG,0.016278444697367455,0.7320114985767744,0.8647692958147215,False
Neisseria,RESISTIN,-0.031057527766047154,0.513450615741968,0.7246379627751355,False
Neisseria,IL21,0.018181019683066527,0.702103935122155,0.8463820536989515,False
Neisseria,ICAM1,-0.12264340691837093,0.009606748512341667,0.0645118030208884,True
Neisseria,VCAM1,0.054573373907244906,0.25061993871494015,0.47991673579096344,False
Neisseria,FGFB,0.0601584959233974,0.20529014893442027,0.4268275282625554,False
Neisseria,IL22,0.09062502223537412,0.05609557956291703,0.19591543253003535,False
Neisseria,PDGFBB,0.005472002796536443,0.9083593445365399,0.9570123574279662,False
Neisseria,VEGF,0.009725281380737362,0.8378980561926925,0.9240554181358809,False
Neisseria,LEPTIN,0.012957442689159552,0.7851759335781371,0.8936877158556275,False
Neisseria,PAI1,0.06477608635467962,0.172554158024454,0.3869890489132335,False
Neisseria,CD40L,-0.06675733553631605,0.15976709392563956,0.3677653284113071,False
Neisseria,ENA78,0.09064263597693006,0.05604762121449114,0.19591543253003535,False
Nitrosomonas,IL17F,0.07093549825976019,0.13515999271019236,0.3318551193610257,False
Nitrosomonas,FASL,0.09953514086615214,0.03581642829552939,0.15035531964414486,True
Nitrosomonas,TGFA,0.060324132776025156,0.20404305190496258,0.4257050594029886,False
Nitrosomonas,MIP1A,-0.03369255091163698,0.47835713075089237,0.6972711215351615,False
Nitrosomonas,SDF1A,0.09280836203587473,0.05040481407439793,0.1842382859271097,True
Nitrosomonas,IL27,0.10196347292631226,0.03151730041386763,0.13872015019908537,True
Nitrosomonas,LIF,0.16314209785304318,0.0005503316210008502,0.009702033293977353,True
Nitrosomonas,IL1B,0.14847474387305712,0.0016854824274085741,0.01979491727325918,True
Nitrosomonas,IL2,0.06065683668305472,0.20155470878640575,0.4228402466942728,False
Nitrosomonas,IL4,0.01770141139735503,0.7096020559447873,0.8513081579234592,False
Nitrosomonas,IL5,0.07965291157696318,0.09330389341741359,0.26792594853156515,False
Nitrosomonas,IP10,-0.00929027106179718,0.8450551693906241,0.9280920075593552,False
Nitrosomonas,IL6,0.11164163230397656,0.01848148434140803,0.09834548613201985,True
Nitrosomonas,IL7,0.03549928622728255,0.45507112211022915,0.6763346516940426,False
Nitrosomonas,IL8,0.07079175843314846,0.13595501518378988,0.3330627583702288,False
Nitrosomonas,IL10,0.07309766082452927,0.12362857821061782,0.31337889534591684,False
Nitrosomonas,IFNB,0.08816931008949189,0.06312318661181271,0.2102253062738844,False
Nitrosomonas,EOTAXIN,0.03928044653871884,0.4084579308171562,0.6365390146502732,False
Nitrosomonas,IL12P70,0.010638158797176625,0.8229227729576882,0.915603929259771,False
Nitrosomonas,IL13,0.01227019639167268,0.796312927834306,0.9002354177282784,False
Nitrosomonas,IL17A,0.0907958284228835,0.0556319451916686,0.19488973550087743,False
Nitrosomonas,IL31,0.20253084691124454,1.669315047749607e-05,0.0008800057615355949,True
Nitrosomonas,IL1RA,0.16969961375740075,0.00032331825671454476,0.0065581715528641605,True
Nitrosomonas,SCF,0.05205270867536634,0.2732067527162382,0.5036820971674013,False
Nitrosomonas,RANTES,0.14560185669054854,0.002075149429234525,0.022679404737687304,True
Nitrosomonas,IFNG,0.0814533558046703,0.08611073521539424,0.25608140743173896,False
Nitrosomonas,GMCSF,0.0772712293127944,0.10354856242845414,0.28253718371694153,False
Nitrosomonas,TNFA,0.10695950887969301,0.024042860638614598,0.11681346484744343,True
Nitrosomonas,HGF,0.08695683257902086,0.06685169295613683,0.21793121334708887,False
Nitrosomonas,MIP1B,-0.0006215801474291207,0.9895676622270889,0.9951196586998514,False
Nitrosomonas,IFNA,0.05475337260265968,0.24905825466556927,0.47838127539466124,False
Nitrosomonas,TGFB,0.17198189155061164,0.0002674420814602105,0.005819964766081136,True
Nitrosomonas,MCP1,-0.06680617088630132,0.15946118182265379,0.36770555184169135,False
Nitrosomonas,IL9,0.09499732171464784,0.04519169580036974,0.17154398814017902,True
Nitrosomonas,VEGFD,0.06678878368657767,0.15957004723983914,0.36770555184169135,False
Nitrosomonas,TNFB,0.05802243055357523,0.22186980890533248,0.4485002146156529,False
Nitrosomonas,NGF,0.0832360899394169,0.07943507087478117,0.24281269106467993,False
Nitrosomonas,EGF,0.07146953880173441,0.1322375546004333,0.3271263960640067,False
Nitrosomonas,BDNF,0.11333744837235808,0.016764013228282106,0.0928424957328118,True
Nitrosomonas,TRAIL,0.039279023364376386,0.4084749245970408,0.6365390146502732,False
Nitrosomonas,GCSF,0.03824143554606703,0.4209758494787492,0.6466157563355422,False
Nitrosomonas,GROA,0.13943267865647452,0.003203824124613385,0.030603971143835996,True
Nitrosomonas,IL1A,0.08245726082547293,0.08229802283421835,0.2490132187556477,False
Nitrosomonas,IL23,0.08669983274122094,0.06766476905192591,0.21946198342948972,False
Nitrosomonas,IL12P40,-0.01750514595895071,0.7126785886255447,0.8528779829964618,False
Nitrosomonas,IL15,0.17870233330035237,0.00015084460453423343,0.004153704222062774,True
Nitrosomonas,IL18,0.19491029213997418,3.4754354954862445e-05,0.0014099112392799752,True
Nitrosomonas,MCSF,0.11308687594862767,0.01700864839155414,0.0935665490200562,True
Nitrosomonas,MCP3,-0.024272010590185522,0.6095935353700561,0.7873916498529892,False
Nitrosomonas,MIG,0.03822901944285412,0.42112678179047913,0.6467468164652661,False
Nitrosomonas,RESISTIN,0.12972539415130568,0.006135472457745708,0.04764633940917758,True
Nitrosomonas,IL21,0.06537290536918723,0.1686244634314895,0.3810866484428298,False
Nitrosomonas,ICAM1,-0.0429921506247766,0.3655777248581905,0.5959470801280259,False
Nitrosomonas,VCAM1,0.002098281941018065,0.9647937183750706,0.9828919227062173,False
Nitrosomonas,FGFB,0.06960861901806012,0.14263627101570825,0.34320438361553623,False
Nitrosomonas,IL22,-0.04460687506118441,0.34783149418495296,0.5798956316041377,False
Nitrosomonas,PDGFBB,0.1814725458707908,0.00011840329618435571,0.0035914452116473186,True
Nitrosomonas,VEGF,0.05165232689305446,0.2769182665865596,0.5076112009437457,False
Nitrosomonas,LEPTIN,0.058431766300724684,0.21862077109367867,0.4437231956848846,False
Nitrosomonas,PAI1,-0.055764375276865195,0.2404127289482375,0.46911008892487727,False
Nitrosomonas,CD40L,0.044747466862282384,0.34631262552286135,0.5784947009428163,False
Nitrosomonas,ENA78,0.08235633758943471,0.08267504092438632,0.24969686073302708,False
Noviherbaspirillum,IL17F,-0.004949835399275287,0.9170710686952868,0.961017838567769,False
Noviherbaspirillum,FASL,0.07850145831102305,0.09815078354326202,0.27500193422222585,False
Noviherbaspirillum,TGFA,-0.0415060902573186,0.3823983772371079,0.6119582119927633,False
Noviherbaspirillum,MIP1A,-0.044999116037139755,0.34360448943588573,0.5763575049955695,False
Noviherbaspirillum,SDF1A,0.04720231492883489,0.32047261078040384,0.5518286457769819,False
Noviherbaspirillum,IL27,0.03680856778714549,0.43860197364331244,0.6618517320122337,False
Noviherbaspirillum,LIF,-0.101615653547329,0.03210462443779804,0.14064675902279242,True
Noviherbaspirillum,IL1B,-0.017618935574719923,0.7108943233528215,0.8517892904544447,False
Noviherbaspirillum,IL2,-0.04063217268263007,0.39250742491065493,0.6220800956220637,False
Noviherbaspirillum,IL4,0.07346643380126378,0.12174056401964684,0.31083099717836793,False
Noviherbaspirillum,IL5,-0.004571844654608985,0.9233836407544891,0.9633355961081153,False
Noviherbaspirillum,IP10,-0.0021487377544501434,0.9639477069856239,0.9827232531779959,False
Noviherbaspirillum,IL6,0.0020450752008843096,0.9656858983465679,0.9831386539192881,False
Noviherbaspirillum,IL7,0.002170868890909221,0.9635766386953639,0.9825132917106845,False
Noviherbaspirillum,IL8,0.04074667443128408,0.39117380741467767,0.6214651721988546,False
Noviherbaspirillum,IL10,-0.011101398625339268,0.815347714918682,0.9109937406401867,False
Noviherbaspirillum,IFNB,-0.10986314224778705,0.0204456310670989,0.10487566814059056,True
Noviherbaspirillum,EOTAXIN,0.06237385098383716,0.18906297236349268,0.40685063993872755,False
Noviherbaspirillum,IL12P70,-0.00443949994069761,0.9255949995236047,0.9637628606963885,False
Noviherbaspirillum,IL13,0.06903389823115336,0.14597106913796298,0.3477979547062902,False
Noviherbaspirillum,IL17A,0.03514623856503879,0.45957071475726663,0.6802474633749451,False
Noviherbaspirillum,IL31,-0.019348537775359075,0.6839727612354519,0.8345108784977859,False
Noviherbaspirillum,IL1RA,-0.06667973554971825,0.16025410163549206,0.3682849303917542,False
Noviherbaspirillum,SCF,0.07397719648774605,0.11916280475149202,0.3063121067119187,False
Noviherbaspirillum,RANTES,-0.019310295240406106,0.6845638567089274,0.8349951125261824,False
Noviherbaspirillum,IFNG,0.058637847818409194,0.21699798497452272,0.44152035828252734,False
Noviherbaspirillum,GMCSF,0.024837368096822365,0.6012861816320714,0.7825147013056719,False
Noviherbaspirillum,TNFA,0.03615952255142431,0.4467231355963823,0.669371738973877,False
Noviherbaspirillum,HGF,0.01794442338811166,0.7057992872224027,0.8484049961514993,False
Noviherbaspirillum,MIP1B,0.1163051421306236,0.014092561561333443,0.08283861747011396,True
Noviherbaspirillum,IFNA,0.018397764512697232,0.6987247859797812,0.8442246525540732,False
Noviherbaspirillum,TGFB,-0.00981199481275908,0.8364729589050183,0.9236995735297585,False
Noviherbaspirillum,MCP1,0.03042472505190836,0.522072930491084,0.731258162657162,False
Noviherbaspirillum,IL9,0.03795277775078148,0.4244930008396125,0.6486826852080142,False
Noviherbaspirillum,VEGFD,-0.052222507627480194,0.27164301149405423,0.5026007521224449,False
Noviherbaspirillum,TNFB,0.06517558615447036,0.16991621596502277,0.38304003132476433,False
Noviherbaspirillum,NGF,-0.02904324335032545,0.5411508555772802,0.7424894592381114,False
Noviherbaspirillum,EGF,0.0703403596208325,0.13847509829541085,0.33672607770008883,False
Noviherbaspirillum,BDNF,0.07319174861934533,0.12314472428599661,0.31289797692899907,False
Noviherbaspirillum,TRAIL,0.03356141881685831,0.4800721120287975,0.6983253475549485,False
Noviherbaspirillum,GCSF,0.023138683463256572,0.6263976826036324,0.7991495218204487,False
Noviherbaspirillum,GROA,-0.0149126267332683,0.7537376217647326,0.8763552049251778,False
Noviherbaspirillum,IL1A,0.016298148808874247,0.7316995781222395,0.8646235160211571,False
Noviherbaspirillum,IL23,0.04085010276376325,0.3899715236608252,0.6202709596900131,False
Noviherbaspirillum,IL12P40,0.01239571649772011,0.7942756824331335,0.8992729616889663,False
Noviherbaspirillum,IL15,0.015708885335241115,0.7410466358353743,0.8695676390983359,False
Noviherbaspirillum,IL18,-0.05199146591699654,0.2737722623178236,0.5041746612981702,False
Noviherbaspirillum,MCSF,0.03331268542507406,0.48333427346815194,0.7011800827614407,False
Noviherbaspirillum,MCP3,0.04723098270267535,0.32017846699634434,0.5516112072090112,False
Noviherbaspirillum,MIG,-0.006600179175492893,0.8895759208946081,0.949176255891227,False
Noviherbaspirillum,RESISTIN,-0.0616547094827312,0.1942238745606918,0.41406984330002156,False
Noviherbaspirillum,IL21,-0.027425751373247244,0.5639204239636237,0.7592362113402626,False
Noviherbaspirillum,ICAM1,0.03894143124964323,0.4125178738714339,0.6391012416508873,False
Noviherbaspirillum,VCAM1,0.0601319792582146,0.20549030727673848,0.4268275282625554,False
Noviherbaspirillum,FGFB,0.008588798821853354,0.8566229592150221,0.9331037714852694,False
Noviherbaspirillum,IL22,0.036035475378751514,0.4482849221185886,0.6708627074776857,False
Noviherbaspirillum,PDGFBB,-0.0033760335796315165,0.9433839068518456,0.9735941433613937,False
Noviherbaspirillum,VEGF,0.05680587559977231,0.23172906840709043,0.4587118787865658,False
Noviherbaspirillum,LEPTIN,0.0634615306706553,0.18144979450164553,0.39740063206770165,False
Noviherbaspirillum,PAI1,0.083743010209592,0.0776153932433399,0.23932829108315445,False
Noviherbaspirillum,CD40L,-0.08675362403408834,0.06749392077107613,0.2191551617131978,False
Noviherbaspirillum,ENA78,0.06428245819794029,0.175855652643926,0.39006096086751824,False
Oribacterium,IL17F,-0.026895941791398936,0.5714773360980084,0.763630477985695,False
Oribacterium,FASL,-0.052301055030617896,0.2709217099473307,0.5020726637833564,False
Oribacterium,TGFA,-0.02504537572422615,0.598242589238642,0.7802957719918673,False
Oribacterium,MIP1A,0.10709405323266201,0.023864825902561948,0.11623490797799194,True
Oribacterium,SDF1A,-0.04795108464544811,0.3128476396576057,0.5446930469347716,False
Oribacterium,IL27,-0.024411785926673465,0.6075349502764632,0.7858482568930498,False
Oribacterium,LIF,0.06711957172632584,0.15750849252407617,0.36491130015514595,False
Oribacterium,IL1B,-0.09431385469975803,0.04676844438328027,0.1755018365932154,True
Oribacterium,IL2,-0.025447911203597184,0.5923725281130388,0.7760276919785165,False
Oribacterium,IL4,-0.07262566884809717,0.1260781858267992,0.3173847691217024,False
Oribacterium,IL5,0.03494361403118549,0.4621643369740378,0.6831632979292345,False
Oribacterium,IP10,-0.0798652555274526,0.09243132234446157,0.2661179835489784,False
Oribacterium,IL6,-0.026846420849164828,0.5721861216388897,0.763911725157092,False
Oribacterium,IL7,0.11183028561972824,0.018283123470496602,0.0981561399842063,True
Oribacterium,IL8,-0.07853563791930533,0.09800407728807363,0.2748575231595533,False
Oribacterium,IL10,0.026458005429444733,0.5777598361975196,0.7667685063590668,False
Oribacterium,IFNB,0.0370202065014261,0.43597224633835985,0.6592751042189832,False
Oribacterium,EOTAXIN,-0.10660338512688622,0.02451964827323717,0.11866209753439962,True
Oribacterium,IL12P70,-0.0576874209714151,0.22455443143546305,0.4506759308776466,False
Oribacterium,IL13,-0.04339616970400259,0.36108546197885794,0.591724486962261,False
Oribacterium,IL17A,-0.15095554685200932,0.001404256837685149,0.017679647389399998,True
Oribacterium,IL31,-0.024914142272991494,0.6001620016805266,0.7814882025563007,False
Oribacterium,IL1RA,0.006855903534259895,0.8853264631524135,0.9471264356691936,False
Oribacterium,SCF,-0.02752696082061335,0.5624823042234464,0.7582319916634397,False
Oribacterium,RANTES,-0.07502708048198886,0.11399819917823084,0.29848452788818053,False
Oribacterium,IFNG,-0.09415004076448935,0.047153139855023944,0.17660929053602814,True
Oribacterium,GMCSF,-0.10514668534632327,0.026555882067982078,0.12412891675019787,True
Oribacterium,TNFA,-0.13041340868025633,0.005867213970849789,0.04629461501847549,True
Oribacterium,HGF,-0.06034281750386722,0.2039027182270201,0.42559241928476904,False
Oribacterium,MIP1B,-0.13947348845611512,0.003194808058782205,0.030547446986881648,True
Oribacterium,IFNA,-0.017268786176464723,0.7163898042884493,0.8546739308575013,False
Oribacterium,TGFB,-0.05305197603372879,0.2640920187959942,0.4944765662470866,False
Oribacterium,MCP1,-0.0863575740128728,0.0687601510905631,0.22187809147324747,False
Oribacterium,IL9,-0.057712295838027707,0.22435430335862766,0.4506759308776466,False
Oribacterium,VEGFD,-0.11264513737202284,0.017447529677182494,0.09500305498912864,True
Oribacterium,TNFB,-0.10567525030683134,0.025800803320999644,0.12198768304000696,True
Oribacterium,NGF,-0.002251589451753071,0.9622232806033454,0.9821285783421978,False
Oribacterium,EGF,-0.09894963662716424,0.03692457328930817,0.15312327962469677,True
Oribacterium,BDNF,-0.02376150767167911,0.6171382295722738,0.7931875706810267,False
Oribacterium,TRAIL,-0.02127762141991894,0.6544129257162152,0.8166079267987911,False
Oribacterium,GCSF,-0.05319480037195965,0.2628065313751979,0.49319375334031995,False
Oribacterium,GROA,-0.017938511289768477,0.7058917161932483,0.8484126479191711,False
Oribacterium,IL1A,0.024618159485164545,0.6045011851093909,0.7839985110917479,False
Oribacterium,IL23,0.0002673848677368032,0.995512221838939,0.9971706785327183,False
Oribacterium,IL12P40,-0.06761876184189407,0.15443558160652762,0.36016701288789904,False
Oribacterium,IL15,-0.04656321450084437,0.3270757439856825,0.5584192386925629,False
Oribacterium,IL18,0.023165904602587748,0.6259917459915803,0.7990287986399458,False
Oribacterium,MCSF,-0.04898106060843846,0.3025551926490245,0.5346099819204309,False
Oribacterium,MCP3,-0.06062868697057983,0.20176438679232594,0.42305352299798565,False
Oribacterium,MIG,-0.013183472350722494,0.7815225032499544,0.891798684690132,False
Oribacterium,RESISTIN,0.012647022125854546,0.7902010972538784,0.8966316003574821,False
Oribacterium,IL21,0.033110239345071214,0.4859981998254368,0.7031068761196295,False
Oribacterium,ICAM1,-0.02884084687352276,0.5439747714210645,0.7443785808812957,False
Oribacterium,VCAM1,-0.19226552591268173,4.45366257696862e-05,0.0016757330413647578,True
Oribacterium,FGFB,-0.00433324411429725,0.9273708524670741,0.9646535679667,False
Oribacterium,IL22,-0.02788642919257819,0.5573888089076535,0.7548026451764429,False
Oribacterium,PDGFBB,0.06200311756956921,0.1917108073601382,0.4103985100882177,False
Oribacterium,VEGF,-0.023775610884708274,0.6169292521124272,0.7931875706810267,False
Oribacterium,LEPTIN,-0.12329163015849354,0.009228685318458834,0.06239806575402414,True
Oribacterium,PAI1,-0.02703492896808297,0.5694902608556756,0.7624504539566439,False
Oribacterium,CD40L,0.03008720328025854,0.5267020162378557,0.7341154751066317,False
Oribacterium,ENA78,-0.14999657855452456,0.001507414673222733,0.01855192740153521,True
Oscillibacter,IL17F,-0.11335236772266688,0.01674954498803572,0.0928424957328118,True
Oscillibacter,FASL,-0.04612422239380312,0.33166202356237207,0.5631285270888502,False
Oscillibacter,TGFA,-0.07031048525024865,0.13864313886282317,0.3369684573248794,False
Oscillibacter,MIP1A,-0.1258039891045458,0.00788540997672253,0.05548491902250585,True
Oscillibacter,SDF1A,-0.06696658081502829,0.15845945668736536,0.36608702226952133,False
Oscillibacter,IL27,0.03950906521867131,0.4057335014679925,0.6343081215645971,False
Oscillibacter,LIF,0.17258792210897417,0.0002541993831168865,0.005682307298789721,True
Oscillibacter,IL1B,0.05234973164068336,0.2704753692369125,0.5016643819261493,False
Oscillibacter,IL2,0.013795851910552543,0.7716486358429324,0.8864647365353208,False
Oscillibacter,IL4,-0.07628872950168138,0.10802609487959776,0.2896956592282576,False
Oscillibacter,IL5,0.009402223737001877,0.8432119975663168,0.927204001339515,False
Oscillibacter,IP10,-0.07767675407287575,0.10174388188253258,0.28006748134831944,False
Oscillibacter,IL6,0.0354020322738865,0.45630815043464545,0.6772486821717456,False
Oscillibacter,IL7,-0.03618384902969139,0.4464172211400117,0.6691167653942885,False
Oscillibacter,IL8,-0.017198490974649858,0.7174948420774987,0.8555504292150133,False
Oscillibacter,IL10,0.01949763010222856,0.6816701618518828,0.8327019151841215,False
Oscillibacter,IFNB,-0.04547764921384394,0.33849202825573443,0.5698564233057726,False
Oscillibacter,EOTAXIN,0.05528392178063849,0.24449465748040228,0.47271920988001104,False
Oscillibacter,IL12P70,-0.03541332064165928,0.4561644706757543,0.6771373817078129,False
Oscillibacter,IL13,-0.016995086062443633,0.7206956724899587,0.8572395013913798,False
Oscillibacter,IL17A,0.021284805505770988,0.6543038095997363,0.8165751304005825,False
Oscillibacter,IL31,0.10009528874766538,0.034782857940623,0.1473525627755314,True
Oscillibacter,IL1RA,0.09241436304319238,0.05139454195155163,0.185993904022906,True
Oscillibacter,SCF,-0.025852728196230655,0.5864958973485708,0.7724278209343346,False
Oscillibacter,RANTES,0.019922342390029213,0.6751270957937829,0.8274776713086053,False
Oscillibacter,IFNG,0.0029266835573783746,0.9509092962727228,0.9772043232737821,False
Oscillibacter,GMCSF,0.06924224494916996,0.14475533860212503,0.34621369021610787,False
Oscillibacter,TNFA,0.008696832772727111,0.8548393344698584,0.9323024778057902,False
Oscillibacter,HGF,-0.010569537389756392,0.8240463120639008,0.9160406567801008,False
Oscillibacter,MIP1B,-0.14848303021183518,0.001684462721981309,0.01979491727325918,True
Oscillibacter,IFNA,-0.010843598268703986,0.8195612811793629,0.9137161444595474,False
Oscillibacter,TGFB,0.08137878733089471,0.08639951960870494,0.25646686669756497,False
Oscillibacter,MCP1,-0.053948001643936296,0.25609862076261425,0.4862519652307109,False
Oscillibacter,IL9,-0.015585166690365441,0.7430139950945064,0.8700283230664473,False
Oscillibacter,VEGFD,0.09718594656826937,0.04043996081320099,0.16126906702934277,True
Oscillibacter,TNFB,-0.026748346204672275,0.5735910759570153,0.7640221374577739,False
Oscillibacter,NGF,0.06489565870814037,0.17176142726051127,0.3861926487686551,False
Oscillibacter,EGF,-0.04497726849418476,0.3438390672179953,0.5764223584600957,False
Oscillibacter,BDNF,0.04388831764569768,0.35566013709316713,0.5880740743818251,False
Oscillibacter,TRAIL,-0.0936278256348772,0.048397241681379925,0.1796986849322197,True
Oscillibacter,GCSF,-0.00454984288138696,0.9237512297697144,0.9633355961081153,False
Oscillibacter,GROA,0.01352033853769414,0.7760864951121509,0.8883222920030738,False
Oscillibacter,IL1A,-0.08496169338922654,0.07337895504176274,0.22986010130336737,False
Oscillibacter,IL23,0.028020871952940556,0.5554895861412457,0.7531311154147159,False
Oscillibacter,IL12P40,-0.053885378586063896,0.2566517732324048,0.4871971510897115,False
Oscillibacter,IL15,0.0680649594023196,0.15172749685013506,0.3560413387166464,False
Oscillibacter,IL18,0.07637670032872376,0.10761906224201462,0.2889971984695669,False
Oscillibacter,MCSF,-0.02613150283604727,0.5824647192139809,0.7694903781843236,False
Oscillibacter,MCP3,-0.08512573345418914,0.07282338507916764,0.2287740376387618,False
Oscillibacter,MIG,-0.06792795329302681,0.1525551591710369,0.3573880130960271,False
Oscillibacter,RESISTIN,0.05698690539841107,0.23024264099148786,0.4572734045144172,False
Oscillibacter,IL21,-0.029393118302527384,0.5362865371122802,0.73977036690906,False
Oscillibacter,ICAM1,-0.029782714706445168,0.530895900870114,0.7366029721382006,False
Oscillibacter,VCAM1,-0.07336578769577028,0.12225360048293804,0.31144682003958657,False
Oscillibacter,FGFB,-0.0004339304024200809,0.9927169900000221,0.9961653928959203,False
Oscillibacter,IL22,-0.021052990656691375,0.6578284521026978,0.8182679011044325,False
Oscillibacter,PDGFBB,0.14434897713847142,0.0022695731974151207,0.02408337199151589,True
Oscillibacter,VEGF,-0.07583646863746898,0.11013786686760427,0.292822439300072,False
Oscillibacter,LEPTIN,0.10542793560860257,0.02615176846484908,0.12308453864231939,True
Oscillibacter,PAI1,-0.03784410712819416,0.42582152052882394,0.6501081848185143,False
Oscillibacter,CD40L,-0.08066351936815917,0.0892093417328833,0.2607250788030725,False
Oscillibacter,ENA78,0.01781963705442585,0.7077510963844007,0.8496115816070899,False
Otariodibacter,IL17F,0.026676696568271895,0.5746185116270118,0.7643501189171089,False
Otariodibacter,FASL,0.16726002942731105,0.0003949688191878301,0.007619574597952308,True
Otariodibacter,TGFA,0.052500780738502006,0.26909352257835795,0.5003251500523298,False
Otariodibacter,MIP1A,0.07864434518526188,0.09753864261909034,0.2739871531301238,False
Otariodibacter,SDF1A,0.09093225029889548,0.055263932672361536,0.19387610259222066,False
Otariodibacter,IL27,0.030117072739536996,0.526291518034281,0.7341154751066317,False
Otariodibacter,LIF,0.0252621514652103,0.5950781383297421,0.7776605241487978,False
Otariodibacter,IL1B,0.017297000433766994,0.715946443535953,0.8545586681653257,False
Otariodibacter,IL2,0.08066475070781137,0.08920444231714189,0.2607250788030725,False
Otariodibacter,IL4,0.0920086782409459,0.05243051236545989,0.18856621338880103,True
Otariodibacter,IL5,0.08966977589326591,0.05874797008890833,0.20122914841433578,False
Otariodibacter,IP10,0.09220323717379073,0.05193152887518619,0.1872095054633783,True
Otariodibacter,IL6,0.06996390530343434,0.14060407889718238,0.34013920655924995,False
Otariodibacter,IL7,0.07666184190854919,0.10630805434961077,0.28688332871022804,False
Otariodibacter,IL8,0.0986053670156074,0.03758963497113129,0.15477422773810812,True
Otariodibacter,IL10,0.03792047884431912,0.42488760892650657,0.6491850664596253,False
Otariodibacter,IFNB,0.0358925202375944,0.4500885918482408,0.6722551851476181,False
Otariodibacter,EOTAXIN,-0.023459380642367793,0.6216224628676896,0.7958335173032712,False
Otariodibacter,IL12P70,0.03419029802030669,0.4718779317093086,0.6909941549005294,False
Otariodibacter,IL13,0.043304112250191165,0.3621059956296607,0.5929415807611962,False
Otariodibacter,IL17A,0.05823171829892465,0.22020433940646672,0.4459263675460084,False
Otariodibacter,IL31,0.16934102062846235,0.0003330294394940607,0.006668914777405402,True
Otariodibacter,IL1RA,0.0645357677026735,0.17415564530527877,0.3880710559266361,False
Otariodibacter,SCF,0.03430369125452938,0.47040865702868595,0.689970025440974,False
Otariodibacter,RANTES,0.11779650497859645,0.012897261964609892,0.07824074365976881,True
Otariodibacter,IFNG,0.04635596304079121,0.329235822393955,0.5605538406147855,False
Otariodibacter,GMCSF,0.008969096874933663,0.8503475915579967,0.9300706266036537,False
Otariodibacter,TNFA,0.08073317361595869,0.08893253159245909,0.26009246382669876,False
Otariodibacter,HGF,0.03407033509947101,0.4734350721095256,0.6923487525375618,False
Otariodibacter,MIP1B,0.07314879640770133,0.12336542628371165,0.3130965778045772,False
Otariodibacter,IFNA,0.11160557864204616,0.018519606124327077,0.09841847826070961,True
Otariodibacter,TGFB,0.02288335175515949,0.6302108085646276,0.8005069586918668,False
Otariodibacter,MCP1,-0.02679213648853937,0.5729635631472456,0.7640221374577739,False
Otariodibacter,IL9,0.08396603624135032,0.07682559366125292,0.23748720674588628,False
Otariodibacter,VEGFD,-0.06210898169519809,0.1909519518582978,0.409517668010515,False
Otariodibacter,TNFB,0.12197010009113134,0.010013951618322008,0.06625337923048212,True
Otariodibacter,NGF,0.04032114088456449,0.39614389694644003,0.6256306530115356,False
Otariodibacter,EGF,0.022274802408113702,0.6393384180561332,0.8063713056803175,False
Otariodibacter,BDNF,0.051643183697500705,0.2770034214550263,0.5076112009437457,False
Otariodibacter,TRAIL,0.12511308666455487,0.008236219021391886,0.05705737674833535,True
Otariodibacter,GCSF,0.09053861868559838,0.056331330996219196,0.1962241204808229,False
Otariodibacter,GROA,0.12780372223422734,0.006944000462829472,0.05137122991846639,True
Otariodibacter,IL1A,0.09695773608347384,0.04091485433771961,0.16228797057279024,True
Otariodibacter,IL23,0.07149620796357424,0.1320929016417622,0.3270966652560894,False
Otariodibacter,IL12P40,0.023009284480385122,0.6283288927336752,0.799744616426074,False
Otariodibacter,IL15,0.06337835169466777,0.1820238723300025,0.3980459923312255,False
Otariodibacter,IL18,0.08533722200688793,0.07211218467805702,0.22719140829539347,False
Otariodibacter,MCSF,0.13767535189659016,0.0036146925933929087,0.033458816512363654,True
Otariodibacter,MCP3,0.07155147303752583,0.13179353402372357,0.32651939140635006,False
Otariodibacter,MIG,0.058207268504361795,0.22039844352054208,0.4460209783637962,False
Otariodibacter,RESISTIN,0.04928038162217754,0.29960668780396943,0.5317578101620725,False
Otariodibacter,IL21,0.10503073032557696,0.026724050249807466,0.12456060868208133,True
Otariodibacter,ICAM1,0.03589889787914241,0.4500080376933101,0.6722551851476181,False
Otariodibacter,VCAM1,0.17776057409462614,0.0001636547073928617,0.004378683465993476,True
Otariodibacter,FGFB,0.095668001914126,0.04368810534041365,0.16813036423267277,True
Otariodibacter,IL22,0.022647352976280913,0.6337439716476315,0.8024384799595721,False
Otariodibacter,PDGFBB,0.050942680590312144,0.28358044242746294,0.5145639831075925,False
Otariodibacter,VEGF,-0.01242941522960971,0.7937289749250915,0.8989435897569565,False
Otariodibacter,LEPTIN,0.02528193483503588,0.59478972408824,0.7775410555711272,False
Otariodibacter,PAI1,-0.02740716854302583,0.564184665445326,0.7594825146037631,False
Otariodibacter,CD40L,0.03289224377400081,0.4888755643488877,0.7053945169164383,False
Otariodibacter,ENA78,0.059967419668378596,0.2067356295351458,0.42833119713271695,False
Oxalobacter,IL17F,0.1200963371683389,0.011228938979387518,0.07132402091417665,True
Oxalobacter,FASL,0.057562624821803854,0.22556038451242022,0.4523137246792999,False
Oxalobacter,TGFA,0.037376936245834366,0.4315602516257717,0.6552165348108513,False
Oxalobacter,MIP1A,0.06239915825938472,0.18888320853194066,0.4066388795560055,False
Oxalobacter,SDF1A,0.13400295238749302,0.0046311980680363105,0.03966494400929796,True
Oxalobacter,IL27,0.03787416837218821,0.42545377417631813,0.6496473522041735,False
Oxalobacter,LIF,-0.035833968467472783,0.45082852286853536,0.6725189518932808,False
Oxalobacter,IL1B,0.10216143230761893,0.031187147872575698,0.1379286243731948,True
Oxalobacter,IL2,0.07239216922911548,0.1273038822119654,0.31900398343811764,False
Oxalobacter,IL4,0.11764710689297593,0.013012833715702592,0.07855512233275944,True
Oxalobacter,IL5,0.0533198489646749,0.26168457466843065,0.49198661827405776,False
Oxalobacter,IP10,0.0960296762486557,0.04289489792713914,0.16693955932322843,True
Oxalobacter,IL6,0.06973525997216849,0.14190933917521836,0.34212332247231664,False
Oxalobacter,IL7,0.020698117881307036,0.6632388304601058,0.8212797877999903,False
Oxalobacter,IL8,0.09909935152016255,0.036638484426146055,0.1523975440814126,True
Oxalobacter,IL10,0.09351632782625652,0.0486663984004849,0.1800948445201847,True
Oxalobacter,IFNB,0.017857370225219594,0.7071607013947901,0.8496115816070899,False
Oxalobacter,EOTAXIN,0.059802485199813675,0.20798925832059004,0.42984446719588604,False
Oxalobacter,IL12P70,0.07646015774155537,0.10723403247511425,0.28831844768889453,False
Oxalobacter,IL13,0.08794373847897499,0.06380357224906916,0.21191900782726542,False
Oxalobacter,IL17A,0.11674014914655455,0.01373423166043582,0.08117029718739587,True
Oxalobacter,IL31,0.016988385364029465,0.7208011997396173,0.8572395013913798,False
Oxalobacter,IL1RA,0.0588014520737879,0.21571584894531098,0.44000141504301177,False
Oxalobacter,SCF,0.11521463067901087,0.015027225973002592,0.086630639556643,True
Oxalobacter,RANTES,0.03380952812179352,0.4768300910886949,0.6957368334887265,False
Oxalobacter,IFNG,0.059931136502047955,0.2070109393899592,0.4287087402777259,False
Oxalobacter,GMCSF,0.05344219946323634,0.2605900231065859,0.49080940920609933,False
Oxalobacter,TNFA,0.15814246143188748,0.0008147767882294059,0.012472157730381185,True
Oxalobacter,HGF,-0.005402766326142677,0.9095138618813012,0.9574173866626917,False
Oxalobacter,MIP1B,0.1843602359609153,9.163904794649857e-05,0.0029618942119887964,True
Oxalobacter,IFNA,0.07467863847203264,0.11569242242601156,0.30179310053031105,False
Oxalobacter,TGFB,0.07739693065243004,0.10298647024060316,0.2814822901185557,False
Oxalobacter,MCP1,0.011543176403911297,0.8081395896781798,0.9068018661058798,False
Oxalobacter,IL9,0.1278952851864459,0.0069034115841625256,0.051168294283213664,True
Oxalobacter,VEGFD,0.04373314486413906,0.3573651676878681,0.5894103769561658,False
Oxalobacter,TNFB,0.15090103846366354,0.0014099419180228859,0.017680241822283227,True
Oxalobacter,NGF,0.06425003238717986,0.17607415569030682,0.39040463940509323,False
Oxalobacter,EGF,0.10369867120926428,0.02872260091483691,0.1306930540708076,True
Oxalobacter,BDNF,0.1359588830184925,0.004061540127812071,0.036168620216776325,True
Oxalobacter,TRAIL,0.12981406022950723,0.006100294281797891,0.04748540069697812,True
Oxalobacter,GCSF,0.06987258710701404,0.1411242762883319,0.3407172576844709,False
Oxalobacter,GROA,0.10318851904884016,0.02952128411608263,0.13319030609443597,True
Oxalobacter,IL1A,0.10351793043539961,0.0290034176375051,0.1316370585039251,True
Oxalobacter,IL23,0.0016408729125513674,0.9724649515535375,0.986576051498896,False
Oxalobacter,IL12P40,0.010011325160946419,0.8331990865025647,0.9215389425269026,False
Oxalobacter,IL15,0.03805473710511326,0.42324872596783003,0.6481156571341976,False
Oxalobacter,IL18,-0.018220769167129756,0.7014837808117982,0.8461063393175954,False
Oxalobacter,MCSF,0.09567529299945501,0.04367199377060993,0.16813036423267277,True
Oxalobacter,MCP3,0.15035917909359306,0.0014676176190834564,0.01813472170370491,True
Oxalobacter,MIG,0.10569928042229282,0.025766919486073295,0.12198768304000696,True
Oxalobacter,RESISTIN,-0.022790567910489886,0.6315988860594355,0.8014289894161302,False
Oxalobacter,IL21,0.05970482687441583,0.20873412125287985,0.43040056788025505,False
Oxalobacter,ICAM1,0.07756577448526784,0.10223526869119315,0.2805770794728203,False
Oxalobacter,VCAM1,0.0455803187595107,0.33740152077646446,0.5689738114466135,False
Oxalobacter,FGFB,0.0906425662933165,0.0560478108805927,0.19591543253003535,False
Oxalobacter,IL22,-0.0012097979883185393,0.979696870803083,0.9899118995249316,False
Oxalobacter,PDGFBB,0.03662951835913089,0.4408338383967131,0.663691383254877,False
Oxalobacter,VEGF,0.1631380834986877,0.0005505075382074015,0.009702033293977353,True
Oxalobacter,LEPTIN,0.04350826864843011,0.3598451818763998,0.5909301687385555,False
Oxalobacter,PAI1,0.09591041683887462,0.04315510058187438,0.16715925627900582,True
Oxalobacter,CD40L,0.029407408045422922,0.5360883336710998,0.7397415806655765,False
Oxalobacter,ENA78,0.10775742121739398,0.023003595361509102,0.11355505411805544,True
Paenibacillus,IL17F,-0.03118736063550699,0.5116907447581085,0.7231895859247934,False
Paenibacillus,FASL,0.00783366129495242,0.8691100588176855,0.9397484874218213,False
Paenibacillus,TGFA,0.0233759563674402,0.6228631441020349,0.7964956381577195,False
Paenibacillus,MIP1A,-0.1080824312458732,0.022591554849459024,0.11261197161949378,True
Paenibacillus,SDF1A,-0.017443535957936157,0.7136453124182909,0.8532432935437119,False
Paenibacillus,IL27,0.03024106370856976,0.5245892443303615,0.7330958034426098,False
Paenibacillus,LIF,0.04214543799812842,0.3751044553171591,0.6055977269106706,False
Paenibacillus,IL1B,-0.0007068546316058339,0.9881365501987106,0.9945370596858721,False
Paenibacillus,IL2,0.05571899832759424,0.24079619207143355,0.46940258284362113,False
Paenibacillus,IL4,0.0536293377974118,0.2589219910866247,0.4889756682245109,False
Paenibacillus,IL5,0.079139723801823,0.09543990941568967,0.2710592414347072,False
Paenibacillus,IP10,-0.03360250543995815,0.47953441084650206,0.6982419232194164,False
Paenibacillus,IL6,0.03281428188235634,0.4899068143788615,0.706170693982573,False
Paenibacillus,IL7,0.013714406172785975,0.7729597633726639,0.8870594800032655,False
Paenibacillus,IL8,0.06079713438702252,0.20051203835961812,0.42146005845396917,False
Paenibacillus,IL10,-0.001936989555477092,0.9674984280964841,0.9845963793890282,False
Paenibacillus,IFNB,0.0367361401391084,0.43950400931698896,0.6626843872509754,False
Paenibacillus,EOTAXIN,0.0036516594297090832,0.9387703721693782,0.971291266229266,False
Paenibacillus,IL12P70,0.013025442848353738,0.7840763128927064,0.8930588437315193,False
Paenibacillus,IL13,0.05033425129687896,0.2893778524293065,0.5205458341508626,False
Paenibacillus,IL17A,0.02817511138145397,0.553314590010318,0.7520440132802585,False
Paenibacillus,IL31,0.11559932679296271,0.014691473258675189,0.0853321219635443,True
Paenibacillus,IL1RA,0.0695957823950048,0.14271011324696126,0.34329826656626256,False
Paenibacillus,SCF,-0.003714169564742439,0.9377243320695031,0.9708135334531781,False
Paenibacillus,RANTES,0.06571162617911472,0.16642417106069168,0.37784649431513095,False
Paenibacillus,IFNG,0.019155161926713207,0.6869636457179914,0.8364193993866618,False
Paenibacillus,GMCSF,0.05383398677330176,0.2571063367735848,0.4874071037140793,False
Paenibacillus,TNFA,0.05522789762711462,0.24497377611488888,0.47324152164228384,False
Paenibacillus,HGF,-0.014662822790060358,0.7577329500823761,0.8783804539433432,False
Paenibacillus,MIP1B,-0.011952327819022376,0.8014782335218907,0.9033624415583956,False
Paenibacillus,IFNA,0.05867514416108922,0.2167052207776352,0.44110676572907864,False
Paenibacillus,TGFB,0.05707393725363696,0.22953043638612214,0.4567442555297522,False
Paenibacillus,MCP1,-0.09697352147907048,0.04088185485521177,0.16228797057279024,True
Paenibacillus,IL9,0.015330172220218173,0.7470741545364458,0.8727965175895097,False
Paenibacillus,VEGFD,-0.05299054776166654,0.2646462294679341,0.49504412335766496,False
Paenibacillus,TNFB,0.09513235305924335,0.044885523423729444,0.1706446162403104,True
Paenibacillus,NGF,0.046805320861897405,0.32456403276919543,0.5561536998155273,False
Paenibacillus,EGF,-0.0330089496505876,0.48733400487364353,0.7040062456102547,False
Paenibacillus,BDNF,0.021180819197348252,0.6558839315999716,0.8170636873077131,False
Paenibacillus,TRAIL,-0.02248292593089467,0.6362105613556237,0.804588032564944,False
Paenibacillus,GCSF,0.042333856553263494,0.3729713584878742,0.6036367841033433,False
Paenibacillus,GROA,0.06039220271331525,0.20353214229626876,0.42526915191958825,False
Paenibacillus,IL1A,-0.02429004082590924,0.6093278158867413,0.7871515671617739,False
Paenibacillus,IL23,0.011237586128313016,0.8131239637755321,0.9095400016905929,False
Paenibacillus,IL12P40,0.024421440062345954,0.6073928801641826,0.7857846473305133,False
Paenibacillus,IL15,0.02308407929807731,0.6272123100433151,0.7993438127088748,False
Paenibacillus,IL18,0.06136140406502645,0.19635809785672068,0.4166375653619355,False
Paenibacillus,MCSF,0.051058720235259515,0.28248372407841793,0.5139663454332052,False
Paenibacillus,MCP3,0.02717657371928439,0.5674685782257948,0.7620669348988601,False
Paenibacillus,MIG,-0.02913100591389801,0.5399286299477408,0.7422819899408158,False
Paenibacillus,RESISTIN,0.0258208446338896,0.5869577648970152,0.7725947315092025,False
Paenibacillus,IL21,-0.04294966137789513,0.36605217231477016,0.5963547041280787,False
Paenibacillus,ICAM1,-0.010506119315243284,0.8250849766050241,0.9165751295213351,False
Paenibacillus,VCAM1,0.09892564927874893,0.036970586268086525,0.1531971582306839,True
Paenibacillus,FGFB,0.04884750386621456,0.3038769978422083,0.5359848711269439,False
Paenibacillus,IL22,0.013863108375371897,0.770566419255647,0.886106416594146,False
Paenibacillus,PDGFBB,0.03982416409502286,0.40199627774742563,0.6310317366296373,False
Paenibacillus,VEGF,-0.10397232938782217,0.028301860622456834,0.12958650349102624,True
Paenibacillus,LEPTIN,0.05807968075217503,0.2214133325054812,0.4477318219156992,False
Paenibacillus,PAI1,-0.004930965797944292,0.9173860771541777,0.961017838567769,False
Paenibacillus,CD40L,-0.06681146586601298,0.15942803981267167,0.36770555184169135,False
Paenibacillus,ENA78,0.02174915868187662,0.6472666449797886,0.8124143082003766,False
Pandoraea,IL17F,0.03205385588690907,0.5000263297939335,0.7125428134966081,False
Pandoraea,FASL,0.014492569586212378,0.7604596633050396,0.8803069399221197,False
Pandoraea,TGFA,0.0060147576597211795,0.8993157861006006,0.953039572123801,False
Pandoraea,MIP1A,-0.055786775896819824,0.24022358810832692,0.46911008892487727,False
Pandoraea,SDF1A,0.010607309979269211,0.8234278163961023,0.9157661793809541,False
Pandoraea,IL27,-0.0017345798660679354,0.9708931568685419,0.9857930518498389,False
Pandoraea,LIF,-0.03914889601510229,0.41003051623043496,0.6376083838719689,False
Pandoraea,IL1B,0.0008375897142263135,0.9859425748604987,0.9931965974836293,False
Pandoraea,IL2,0.05246167277482433,0.2694508308335448,0.5006803249251771,False
Pandoraea,IL4,0.01549545877727953,0.744441567378172,0.8706455055366406,False
Pandoraea,IL5,0.07925826697769127,0.0949430689538318,0.27042726776852755,False
Pandoraea,IP10,-0.02065737839288387,0.6638610716874358,0.8217406384599124,False
Pandoraea,IL6,-0.009025294419084909,0.8494210562939055,0.9296351430324202,False
Pandoraea,IL7,-0.02300441500117898,0.6284016167227198,0.799744616426074,False
Pandoraea,IL8,0.0028120689232430515,0.9528295046661337,0.9781875029822429,False
Pandoraea,IL10,-0.056757239267643686,0.23212957390017913,0.4593202206960991,False
Pandoraea,IFNB,-0.05476352803132399,0.24897034781022392,0.47838127539466124,False
Pandoraea,EOTAXIN,0.06415695510543142,0.17670248250469875,0.3908308441847252,False
Pandoraea,IL12P70,0.017342313697577348,0.7152345876150927,0.8542914830805918,False
Pandoraea,IL13,0.02602393405822946,0.5840186733621462,0.7706138511583506,False
Pandoraea,IL17A,0.008696971910954846,0.8548370377925962,0.9323024778057902,False
Pandoraea,IL31,0.013386090478810614,0.778251561893968,0.8899194418082714,False
Pandoraea,IL1RA,0.0007041926977526203,0.9881812233336495,0.9945370596858721,False
Pandoraea,SCF,0.03211409538910587,0.4992206696798901,0.7124084194708101,False
Pandoraea,RANTES,-0.024464182985825103,0.6067640535908608,0.7851772171565642,False
Pandoraea,IFNG,0.02333169317688263,0.6235218576963019,0.7970278103177054,False
Pandoraea,GMCSF,0.04114420415432654,0.38656505135422004,0.6168271732356589,False
Pandoraea,TNFA,0.0881498027544567,0.06318178901201832,0.2102788913168388,False
Pandoraea,HGF,0.03948358707778606,0.40603658557811495,0.6343436863120535,False
Pandoraea,MIP1B,0.07740371644198693,0.10295619550654071,0.2814822901185557,False
Pandoraea,IFNA,0.02675898583294426,0.5734385807062117,0.7640221374577739,False
Pandoraea,TGFB,0.0231507380611843,0.6262179038787875,0.7991270027750275,False
Pandoraea,MCP1,0.053614844705161674,0.2590509092902559,0.4891093951803298,False
Pandoraea,IL9,0.019298825808203128,0.6847411714662013,0.8350816708176658,False
Pandoraea,VEGFD,-0.07655617068029805,0.10679242407965883,0.28756069832758174,False
Pandoraea,TNFB,0.020820996462394586,0.6613634277255663,0.8201317303498544,False
Pandoraea,NGF,0.039954001344106864,0.4004623524378238,0.6297268895090232,False
Pandoraea,EGF,0.0154989783495359,0.7443855419205162,0.8706455055366406,False
Pandoraea,BDNF,0.021223306390846818,0.6552381322954746,0.8170636873077131,False
Pandoraea,TRAIL,0.03232070823054039,0.49646260026935596,0.7107360315793365,False
Pandoraea,GCSF,0.0383366920512758,0.41981894785293405,0.6455428463475625,False
Pandoraea,GROA,-0.028104366736541427,0.5543116740044004,0.752574195439277,False
Pandoraea,IL1A,0.009245878600870845,0.8457862748169686,0.9283778083894528,False
Pandoraea,IL23,0.07136752005931589,0.1327920309811753,0.3279218039610286,False
Pandoraea,IL12P40,-0.00782207547788053,0.8693019060160456,0.9397497740438839,False
Pandoraea,IL15,0.0019002447756087059,0.9681146540247347,0.98479767406623,False
Pandoraea,IL18,-0.020831420470570995,0.6612044311923406,0.8201317303498544,False
Pandoraea,MCSF,0.022400648749659614,0.6374463241142936,0.8050676519311583,False
Pandoraea,MCP3,0.050276695425440644,0.2899303626020745,0.5206154245076544,False
Pandoraea,MIG,-0.027269528651002253,0.5661437051528522,0.7610861373785376,False
Pandoraea,RESISTIN,-0.04345486952464618,0.36043566514779035,0.5913888727086296,False
Pandoraea,IL21,-0.027097629921312552,0.5685949133256848,0.7624018723071825,False
Pandoraea,ICAM1,-0.0013352149355605005,0.9775926182012269,0.9889536272874866,False
Pandoraea,VCAM1,0.08715873853199033,0.06621855678841024,0.2167272685325857,False
Pandoraea,FGFB,0.016232932587504575,0.7327321339978821,0.8650626798743858,False
Pandoraea,IL22,0.004267315923113903,0.9284728917578835,0.965031520257349,False
Pandoraea,PDGFBB,-0.014397115388587726,0.7619897239967789,0.8812228422825784,False
Pandoraea,VEGF,0.04497373248705314,0.3438770430212845,0.5764223584600957,False
Pandoraea,LEPTIN,0.07603263930402859,0.1092179160653713,0.29154351924517474,False
Pandoraea,PAI1,0.04066862044214228,0.39208261511485276,0.6218907393444824,False
Pandoraea,CD40L,-0.11374756834814274,0.016370251156589345,0.09174413638525171,True
Pandoraea,ENA78,0.021088428194754663,0.6572891463576317,0.8180225230139545,False
Parabacteroides,IL17F,0.16202194753656807,0.0006014954015275267,0.010241004608390947,True
Parabacteroides,FASL,0.028848619160113657,0.5438661946886854,0.7443785808812957,False
Parabacteroides,TGFA,0.05929707014539626,0.21186499213839635,0.4349365040608728,False
Parabacteroides,MIP1A,0.13412288277498557,0.00459429555326888,0.0394861077280947,True
Parabacteroides,SDF1A,0.11549757558836536,0.014779631844054364,0.08550329267528635,True
Parabacteroides,IL27,-0.04643485621600071,0.3284124746891438,0.5597886973870834,False
Parabacteroides,LIF,-0.03142116905421775,0.508529427034299,0.7200636443125711,False
Parabacteroides,IL1B,-0.01810163401258273,0.7033430675744694,0.8467948168232925,False
Parabacteroides,IL2,0.07934919672455364,0.09456336378795985,0.2697354283048924,False
Parabacteroides,IL4,0.08841949432644376,0.062375564413682305,0.20863940767530292,False
Parabacteroides,IL5,0.15403102631800555,0.001115606726238872,0.015177724687360514,True
Parabacteroides,IP10,-0.002309562856674975,0.9612513672312349,0.9821285783421978,False
Parabacteroides,IL6,0.013811934723628478,0.7713898086411111,0.8864361528379451,False
Parabacteroides,IL7,0.10818414099380881,0.022463929760864892,0.11212628839625625,True
Parabacteroides,IL8,0.008453160889871709,0.8588633542763131,0.9349243536280802,False
Parabacteroides,IL10,0.008008057353725102,0.8662232037953987,0.9381653744213936,False
Parabacteroides,IFNB,-0.00045299460894048774,0.9923970292277839,0.9961653928959203,False
Parabacteroides,EOTAXIN,-0.023310879417028058,0.6238317066087605,0.7973204931607885,False
Parabacteroides,IL12P70,0.07433569895028368,0.1173790909671039,0.3038511072300221,False
Parabacteroides,IL13,0.06949445785954128,0.1432940059327598,0.3441287098066444,False
Parabacteroides,IL17A,0.028312582502476577,0.5513795631027578,0.7504612257277516,False
Parabacteroides,IL31,0.016965642485711353,0.7211594098790134,0.8573517915676541,False
Parabacteroides,IL1RA,0.029344789631826875,0.5369571439396921,0.7403249685255223,False
Parabacteroides,SCF,0.06848815922526137,0.149192439663275,0.3522165287663899,False
Parabacteroides,RANTES,0.01748586500632544,0.7129810770819478,0.8528779829964618,False
Parabacteroides,IFNG,0.023509814857223737,0.6208729272263773,0.7955912288072314,False
Parabacteroides,GMCSF,0.024795901556705954,0.6018937567805609,0.7826684351031851,False
Parabacteroides,TNFA,0.1727534101212993,0.00025069121787448174,0.005655180837086135,True
Parabacteroides,HGF,0.07878435612906022,0.09694177602651677,0.2730579115548895,False
Parabacteroides,MIP1B,0.2737801472586524,4.313173651149352e-09,2.7680558467611827e-06,True
Parabacteroides,IFNA,0.1433425275750422,0.0024376479110665085,0.025215459713844323,True
Parabacteroides,TGFB,0.027018613411335872,0.5697233511655337,0.7624504539566439,False
Parabacteroides,MCP1,0.03965656987117975,0.403981457121795,0.6325535142610789,False
Parabacteroides,IL9,0.0019339407037631104,0.9675495579339881,0.9845963793890282,False
Parabacteroides,VEGFD,-0.13838959755075747,0.0034422591535268345,0.032410497359567844,True
Parabacteroides,TNFB,0.07711798424180856,0.10423710464328773,0.28346741450304286,False
Parabacteroides,NGF,0.12000417527869958,0.011291930142705067,0.07163181939947653,True
Parabacteroides,EGF,0.03274136196480947,0.49087242588514357,0.7070456420771106,False
Parabacteroides,BDNF,0.15668527989306927,0.0009115590602925682,0.013324013330399705,True
Parabacteroides,TRAIL,0.16580154418197598,0.00044460081600071466,0.008300899326013344,True
Parabacteroides,GCSF,0.11395639894288694,0.01617287939472797,0.09124422716187086,True
Parabacteroides,GROA,0.02493855885052712,0.5998046761523886,0.7814166134504522,False
Parabacteroides,IL1A,0.1414230231856397,0.002790028634328161,0.027673441634612002,True
Parabacteroides,IL23,-0.000747411177271935,0.9874559263685604,0.9941115729310935,False
Parabacteroides,IL12P40,0.04747804605331269,0.31765078361076543,0.5488871910315383,False
Parabacteroides,IL15,-0.013201689795343457,0.7812282535463867,0.8916800597579745,False
Parabacteroides,IL18,0.0050355570339914515,0.915640198837272,0.9602139841875084,False
Parabacteroides,MCSF,0.040004241928485375,0.3998697412078236,0.629196473874976,False
Parabacteroides,MCP3,0.1456942973706409,0.002061425718205963,0.022604599254810218,True
Parabacteroides,MIG,0.06978030666868354,0.1416514515233654,0.3416968840346093,False
Parabacteroides,RESISTIN,0.0009543277958694617,0.9839835840036919,0.9923602155301824,False
Parabacteroides,IL21,0.049441618181114304,0.29802634640929127,0.5300277327986277,False
Parabacteroides,ICAM1,0.036822381824629775,0.43843004996408375,0.6618517320122337,False
Parabacteroides,VCAM1,0.12522740267563984,0.008177230422372951,0.056808412617161776,True
Parabacteroides,FGFB,0.13628063293240522,0.003974153678110656,0.03561564268983168,True
Parabacteroides,IL22,0.043521202564350825,0.3597022507972506,0.5908600328754449,False
Parabacteroides,PDGFBB,-0.045573763828093146,0.33747107684402,0.5689738114466135,False
Parabacteroides,VEGF,0.12210871646209848,0.00992888815327631,0.06604035587345809,True
Parabacteroides,LEPTIN,0.017119691689902176,0.7187342643877344,0.856049914035515,False
Parabacteroides,PAI1,0.2223785911382354,2.1654782561531386e-06,0.0002134728464915764,True
Parabacteroides,CD40L,0.021708781481681594,0.6478773177179513,0.8128770011535655,False
Parabacteroides,ENA78,0.0027127807159844355,0.9544931611891156,0.9786436478169979,False
Parapusillimonas,IL17F,0.0915480898397897,0.05362771945313323,0.1910596524643973,False
Parapusillimonas,FASL,0.027831562090841398,0.5581648002658393,0.7550965556498755,False
Parapusillimonas,TGFA,0.021474215498077626,0.6514296009511378,0.8148449443187814,False
Parapusillimonas,MIP1A,0.005343954833761415,0.910494692547502,0.9581187744591455,False
Parapusillimonas,SDF1A,0.06554999866042814,0.1674713866814287,0.37942205773899335,False
Parapusillimonas,IL27,0.0021229623412809483,0.9643798879306557,0.9828919227062173,False
Parapusillimonas,LIF,-0.11423369017907412,0.01591402662563484,0.090368936909855,True
Parapusillimonas,IL1B,0.050354591715754876,0.2891827628005421,0.5204022774165287,False
Parapusillimonas,IL2,-0.024221962781230028,0.610331380692029,0.787622300152117,False
Parapusillimonas,IL4,0.05376395006761025,0.25772671155670945,0.48812102257945084,False
Parapusillimonas,IL5,0.019958626321874434,0.6745692342040515,0.827308955828116,False
Parapusillimonas,IP10,0.025497042847176337,0.5916578621504793,0.7758963909757524,False
Parapusillimonas,IL6,0.02257195153383557,0.6348745763482577,0.8035169564310084,False
Parapusillimonas,IL7,0.0036131897426524705,0.9394141736028471,0.9713730747124285,False
Parapusillimonas,IL8,0.03838160871581562,0.41927407632426317,0.6454992605526713,False
Parapusillimonas,IL10,-0.0055021179695933925,0.9078572344264129,0.956977824740759,False
Parapusillimonas,IFNB,-0.035593065812504925,0.45388007079987147,0.6752716175588791,False
Parapusillimonas,EOTAXIN,0.019590110063559305,0.6802433722646388,0.8313710840298549,False
Parapusillimonas,IL12P70,0.02535473920518599,0.5937288851986922,0.7765569373029703,False
Parapusillimonas,IL13,0.019147609943612677,0.687080549420211,0.8364193993866618,False
Parapusillimonas,IL17A,0.10081317674734525,0.03349543720941548,0.14387713290214282,True
Parapusillimonas,IL31,-0.002839863721961653,0.9523638160744997,0.9780604749309739,False
Parapusillimonas,IL1RA,-0.04407407412081827,0.35362579166532504,0.585869994133442,False
Parapusillimonas,SCF,0.04479949363835827,0.3457516285433958,0.5781485606678366,False
Parapusillimonas,RANTES,-0.015729318964944096,0.7407218645702125,0.8695178783122037,False
Parapusillimonas,IFNG,0.020216470272078974,0.6706100592832782,0.8253884938214663,False
Parapusillimonas,GMCSF,0.03222889802929759,0.49768717162306186,0.7118688534329867,False
Parapusillimonas,TNFA,0.06434136512156537,0.17545922092792265,0.38974245153390297,False
Parapusillimonas,HGF,0.019190990400916107,0.686409127360598,0.8361078929347306,False
Parapusillimonas,MIP1B,0.17491363396131882,0.00020885847704704363,0.005115886741242905,True
Parapusillimonas,IFNA,0.02299872061391184,0.6284866649881107,0.799744616426074,False
Parapusillimonas,TGFB,0.00273929678576115,0.9540488427383349,0.9785567666893896,False
Parapusillimonas,MCP1,0.0386578480281497,0.4159322185819071,0.6424394334227144,False
Parapusillimonas,IL9,0.05710739039803082,0.229257096536569,0.45658928915593977,False
Parapusillimonas,VEGFD,-0.02614883875647688,0.5822144621017777,0.7692628558369287,False
Parapusillimonas,TNFB,0.08497579266894556,0.07333106836096917,0.2298561754856706,False
Parapusillimonas,NGF,-0.0009673500466026335,0.9837650623488061,0.9923399710259091,False
Parapusillimonas,EGF,0.08087534808954024,0.08836966243912399,0.2597936305685658,False
Parapusillimonas,BDNF,0.09745302552224148,0.039890107454956227,0.15978735444573688,True
Parapusillimonas,TRAIL,0.04652739596159261,0.32744840566010136,0.5587651692915491,False
Parapusillimonas,GCSF,0.046589895417512614,0.3267983300132409,0.5582356501941654,False
Parapusillimonas,GROA,0.02266907734394054,0.6334183841769387,0.8021889043186359,False
Parapusillimonas,IL1A,0.04534322069677842,0.33992326981145815,0.5717392243305501,False
Parapusillimonas,IL23,0.021695078437002767,0.6480846189713292,0.8128960785728527,False
Parapusillimonas,IL12P40,-0.0051464696076426895,0.9137892454004409,0.9590263367568984,False
Parapusillimonas,IL15,0.02622171651696884,0.5811629643733589,0.7689795058413871,False
Parapusillimonas,IL18,-0.09101349232566844,0.05504573597315969,0.19352384637068767,False
Parapusillimonas,MCSF,0.04323110320640055,0.362916641004544,0.5935604676903525,False
Parapusillimonas,MCP3,0.13187368903796937,0.005332468254820379,0.04366069107642799,True
Parapusillimonas,MIG,0.02123891154084178,0.6550010007105607,0.8169281205724579,False
Parapusillimonas,RESISTIN,-0.06345905356025267,0.18146687145012066,0.39740063206770165,False
Parapusillimonas,IL21,0.007634151730839939,0.8724147603253842,0.9416645072489785,False
Parapusillimonas,ICAM1,0.03308282676645263,0.4863595210538011,0.7031973257838255,False
Parapusillimonas,VCAM1,0.08022542725931656,0.09096623677168633,0.2636707945995738,False
Parapusillimonas,FGFB,0.04019824212307625,0.3975863555133836,0.627405965444565,False
Parapusillimonas,IL22,0.0010583689740220267,0.9822377416263782,0.9913328023241493,False
Parapusillimonas,PDGFBB,-0.014850380732346818,0.7547325655857852,0.8765558606673872,False
Parapusillimonas,VEGF,0.11286836121183244,0.01722452812880387,0.09440772983605861,True
Parapusillimonas,LEPTIN,0.05775537530492267,0.22400801272730675,0.4506759308776466,False
Parapusillimonas,PAI1,0.08932537824157294,0.05972934633923664,0.2031787081477553,False
Parapusillimonas,CD40L,-0.033069409960002634,0.486536418780104,0.7032635514442769,False
Parapusillimonas,ENA78,0.12658578891554528,0.007504584574424948,0.054158268473412256,True
Parasutterella,IL17F,0.06910377931797024,0.14556243875021857,0.34719441596894624,False
Parasutterella,FASL,0.027648536757628316,0.5607571267789213,0.7572525692858365,False
Parasutterella,TGFA,-0.01969748702528324,0.6785881807963725,0.8300685303748158,False
Parasutterella,MIP1A,0.03244904390865572,0.4947535365533764,0.7092162808409458,False
Parasutterella,SDF1A,0.0879112296972394,0.06390212347819724,0.21217485121187887,False
Parasutterella,IL27,-0.0151837529496978,0.7494086947156762,0.8741771284471821,False
Parasutterella,LIF,-0.14490853242114093,0.0021807724692743794,0.02339969964605256,True
Parasutterella,IL1B,0.012206775518987517,0.7973428032072745,0.9006766762939512,False
Parasutterella,IL2,-0.011342320921850627,0.8114148111370725,0.9089690009305977,False
Parasutterella,IL4,0.06836941542872191,0.1499004663393652,0.35282253943097847,False
Parasutterella,IL5,-0.0022627379784342216,0.9620363732334783,0.9821285783421978,False
Parasutterella,IP10,0.027299209996070006,0.5657209731233512,0.7607253243827576,False
Parasutterella,IL6,0.0006617641377524423,0.9888932732610758,0.9948019433381021,False
Parasutterella,IL7,-0.024140473322065356,0.6115336087402627,0.7888639511857511,False
Parasutterella,IL8,0.041502664776435834,0.38243768835151637,0.6119582119927633,False
Parasutterella,IL10,-0.03343043247036027,0.48178851709543935,0.6997894801129867,False
Parasutterella,IFNB,-0.09425338243007166,0.04691014795510727,0.17589967232462816,True
Parasutterella,EOTAXIN,0.02591526816954754,0.5855904268717567,0.7719465953971413,False
Parasutterella,IL12P70,-0.011265739217007761,0.8126644498678497,0.9094732361232342,False
Parasutterella,IL13,0.025316140247305087,0.5942912065463808,0.7769924024050692,False
Parasutterella,IL17A,0.05193889092099967,0.2742583702666185,0.5044104572316016,False
Parasutterella,IL31,-0.008532596823845315,0.857551135238517,0.934011611002243,False
Parasutterella,IL1RA,-0.07782657076324467,0.10108350969720493,0.2791568983441724,False
Parasutterella,SCF,0.09097519573594721,0.05514850213164234,0.19363060346515237,False
Parasutterella,RANTES,-0.028499717807386103,0.5487508088208186,0.7484207904476522,False
Parasutterella,IFNG,0.03249127375965282,0.4941918419668335,0.7090040560721049,False
Parasutterella,GMCSF,-0.05053164326649378,0.2874883506606043,0.5184692188231219,False
Parasutterella,TNFA,0.04271707663125469,0.36865606111572713,0.598716878167848,False
Parasutterella,HGF,-0.016449537067043184,0.7293045457377048,0.8627726163305285,False
Parasutterella,MIP1B,0.14616945021079522,0.0019921851567604016,0.022291670006065877,True
Parasutterella,IFNA,0.013746899411997767,0.7724366039411111,0.8868431677455133,False
Parasutterella,TGFB,-0.013274807485410883,0.7800475648813361,0.8911471659056914,False
Parasutterella,MCP1,0.014017103281785168,0.7680901827252695,0.8843408476453557,False
Parasutterella,IL9,0.03420269085149419,0.47171723099181706,0.6908614564132124,False
Parasutterella,VEGFD,-0.027570393891365404,0.5618656904764316,0.7578193110897006,False
Parasutterella,TNFB,0.07908548333032771,0.09566793400069767,0.2713160222608969,False
Parasutterella,NGF,-0.030027275367887303,0.5275261010891045,0.7347205855519062,False
Parasutterella,EGF,0.15227107899015926,0.0012732797926785654,0.016510754860646255,True
Parasutterella,BDNF,0.13682680650491258,0.0038297022298423456,0.03489205599055993,True
Parasutterella,TRAIL,0.08536309440952096,0.07202557065193184,0.22706366341117495,False
Parasutterella,GCSF,0.043716335525214055,0.3575501752599832,0.5894269143748224,False
Parasutterella,GROA,0.03461246974462874,0.4664205010785831,0.6870850716725452,False
Parasutterella,IL1A,0.06265902077795601,0.18704460262735192,0.4047667832509721,False
Parasutterella,IL23,0.005269939901475196,0.9117292721381456,0.9589061308799572,False
Parasutterella,IL12P40,-0.013196164955846029,0.7813174879246841,0.8916800597579745,False
Parasutterella,IL15,0.022956683641807998,0.6291146582939522,0.8001306026914954,False
Parasutterella,IL18,-0.08088225606528716,0.08834238682118051,0.2597936305685658,False
Parasutterella,MCSF,0.030098012030530485,0.5265534519679358,0.7341154751066317,False
Parasutterella,MCP3,0.11279418593114172,0.01729835154872772,0.09457967252765272,True
Parasutterella,MIG,0.01867938881544896,0.6943430175286296,0.8405867586947157,False
Parasutterella,RESISTIN,-0.1033166057019671,0.029318985284032,0.1326366305611965,True
Parasutterella,IL21,0.032865799417192906,0.489225229474304,0.7053945169164383,False
Parasutterella,ICAM1,0.05710614189338448,0.2292672937027695,0.45658928915593977,False
Parasutterella,VCAM1,0.02874340542028407,0.5453369130517693,0.7455181374101154,False
Parasutterella,FGFB,0.016722695867687792,0.7249897141446426,0.8595247867754524,False
Parasutterella,IL22,0.05472068547242076,0.24934134599544894,0.47858391526930216,False
Parasutterella,PDGFBB,-0.005280674027426777,0.9115502121543955,0.9588499180414919,False
Parasutterella,VEGF,0.10155614170656613,0.032206046381042276,0.14091753449814237,True
Parasutterella,LEPTIN,-0.01745393805575602,0.7134820606838885,0.8532432935437119,False
Parasutterella,PAI1,0.07941258457096655,0.0942993865190908,0.26947452742867195,False
Parasutterella,CD40L,-0.017495943885028547,0.7128229493803295,0.8528779829964618,False
Parasutterella,ENA78,0.07192763557690923,0.12976978644622464,0.32321135795525074,False
Parvimonas,IL17F,0.17553684950504203,0.0001980633331005506,0.00496821459975885,True
Parvimonas,FASL,-0.03801132490409368,0.42377825237398736,0.6481933300081874,False
Parvimonas,TGFA,0.11853796641978556,0.012336970939390476,0.07577436730249926,True
Parvimonas,MIP1A,0.11130146867564626,0.01884389863283767,0.0995274773812959,True
Parvimonas,SDF1A,0.11376084110062748,0.016357644225802725,0.09172562956653199,True
Parvimonas,IL27,-0.11340087381277458,0.016702581033018967,0.09276284159070478,True
Parvimonas,LIF,-0.04370189129609007,0.357709199866607,0.5894269143748224,False
Parvimonas,IL1B,0.056970399717050944,0.23037788779448085,0.4572734045144172,False
Parvimonas,IL2,0.09655496238085164,0.04176449644945992,0.1642259297960813,True
Parvimonas,IL4,0.029318034971602246,0.5373285712062194,0.7406299014193108,False
Parvimonas,IL5,0.03677344131911403,0.43903931672836516,0.6620849907156531,False
Parvimonas,IP10,0.05631241249777324,0.23581531833861413,0.4638203128854865,False
Parvimonas,IL6,-0.00881762072630325,0.8528460183539281,0.9315629971116923,False
Parvimonas,IL7,0.004595844443703245,0.9229826889957884,0.9632398208893164,False
Parvimonas,IL8,-0.008163306715386343,0.8636547868811094,0.9375620765785023,False
Parvimonas,IL10,-0.010525980362778213,0.8247596584161461,0.916420278704505,False
Parvimonas,IFNB,0.0999340968774659,0.03507765071468006,0.1482827962029657,True
Parvimonas,EOTAXIN,-0.1282149774825645,0.0067633557250849595,0.0505099702559754,True
Parvimonas,IL12P70,0.07107115048236529,0.13441299073407798,0.33076466866114346,False
Parvimonas,IL13,-0.013239727519498763,0.7806139656836811,0.8913810348325876,False
Parvimonas,IL17A,0.08111912795304092,0.08741120136171251,0.25792571534934855,False
Parvimonas,IL31,-0.08021883020703588,0.09099290355323089,0.2636707945995738,False
Parvimonas,IL1RA,0.013042136290875521,0.7838064312443322,0.8928546104930237,False
Parvimonas,SCF,-0.002945993044010176,0.9505858204013433,0.9772043232737821,False
Parvimonas,RANTES,0.013406753571597369,0.777918208572518,0.8897456433586126,False
Parvimonas,IFNG,-9.069498402689424e-05,0.9984777715177746,0.9989470990624508,False
Parvimonas,GMCSF,0.14791203375948675,0.0017560675398416035,0.02029182517132987,True
Parvimonas,TNFA,0.16044038678299896,0.0006812757232474013,0.011030846044674634,True
Parvimonas,HGF,0.04490003922267321,0.3446690969988919,0.5774554653662605,False
Parvimonas,MIP1B,0.27694694457017927,2.8088523321981433e-09,2.3074721909007747e-06,True
Parvimonas,IFNA,0.07988878395713676,0.09233504175152178,0.266008945940208,False
Parvimonas,TGFB,0.07098680867430592,0.13487706439512098,0.33151218436591057,False
Parvimonas,MCP1,-0.04445347146398792,0.3494935822143579,0.5817811100082979,False
Parvimonas,IL9,-0.009768569198562903,0.8371865733096298,0.9236995735297585,False
Parvimonas,VEGFD,-0.11931932443170495,0.011769891249872756,0.07360918119055455,True
Parvimonas,TNFB,0.047561308167743586,0.3168018810466672,0.5481946168819818,False
Parvimonas,NGF,0.006068832945287021,0.8984154597798814,0.953039572123801,False
Parvimonas,EGF,0.01719785375611355,0.7175048618268738,0.8555504292150133,False
Parvimonas,BDNF,0.0634126129157599,0.18178724863250267,0.39779327347818233,False
Parvimonas,TRAIL,0.14917260427727322,0.0016015599778963407,0.01916928968052738,True
Parvimonas,GCSF,0.027069188838296884,0.569000958871988,0.7624018723071825,False
Parvimonas,GROA,-0.011021873013026779,0.8166469438558144,0.9116752421625827,False
Parvimonas,IL1A,0.08924255588034496,0.059967362936791516,0.2034968205958316,False
Parvimonas,IL23,-0.09654098488623522,0.04179424691737866,0.1642773868068257,True
Parvimonas,IL12P40,0.2175975829126486,3.6050196827244358e-06,0.0003069371067483213,True
Parvimonas,IL15,0.060897574922612184,0.19976799386671676,0.42052378465472856,False
Parvimonas,IL18,0.0073956424619785206,0.8763683671220868,0.9434543838957611,False
Parvimonas,MCSF,-0.005093786273255232,0.9146683884964267,0.9593721234215792,False
Parvimonas,MCP3,0.09921624867991115,0.03641641710171428,0.1519225729110027,True
Parvimonas,MIG,0.1848735141568045,8.752309404884943e-05,0.0028760088704451923,True
Parvimonas,RESISTIN,0.012117430116988058,0.7987942567646025,0.9015930596731682,False
Parvimonas,IL21,0.06809749136195892,0.1515314709031988,0.35586893804315545,False
Parvimonas,ICAM1,0.06022827068763186,0.20476413609146515,0.4268275282625554,False
Parvimonas,VCAM1,0.17133186636755657,0.0002823608466268427,0.006013846678636429,True
Parvimonas,FGFB,0.03810376022933012,0.42265122385252796,0.6480783581798445,False
Parvimonas,IL22,0.021851465499611873,0.6457203963589504,0.8112032199957351,False
Parvimonas,PDGFBB,-0.1314538266316595,0.005481538143351332,0.04443832484963604,True
Parvimonas,VEGF,0.07573406356863595,0.11062051785110213,0.29350113165030445,False
Parvimonas,LEPTIN,0.1162528469922941,0.014136187717260345,0.08294913006949552,True
Parvimonas,PAI1,0.14111379636840832,0.0028509479008724074,0.028104644406800192,True
Parvimonas,CD40L,0.07955612857295019,0.09370377679931613,0.2687672874492092,False
Parvimonas,ENA78,0.04589080992934385,0.33411734044009767,0.5658355509463121,False
Pasteurella,IL17F,0.05419510414533151,0.25392400908864593,0.4841746386065515,False
Pasteurella,FASL,0.09522968778961578,0.044665907894479814,0.17020352532809507,True
Pasteurella,TGFA,0.09678465189472917,0.04127816600930271,0.163020035856789,True
Pasteurella,MIP1A,0.00870175737726583,0.8547580475105918,0.9323024778057902,False
Pasteurella,SDF1A,0.058014911867783,0.22192980796258419,0.4485002146156529,False
Pasteurella,IL27,0.03207056032962489,0.4998028509861546,0.7124141852257826,False
Pasteurella,LIF,0.07892986499774376,0.09632456003819775,0.2720823819073219,False
Pasteurella,IL1B,0.059355429789419455,0.21141482801165942,0.43455533247267275,False
Pasteurella,IL2,0.16066801355540078,0.0006692188938273958,0.011013622463022484,True
Pasteurella,IL4,0.05852358665015046,0.21789666298830557,0.442983151936217,False
Pasteurella,IL5,0.1484189159305331,0.0016923673007007032,0.0198375230086891,True
Pasteurella,IP10,-0.005593336366454477,0.9063365753075371,0.9562951899156268,False
Pasteurella,IL6,0.08060435633447786,0.08944500201960875,0.26097573608304914,False
Pasteurella,IL7,0.03811953989001377,0.42245900349612264,0.6479548390826522,False
Pasteurella,IL8,0.029193769286433194,0.5390554008536703,0.741904360681459,False
Pasteurella,IL10,-0.012588457536040185,0.7911501376524878,0.8970120931298343,False
Pasteurella,IFNB,0.05290027874924726,0.26546209226680434,0.4961410303376625,False
Pasteurella,EOTAXIN,0.010313175194192647,0.828246895364246,0.9183284101339262,False
Pasteurella,IL12P70,0.03577385425595958,0.4515889123226873,0.6733873086790275,False
Pasteurella,IL13,0.04219166056352619,0.3745804728914033,0.6052510716571677,False
Pasteurella,IL17A,0.06084115031579957,0.20018572891898528,0.4209536936184635,False
Pasteurella,IL31,0.14973066738264476,0.0015372267189840492,0.018778167280972435,True
Pasteurella,IL1RA,0.0835497195382885,0.07830521122455611,0.24085265904888428,False
Pasteurella,SCF,0.027635698447240675,0.5609391833350872,0.7572909434836057,False
Pasteurella,RANTES,0.07148137402780894,0.13217334550288673,0.3271263960640067,False
Pasteurella,IFNG,0.06635767957441611,0.16228724160418392,0.3713620305789334,False
Pasteurella,GMCSF,0.06456748833466668,0.17394362698950416,0.38797341698434057,False
Pasteurella,TNFA,0.10611241743125963,0.025190342816485745,0.12038653664042168,True
Pasteurella,HGF,0.06864425385781801,0.14826557684299552,0.35077460490292267,False
Pasteurella,MIP1B,0.05144013188751001,0.2788991214464086,0.5094288566275146,False
Pasteurella,IFNA,0.07621751063759506,0.10835650657407629,0.29016780649654783,False
Pasteurella,TGFB,0.10544055894812993,0.026133755551405496,0.12308453864231939,True
Pasteurella,MCP1,0.004236465303608527,0.9289886301532662,0.9652108860427536,False
Pasteurella,IL9,0.04386395129573076,0.35592753431159385,0.5883251139250373,False
Pasteurella,VEGFD,-0.007060862584686033,0.8819229550294844,0.9460252840305933,False
Pasteurella,TNFB,0.0517411543072097,0.27609190061527455,0.5065538723739766,False
Pasteurella,NGF,0.061594466879504116,0.19466083665322478,0.4146427242280661,False
Pasteurella,EGF,0.006200272224510996,0.8962276073801521,0.952040592432602,False
Pasteurella,BDNF,0.02034128859504496,0.6686967441040073,0.8244137698070665,False
Pasteurella,TRAIL,0.08838044100334594,0.06249178384722609,0.20889928964596638,False
Pasteurella,GCSF,0.09323793883749004,0.04934390449226253,0.1816944503811468,True
Pasteurella,GROA,0.0660668937733476,0.16413958273831206,0.3744707259047166,False
Pasteurella,IL1A,0.04673985276539117,0.3252419881084577,0.5569208496168063,False
Pasteurella,IL23,0.05772299349950402,0.22426827554832549,0.4506759308776466,False
Pasteurella,IL12P40,0.02709343724184879,0.5686547623861271,0.7624018723071825,False
Pasteurella,IL15,0.09761448741287809,0.03956077116515263,0.15926104354201095,True
Pasteurella,IL18,0.0886416275779929,0.06171789876186278,0.20765018634622637,False
Pasteurella,MCSF,0.08442076999242525,0.07523547694368148,0.233891936837216,False
Pasteurella,MCP3,0.0836957171656305,0.07778371570391163,0.23977231688841802,False
Pasteurella,MIG,0.040256837426085455,0.3968982312247681,0.6265208588332688,False
Pasteurella,RESISTIN,0.056585932482466766,0.233544132548209,0.4611935213662348,False
Pasteurella,IL21,0.07967298159564998,0.09322114015739345,0.26789067468269995,False
Pasteurella,ICAM1,-0.023425634519876778,0.622124204527271,0.7960561893535475,False
Pasteurella,VCAM1,0.08104820815866635,0.08768916816008257,0.2585047307781382,False
Pasteurella,FGFB,0.0917451294513878,0.05311279883331231,0.19025653012310784,False
Pasteurella,IL22,0.022737978883667898,0.6323862111565599,0.8019497501829649,False
Pasteurella,PDGFBB,0.07387789336681615,0.11966060886754679,0.3069514135353308,False
Pasteurella,VEGF,0.004813991473825327,0.91933912893785,0.9615750804317585,False
Pasteurella,LEPTIN,0.07443133434738758,0.11690680779324449,0.30312133383108997,False
Pasteurella,PAI1,-0.044748684837478035,0.34629948567679814,0.5784947009428163,False
Pasteurella,CD40L,-0.029830782120964572,0.5302327217789894,0.7360983201376253,False
Pasteurella,ENA78,0.029619504622357542,0.5331508121397288,0.7382748447542107,False
Peptococcus,IL17F,-0.04892075858039676,0.30315152649953003,0.5352633887833061,False
Peptococcus,FASL,-0.10672324294079458,0.024358275914386267,0.11811307622430882,True
Peptococcus,TGFA,-0.06339136231208586,0.18193398824151996,0.3979377093598633,False
Peptococcus,MIP1A,-0.020444363615789034,0.6671183419895751,0.8234183374178887,False
Peptococcus,SDF1A,-0.0800701529885754,0.09159555391350829,0.2647944194954149,False
Peptococcus,IL27,-0.17943794643946936,0.00014149954228047008,0.003940435011736118,True
Peptococcus,LIF,-0.20500353538283095,1.3079552439324532e-05,0.000754024724835446,True
Peptococcus,IL1B,-0.1620310867553456,0.0006010606728681614,0.010241004608390947,True
Peptococcus,IL2,-0.05857704803761153,0.21747585129403102,0.44231007676017287,False
Peptococcus,IL4,-0.053654190340973976,0.25870102716182003,0.48874563544676536,False
Peptococcus,IL5,-0.09560428831275225,0.04382911028357428,0.16831607681163818,True
Peptococcus,IP10,0.01389782172545271,0.7700080244299656,0.885837216108134,False
Peptococcus,IL6,-0.11284464174793275,0.01724810506560568,0.09440772983605861,True
Peptococcus,IL7,-0.10889335187006609,0.02159125396890981,0.10909614639954533,True
Peptococcus,IL8,-0.11887337080209066,0.012090657466656458,0.07474207683752643,True
Peptococcus,IL10,-0.11164333082810003,0.01847969007542904,0.09834548613201985,True
Peptococcus,IFNB,-0.039581501887645004,0.4048725419218341,0.6333280733521803,False
Peptococcus,EOTAXIN,-0.11024592068488714,0.020008210134829518,0.10331630047413742,True
Peptococcus,IL12P70,-0.03628595497610171,0.44513449821047324,0.6678033607303067,False
Peptococcus,IL13,-0.06619427984820098,0.1633261733354709,0.37313312091334233,False
Peptococcus,IL17A,-0.13092813569587902,0.005673461768090087,0.0453233274796046,True
Peptococcus,IL31,-0.18680462320142024,7.35450130324319e-05,0.0024914320909749615,True
Peptococcus,IL1RA,-0.15183543932405327,0.001315353274310074,0.01690580518663456,True
Peptococcus,SCF,-0.019002870516855803,0.6893225349682786,0.8378966152549063,False
Peptococcus,RANTES,-0.11198154639374139,0.018125423553535497,0.09758625089609663,True
Peptococcus,IFNG,-0.10865354411480216,0.02188298525088055,0.11011866697456889,True
Peptococcus,GMCSF,-0.08364393520625171,0.07796835449753628,0.24011622575342476,False
Peptococcus,TNFA,-0.0185436155070804,0.6964542428270336,0.842100567372611,False
Peptococcus,HGF,-0.017318892956243923,0.7156024887034595,0.8545586681653257,False
Peptococcus,MIP1B,0.05208990068441177,0.272863714160955,0.5036534845925745,False
Peptococcus,IFNA,-0.0642021743441504,0.17639701816930797,0.3908308441847252,False
Peptococcus,TGFB,-0.13820202013360644,0.0034868064631011692,0.03264286620441721,True
Peptococcus,MCP1,0.01906545563586345,0.6883527685973507,0.837337314021802,False
Peptococcus,IL9,-0.15222604726509587,0.0012775707982872315,0.016510754860646255,True
Peptococcus,VEGFD,-0.15746341128035765,0.0008586301316305937,0.012889602799900642,True
Peptococcus,TNFB,-0.05977000224536413,0.20823679992010335,0.43008555910588286,False
Peptococcus,NGF,-0.08879166289657903,0.061276936879793555,0.20651898932000168,False
Peptococcus,EGF,-0.03508489900216252,0.4603550112845588,0.6811015610450518,False
Peptococcus,BDNF,-0.10039968942133959,0.03423190880348209,0.14582593296059565,True
Peptococcus,TRAIL,-0.07118752317160601,0.13377469489768712,0.3297025955323187,False
Peptococcus,GCSF,-0.05688324936671608,0.23109292704667556,0.45800443804304936,False
Peptococcus,GROA,-0.19850681041468785,2.4672597123074978e-05,0.0011582022020917768,True
Peptococcus,IL1A,-0.0781460308469032,0.09968673755371144,0.27697628489416215,False
Peptococcus,IL23,-0.12090957155641485,0.010686449214385982,0.06924091919207943,True
Peptococcus,IL12P40,0.12938756364833354,0.0062711808020369355,0.048184957401777175,True
Peptococcus,IL15,-0.1540884166933179,0.0011107819471324887,0.015145350532271194,True
Peptococcus,IL18,-0.18260778000938693,0.00010710688194613853,0.0033307875149054685,True
Peptococcus,MCSF,-0.14097404678879047,0.0028788743342355416,0.028254443062188106,True
Peptococcus,MCP3,-0.032777414108198226,0.4903948931096169,0.7064610340895227,False
Peptococcus,MIG,0.012183044923833163,0.7977282488040409,0.9009056108042428,False
Peptococcus,RESISTIN,-0.10977193601523708,0.020551075274905753,0.10524285717403684,True
Peptococcus,IL21,-0.12212763509731246,0.00991732841604515,0.06601284505426946,True
Peptococcus,ICAM1,0.10061985021354067,0.03383807679471801,0.14496132400408085,True
Peptococcus,VCAM1,0.11361355477741965,0.016498019353359535,0.09209370033149394,True
Peptococcus,FGFB,-0.07428006057607625,0.11765453993300855,0.304299388648424,False
Peptococcus,IL22,-0.027668477630184693,0.5604744072894391,0.7570016812013383,False
Peptococcus,PDGFBB,-0.2560944426041768,4.2833563000199894e-08,1.2729394982989107e-05,True
Peptococcus,VEGF,-0.12300196918684621,0.00939595753925422,0.06326868129915854,True
Peptococcus,LEPTIN,-0.0533165508839115,0.2617141231719577,0.49198661827405776,False
Peptococcus,PAI1,0.06940780339976607,0.14379480836700373,0.3450655357550932,False
Peptococcus,CD40L,0.0068559637205596775,0.8853254633983025,0.9471264356691936,False
Peptococcus,ENA78,-0.1473201570801027,0.0018332254970924633,0.02096512407231729,True
Peptoniphilus,IL17F,-0.06394668228540343,0.178128076420544,0.3931900083640221,False
Peptoniphilus,FASL,-0.14294986657671557,0.0025062441212923277,0.02575747420023875,True
Peptoniphilus,TGFA,0.015168851679013821,0.749646412512462,0.8743509624405881,False
Peptoniphilus,MIP1A,-0.04853837541484147,0.3069510730035415,0.5388040736589944,False
Peptoniphilus,SDF1A,-0.1452993184304274,0.0021206502132019816,0.02307600962447335,True
Peptoniphilus,IL27,-0.06021351436231566,0.20487529846297,0.4268275282625554,False
Peptoniphilus,LIF,0.0969488810468262,0.0409333757021074,0.16228797057279024,True
Peptoniphilus,IL1B,-0.05169455822142594,0.2765251771415629,0.5070656987093615,False
Peptoniphilus,IL2,0.007649564091044727,0.8721593881839673,0.9415997424945296,False
Peptoniphilus,IL4,-0.10975332625518305,0.0205726481170168,0.10526739081495554,True
Peptoniphilus,IL5,-0.020847734185451532,0.6609556300250792,0.8201317303498544,False
Peptoniphilus,IP10,-0.09220194349176605,0.05193483364759374,0.1872095054633783,True
Peptoniphilus,IL6,-0.05440002168955271,0.2521303854478273,0.4819665192446541,False
Peptoniphilus,IL7,-0.0910492358214395,0.05494996445982687,0.19346312487320472,False
Peptoniphilus,IL8,-0.16132178950937026,0.0006356805671045786,0.010675534975326978,True
Peptoniphilus,IL10,-0.032838809078644136,0.4895822523128429,0.7058060607341337,False
Peptoniphilus,IFNB,0.06257555726138095,0.18763369062590352,0.40520570660076427,False
Peptoniphilus,EOTAXIN,-0.02686714672537035,0.5718894247509495,0.7638105878871237,False
Peptoniphilus,IL12P70,-0.054607599169331784,0.2503224740597405,0.47969704003342784,False
Peptoniphilus,IL13,-0.0753218581014029,0.11258016220382586,0.29649914006622374,False
Peptoniphilus,IL17A,-0.07692772266928176,0.10509700267528271,0.2845499182567803,False
Peptoniphilus,IL31,-0.07714309423808637,0.10412403581331507,0.28346741450304286,False
Peptoniphilus,IL1RA,0.036680459337849,0.44019819579587716,0.663353119199497,False
Peptoniphilus,SCF,-0.06457060876462925,0.1739227806561783,0.38797341698434057,False
Peptoniphilus,RANTES,-0.13392482230785152,0.004655382327243854,0.039802913254093596,True
Peptoniphilus,IFNG,-0.08407622478342404,0.07643780085924688,0.23665949776082154,False
Peptoniphilus,GMCSF,0.016935166488036633,0.7216395155696129,0.8574558222801616,False
Peptoniphilus,TNFA,-0.06529079387785143,0.1691611121724468,0.3816869406720029,False
Peptoniphilus,HGF,0.008889313762108626,0.8516633382726543,0.9306836480092923,False
Peptoniphilus,MIP1B,-0.18343518525624097,9.952082620177436e-05,0.0031545861887366296,True
Peptoniphilus,IFNA,-0.08429963647504751,0.07565641797960461,0.23490424202927315,False
Peptoniphilus,TGFB,-0.02610002195358678,0.5829192974552626,0.7697814379523079,False
Peptoniphilus,MCP1,0.0021016190623783476,0.9647377623897961,0.9828919227062173,False
Peptoniphilus,IL9,-0.1695978774792702,0.00032604622653897505,0.006586401027092657,True
Peptoniphilus,VEGFD,0.00483102691496363,0.9190546676989355,0.9614815784968807,False
Peptoniphilus,TNFB,-0.20182403561944584,1.7889026980293102e-05,0.0009281580419564706,True
Peptoniphilus,NGF,-0.054324191576766295,0.25279309037145414,0.4829523807910455,False
Peptoniphilus,EGF,-0.12156597079911079,0.010265653730445391,0.0673760415943613,True
Peptoniphilus,BDNF,-0.11095047154146216,0.01922433337015059,0.10071711180896156,True
Peptoniphilus,TRAIL,-0.10743925900561906,0.023413239355945307,0.11500135205326797,True
Peptoniphilus,GCSF,-0.10264429743761944,0.030394218591036113,0.13548858899489175,True
Peptoniphilus,GROA,-0.13619387913579395,0.003997546684354865,0.035751961921486386,True
Peptoniphilus,IL1A,-0.12266279288295515,0.009595245372095796,0.06447847912618974,True
Peptoniphilus,IL23,-0.10637056192875007,0.02483575308048729,0.1195241187148431,True
Peptoniphilus,IL12P40,-0.07148680169028426,0.1321439071120104,0.3271263960640067,False
Peptoniphilus,IL15,-0.06594812158417071,0.1649007256794456,0.37517159839972963,False
Peptoniphilus,IL18,-0.033705944535856756,0.47818215328019886,0.697119146263857,False
Peptoniphilus,MCSF,-0.1767539274874393,0.00017847130159794186,0.004654418230562197,True
Peptoniphilus,MCP3,-0.0919529343503513,0.05257421230641858,0.1888074990588978,True
Peptoniphilus,MIG,-0.05148344023016673,0.2784940569412527,0.5092551313906267,False
Peptoniphilus,RESISTIN,0.02892710807391248,0.5427703283191279,0.74365947137873,False
Peptoniphilus,IL21,-0.021798730615665417,0.646517232816085,0.8117904574068228,False
Peptoniphilus,ICAM1,-0.001602598365032509,0.9731069811287323,0.986959010412547,False
Peptoniphilus,VCAM1,-0.09706261295236622,0.04069602964362986,0.16189728015613525,True
Peptoniphilus,FGFB,-0.1276745395362204,0.007001629098529319,0.05174067440277513,True
Peptoniphilus,IL22,-0.054994401586391975,0.2469777038482586,0.4759933928711893,False
Peptoniphilus,PDGFBB,-0.0629953717162721,0.1846844220327528,0.4012856633470043,False
Peptoniphilus,VEGF,-0.08195224369574831,0.08419860973793739,0.25244218211575026,False
Peptoniphilus,LEPTIN,0.006320722018451471,0.8942233687190715,0.9515602297962659,False
Peptoniphilus,PAI1,-0.07731464314365007,0.10335415696563076,0.28223414940919334,False
Peptoniphilus,CD40L,0.05547296613882593,0.24288278978934066,0.4711409960140339,False
Peptoniphilus,ENA78,-0.09340770863583596,0.04892980949395914,0.18066219704912057,True
Peptostreptococcus,IL17F,-0.11368579749212437,0.01642903529854947,0.09186467950828173,True
Peptostreptococcus,FASL,-0.08338009116992091,0.07891467268472374,0.24212288930158937,False
Peptostreptococcus,TGFA,-0.09766675189338982,0.03945466048888309,0.15915926670258293,True
Peptostreptococcus,MIP1A,0.09323190861075142,0.049358666881792565,0.1816944503811468,True
Peptostreptococcus,SDF1A,0.0027577902911689735,0.9537389633870774,0.9784468453004149,False
Peptostreptococcus,IL27,-0.0994201260475199,0.036031850320595575,0.150957067768989,True
Peptostreptococcus,LIF,-0.06774272499562654,0.15367957294928342,0.35877301814873047,False
Peptostreptococcus,IL1B,-0.23565427616831336,4.952701354222265e-07,7.179960286753395e-05,True
Peptostreptococcus,IL2,-0.11992356156432951,0.011347284482019673,0.07189044371706294,True
Peptostreptococcus,IL4,-0.1543082854618577,0.0010924750962937578,0.014978608482981732,True
Peptostreptococcus,IL5,-0.06325459778982477,0.18288047012649883,0.3991223543296492,False
Peptostreptococcus,IP10,-0.027125243808015627,0.5682008095494583,0.7624018723071825,False
Peptostreptococcus,IL6,-0.05879072018310436,0.21579978575941305,0.44008156558053246,False
Peptostreptococcus,IL7,-0.09027506841907341,0.05705550883500259,0.19769884221281392,False
Peptostreptococcus,IL8,-0.10147551571588498,0.03234388810386232,0.14108232253445785,True
Peptostreptococcus,IL10,-0.14692543761515037,0.0018863942331948861,0.021448759343523863,True
Peptostreptococcus,IFNB,-0.13798809522430663,0.003538248695121309,0.0329589903833051,True
Peptostreptococcus,EOTAXIN,-0.17170649934617413,0.0002736703923486007,0.005905190873090035,True
Peptostreptococcus,IL12P70,-0.041870242765190434,0.37823342392841053,0.6078619323583748,False
Peptostreptococcus,IL13,-0.06731306388930712,0.1563119598188077,0.3630827756582955,False
Peptostreptococcus,IL17A,-0.11559755237494462,0.014693006671538217,0.0853321219635443,True
Peptostreptococcus,IL31,-0.07520164230214021,0.11315678153594898,0.2973872440366262,False
Peptostreptococcus,IL1RA,-0.04975126175962317,0.29500700007436875,0.5269394830101698,False
Peptostreptococcus,SCF,-0.09200054321207798,0.052451462912108525,0.1885727649115849,True
Peptostreptococcus,RANTES,0.004882487151537842,0.9181954371143033,0.9611245006141704,False
Peptostreptococcus,IFNG,-0.1418303412221898,0.0027115932907052264,0.026973649505320003,True
Peptostreptococcus,GMCSF,-0.053684053569137004,0.2584356855669937,0.4886189083850065,False
Peptostreptococcus,TNFA,-0.12073623488393437,0.010800090232257422,0.06964427600040728,True
Peptostreptococcus,HGF,-0.04491154620460264,0.3445453437893221,0.5773462517550803,False
Peptostreptococcus,MIP1B,0.024594460487820675,0.6048492243575934,0.784200034512498,False
Peptostreptococcus,IFNA,-0.08210459373917732,0.08362156089058977,0.25140022789247757,False
Peptostreptococcus,TGFB,-0.10134335915726239,0.0325709182972713,0.1415257397129886,True
Peptostreptococcus,MCP1,-0.14396587623204835,0.002332261609064654,0.0244850212376564,True
Peptostreptococcus,IL9,-0.1585903551755538,0.0007869952227420796,0.012246368998738665,True
Peptostreptococcus,VEGFD,-0.20587751564317072,1.19905346603757e-05,0.0007078005430058901,True
Peptostreptococcus,TNFB,-0.0670186185924561,0.15813551420075778,0.365934747099781,False
Peptostreptococcus,NGF,-0.029461245879789346,0.5353419154052446,0.739546048495642,False
Peptostreptococcus,EGF,-0.10638666781464572,0.024813773376087173,0.1195241187148431,True
Peptostreptococcus,BDNF,-0.04275410022694924,0.3682407987363179,0.5982856745436271,False
Peptostreptococcus,TRAIL,0.025583204447348067,0.5904055146308551,0.7752117345282906,False
Peptostreptococcus,GCSF,-0.03085221344830346,0.5162400261679766,0.7267291972061849,False
Peptostreptococcus,GROA,-0.14667131081412732,0.001921368183337505,0.02169551922998068,True
Peptostreptococcus,IL1A,-0.001860178827735003,0.9687865989968786,0.9849730087573462,False
Peptostreptococcus,IL23,-0.05218362606514506,0.27200054578746724,0.5029790621596046,False
Peptostreptococcus,IL12P40,0.12604292013352736,0.007767232527650397,0.055125542302071714,True
Peptostreptococcus,IL15,-0.16880564497997205,0.00034803544221485616,0.006903286497694269,True
Peptostreptococcus,IL18,-0.09270835258974594,0.05065451863620672,0.184671688134514,True
Peptostreptococcus,MCSF,-0.09235372029265776,0.05154830714128006,0.1864135039613862,True
Peptostreptococcus,MCP3,-0.13103183010111866,0.005635132653455759,0.04512683809729234,True
Peptostreptococcus,MIG,-0.0012889873830015572,0.9783682093726342,0.9894084743532446,False
Peptostreptococcus,RESISTIN,0.0022884529979432513,0.9616052635262905,0.9821285783421978,False
Peptostreptococcus,IL21,-0.020778279028169002,0.6620151521862084,0.8203828246702254,False
Peptostreptococcus,ICAM1,0.001979808499810947,0.9667803602177197,0.9841512588833418,False
Peptostreptococcus,VCAM1,-0.11298659627682275,0.017107423283451103,0.09400500486525137,True
Peptostreptococcus,FGFB,0.04759562180456454,0.31645246682377365,0.5478729220141835,False
Peptostreptococcus,IL22,-0.045838052865370356,0.33467391794526435,0.5663889241380972,False
Peptostreptococcus,PDGFBB,-0.18783405722236238,6.698185478550989e-05,0.002333240722528468,True
Peptostreptococcus,VEGF,-0.1648562962061356,0.0004798025109266445,0.008754572361865373,True
Peptostreptococcus,LEPTIN,0.014896875055217999,0.7539893591010473,0.8764185950773647,False
Peptostreptococcus,PAI1,0.10033487263169728,0.03434859680605666,0.1460148630073767,True
Peptostreptococcus,CD40L,-0.1473828615409898,0.0018249066531647758,0.020894227394771613,True
Peptostreptococcus,ENA78,-0.15856006509258394,0.0007888460452626346,0.012246368998738665,True
Plantibacter,IL17F,-0.018934548560164334,0.6903817755581272,0.8386671033212592,False
Plantibacter,FASL,-0.05757290637884075,0.2254773862345323,0.4522813465512551,False
Plantibacter,TGFA,0.02371735732408123,0.6177926367926493,0.7934080007167713,False
Plantibacter,MIP1A,-0.005983922107540144,0.8998292404380225,0.9532040245258999,False
Plantibacter,SDF1A,-0.07775670853450907,0.10139102850713448,0.27972627123862115,False
Plantibacter,IL27,0.0026312504158716114,0.9558594172921204,0.9795074985099504,False
Plantibacter,LIF,0.09578244325657374,0.04343579333711792,0.1675648116536523,True
Plantibacter,IL1B,-0.028261724576671088,0.5520950466217689,0.7513187423519323,False
Plantibacter,IL2,-0.011022505329523022,0.8166366115642107,0.9116752421625827,False
Plantibacter,IL4,-0.13280634139598133,0.005014311389601646,0.04178819212892495,True
Plantibacter,IL5,-0.06540137997934248,0.16843866211055497,0.3807540314344992,False
Plantibacter,IP10,0.02413105080617948,0.6116726881318145,0.7889401229364683,False
Plantibacter,IL6,-0.0448848216247091,0.3448327998653935,0.5776315617796176,False
Plantibacter,IL7,0.03566617139027282,0.4529528071616493,0.6746047398397853,False
Plantibacter,IL8,-0.08892442823653669,0.0608889039730758,0.20575439029192447,False
Plantibacter,IL10,-0.04777462723494138,0.3146337511595187,0.5460668167131224,False
Plantibacter,IFNB,0.06511976236549492,0.17028300518384248,0.3835160761028831,False
Plantibacter,EOTAXIN,0.01574644079640957,0.7404497663398143,0.8694049398524881,False
Plantibacter,IL12P70,-0.07599714951167019,0.10938389681158216,0.29174820456677414,False
Plantibacter,IL13,-0.0884757924316987,0.06220833956660811,0.20837574293157415,False
Plantibacter,IL17A,-0.10783952388097927,0.022898898046299826,0.11339782964653206,True
Plantibacter,IL31,-0.07409296103035726,0.11858452347074282,0.3056225444116556,False
Plantibacter,IL1RA,0.02470966011005989,0.6031582645248961,0.7832579146026409,False
Plantibacter,SCF,-0.04629928305709339,0.3298281701642014,0.561219474554658,False
Plantibacter,RANTES,-0.08315793179129943,0.07971868450700197,0.24360408923435384,False
Plantibacter,IFNG,-0.0484962829566331,0.3073712365758653,0.5391575889973096,False
Plantibacter,GMCSF,-0.00046675391214780985,0.9921661031256377,0.9961653928959203,False
Plantibacter,TNFA,-0.0996569963931984,0.03558938892223552,0.149618529762876,True
Plantibacter,HGF,0.08116330548783098,0.08723840804132983,0.2577308780631045,False
Plantibacter,MIP1B,-0.1522737907691765,0.001273021815089154,0.016510754860646255,True
Plantibacter,IFNA,-0.1030308993226381,0.029771868331381235,0.1336617342962061,True
Plantibacter,TGFB,-0.00445044658375184,0.9254120691880527,0.9637628606963885,False
Plantibacter,MCP1,-0.012236249054593251,0.796864146131487,0.9003126041193295,False
Plantibacter,IL9,-0.06037458790284965,0.20366426392363013,0.42534905802013734,False
Plantibacter,VEGFD,-0.01872533594531243,0.6936290903753846,0.8405867586947157,False
Plantibacter,TNFB,-0.13256358744886504,0.00509543211509455,0.04224623195172588,True
Plantibacter,NGF,-0.03329748639331359,0.48353399823098986,0.7011800827614407,False
Plantibacter,EGF,-0.07809195953816002,0.09992206831706683,0.27746851486146396,False
Plantibacter,BDNF,-0.023736927740824976,0.61750252195964,0.7932548630026947,False
Plantibacter,TRAIL,-0.09301175992392317,0.04990013897951338,0.18314056964260716,True
Plantibacter,GCSF,-0.11918903827476249,0.011862816753498017,0.0739431795926803,True
Plantibacter,GROA,-0.06856651681460948,0.1487266164900868,0.35134123780476295,False
Plantibacter,IL1A,-0.09098984391392241,0.0551091759866983,0.19363060346515237,False
Plantibacter,IL23,-0.05481777894982387,0.2485011102812946,0.47795171895594424,False
Plantibacter,IL12P40,0.006546028816283233,0.8904761656629092,0.9495829568774465,False
Plantibacter,IL15,-0.05516538319696382,0.2455091742518929,0.47411020525490616,False
Plantibacter,IL18,0.005729856010080083,0.9040613612301488,0.9552297730596574,False
Plantibacter,MCSF,-0.10119150177794711,0.032833470538568325,0.14202384930636533,True
Plantibacter,MCP3,-0.09102419317446617,0.05501704946802032,0.19350809128236837,False
Plantibacter,MIG,0.007155510700280843,0.8803519769709035,0.9449596895665469,False
Plantibacter,RESISTIN,0.11740703500138305,0.013200461849247913,0.0790584161056415,True
Plantibacter,IL21,-0.02663060667192055,0.5752798861504612,0.7646095615034713,False
Plantibacter,ICAM1,0.008659628043572442,0.855453496142348,0.9324707105555036,False
Plantibacter,VCAM1,-0.08192443849578421,0.08430427192884313,0.2526821260792142,False
Plantibacter,FGFB,-0.11377365092845654,0.016345485059527792,0.09170961395379908,True
Plantibacter,IL22,-0.08957094284224269,0.05902822437486059,0.20190847879506443,False
Plantibacter,PDGFBB,0.10130783426973881,0.032632177558087144,0.1415257397129886,True
Plantibacter,VEGF,-0.0010437282580728754,0.9824834123257191,0.9913328023241493,False
Plantibacter,LEPTIN,-0.01866250863915503,0.6946053698850836,0.8405867586947157,False
Plantibacter,PAI1,-0.0732160586889793,0.1230199477359426,0.31272064073773137,False
Plantibacter,CD40L,0.07707280607646336,0.1044407839957676,0.2837567810562423,False
Plantibacter,ENA78,-0.09854947733590824,0.03769855563235892,0.15500770235471484,True
Polaromonas,IL17F,0.02499415970221839,0.5989913412462589,0.7807558696291974,False
Polaromonas,FASL,-0.032803341771106644,0.4900516192513872,0.7062761495000256,False
Polaromonas,TGFA,-0.020651898116076484,0.663944793230963,0.821741088722013,False
Polaromonas,MIP1A,-0.02467676767346387,0.60364086058102,0.7832949326849671,False
Polaromonas,SDF1A,0.0418090894597782,0.37893090605122326,0.6086851673216489,False
Polaromonas,IL27,-0.028490210453375613,0.5488842131039673,0.748499180077315,False
Polaromonas,LIF,-0.08585114229499219,0.07040756337324101,0.2244753427339618,False
Polaromonas,IL1B,0.026249085216204348,0.5807683110939601,0.7689795058413871,False
Polaromonas,IL2,-0.01863407557332082,0.6950473601216662,0.8408401790535697,False
Polaromonas,IL4,0.01868836377799564,0.6942035431685816,0.8405867586947157,False
Polaromonas,IL5,0.003126516685536308,0.9475620567241595,0.9759527143611577,False
Polaromonas,IP10,0.021350996223690116,0.6532988127013402,0.8162059811329803,False
Polaromonas,IL6,-0.03075184379896078,0.5176064974298797,0.7274953406029588,False
Polaromonas,IL7,-0.002602005917451177,0.9563495180208963,0.9796900094227479,False
Polaromonas,IL8,-0.006856545776527247,0.8853157948809918,0.9471264356691936,False
Polaromonas,IL10,-0.0116331038924484,0.8066742814520639,0.9063363422104451,False
Polaromonas,IFNB,-0.08446677877354933,0.07507609584033412,0.23354375285390147,False
Polaromonas,EOTAXIN,0.03320878227130916,0.4847005157218063,0.7021568969853881,False
Polaromonas,IL12P70,0.021562974160208637,0.6500845005273518,0.814134890764531,False
Polaromonas,IL13,0.007628648676127453,0.8725059453451176,0.9416645072489785,False
Polaromonas,IL17A,0.06697601186867627,0.158400709931081,0.36608702226952133,False
Polaromonas,IL31,-0.031732103112021286,0.5043411598583549,0.7158812316607146,False
Polaromonas,IL1RA,-0.040012403398168736,0.3997735224953032,0.6291454956511332,False
Polaromonas,SCF,0.03135177449510495,0.5094666429257274,0.7207695416133497,False
Polaromonas,RANTES,-0.04353855171900638,0.3595105832854759,0.5907743507298252,False
Polaromonas,IFNG,0.006986373521819452,0.8831596572375908,0.946633456675891,False
Polaromonas,GMCSF,0.038561635352889014,0.4170943871276792,0.6434611061509643,False
Polaromonas,TNFA,0.06846216100217274,0.14934723982993608,0.3522165287663899,False
Polaromonas,HGF,0.0009085068632209825,0.9847524978265905,0.992606352103735,False
Polaromonas,MIP1B,0.155816572917389,0.0009741992529975759,0.013867007072663695,True
Polaromonas,IFNA,0.006203491178807534,0.89617403656513,0.952040592432602,False
Polaromonas,TGFB,-0.003586258400388749,0.9398649009808338,0.971531996529668,False
Polaromonas,MCP1,0.05654571338072949,0.23387712104574435,0.46166613121124306,False
Polaromonas,IL9,0.00292001010741404,0.9510210929420233,0.9772043232737821,False
Polaromonas,VEGFD,0.03345318640497944,0.4814901179254336,0.6995327166067239,False
Polaromonas,TNFB,0.041788928937836804,0.37916101903838295,0.6087846833699887,False
Polaromonas,NGF,-0.015711829235845066,0.7409998427642064,0.8695676390983359,False
Polaromonas,EGF,0.06430669988158844,0.17569243046986047,0.3898212873220537,False
Polaromonas,BDNF,0.08541920884828531,0.0718380060201254,0.22676242822491072,False
Polaromonas,TRAIL,0.03753234634369735,0.4296462511681103,0.6538210472391527,False
Polaromonas,GCSF,0.016788703709311046,0.7239483489245936,0.859052786401353,False
Polaromonas,GROA,-0.018529457555877055,0.6966745291266758,0.8422304283875541,False
Polaromonas,IL1A,0.016318507281403265,0.7313773453972118,0.8644985456745461,False
Polaromonas,IL23,-0.0006046288834995702,0.9898521495539633,0.9952027017137144,False
Polaromonas,IL12P40,0.0322844367313913,0.4969462008201241,0.7110153334811006,False
Polaromonas,IL15,0.01782429327162535,0.7076782330406164,0.8496115816070899,False
Polaromonas,IL18,-0.09796581021833117,0.038852113407008025,0.15780969673106102,True
Polaromonas,MCSF,-0.02053699201354769,0.6657011616108789,0.8229505031822975,False
Polaromonas,MCP3,0.09103590457345825,0.054985668148622276,0.19350809128236837,False
Polaromonas,MIG,0.04477479573846648,0.3460178703229273,0.5783391260839975,False
Polaromonas,RESISTIN,-0.06092051166431935,0.199598365054869,0.42044907969052864,False
Polaromonas,IL21,-0.03799481637742044,0.42397971876436824,0.6484008792397056,False
Polaromonas,ICAM1,0.08306841243693829,0.08004453196865086,0.24437255997118618,False
Polaromonas,VCAM1,0.11173921576738151,0.018378646394307828,0.09830057800865775,True
Polaromonas,FGFB,-0.014682140363195808,0.7574237558476848,0.8783300064870577,False
Polaromonas,IL22,0.025195159759536845,0.5960552572024886,0.7781635181435748,False
Polaromonas,PDGFBB,-0.053251358374725465,0.2622986742915575,0.49252196784117597,False
Polaromonas,VEGF,0.03873730464820723,0.4149738872217811,0.6413942584246344,False
Polaromonas,LEPTIN,0.076086156852116,0.10896799744791787,0.291191791499478,False
Polaromonas,PAI1,0.09836895471559613,0.03805219719873782,0.1555620505605632,True
Polaromonas,CD40L,-0.050757227139478986,0.2853391667765621,0.5165975217783929,False
Polaromonas,ENA78,0.0881967620529405,0.06304079342990015,0.21009335416901817,False
Polynucleobacter,IL17F,0.08538198816078822,0.0719623729869284,0.22700962332964483,False
Polynucleobacter,FASL,0.06335543108982333,0.18218229959836205,0.39821576706001177,False
Polynucleobacter,TGFA,0.04641051177823937,0.32866639687335386,0.559971196055569,False
Polynucleobacter,MIP1A,0.003332541573340367,0.9441120702044417,0.9739674399333332,False
Polynucleobacter,SDF1A,0.13033679283294888,0.005896556242171048,0.0464283158429091,True
Polynucleobacter,IL27,0.08927506376195922,0.05987384783086658,0.2033431337726272,False
Polynucleobacter,LIF,-0.0171181265269979,0.718758890086423,0.856049914035515,False
Polynucleobacter,IL1B,0.06517654552547404,0.16990991759779928,0.38304003132476433,False
Polynucleobacter,IL2,0.04939186524233762,0.29851340090969014,0.5307416542511229,False
Polynucleobacter,IL4,0.12880978003454074,0.0065095317053547545,0.04924862897266859,True
Polynucleobacter,IL5,0.08928214447441583,0.05985349480919075,0.2033431337726272,False
Polynucleobacter,IP10,0.0538743665894902,0.25674912813175704,0.4872055640274997,False
Polynucleobacter,IL6,0.05369869741556875,0.25830564037618314,0.4884667183634018,False
Polynucleobacter,IL7,0.0025815112483120223,0.9566929925133296,0.9797506254099734,False
Polynucleobacter,IL8,0.09128820026412279,0.05431323165153783,0.1922799752776999,False
Polynucleobacter,IL10,0.022362533523778552,0.6380191369534165,0.8054683145891228,False
Polynucleobacter,IFNB,-0.016220243759359817,0.732933089872958,0.865190654809371,False
Polynucleobacter,EOTAXIN,0.09097289920748425,0.05515466976365874,0.19363060346515237,False
Polynucleobacter,IL12P70,0.06044218376034079,0.20315759308162679,0.42486285683788516,False
Polynucleobacter,IL13,0.09982881877689218,0.035271331931477495,0.14878253751840187,True
Polynucleobacter,IL17A,0.11923825611000105,0.011827636616807009,0.07380348967726104,True
Polynucleobacter,IL31,-0.00209520468816861,0.9648453171057075,0.9828919227062173,False
Polynucleobacter,IL1RA,0.029082845200551072,0.5405991697842452,0.7423513031790117,False
Polynucleobacter,SCF,0.17615318483050227,0.00018790300169127744,0.0047730862099578455,True
Polynucleobacter,RANTES,0.028120669361290672,0.5540818250770405,0.752574195439277,False
Polynucleobacter,IFNG,0.11120253617338385,0.018950458575442752,0.09990033189129127,True
Polynucleobacter,GMCSF,0.07567452920486352,0.11090187682601028,0.29365315652721174,False
Polynucleobacter,TNFA,0.1414213079221359,0.0027903632567259414,0.027673441634612002,True
Polynucleobacter,HGF,0.06687347232504516,0.15904031920338704,0.3672568439229303,False
Polynucleobacter,MIP1B,0.20319808398904243,1.563421914484536e-05,0.0008421974444256041,True
Polynucleobacter,IFNA,0.08215933703465594,0.08341499348946019,0.2512084973238566,False
Polynucleobacter,TGFB,0.09980379415458175,0.035317503557786935,0.14891358001397076,True
Polynucleobacter,MCP1,0.05388045787053257,0.25669527315479423,0.4871971510897115,False
Polynucleobacter,IL9,0.09534505382654158,0.04440677906140342,0.16980683785388476,True
Polynucleobacter,VEGFD,-0.01635789308488164,0.7307540832647018,0.8640726583691293,False
Polynucleobacter,TNFB,0.1575313388077502,0.0008541471216163858,0.012889602799900642,True
Polynucleobacter,NGF,0.026740382371501795,0.5737052322100069,0.7640261607689972,False
Polynucleobacter,EGF,0.13604144327266274,0.00403895272914626,0.036065213771670136,True
Polynucleobacter,BDNF,0.19347081458333526,3.979342018460224e-05,0.0015691341447192355,True
Polynucleobacter,TRAIL,0.10304985890367796,0.029741630230655722,0.1336617342962061,True
Polynucleobacter,GCSF,0.09024059315071718,0.057150807592354476,0.19782045689797417,False
Polynucleobacter,GROA,0.09439472930184298,0.04657949363070723,0.17519292186627697,True
Polynucleobacter,IL1A,0.08731987177574829,0.06571681538855392,0.2160174611871839,False
Polynucleobacter,IL23,0.04909579725132687,0.3014226972129568,0.5334694702199871,False
Polynucleobacter,IL12P40,0.057784671057989304,0.2237727389753034,0.45056202222600916,False
Polynucleobacter,IL15,0.10058836912491358,0.03389415369319071,0.14502107947373002,True
Polynucleobacter,IL18,-0.0212987122105824,0.6540926073155983,0.8164149054086057,False
Polynucleobacter,MCSF,0.0807366247775064,0.08891883442311437,0.26009246382669876,False
Polynucleobacter,MCP3,0.16454318124266482,0.0004920230105654022,0.008867208113626573,True
Polynucleobacter,MIG,0.05950469888749501,0.2102665595064164,0.43291723968551643,False
Polynucleobacter,RESISTIN,0.0104787452523198,0.8255334048637509,0.916577971704251,False
Polynucleobacter,IL21,0.03311888666285409,0.48588425081303155,0.7031068761196295,False
Polynucleobacter,ICAM1,0.05175343475701767,0.2759777869805872,0.5065330523281752,False
Polynucleobacter,VCAM1,0.05277665573676808,0.2665822113202341,0.4975832849272302,False
Polynucleobacter,FGFB,0.10202055780381511,0.031421790281082725,0.13865533061365867,True
Polynucleobacter,IL22,0.0609196745680131,0.19960455396141955,0.42044907969052864,False
Polynucleobacter,PDGFBB,0.046446863047414584,0.32828728535546037,0.5597886973870834,False
Polynucleobacter,VEGF,0.12700781853169593,0.007305914600980794,0.05330992312099827,True
Polynucleobacter,LEPTIN,0.09325425945383771,0.0493039690717991,0.18162874705149307,True
Polynucleobacter,PAI1,0.1877357307368591,6.7584029099366e-05,0.002337888721046001,True
Polynucleobacter,CD40L,0.001594904204806637,0.9732360475579003,0.986959010412547,False
Polynucleobacter,ENA78,0.12382643568789645,0.00892679459409816,0.06083591577959829,True
Porphyromonas,IL17F,0.11918415448068892,0.011866312651209195,0.0739431795926803,True
Porphyromonas,FASL,0.047734545731038774,0.31504038761727154,0.5462916695041448,False
Porphyromonas,TGFA,0.011829127801413928,0.8034825523843052,0.903756070412011,False
Porphyromonas,MIP1A,0.11948207385443328,0.01165471587704059,0.07313315666191353,True
Porphyromonas,SDF1A,0.09302209197498983,0.049874615977656425,0.18311507050567485,True
Porphyromonas,IL27,-0.07003167898597282,0.14021895466503417,0.33962615604125473,False
Porphyromonas,LIF,-0.09474898386830383,0.04575936275823558,0.1729661802418276,True
Porphyromonas,IL1B,-0.062399923025943875,0.18887777816193127,0.4066388795560055,False
Porphyromonas,IL2,-0.005262420201026951,0.9118547137450005,0.9589098449532674,False
Porphyromonas,IL4,0.06442957233793145,0.17486684706801944,0.3891280763874798,False
Porphyromonas,IL5,0.086767544802968,0.0674497642273695,0.2191551617131978,False
Porphyromonas,IP10,-0.0656026154710428,0.16712993208910107,0.37901239257749214,False
Porphyromonas,IL6,0.001833043765041002,0.9692416930022542,0.9852324819154693,False
Porphyromonas,IL7,0.07461360058946595,0.11601082862751247,0.30212698956752754,False
Porphyromonas,IL8,0.004223005781050377,0.9292136460656628,0.9652463775463966,False
Porphyromonas,IL10,-0.02778573659971341,0.5588133161144724,0.7557664522234145,False
Porphyromonas,IFNB,-0.029987997992276312,0.5280665701302326,0.7348872622846002,False
Porphyromonas,EOTAXIN,-0.11081725208416532,0.019370467577103572,0.10124818100481814,True
Porphyromonas,IL12P70,0.01954514344070167,0.6809369794680731,0.8321156245935619,False
Porphyromonas,IL13,0.03487622511782222,0.46302872510702664,0.6840307466064841,False
Porphyromonas,IL17A,0.04702887731070627,0.32225590864366416,0.5537386695850167,False
Porphyromonas,IL31,0.04196476413637053,0.3771569147482525,0.6072354827349921,False
Porphyromonas,IL1RA,-0.025239200490104575,0.5954128115916226,0.7779141630355004,False
Porphyromonas,SCF,0.06615298975574943,0.1635894941422853,0.37356155507404415,False
Porphyromonas,RANTES,0.04411539713580546,0.35317423393210234,0.5852398046903118,False
Porphyromonas,IFNG,-0.003625211966636564,0.9392129739187214,0.9713635676701674,False
Porphyromonas,GMCSF,-0.0453733827088597,0.33960180315047783,0.5712960026377834,False
Porphyromonas,TNFA,0.10711631714315592,0.023835475520237685,0.11620678421290954,True
Porphyromonas,HGF,0.02583269781101059,0.5867860393251302,0.7725947315092025,False
Porphyromonas,MIP1B,0.24875284801552378,1.0579233189330615e-07,2.3175573506760264e-05,True
Porphyromonas,IFNA,0.13361088547357863,0.004753710907425314,0.04032881422151355,True
Porphyromonas,TGFB,-0.016103505396664924,0.7347827565052698,0.8663423530234361,False
Porphyromonas,MCP1,0.0058159138032518425,0.9026275382062172,0.9546295753284937,False
Porphyromonas,IL9,-0.020978861470796903,0.6589571600901705,0.818857895395046,False
Porphyromonas,VEGFD,-0.18084403729787352,0.00012512965887021368,0.0036653944725366324,True
Porphyromonas,TNFB,0.06007967091419666,0.20588556582566525,0.42728840166513854,False
Porphyromonas,NGF,0.05789569942461933,0.2228826704698571,0.44942733738198043,False
Porphyromonas,EGF,0.06864066715261889,0.1482868247568834,0.35077460490292267,False
Porphyromonas,BDNF,0.09579105451886587,0.043416857580721946,0.1675648116536523,True
Porphyromonas,TRAIL,0.14193750895831037,0.002691292874668986,0.0269074697347737,True
Porphyromonas,GCSF,0.05833912827620421,0.21935307176063992,0.4446560899463892,False
Porphyromonas,GROA,-0.014578172526663241,0.7590883047039145,0.8793293193620669,False
Porphyromonas,IL1A,0.15538811827810328,0.0010065354915043,0.014235906564202854,True
Porphyromonas,IL23,0.011815183743034509,0.8037094871758019,0.903756070412011,False
Porphyromonas,IL12P40,0.027140690663925975,0.567980409730764,0.7623078119980765,False
Porphyromonas,IL15,0.004549407147853507,0.9237585098407398,0.9633355961081153,False
Porphyromonas,IL18,-0.030218108402666585,0.5249041858995336,0.7332443622782489,False
Porphyromonas,MCSF,0.031817593005668644,0.5031928011468942,0.7149718411222374,False
Porphyromonas,MCP3,0.0626412091799374,0.18717020302557497,0.40480997398554586,False
Porphyromonas,MIG,0.0390358025764015,0.41138532426282515,0.6387433733984418,False
Porphyromonas,RESISTIN,-0.0872691780072258,0.06587432929813757,0.2161121510483734,False
Porphyromonas,IL21,0.05261886061971745,0.2680166581822206,0.4991926109271054,False
Porphyromonas,ICAM1,-0.07692901109529528,0.10509116074763299,0.2845499182567803,False
Porphyromonas,VCAM1,0.07668053798731658,0.10622253734504805,0.28677103197119624,False
Porphyromonas,FGFB,0.09859881946343872,0.03760238135856857,0.15477422773810812,True
Porphyromonas,IL22,0.10223671344045444,0.031062374131053495,0.13762376817255073,True
Porphyromonas,PDGFBB,-0.12064293411460421,0.01086170118365541,0.06993772061951342,True
Porphyromonas,VEGF,0.05089239140552419,0.2840566289393702,0.5150322324966548,False
Porphyromonas,LEPTIN,-0.031282436715249294,0.5104039914105784,0.7217849013520989,False
Porphyromonas,PAI1,0.15588946738352152,0.0009687941688706656,0.013864157667941471,True
Porphyromonas,CD40L,0.013708795371728087,0.7730501108448016,0.8870594800032655,False
Porphyromonas,ENA78,0.025788575095623233,0.5874253946063459,0.7728332497036378,False
Prauserella,IL17F,-0.05952514616756996,0.21010961757495744,0.43268448089699824,False
Prauserella,FASL,-0.06890896986494445,0.14670376868027343,0.34881952524122906,False
Prauserella,TGFA,-0.042991872123067286,0.36558083344426184,0.5959470801280259,False
Prauserella,MIP1A,-0.09021509512002751,0.057221375744408554,0.19796084721974105,False
Prauserella,SDF1A,-0.10224488950380772,0.031048848561376404,0.13762376817255073,True
Prauserella,IL27,-0.007266987453025812,0.8785022778174278,0.9444125245735482,False
Prauserella,LIF,0.07955560566042662,0.09370594105933576,0.2687672874492092,False
Prauserella,IL1B,-0.00815575832866313,0.8637796330246889,0.9375620765785023,False
Prauserella,IL2,0.007574733915194602,0.8733993961976699,0.9419810159237445,False
Prauserella,IL4,-0.02348864958932112,0.6211874303235201,0.7955912288072314,False
Prauserella,IL5,-0.00408705004680772,0.9314868633420419,0.9666003293017957,False
Prauserella,IP10,-0.021550495609599835,0.6502735392421546,0.814134890764531,False
Prauserella,IL6,-0.013702991147087278,0.7731435761301805,0.8870634745683564,False
Prauserella,IL7,0.07219454874502775,0.12834844209902216,0.32074851869452703,False
Prauserella,IL8,-0.04050298448754832,0.394015391331327,0.6232493898770284,False
Prauserella,IL10,-0.059864743005074064,0.20751540719965075,0.42922571731816256,False
Prauserella,IFNB,0.01896360852545349,0.6899311656436303,0.8382752467484871,False
Prauserella,EOTAXIN,0.06995367762688882,0.1406622680432362,0.34013920655924995,False
Prauserella,IL12P70,-0.008139957039163783,0.8640409885892448,0.9375620765785023,False
Prauserella,IL13,-0.023507129572111367,0.6209128251179812,0.7955912288072314,False
Prauserella,IL17A,-0.06259436670768224,0.18750081400289886,0.40520570660076427,False
Prauserella,IL31,0.020122136100425167,0.6720575035938025,0.8261322250575256,False
Prauserella,IL1RA,-0.011659148678803053,0.8062500251094615,0.9060662046886767,False
Prauserella,SCF,-0.11153729709172952,0.01859199242601712,0.09853755985789073,True
Prauserella,RANTES,-0.01152220122903776,0.8084814628030405,0.9069477317229058,False
Prauserella,IFNG,-0.004471902752202953,0.9250535246396254,0.9637628606963885,False
Prauserella,GMCSF,0.0243085165088352,0.6090555849174779,0.7871093282795618,False
Prauserella,TNFA,-0.07582915348237093,0.11017228924365663,0.292822439300072,False
Prauserella,HGF,-0.0031124683902838605,0.9477973386552321,0.9760144327236266,False
Prauserella,MIP1B,-0.14334425303067946,0.0024373502975951417,0.025215459713844323,True
Prauserella,IFNA,-0.0493171046246644,0.2992462625691061,0.5316312580505156,False
Prauserella,TGFB,-0.025671468500538617,0.5891238707884031,0.7745509626876604,False
Prauserella,MCP1,0.028699022494531982,0.5459579041266234,0.7455399665992871,False
Prauserella,IL9,-0.02730674159980527,0.5656137294435097,0.7607253243827576,False
Prauserella,VEGFD,0.09506185259432634,0.04504515917139376,0.1710898818879376,True
Prauserella,TNFB,-0.04925985579586507,0.2998082682979102,0.5317578101620725,False
Prauserella,NGF,-0.01766082816130109,0.7102378281437202,0.8515914871380189,False
Prauserella,EGF,-0.07687406108128637,0.10534054104231597,0.28505271852735403,False
Prauserella,BDNF,-0.12332282399438443,0.009210830553447005,0.06237092121459093,True
Prauserella,TRAIL,-0.1238211053575972,0.008929759599622512,0.06083591577959829,True
Prauserella,GCSF,-0.04187439200919718,0.3781861284175355,0.6078619323583748,False
Prauserella,GROA,-0.023355144238434145,0.6231728275128402,0.7967882922985186,False
Prauserella,IL1A,-0.11077181080112349,0.01942053487688043,0.10145608522325769,True
Prauserella,IL23,-0.006194926768856013,0.8963165691181759,0.952040592432602,False
Prauserella,IL12P40,0.05121569641571181,0.28100467077633057,0.5121360777432181,False
Prauserella,IL15,0.013695816079440933,0.7732591205983927,0.8870927977259346,False
Prauserella,IL18,0.006123816378389274,0.8975001468612176,0.9524767410655489,False
Prauserella,MCSF,-0.014332882756266407,0.7630198484759385,0.8813978985558708,False
Prauserella,MCP3,-0.12596542442551295,0.007805388144343417,0.05521766547126177,True
Prauserella,MIG,-0.056705027279325436,0.2325600685779224,0.45998739085898055,False
Prauserella,RESISTIN,-0.019738162438969625,0.6779615813114636,0.8295079146789633,False
Prauserella,IL21,-0.07069441026147938,0.13649548675523018,0.33364059222242975,False
Prauserella,ICAM1,-0.06300982094502694,0.18458352586505208,0.40124022006123117,False
Prauserella,VCAM1,-0.009865744885152794,0.8355898681393157,0.9231474750775943,False
Prauserella,FGFB,-0.07323278558476554,0.12293415058777178,0.31266379166518427,False
Prauserella,IL22,0.013539006708082599,0.7757855636680301,0.888233924116079,False
Prauserella,PDGFBB,0.06931385111692646,0.14433929731001044,0.3459510802047369,False
Prauserella,VEGF,-0.11498918108152087,0.015227107262526858,0.08747600430885186,True
Prauserella,LEPTIN,0.006935424848137459,0.8840056945709557,0.9468537240873669,False
Prauserella,PAI1,-0.07495925927388637,0.11432643011386309,0.29894693582558685,False
Prauserella,CD40L,-0.0844002824173392,0.07530653741871127,0.23396528391858043,False
Prauserella,ENA78,-0.041269713739063546,0.3851168450390715,0.615151474740917,False
Prevotella,IL17F,-0.10564228943508505,0.02584734249122846,0.12211005843770234,True
Prevotella,FASL,-0.030401474721593418,0.5223911372032065,0.7313921077331642,False
Prevotella,TGFA,0.0048248248479424325,0.9191582298742184,0.9614878851973732,False
Prevotella,MIP1A,0.039401325902107244,0.4070160714676283,0.6350687610838682,False
Prevotella,SDF1A,-0.07823891160198698,0.0992835277915851,0.27655750691422604,False
Prevotella,IL27,0.04158620333032071,0.3814796969069387,0.6115834854624494,False
Prevotella,LIF,0.09146796479184037,0.05383829382757026,0.19133978113641043,False
Prevotella,IL1B,-0.06384073258232374,0.17884961143708583,0.39381270260147244,False
Prevotella,IL2,-0.07636579455435429,0.10766945640048983,0.289053785728766,False
Prevotella,IL4,-0.08960356482657071,0.0589355983582231,0.20180171191919533,False
Prevotella,IL5,-0.07698014085580716,0.10485953759890958,0.2842511680877606,False
Prevotella,IP10,-0.020523992967287574,0.6658999706171065,0.8230243117281137,False
Prevotella,IL6,0.0227067692098053,0.6328536564658578,0.802066439043185,False
Prevotella,IL7,-0.016199299695156266,0.7332648257167358,0.8652770710935578,False
Prevotella,IL8,-0.045813164711635546,0.33493669008052895,0.5666390751353793,False
Prevotella,IL10,0.0353885976357837,0.4564791812362511,0.6772985804676345,False
Prevotella,IFNB,0.0510482641147694,0.28258242972691944,0.5139663454332052,False
Prevotella,EOTAXIN,-0.08555195764093285,0.071395875421978,0.22611026266235276,False
Prevotella,IL12P70,-0.06654687918193133,0.1610904866010597,0.3697392356026185,False
Prevotella,IL13,-0.07098984676531532,0.13486032651765778,0.33151218436591057,False
Prevotella,IL17A,-0.06089827674994418,0.19976280194264107,0.42052378465472856,False
Prevotella,IL31,0.034133042900933386,0.4726207623721985,0.6916649600718631,False
Prevotella,IL1RA,0.0508356722125731,0.2845943479443769,0.5155567727433725,False
Prevotella,SCF,-0.11627783546284655,0.014115326798471134,0.08287605216160121,True
Prevotella,RANTES,-0.041880325411083226,0.3781185023384084,0.6078619323583748,False
Prevotella,IFNG,-0.07018715952309523,0.1393384920966434,0.3381582607308495,False
Prevotella,GMCSF,-0.03404838716721353,0.47372026472957796,0.6926630628454731,False
Prevotella,TNFA,-0.15844034947038085,0.0007962005317709442,0.012321734446150657,True
Prevotella,HGF,-0.004489697523340206,0.9247561755893421,0.9637628606963885,False
Prevotella,MIP1B,-0.17327807949517854,0.00023986567490910505,0.0055376951364261295,True
Prevotella,IFNA,-0.036327215112083616,0.4446167556228008,0.6673128282378302,False
Prevotella,TGFB,-0.002077129272114281,0.9651484048474378,0.9830990881366027,False
Prevotella,MCP1,-0.08988237851041711,0.05814883801393017,0.20022048380765758,False
Prevotella,IL9,-0.03537049062652644,0.45670975086676924,0.6774367625706607,False
Prevotella,VEGFD,0.035601996564091756,0.4537667368864384,0.6752716175588791,False
Prevotella,TNFB,-0.15066715282658355,0.0014345764293184685,0.01781115168793635,True
Prevotella,NGF,-0.037408809203471505,0.43116730950071525,0.655107995311224,False
Prevotella,EGF,-0.09359890423864656,0.048466938224738854,0.17988971273323628,True
Prevotella,BDNF,-0.11264383132080384,0.017448841816762883,0.09500305498912864,True
Prevotella,TRAIL,-0.07764055275714517,0.10190396489589613,0.28006748134831944,False
Prevotella,GCSF,-0.09449540641304081,0.04634517256434282,0.17464476725508085,True
Prevotella,GROA,-0.011107256884175546,0.8152520271041628,0.9109937406401867,False
Prevotella,IL1A,-0.022689347412248106,0.6331146563771974,0.8020831740209085,False
Prevotella,IL23,-0.0009153182523518833,0.9846381960725297,0.992606352103735,False
Prevotella,IL12P40,-0.1177549831083095,0.012929291394520486,0.07833863218634478,True
Prevotella,IL15,-0.03861770198273735,0.41641691737272146,0.642919024504352,False
Prevotella,IL18,0.05096196699393485,0.2833979631735485,0.5145003906012598,False
Prevotella,MCSF,-0.03414207429294806,0.4725035460499526,0.6916020723029596,False
Prevotella,MCP3,-0.13526611364252406,0.004255621720210672,0.03719141748035178,True
Prevotella,MIG,-0.03690946022873071,0.4373471980266088,0.6608474368709856,False
Prevotella,RESISTIN,0.10779137901422031,0.02296024223721627,0.11339782964653206,True
Prevotella,IL21,0.05315417725285929,0.2631717199644342,0.4935115228551699,False
Prevotella,ICAM1,-0.15099871489819242,0.0013997694800263144,0.017668281093597193,True
Prevotella,VCAM1,-0.17684117567655927,0.0001771389820459507,0.0046442449069387815,True
Prevotella,FGFB,-0.07409485883520342,0.11857506162545733,0.3056225444116556,False
Prevotella,IL22,-0.12521061927310498,0.008185867214842336,0.056828365495715315,True
Prevotella,PDGFBB,0.000921442075573348,0.9845354326133593,0.992606352103735,False
Prevotella,VEGF,-0.08100520107447258,0.08785807823570875,0.2589252422264923,False
Prevotella,LEPTIN,-0.06349639197424403,0.18120959025812128,0.3972346321468889,False
Prevotella,PAI1,-0.21999535909101572,2.795825831631333e-06,0.00026501202930982384,True
Prevotella,CD40L,0.05637970022759855,0.2352551525134728,0.46301358849044166,False
Prevotella,ENA78,-0.04964037373760013,0.29608591742087625,0.5285793143670768,False
Prevotellaceae UCG-001,IL17F,0.09433461491944005,0.04671988018474524,0.17544736585803913,True
Prevotellaceae UCG-001,FASL,-0.021892703241072644,0.6450975665782956,0.8109374918807496,False
Prevotellaceae UCG-001,TGFA,0.02961425198899873,0.5332234626344066,0.7382748447542107,False
Prevotellaceae UCG-001,MIP1A,-0.020533355766744327,0.6657567724567683,0.8229505031822975,False
Prevotellaceae UCG-001,SDF1A,-0.08601040181884609,0.06988605219199602,0.223826089184112,False
Prevotellaceae UCG-001,IL27,-0.03441542633267288,0.4689633337920933,0.6889777264564018,False
Prevotellaceae UCG-001,LIF,-0.0028498095425384742,0.9521971825257369,0.9780604749309739,False
Prevotellaceae UCG-001,IL1B,-0.04893747789309997,0.3029861092832857,0.5351795494202886,False
Prevotellaceae UCG-001,IL2,0.005401390527605754,0.9095368052440767,0.9574173866626917,False
Prevotellaceae UCG-001,IL4,-0.02231792456464126,0.6386898141809791,0.8057594302784864,False
Prevotellaceae UCG-001,IL5,0.036076072446487556,0.4477734544448586,0.6704705502406033,False
Prevotellaceae UCG-001,IP10,-0.1311985582663794,0.005573991950496952,0.0448924939934632,True
Prevotellaceae UCG-001,IL6,0.0073040539994693125,0.87788739000331,0.9442677458431674,False
Prevotellaceae UCG-001,IL7,0.027065763920821207,0.5690498647904918,0.7624018723071825,False
Prevotellaceae UCG-001,IL8,-0.02304589211409756,0.6277822855246507,0.799570771408528,False
Prevotellaceae UCG-001,IL10,-0.0022572110782347115,0.962129032606239,0.9821285783421978,False
Prevotellaceae UCG-001,IFNB,0.08621951997651732,0.06920607698022833,0.2225158208972899,False
Prevotellaceae UCG-001,EOTAXIN,-0.004709483839098435,0.921084442347044,0.9625730589355058,False
Prevotellaceae UCG-001,IL12P70,0.0069983013052689535,0.8829616074410802,0.946633456675891,False
Prevotellaceae UCG-001,IL13,-0.03573511026750958,0.45207937099075324,0.6738901620049186,False
Prevotellaceae UCG-001,IL17A,-0.054010422068098154,0.255548080075196,0.4857680241768767,False
Prevotellaceae UCG-001,IL31,-0.03296934292950661,0.4878568737766793,0.7046583240572168,False
Prevotellaceae UCG-001,IL1RA,0.030753379299048728,0.5175855784954871,0.7274953406029588,False
Prevotellaceae UCG-001,SCF,-0.04787015706079964,0.31366596530390306,0.5453307196416517,False
Prevotellaceae UCG-001,RANTES,-0.09212552216187582,0.052130366912817167,0.18782937025824256,True
Prevotellaceae UCG-001,IFNG,-0.04263937519685428,0.36952851618395255,0.5997385763156741,False
Prevotellaceae UCG-001,GMCSF,-0.0938735059574334,0.047808562830915946,0.17849792697353514,True
Prevotellaceae UCG-001,TNFA,-0.02439781337259387,0.6077405963337805,0.7858877414328063,False
Prevotellaceae UCG-001,HGF,0.02818883747187388,0.5531212342664173,0.7520440132802585,False
Prevotellaceae UCG-001,MIP1B,-0.019251145376675133,0.6854784853810307,0.8353871812197059,False
Prevotellaceae UCG-001,IFNA,0.0025674877934174943,0.956928019180066,0.9798895204193508,False
Prevotellaceae UCG-001,TGFB,-0.02115020914411914,0.6563493590251719,0.8170636873077131,False
Prevotellaceae UCG-001,MCP1,0.046950888867894336,0.32305989049705897,0.5546367816997574,False
Prevotellaceae UCG-001,IL9,0.015415624305674733,0.7457127545491522,0.8718259409802588,False
Prevotellaceae UCG-001,VEGFD,-0.05006525447398498,0.29196617229851135,0.5233095502761318,False
Prevotellaceae UCG-001,TNFB,-0.06386630320966366,0.17867527320026744,0.39351672100273377,False
Prevotellaceae UCG-001,NGF,0.08633287655654467,0.06883975262511345,0.22195113988335954,False
Prevotellaceae UCG-001,EGF,-0.009970943586014087,0.8338620969623018,0.9219619282025988,False
Prevotellaceae UCG-001,BDNF,-0.0935250708656093,0.04864524746097323,0.1800948445201847,True
Prevotellaceae UCG-001,TRAIL,-0.0765297552318905,0.10691377760753143,0.2877302810961083,False
Prevotellaceae UCG-001,GCSF,-0.030831242037578442,0.5165253849316906,0.726792355788839,False
Prevotellaceae UCG-001,GROA,-0.03375202637963116,0.47758039562018284,0.6963448513568647,False
Prevotellaceae UCG-001,IL1A,-0.03246182275739796,0.494583530620886,0.709075690061183,False
Prevotellaceae UCG-001,IL23,0.01567207598468239,0.7416317981334968,0.8698243308236129,False
Prevotellaceae UCG-001,IL12P40,-0.15787763229313218,0.0008316271871003255,0.012632019738728826,True
Prevotellaceae UCG-001,IL15,-0.04786563251961474,0.31371175807342333,0.5453307196416517,False
Prevotellaceae UCG-001,IL18,-0.03239789534201163,0.49543431312556896,0.7097793138776135,False
Prevotellaceae UCG-001,MCSF,0.013167203631563762,0.7817853033255042,0.8919953148359746,False
Prevotellaceae UCG-001,MCP3,-0.06356818002806792,0.1807156913670896,0.3965928952575176,False
Prevotellaceae UCG-001,MIG,-0.0951458026125781,0.0448551233764665,0.1705948326563298,True
Prevotellaceae UCG-001,RESISTIN,-0.02130971208626294,0.6539255708350475,0.8163097729887171,False
Prevotellaceae UCG-001,IL21,-0.07818346408526956,0.09952407774230178,0.2768557785811521,False
Prevotellaceae UCG-001,ICAM1,-0.09388447047664211,0.047782430983861576,0.17849792697353514,True
Prevotellaceae UCG-001,VCAM1,-0.010398060432249499,0.8268554729138756,0.917404755428811,False
Prevotellaceae UCG-001,FGFB,-0.006798810378542275,0.8862749187947081,0.9472946058200404,False
Prevotellaceae UCG-001,IL22,-0.11678928683325732,0.013694263756518213,0.08107991117823216,True
Prevotellaceae UCG-001,PDGFBB,-0.16535823775731134,0.0004607995236794303,0.00853864982036057,True
Prevotellaceae UCG-001,VEGF,0.0939064013585664,0.047730198794130825,0.17849792697353514,True
Prevotellaceae UCG-001,LEPTIN,-0.1355535489879674,0.004174100471312985,0.03683821167968076,True
Prevotellaceae UCG-001,PAI1,-0.041267662655485475,0.38514048509849264,0.615151474740917,False
Prevotellaceae UCG-001,CD40L,0.12290485409817045,0.009452639481594449,0.06360690785635363,True
Prevotellaceae UCG-001,ENA78,-0.07108803668607033,0.13432022583212966,0.3306189229096465,False
Prevotellaceae UCG-003,IL17F,-0.02557849588385698,0.590473921556439,0.7752117345282906,False
Prevotellaceae UCG-003,FASL,-0.021315233802463952,0.6538417283951903,0.8163084800556972,False
Prevotellaceae UCG-003,TGFA,0.013046636877141542,0.7837336750336285,0.8928546104930237,False
Prevotellaceae UCG-003,MIP1A,-0.0794111620208078,0.09430530423272135,0.26947452742867195,False
Prevotellaceae UCG-003,SDF1A,-0.15743739505231716,0.0008603528750593043,0.012889602799900642,True
Prevotellaceae UCG-003,IL27,0.0125881814288142,0.7911546127079035,0.8970120931298343,False
Prevotellaceae UCG-003,LIF,0.07521157643969714,0.11310904436236593,0.2973410558197876,False
Prevotellaceae UCG-003,IL1B,-0.029514125813461967,0.5346092861774252,0.7391554478453097,False
Prevotellaceae UCG-003,IL2,-0.07833650408995954,0.09886126208975025,0.2759270446434762,False
Prevotellaceae UCG-003,IL4,-0.12226041986972128,0.00983652946372559,0.06569682076789082,True
Prevotellaceae UCG-003,IL5,-0.07501270543552381,0.1140677075524304,0.2985079535577008,False
Prevotellaceae UCG-003,IP10,-0.07435321686296953,0.11729246951709445,0.3037218714209396,False
Prevotellaceae UCG-003,IL6,-0.007565586672903526,0.8735509961281318,0.9419810159237445,False
Prevotellaceae UCG-003,IL7,-0.06579748842953977,0.16586985269589788,0.37690455101701803,False
Prevotellaceae UCG-003,IL8,-0.02672731929428897,0.5738925059676443,0.7640261607689972,False
Prevotellaceae UCG-003,IL10,-0.01563379621919079,0.7422404937404969,0.8699330385559172,False
Prevotellaceae UCG-003,IFNB,0.05835984086087738,0.2191891872904513,0.444419376451927,False
Prevotellaceae UCG-003,EOTAXIN,-0.0017224371835943893,0.9710968260709414,0.9858972351208347,False
Prevotellaceae UCG-003,IL12P70,-0.055164162297432,0.2455196386514806,0.47411020525490616,False
Prevotellaceae UCG-003,IL13,-0.060000011587747676,0.20648855409901662,0.42805461455855837,False
Prevotellaceae UCG-003,IL17A,-0.049496412439908516,0.29749055263667584,0.5297662069348639,False
Prevotellaceae UCG-003,IL31,0.04773512263131601,0.3150345323855707,0.5462916695041448,False
Prevotellaceae UCG-003,IL1RA,0.020926752190020992,0.6597510517746882,0.8192248228233878,False
Prevotellaceae UCG-003,SCF,-0.10536730491133639,0.026238434747751508,0.12330104639473388,True
Prevotellaceae UCG-003,RANTES,-0.04107817528651878,0.3873282606342566,0.617844982739887,False
Prevotellaceae UCG-003,IFNG,-0.05797486203802641,0.22224960048052306,0.4486045123922642,False
Prevotellaceae UCG-003,GMCSF,-0.0016231188559853377,0.9727627616249066,0.9867766314157572,False
Prevotellaceae UCG-003,TNFA,-0.09638240680799574,0.0421330270290724,0.16510102655247422,True
Prevotellaceae UCG-003,HGF,-0.021428519632660684,0.6521225441967549,0.8154321502980113,False
Prevotellaceae UCG-003,MIP1B,-0.15312884646984634,0.001194034919004662,0.016014688750405386,True
Prevotellaceae UCG-003,IFNA,-0.049666603798410335,0.29583046705015326,0.5282863750541541,False
Prevotellaceae UCG-003,TGFB,0.0031219581149843274,0.9476384035164336,0.9759527143611577,False
Prevotellaceae UCG-003,MCP1,-0.028794618722212253,0.5446207880430792,0.7448490189412701,False
Prevotellaceae UCG-003,IL9,0.01073210104023286,0.8213852424543919,0.9144230062242118,False
Prevotellaceae UCG-003,VEGFD,0.08475615662003175,0.07407993728522265,0.23117442917306896,False
Prevotellaceae UCG-003,TNFB,-0.10981145141183797,0.02050533334472578,0.10506318924756067,True
Prevotellaceae UCG-003,NGF,0.020192810904523836,0.6709729696121327,0.8254438858219707,False
Prevotellaceae UCG-003,EGF,-0.07289231546382596,0.12468971826414232,0.3153389539886904,False
Prevotellaceae UCG-003,BDNF,-0.20406394772005415,1.4354960877248311e-05,0.0007990520789608153,True
Prevotellaceae UCG-003,TRAIL,-0.14591681138373994,0.002028730964506868,0.022420661264695857,True
Prevotellaceae UCG-003,GCSF,-0.08737139095415371,0.06555705393675405,0.21576482243426445,False
Prevotellaceae UCG-003,GROA,-0.03424342621861094,0.4711892179385031,0.6907030934466227,False
Prevotellaceae UCG-003,IL1A,-0.09724745280792525,0.040312769408430274,0.16089201652967838,True
Prevotellaceae UCG-003,IL23,-0.00035031707270329835,0.9941203127827889,0.9969519881396474,False
Prevotellaceae UCG-003,IL12P40,-0.19781514883439888,2.636567873056661e-05,0.0011929089055212657,True
Prevotellaceae UCG-003,IL15,0.00032519596704554896,0.9945419361363209,0.9970116058283889,False
Prevotellaceae UCG-003,IL18,0.028690814067799067,0.5460727919672039,0.7455648859862664,False
Prevotellaceae UCG-003,MCSF,-0.032721539037184555,0.49113509879997963,0.7071140359237914,False
Prevotellaceae UCG-003,MCP3,-0.20287002814536387,1.6146620430905817e-05,0.0008650727402601605,True
Prevotellaceae UCG-003,MIG,-0.10621314592224068,0.025051464965078513,0.12005704502953037,True
Prevotellaceae UCG-003,RESISTIN,0.05012236346605038,0.2914153705460927,0.5227024604882426,False
Prevotellaceae UCG-003,IL21,-0.05103565248516973,0.2827015143520616,0.5140327433880956,False
Prevotellaceae UCG-003,ICAM1,-0.13184215948309422,0.005343534613677639,0.04371499105529806,True
Prevotellaceae UCG-003,VCAM1,-0.10165613253145707,0.03203579487879172,0.1404219056981453,True
Prevotellaceae UCG-003,FGFB,-0.04919223784196427,0.3004729696886226,0.5324328857728117,False
Prevotellaceae UCG-003,IL22,-0.12670257636000481,0.00744912943663382,0.05399523381348249,True
Prevotellaceae UCG-003,PDGFBB,-0.08616120034365671,0.06939516410851455,0.22283307093867635,False
Prevotellaceae UCG-003,VEGF,-0.026840205128794783,0.5722751156710413,0.763911725157092,False
Prevotellaceae UCG-003,LEPTIN,-0.0013722552979055593,0.9769711819846763,0.9887865676858386,False
Prevotellaceae UCG-003,PAI1,-0.14932172325339296,0.0015841320409024115,0.019088543945550505,True
Prevotellaceae UCG-003,CD40L,0.010067219996656648,0.8322815645710465,0.9209374411877177,False
Prevotellaceae UCG-003,ENA78,-0.024323038924475977,0.6088416414472448,0.7870391950415604,False
Prevotellaceae UCG-004,IL17F,-0.057162472489772354,0.2288075334621591,0.4560421886109916,False
Prevotellaceae UCG-004,FASL,-0.0009530526744730422,0.9840049814168729,0.9923602155301824,False
Prevotellaceae UCG-004,TGFA,-0.04432159276172758,0.3509264632457816,0.583181570242231,False
Prevotellaceae UCG-004,MIP1A,0.129984100911315,0.00603333696059215,0.04720367917263287,True
Prevotellaceae UCG-004,SDF1A,0.002261288629484551,0.9620606717528661,0.9821285783421978,False
Prevotellaceae UCG-004,IL27,-0.044681960275978996,0.3470197944821174,0.5790908783657643,False
Prevotellaceae UCG-004,LIF,-0.08360814458986718,0.07809618074886555,0.24031266462340473,False
Prevotellaceae UCG-004,IL1B,-0.05318119314791184,0.26292881702357573,0.49327787899528397,False
Prevotellaceae UCG-004,IL2,-0.07895856822696294,0.09620317821943491,0.2718953356901346,False
Prevotellaceae UCG-004,IL4,0.05728960679541781,0.22777229124899329,0.45491395729078865,False
Prevotellaceae UCG-004,IL5,-0.06923990470052174,0.14476895119232172,0.34621369021610787,False
Prevotellaceae UCG-004,IP10,0.054273297272782024,0.2532385506036514,0.4835222994094123,False
Prevotellaceae UCG-004,IL6,0.008495760547359347,0.8581595929482481,0.934571063553229,False
Prevotellaceae UCG-004,IL7,0.08421933626436479,0.07593651689868797,0.2354032023859327,False
Prevotellaceae UCG-004,IL8,-0.009108584024378674,0.8480482326991122,0.9291700710275373,False
Prevotellaceae UCG-004,IL10,0.12379186676972453,0.008946039212585695,0.06090473381054543,True
Prevotellaceae UCG-004,IFNB,0.04136209139890349,0.3840530496222031,0.6139119447341783,False
Prevotellaceae UCG-004,EOTAXIN,-0.07923285941988512,0.09504938335477985,0.27057372830246024,False
Prevotellaceae UCG-004,IL12P70,0.04289682733606968,0.3666426665792898,0.596823548074412,False
Prevotellaceae UCG-004,IL13,-0.05192462551927056,0.2743903693412449,0.5044648006277495,False
Prevotellaceae UCG-004,IL17A,-0.06406644478420964,0.17731507631300883,0.3919219780927446,False
Prevotellaceae UCG-004,IL31,-0.04507161835499481,0.34282675980060706,0.5754446106103157,False
Prevotellaceae UCG-004,IL1RA,-0.050012457194604704,0.2924760084484923,0.5237472282080359,False
Prevotellaceae UCG-004,SCF,-0.02241772223147069,0.6371898060636982,0.8050676519311583,False
Prevotellaceae UCG-004,RANTES,-0.07999127378321495,0.09191657958235797,0.26547005293111264,False
Prevotellaceae UCG-004,IFNG,-0.08934232144980843,0.0596807509511283,0.20315471581128552,False
Prevotellaceae UCG-004,GMCSF,-0.16612605830411858,0.0004330803991111603,0.008116552422885587,True
Prevotellaceae UCG-004,TNFA,-0.1307022409223795,0.0057577729622562985,0.04584824383030904,True
Prevotellaceae UCG-004,HGF,-0.034237288470423406,0.4712687548183745,0.6907030934466227,False
Prevotellaceae UCG-004,MIP1B,-0.01659644186390112,0.7269829574366174,0.8606458501753543,False
Prevotellaceae UCG-004,IFNA,-0.02134791066505729,0.6533456479123907,0.8162059811329803,False
Prevotellaceae UCG-004,TGFB,-0.12413233927500138,0.00875809656408685,0.059914861852025096,True
Prevotellaceae UCG-004,MCP1,-0.052356092952223536,0.27041707626152683,0.501650646930021,False
Prevotellaceae UCG-004,IL9,-0.020879451076560585,0.660472021215493,0.8197070609520748,False
Prevotellaceae UCG-004,VEGFD,-0.0486044802684146,0.306291985176439,0.5382802098798621,False
Prevotellaceae UCG-004,TNFB,-0.08216147096954907,0.0834069496850525,0.2512084973238566,False
Prevotellaceae UCG-004,NGF,-0.017350339232427438,0.715108534902673,0.8542914830805918,False
Prevotellaceae UCG-004,EGF,0.03464484322272639,0.4660034541221928,0.6868260340835473,False
Prevotellaceae UCG-004,BDNF,-0.06645180901992939,0.16169100618879462,0.370599846316935,False
Prevotellaceae UCG-004,TRAIL,0.028962782427366166,0.5422726038145584,0.7432874483320241,False
Prevotellaceae UCG-004,GCSF,-0.0730771956971861,0.123734017317256,0.3135655379726246,False
Prevotellaceae UCG-004,GROA,0.02493004769909682,0.5999292220939025,0.7814166134504522,False
Prevotellaceae UCG-004,IL1A,0.08010691262069312,0.09144625521072429,0.2645955925645201,False
Prevotellaceae UCG-004,IL23,-0.09577757283197877,0.04344650624738642,0.1675648116536523,True
Prevotellaceae UCG-004,IL12P40,-0.07930009375109281,0.0947682574547847,0.27008542410791203,False
Prevotellaceae UCG-004,IL15,-0.10938030355808409,0.021009233892082903,0.10686740335818022,True
Prevotellaceae UCG-004,IL18,-0.012081428598630824,0.7993793127636277,0.9020871223433605,False
Prevotellaceae UCG-004,MCSF,0.00390815714951416,0.9344788476675827,0.9685314046244389,False
Prevotellaceae UCG-004,MCP3,-0.015603805008276824,0.742717503376771,0.8700283230664473,False
Prevotellaceae UCG-004,MIG,0.07687794196483615,0.10532291303760113,0.28505271852735403,False
Prevotellaceae UCG-004,RESISTIN,-0.03455972557628842,0.4671004126951145,0.6878810678739824,False
Prevotellaceae UCG-004,IL21,0.11291095612308881,0.01718225988176765,0.09436363115012006,True
Prevotellaceae UCG-004,ICAM1,-0.02038950146574224,0.6679582715165011,0.8239036575316913,False
Prevotellaceae UCG-004,VCAM1,-0.0972823343990893,0.04024078661751815,0.16079895341375064,True
Prevotellaceae UCG-004,FGFB,-0.029897416620154247,0.5293140694430694,0.7356478452607285,False
Prevotellaceae UCG-004,IL22,-0.03209341862888152,0.49949712902720333,0.7124141852257826,False
Prevotellaceae UCG-004,PDGFBB,-0.11182274594717856,0.01829101533282481,0.0981561399842063,True
Prevotellaceae UCG-004,VEGF,0.0069674257238136385,0.883474282833923,0.9467648092376142,False
Prevotellaceae UCG-004,LEPTIN,-0.22414000245054205,1.7896076707760108e-06,0.00018570476230010438,True
Prevotellaceae UCG-004,PAI1,-0.09264537123118581,0.0508123004907173,0.18492060112362085,True
Prevotellaceae UCG-004,CD40L,0.22701463639858568,1.306732913682418e-06,0.0001447390231806885,True
Prevotellaceae UCG-004,ENA78,-0.056397268971578034,0.235109048571835,0.46301358849044166,False
Pseudomonas,IL17F,-0.0705452826157412,0.13732663790701935,0.3352565617848927,False
Pseudomonas,FASL,0.06781796729274457,0.15322206555624385,0.3583413810998025,False
Pseudomonas,TGFA,-0.032710351490279996,0.4912833778003537,0.7071809131152436,False
Pseudomonas,MIP1A,-0.03329695458642639,0.4835409873135551,0.7011800827614407,False
Pseudomonas,SDF1A,0.04560223414858476,0.3371690376083456,0.568756395062127,False
Pseudomonas,IL27,0.061543846901009884,0.1950285576351382,0.4149776648321158,False
Pseudomonas,LIF,0.04017016741875629,0.3979163096036725,0.6274246609201861,False
Pseudomonas,IL1B,0.015028678659112801,0.7518837295516098,0.8754026381562515,False
Pseudomonas,IL2,-0.0022933167905441892,0.9615237237885075,0.9821285783421978,False
Pseudomonas,IL4,0.006481883806819171,0.8915427525943953,0.9502463460996378,False
Pseudomonas,IL5,-0.008266769399966217,0.8619439145279102,0.9363658121234495,False
Pseudomonas,IP10,0.04808227981092976,0.31152399664701,0.5434442680846266,False
Pseudomonas,IL6,0.07938405209774575,0.09441813641510353,0.26963325283316647,False
Pseudomonas,IL7,-0.07804472141092872,0.10012802067364218,0.27773270337669237,False
Pseudomonas,IL8,0.07521392405924691,0.11309776550019397,0.2973410558197876,False
Pseudomonas,IL10,0.02879467611156168,0.544619985818529,0.7448490189412701,False
Pseudomonas,IFNB,-0.0022047825690819076,0.9630080301926478,0.9824415980170881,False
Pseudomonas,EOTAXIN,-0.018187893541483847,0.7019966779957292,0.8463820536989515,False
Pseudomonas,IL12P70,-0.05769320857428866,0.2245078565503815,0.4506759308776466,False
Pseudomonas,IL13,0.051476526330266864,0.2785586961224559,0.509278862458303,False
Pseudomonas,IL17A,0.0012667905926823369,0.978740627347207,0.9895820619885916,False
Pseudomonas,IL31,0.1323221516017807,0.0051772830718893464,0.04278093589495824,True
Pseudomonas,IL1RA,0.03430920516078121,0.470337275717819,0.689970025440974,False
Pseudomonas,SCF,0.004698391476387968,0.9212697110018764,0.9625730589355058,False
Pseudomonas,RANTES,0.15824792600854826,0.0008081546837141274,0.01241324060467238,True
Pseudomonas,IFNG,0.030291784218345937,0.5238937126804675,0.7324151275276349,False
Pseudomonas,GMCSF,0.02562530044859107,0.5897940973748785,0.7748584683277717,False
Pseudomonas,TNFA,0.031195516277970792,0.511580300708754,0.7231371672479061,False
Pseudomonas,HGF,-0.09115517876700001,0.054666912842666296,0.1927419266105166,False
Pseudomonas,MIP1B,-0.057752755244772434,0.22402906297453984,0.4506759308776466,False
Pseudomonas,IFNA,0.0297676201579612,0.5311042446554346,0.7366857526119704,False
Pseudomonas,TGFB,-0.0029960611758858124,0.9497471082973569,0.976978233536668,False
Pseudomonas,MCP1,-0.11009335475489371,0.020181569782985066,0.10399891004739507,True
Pseudomonas,IL9,0.02716804367305227,0.5675902298136651,0.7620954079955203,False
Pseudomonas,VEGFD,0.010326054484943685,0.8280357458306823,0.918197568323832,False
Pseudomonas,TNFB,0.06977826484306797,0.14166313299345185,0.3416968840346093,False
Pseudomonas,NGF,0.0328732877032077,0.4891262006831376,0.7053945169164383,False
Pseudomonas,EGF,0.004036080216251986,0.9323392375014683,0.9673718769907877,False
Pseudomonas,BDNF,0.07414382943134913,0.11833111392780221,0.3052886995813332,False
Pseudomonas,TRAIL,0.00973810057983618,0.8376873447657124,0.9240149764686575,False
Pseudomonas,GCSF,0.0019122113597448654,0.9679139671065489,0.9846951380532878,False
Pseudomonas,GROA,0.05822608062969823,0.22024908537041132,0.4459263675460084,False
Pseudomonas,IL1A,0.03621738218643821,0.4459957241907474,0.6685866558808377,False
Pseudomonas,IL23,0.03953789467335743,0.40539071310968866,0.6339374444535708,False
Pseudomonas,IL12P40,-0.034459524005534925,0.46839359311432716,0.6884535123393823,False
Pseudomonas,IL15,0.057570308145885256,0.22549835852093922,0.4522813465512551,False
Pseudomonas,IL18,0.13511363111402713,0.004299449893899611,0.03740862935045222,True
Pseudomonas,MCSF,0.07096446159663909,0.13500023122797858,0.33154765307558864,False
Pseudomonas,MCP3,-0.01977217788558715,0.6774377481179942,0.8289877736325576,False
Pseudomonas,MIG,-0.018277052623691722,0.700606009538759,0.8453578998816507,False
Pseudomonas,RESISTIN,0.04882616353383242,0.3040885558788483,0.5360994654769962,False
Pseudomonas,IL21,0.04392612739619673,0.3552454615920425,0.5874869586268001,False
Pseudomonas,ICAM1,0.05661168340985362,0.23333110727349107,0.46095752615272045,False
Pseudomonas,VCAM1,-0.05549134246774093,0.2427265038454623,0.4710232037221589,False
Pseudomonas,FGFB,0.008645448766120343,0.8556875853087565,0.9326001344360113,False
Pseudomonas,IL22,-0.011894258835174976,0.8024227859809312,0.9034129538830539,False
Pseudomonas,PDGFBB,0.19474660904667573,3.5295328462612916e-05,0.0014259891310837629,True
Pseudomonas,VEGF,-0.030093812983972047,0.5266111645513187,0.7341154751066317,False
Pseudomonas,LEPTIN,0.0573492955889006,0.22728740043075446,0.4543520027165514,False
Pseudomonas,PAI1,-0.09882507926517399,0.03716403160634367,0.15361133063955384,True
Pseudomonas,CD40L,-0.037683765234923484,0.42778614150898064,0.6521138800215811,False
Pseudomonas,ENA78,0.03217942672915105,0.4983476873167817,0.7120950089368165,False
Pseudonocardia,IL17F,-0.009017991794118264,0.8495414438088071,0.9296351430324202,False
Pseudonocardia,FASL,-0.09529512206983072,0.04451877742832677,0.16993998525096027,True
Pseudonocardia,TGFA,-0.008341990068383674,0.8607004604505846,0.9360972130540449,False
Pseudonocardia,MIP1A,-0.04713628943743412,0.3211507303046901,0.5527302100417354,False
Pseudonocardia,SDF1A,-0.10131834059922715,0.032614050167800564,0.1415257397129886,True
Pseudonocardia,IL27,-0.026580504408091715,0.5759992432787078,0.7652561374988546,False
Pseudonocardia,LIF,0.059066309824387236,0.21365175092572247,0.437420344885934,False
Pseudonocardia,IL1B,-0.014044897162393693,0.7676435077616223,0.8842521266083282,False
Pseudonocardia,IL2,0.03821282253858399,0.4213237217409801,0.6469448920443407,False
Pseudonocardia,IL4,-0.0505642361508497,0.28717716057749165,0.5183386941645608,False
Pseudonocardia,IL5,-0.011949301923607176,0.8015274457315484,0.9033624415583956,False
Pseudonocardia,IP10,-0.011682289125412998,0.8058731266497529,0.9058491770254578,False
Pseudonocardia,IL6,-0.037321754272013084,0.43224104517239526,0.6558567736836332,False
Pseudonocardia,IL7,0.07909471573915099,0.09562909068603563,0.2712839067576804,False
Pseudonocardia,IL8,-0.040830968410145455,0.39019377849852965,0.6204081078126622,False
Pseudonocardia,IL10,0.03931902234366879,0.4079974663216548,0.6361109506988235,False
Pseudonocardia,IFNB,0.021391926537365942,0.6526776667424601,0.815696179711262,False
Pseudonocardia,EOTAXIN,0.06967192702145288,0.14227252140187924,0.34266369801605806,False
Pseudonocardia,IL12P70,0.02466322279596336,0.6038396405567861,0.7834497468555932,False
Pseudonocardia,IL13,-0.026240119277054365,0.5808975850608001,0.7689795058413871,False
Pseudonocardia,IL17A,-0.06892321301726695,0.14662009187365604,0.348788818940758,False
Pseudonocardia,IL31,-0.014392496890612111,0.7620637787034876,0.8812228422825784,False
Pseudonocardia,IL1RA,0.029963596752033392,0.5284024804289966,0.7349028854499222,False
Pseudonocardia,SCF,-0.02553277947517757,0.5911382873758859,0.7756477088981077,False
Pseudonocardia,RANTES,-0.050390293254947316,0.2888405546997214,0.519945645486078,False
Pseudonocardia,IFNG,0.008770313898324429,0.8536265935065377,0.9318993309842135,False
Pseudonocardia,GMCSF,-0.02345419683914613,0.6216995249292445,0.7958335173032712,False
Pseudonocardia,TNFA,-0.09590279004384779,0.04317178600997655,0.16715925627900582,True
Pseudonocardia,HGF,-0.015810661259683334,0.7394294704729665,0.8687838152642283,False
Pseudonocardia,MIP1B,-0.16056207077643384,0.0006748056128897246,0.011030846044674634,True
Pseudonocardia,IFNA,-0.05741121406908728,0.22678517189347844,0.453662383223602,False
Pseudonocardia,TGFB,-0.01945567311202355,0.6823178529570231,0.833267498792766,False
Pseudonocardia,MCP1,0.047313051499683054,0.3193373785717719,0.5509324252643555,False
Pseudonocardia,IL9,-0.015101868760030246,0.7507152736856197,0.8751834399234674,False
Pseudonocardia,VEGFD,0.028686911809839497,0.546127413441553,0.7455648859862664,False
Pseudonocardia,TNFB,-0.04483917894363276,0.34532409605973347,0.5779378247166195,False
Pseudonocardia,NGF,-0.005781766865433661,0.9031964283305148,0.954923894303112,False
Pseudonocardia,EGF,-0.01626524598713058,0.7322204617737351,0.8647692958147215,False
Pseudonocardia,BDNF,-0.07613677839561656,0.10873201777411955,0.29071880423576635,False
Pseudonocardia,TRAIL,-0.09291214629272007,0.05014677232411632,0.1834953226596105,True
Pseudonocardia,GCSF,-0.057519745300019555,0.22590676554650285,0.4524947721731023,False
Pseudonocardia,GROA,-0.01745589495906476,0.7134513502764854,0.8532432935437119,False
Pseudonocardia,IL1A,-0.11392328873090805,0.01620403308254337,0.09124422716187086,True
Pseudonocardia,IL23,-0.0007534029950363452,0.9873553718689949,0.9941115729310935,False
Pseudonocardia,IL12P40,0.09844964518062867,0.03789377959031248,0.1554543816900959,True
Pseudonocardia,IL15,-0.00563815997722083,0.9055894669340048,0.9562309853413696,False
Pseudonocardia,IL18,-0.004345071016877122,0.9271731715233458,0.9645497176949286,False
Pseudonocardia,MCSF,-0.047446272457157955,0.31797512406901773,0.5493513447375353,False
Pseudonocardia,MCP3,-0.07455013589573567,0.11632219422402042,0.30248114287891603,False
Pseudonocardia,MIG,-0.010036480229072872,0.8327861342686698,0.9211855601010488,False
Pseudonocardia,RESISTIN,-0.038249847524414946,0.4208736099892101,0.6465594588240039,False
Pseudonocardia,IL21,-0.04704719631376934,0.3220672471435807,0.5535109697247941,False
Pseudonocardia,ICAM1,0.04384890786772192,0.3560926845058162,0.5883945162350547,False
Pseudonocardia,VCAM1,-0.04218604115164194,0.37464415086752256,0.6052510716571677,False
Pseudonocardia,FGFB,-0.03802178122344376,0.4236506746536288,0.6481933300081874,False
Pseudonocardia,IL22,0.021493796159639044,0.6511327667938904,0.8145770069865701,False
Pseudonocardia,PDGFBB,0.04453003475276145,0.34866341179423854,0.5808613812888818,False
Pseudonocardia,VEGF,-0.05334269141356572,0.26147998532867056,0.49182783731540436,False
Pseudonocardia,LEPTIN,-0.04372233884077978,0.3574840944475971,0.5894269143748224,False
Pseudonocardia,PAI1,-0.06048052200421415,0.2028706321954221,0.4246069410153866,False
Pseudonocardia,CD40L,-0.021073379926043977,0.6575181365485152,0.8181452857489773,False
Pseudonocardia,ENA78,-0.0661273833091374,0.16375295519951366,0.3737616652828909,False
Ralstonia,IL17F,0.03219452689031915,0.49814602837263733,0.7120934872236022,False
Ralstonia,FASL,0.07656246559751524,0.10676352105916267,0.28756069832758174,False
Ralstonia,TGFA,-0.03804400947523448,0.42337954181679904,0.6481156571341976,False
Ralstonia,MIP1A,0.03330165271834369,0.4834792456793173,0.7011800827614407,False
Ralstonia,SDF1A,0.08248436848752555,0.08219699401517418,0.2490132187556477,False
Ralstonia,IL27,-0.02092825931125044,0.6597280852176346,0.8192248228233878,False
Ralstonia,LIF,-0.152405436656618,0.001260555728026038,0.016423439773593538,True
Ralstonia,IL1B,0.013998731336343335,0.7683854800854113,0.8844866957825764,False
Ralstonia,IL2,-0.043573699913659426,0.35912247412737086,0.5904318462220851,False
Ralstonia,IL4,0.029466401252210447,0.5352704677100526,0.739546048495642,False
Ralstonia,IL5,-0.02268995369509634,0.6331055727512245,0.8020831740209085,False
Ralstonia,IP10,-0.0018114952771768195,0.9696030992362235,0.9852950574446646,False
Ralstonia,IL6,0.003188914664831555,0.9465170659187238,0.9753073310156557,False
Ralstonia,IL7,-0.04030116678000601,0.3963781177596847,0.6259002859002036,False
Ralstonia,IL8,0.024843301204552044,0.6011992712463683,0.7825147013056719,False
Ralstonia,IL10,-0.05042552762735525,0.28850309126977897,0.51974844183799,False
Ralstonia,IFNB,-0.10039989217579175,0.03423154432022708,0.14582593296059565,True
Ralstonia,EOTAXIN,0.03827021605712062,0.42062611028298036,0.6463871476046065,False
Ralstonia,IL12P70,0.00502241368423394,0.915859570731331,0.9602495446662703,False
Ralstonia,IL13,0.04211539995090134,0.37544521070641124,0.6058911726884739,False
Ralstonia,IL17A,0.0419639618676608,0.37716604390204467,0.6072354827349921,False
Ralstonia,IL31,-0.06361305631986112,0.18040745077823778,0.39626930699016666,False
Ralstonia,IL1RA,-0.0922355572005799,0.05184902271365225,0.18708918957217566,True
Ralstonia,SCF,0.10446063600953964,0.027564245482298334,0.12715410948268457,True
Ralstonia,RANTES,-0.05694687132513943,0.23057077566197612,0.4572734045144172,False
Ralstonia,IFNG,0.019672981261191085,0.6789657958790818,0.8303815105794586,False
Ralstonia,GMCSF,-0.03248259971808866,0.4943071866869684,0.7090040560721049,False
Ralstonia,TNFA,0.0332776685561713,0.48379448401222236,0.7012565833542843,False
Ralstonia,HGF,0.014393872620703926,0.7620417195106918,0.8812228422825784,False
Ralstonia,MIP1B,0.14598479413019189,0.002018837009454682,0.022400771993890612,True
Ralstonia,IFNA,0.02594233025337893,0.5851988153889811,0.7717240072271369,False
Ralstonia,TGFB,-0.029139660220344987,0.5398081803428809,0.7422819899408158,False
Ralstonia,MCP1,0.06455094421021451,0.17405418268452263,0.38797341698434057,False
Ralstonia,IL9,0.031078889435895693,0.5131608448473037,0.7244364325511556,False
Ralstonia,VEGFD,-0.09764220870826783,0.03950445960071308,0.1592129855861936,True
Ralstonia,TNFB,0.060146534289920846,0.20538042261254627,0.4268275282625554,False
Ralstonia,NGF,-0.03745088862409519,0.4306488549852806,0.6547179440334814,False
Ralstonia,EGF,0.1106769222881521,0.019525446685493164,0.10168085231145885,True
Ralstonia,BDNF,0.0717313194312834,0.13082294330626984,0.32478747621814347,False
Ralstonia,TRAIL,0.0711934468803652,0.13374226639576403,0.3297025955323187,False
Ralstonia,GCSF,-0.006025739955658065,0.899132925905632,0.953039572123801,False
Ralstonia,GROA,-0.03856906573233506,0.41700456643431705,0.6434611061509643,False
Ralstonia,IL1A,0.06459382464211845,0.1737677431398413,0.38797341698434057,False
Ralstonia,IL23,-0.010608240996535253,0.8234125731183022,0.9157661793809541,False
Ralstonia,IL12P40,0.0176085043086815,0.7110578241096022,0.8518177214816451,False
Ralstonia,IL15,-0.012646146684973976,0.7902152815126553,0.8966316003574821,False
Ralstonia,IL18,-0.11392651604199619,0.016200994167127242,0.09124422716187086,True
Ralstonia,MCSF,0.02649284974695831,0.5772587861633355,0.7662639846077011,False
Ralstonia,MCP3,0.06086121271219623,0.2000371258151748,0.4208207397110527,False
Ralstonia,MIG,0.010260696353536668,0.8291073874583673,0.9185592970964919,False
Ralstonia,RESISTIN,-0.11071353126988026,0.01948491229555683,0.1016308282590472,True
Ralstonia,IL21,-0.012568774263743641,0.7914691748577635,0.8971258049612317,False
Ralstonia,ICAM1,-0.06387583822016178,0.17861029661739847,0.39351672100273377,False
Ralstonia,VCAM1,0.023096965961389757,0.6270200158817283,0.7993228134698148,False
Ralstonia,FGFB,0.015081141172576269,0.7510461250950692,0.875285860264706,False
Ralstonia,IL22,0.05184047021443661,0.2751699461881488,0.5055209335674191,False
Ralstonia,PDGFBB,-0.012589841538595605,0.7911277062961055,0.8970120931298343,False
Ralstonia,VEGF,0.05567206628713419,0.24119324812007728,0.4696970001895318,False
Ralstonia,LEPTIN,0.02324962977738553,0.6247438984093037,0.7981759137530995,False
Ralstonia,PAI1,0.11024855145219836,0.020005232208031562,0.10331630047413742,True
Ralstonia,CD40L,-0.02716259944192779,0.5676678794338097,0.7620958675552902,False
Ralstonia,ENA78,0.05703723247615956,0.2298306105424908,0.45697260159900654,False
Rodentibacter,IL17F,0.030699778324074466,0.5183160710560343,0.7281687086319489,False
Rodentibacter,FASL,0.04829621834029277,0.3093734516762705,0.5408411928754522,False
Rodentibacter,TGFA,0.07600011535353565,0.10937001838178306,0.29174820456677414,False
Rodentibacter,MIP1A,0.01953857739990666,0.6810382827346909,0.832136265641867,False
Rodentibacter,SDF1A,0.09845208525772035,0.03788899776874082,0.1554543816900959,True
Rodentibacter,IL27,0.04119210133759054,0.3860119939833834,0.6162439249697479,False
Rodentibacter,LIF,0.07605813070075654,0.10909881893264932,0.29138340748795905,False
Rodentibacter,IL1B,-0.004395899061924769,0.9263236565386943,0.9640729102785525,False
Rodentibacter,IL2,0.10123440172143384,0.03275911673001929,0.14177870219135397,True
Rodentibacter,IL4,0.03516525971391979,0.45932765914586715,0.6799897978465173,False
Rodentibacter,IL5,0.10835139057619193,0.022255423409878478,0.11142405483726868,True
Rodentibacter,IP10,0.05420466403694687,0.25384013594584515,0.4841083498073402,False
Rodentibacter,IL6,0.04324964663056105,0.3627106395853502,0.5934608273912667,False
Rodentibacter,IL7,-0.05039843407123563,0.2887625610525398,0.519945645486078,False
Rodentibacter,IL8,0.05768663209596896,0.22456078032775414,0.4506759308776466,False
Rodentibacter,IL10,-0.044146720967543664,0.3528321846496556,0.5849521468631816,False
Rodentibacter,IFNB,0.025577002989872644,0.5904956113695601,0.7752117345282906,False
Rodentibacter,EOTAXIN,-0.004904285308927409,0.9178315023448514,0.961017838567769,False
Rodentibacter,IL12P70,0.04907968944117614,0.3015815176199781,0.533558973563845,False
Rodentibacter,IL13,0.029751511949432423,0.5313266251499007,0.7368283551212428,False
Rodentibacter,IL17A,0.06928258526925177,0.14452084353363248,0.3460742921446611,False
Rodentibacter,IL31,0.0499844886264074,0.2927463278040925,0.5240289250183331,False
Rodentibacter,IL1RA,0.06133374045412246,0.19656027097863582,0.4168870807459965,False
Rodentibacter,SCF,0.02793535674078284,0.5566972631182396,0.7542682049254615,False
Rodentibacter,RANTES,0.1037377363324868,0.028662213092619154,0.1305090515783093,True
Rodentibacter,IFNG,0.045391545808240966,0.33940831463367094,0.5710679579550654,False
Rodentibacter,GMCSF,0.15811498149394346,0.0008165104705444192,0.012479318168413774,True
Rodentibacter,TNFA,0.142850761974737,0.002523833176606864,0.02586273124219383,True
Rodentibacter,HGF,0.05985897955362752,0.20755924066298245,0.42922571731816256,False
Rodentibacter,MIP1B,0.08712253636571766,0.06633171580024291,0.21691730202938167,False
Rodentibacter,IFNA,0.009463372718147976,0.8422056106540972,0.9265107588246948,False
Rodentibacter,TGFB,0.049987280939718964,0.29271933227243285,0.5240289250183331,False
Rodentibacter,MCP1,-0.03143522620219531,0.508339686455485,0.7200636443125711,False
Rodentibacter,IL9,0.026913049202905,0.571232577147101,0.7634504806827713,False
Rodentibacter,VEGFD,-0.006548631562568666,0.890432892015005,0.9495829568774465,False
Rodentibacter,TNFB,0.07897197900514216,0.09614650779883228,0.2718130983311983,False
Rodentibacter,NGF,0.05266484613890425,0.2675980791512718,0.4989562822533077,False
Rodentibacter,EGF,-0.04961497842838473,0.29633337841976654,0.5289253022744991,False
Rodentibacter,BDNF,0.06434753543808158,0.17541773441662004,0.38974245153390297,False
Rodentibacter,TRAIL,0.1098490509642934,0.0204618913262818,0.10489512464611855,True
Rodentibacter,GCSF,0.0992946592862646,0.036268103356906375,0.15148882435954927,True
Rodentibacter,GROA,0.07218661591936748,0.12839051072921523,0.32074851869452703,False
Rodentibacter,IL1A,0.05108989320998612,0.28218958984211445,0.5138206458558485,False
Rodentibacter,IL23,0.04846543078697563,0.30767944137612924,0.5394102673103116,False
Rodentibacter,IL12P40,0.0870511529188487,0.0665553079417751,0.21725239261258905,False
Rodentibacter,IL15,0.06341995444505823,0.1817365742690283,0.39777068142630573,False
Rodentibacter,IL18,0.08851668508303137,0.06208710614880366,0.20837271832427182,False
Rodentibacter,MCSF,0.05295145086075508,0.2649993805310029,0.4955166717137,False
Rodentibacter,MCP3,0.06008546870802765,0.20584172873923345,0.4272873787979287,False
Rodentibacter,MIG,0.07886565569744217,0.09659653408562487,0.2725382464270435,False
Rodentibacter,RESISTIN,0.12866192056086012,0.006571818237850969,0.049407310394797135,True
Rodentibacter,IL21,0.03898047442643613,0.4120490937838468,0.6389310455627839,False
Rodentibacter,ICAM1,0.06336701306904277,0.18210223219989646,0.3981290319420224,False
Rodentibacter,VCAM1,0.14798603710038036,0.0017466325328611572,0.02025682765758269,True
Rodentibacter,FGFB,0.07873484333282132,0.09715251549963172,0.2733246283662584,False
Rodentibacter,IL22,0.002860946188269269,0.9520106002123851,0.9780604749309739,False
Rodentibacter,PDGFBB,0.07092346396452523,0.1352264165625117,0.3318551193610257,False
Rodentibacter,VEGF,0.024610716050424485,0.6046104884170127,0.784037121127981,False
Rodentibacter,LEPTIN,0.18093581696974348,0.00012412552690935292,0.003656724941685457,True
Rodentibacter,PAI1,0.034380175148014405,0.469419052767004,0.6894192271038243,False
Rodentibacter,CD40L,-0.04283009568710501,0.3673893314677332,0.5975456244198835,False
Rodentibacter,ENA78,0.048858922397874385,0.30376383990735867,0.535881162098558,False
Romboutsia,IL17F,-0.0460453098170806,0.33249081841777195,0.5640499893241088,False
Romboutsia,FASL,-0.0703249649652046,0.13856167226756097,0.336853505601385,False
Romboutsia,TGFA,0.00642751645492619,0.8924469123389291,0.9507629169200726,False
Romboutsia,MIP1A,-0.05479404019603316,0.24870636018217895,0.47820310097053254,False
Romboutsia,SDF1A,-0.11619664066797505,0.014183209086765538,0.08312608512326675,True
Romboutsia,IL27,0.024545990319844026,0.6055613273284921,0.7843462071261886,False
Romboutsia,LIF,0.1273975306358536,0.007126648606877096,0.052467887951153404,True
Romboutsia,IL1B,0.026844270298071855,0.5722169115704363,0.763911725157092,False
Romboutsia,IL2,-0.02679587570887919,0.5729099953341943,0.7640221374577739,False
Romboutsia,IL4,-0.06937189213794381,0.1440027420586649,0.34540311852357297,False
Romboutsia,IL5,0.021509083908144464,0.6509010496080956,0.8145770069865701,False
Romboutsia,IP10,-0.09247831482535225,0.05123280112575021,0.18557574503044472,True
Romboutsia,IL6,-0.00503196762096728,0.91570010806926,0.9602139841875084,False
Romboutsia,IL7,-0.05913576771888936,0.2131128077995924,0.43658895662684577,False
Romboutsia,IL8,-0.05201013393466508,0.27359979926637834,0.5040453786522066,False
Romboutsia,IL10,-0.023256811533537976,0.62463691071305,0.7981426656914126,False
Romboutsia,IFNB,0.0859715406640626,0.07001301455819955,0.22392173532948992,False
Romboutsia,EOTAXIN,-0.0127151365542614,0.7890976915449419,0.8956735801093882,False
Romboutsia,IL12P70,-0.00460890648127913,0.9227644766451222,0.9632160324828055,False
Romboutsia,IL13,-0.05544085256977037,0.24315607665828062,0.4713001580214963,False
Romboutsia,IL17A,-0.09267500894249865,0.05073800061556666,0.1847710417688423,True
Romboutsia,IL31,0.009094495721692809,0.8482804114399798,0.9291700710275373,False
Romboutsia,IL1RA,0.023551371386266638,0.6202556232162885,0.7953277749305634,False
Romboutsia,SCF,-0.009095150087429017,0.8482696270387928,0.9291700710275373,False
Romboutsia,RANTES,-0.07548109432042326,0.11181993711837492,0.2953700268255466,False
Romboutsia,IFNG,-0.021426894244335807,0.6521471974994442,0.8154321502980113,False
Romboutsia,GMCSF,-0.00138473731748359,0.9767617708722549,0.9887865676858386,False
Romboutsia,TNFA,-0.04033703631456081,0.3959575631106952,0.6255651114121342,False
Romboutsia,HGF,0.01816618812269239,0.7023353814081831,0.846408580675045,False
Romboutsia,MIP1B,-0.2076330300842112,1.005812112093622e-05,0.0006396965032915436,True
Romboutsia,IFNA,-0.05923830560002409,0.21231897666817034,0.4355057161870211,False
Romboutsia,TGFB,0.03164616001596129,0.5054969932801532,0.7170056632742087,False
Romboutsia,MCP1,0.029690458870067882,0.5321699151567173,0.7373339456942964,False
Romboutsia,IL9,-0.04103933431319692,0.3877776400727041,0.6180617584214578,False
Romboutsia,VEGFD,0.14506330798978892,0.002156776494999248,0.02336428866780504,True
Romboutsia,TNFB,-0.08841367322260071,0.062392876225075375,0.20863940767530292,False
Romboutsia,NGF,0.012965432098538301,0.7850467158012107,0.893647866555235,False
Romboutsia,EGF,-0.051608268377787994,0.27732876780826965,0.5078779478086424,False
Romboutsia,BDNF,-0.10819697457819005,0.022447870681524262,0.11210289218767283,True
Romboutsia,TRAIL,-0.11229765342863128,0.0177996883045929,0.09635877391909764,True
Romboutsia,GCSF,-0.02410050861878128,0.6121235966312897,0.7893623966996189,False
Romboutsia,GROA,-0.04789905801944113,0.31337356284912776,0.5451734778499838,False
Romboutsia,IL1A,-0.10922511159721322,0.021193227243713756,0.10769218256109805,True
Romboutsia,IL23,-0.031156907664226952,0.5121032497519205,0.7235270419896005,False
Romboutsia,IL12P40,-0.05215715616652051,0.27224413259267216,0.5031076180917472,False
Romboutsia,IL15,0.02786587627748996,0.5576794296867291,0.7548361533238024,False
Romboutsia,IL18,0.028971883615047656,0.5421456614083051,0.743216789064535,False
Romboutsia,MCSF,-0.08524906944055653,0.07240793486826366,0.22783192528928925,False
Romboutsia,MCP3,-0.09610707651609565,0.04272673269345332,0.16661397582755652,True
Romboutsia,MIG,-0.04775987290597857,0.31478339734953514,0.5462303698418796,False
Romboutsia,RESISTIN,0.0431883032203633,0.3633923904601615,0.5938758175119959,False
Romboutsia,IL21,-0.030157827168822992,0.5257316897653168,0.7338803451864193,False
Romboutsia,ICAM1,0.0011371455705658296,0.9809159025031383,0.9906637605650996,False
Romboutsia,VCAM1,-0.07748738618801956,0.10258348314616923,0.280985822966084,False
Romboutsia,FGFB,-0.046598936847617234,0.3267043565989265,0.5582356501941654,False
Romboutsia,IL22,-0.05096764263607914,0.2833442779061569,0.5144976775831451,False
Romboutsia,PDGFBB,-0.05887547094713059,0.21513756688226662,0.43918536639581374,False
Romboutsia,VEGF,-0.05576561985400692,0.2404022175513561,0.46911008892487727,False
Romboutsia,LEPTIN,-0.04900593707746597,0.30230941303391845,0.5343672572509177,False
Romboutsia,PAI1,-0.07935470938554465,0.09454038302627853,0.2697354283048924,False
Romboutsia,CD40L,0.05423348372146339,0.2535874044610396,0.48381355393399045,False
Romboutsia,ENA78,-0.1140721499444294,0.016064380183565378,0.09096074661090608,True
Roseburia,IL17F,-0.02807836804755551,0.5546783228506047,0.7526093040949894,False
Roseburia,FASL,-0.12089047955003816,0.010698913954469933,0.0692514075923602,True
Roseburia,TGFA,-0.018021599162138916,0.704593128517077,0.8477821385232936,False
Roseburia,MIP1A,0.02540164176609589,0.5930459212271939,0.7760725459544532,False
Roseburia,SDF1A,-0.19676349958386638,2.915240104968543e-05,0.0012772638646568841,True
Roseburia,IL27,-0.06712344050748434,0.15748450086459265,0.36491130015514595,False
Roseburia,LIF,0.010784391795395872,0.8205297077800842,0.9140899377665351,False
Roseburia,IL1B,-0.10756310632026614,0.023253037914825254,0.11438545297622123,True
Roseburia,IL2,-0.09277518738377052,0.050487530677949005,0.1843355842308227,True
Roseburia,IL4,-0.18800751746225056,6.59318624163846e-05,0.0023048095734068065,True
Roseburia,IL5,-0.05732362600511451,0.22749584116820395,0.45462274523335794,False
Roseburia,IP10,-0.11311860299780495,0.016977501468589517,0.09349955836723768,True
Roseburia,IL6,-0.12937110995029122,0.006277858588763342,0.04819869935204753,True
Roseburia,IL7,-0.0014890977211738125,0.9750109779662145,0.9877359182808491,False
Roseburia,IL8,-0.16254085202757226,0.0005772688758836409,0.009932636248432727,True
Roseburia,IL10,-0.0783607871834743,0.09875641566832898,0.27571247398991416,False
Roseburia,IFNB,0.06473009031574799,0.1728598238895691,0.3871965789373716,False
Roseburia,EOTAXIN,-0.04916507211700671,0.3007402909716425,0.5327399440069095,False
Roseburia,IL12P70,-0.061093050770557336,0.19832571132641458,0.4192783320299796,False
Roseburia,IL13,-0.11397631994595744,0.01615416083764323,0.09120716926545645,True
Roseburia,IL17A,-0.15904210340884445,0.0007598643847064383,0.011927934879675268,True
Roseburia,IL31,-0.11325503992249573,0.016844127099180244,0.09302487671917023,True
Roseburia,IL1RA,-0.044427396099994285,0.3497766008136014,0.5821539305791799,False
Roseburia,SCF,-0.038532883616898016,0.4174420539691791,0.6436952554400387,False
Roseburia,RANTES,-0.15096423129458872,0.001403353021187863,0.017679647389399998,True
Roseburia,IFNG,-0.13934174439696534,0.0032239973045076384,0.030766859078253918,True
Roseburia,GMCSF,-0.13755220768606746,0.003645201287481708,0.033614961919546,True
Roseburia,TNFA,-0.18426108038090258,9.24548860104862e-05,0.0029784976022593887,True
Roseburia,HGF,-0.04668028507786138,0.3258596389008207,0.5574048794524189,False
Roseburia,MIP1B,-0.22272941364731147,2.0850518821019822e-06,0.00020762062074506404,True
Roseburia,IFNA,-0.07376305004628518,0.1202383384636775,0.30803262488953553,False
Roseburia,TGFB,-0.0938609683868595,0.04783845841591396,0.17849792697353514,True
Roseburia,MCP1,0.021760057281480737,0.6471018529397707,0.8124143082003766,False
Roseburia,IL9,-0.14658355414182914,0.0019335827847677695,0.02178429610541791,True
Roseburia,VEGFD,0.009955992594048047,0.8341076017796447,0.9220539031804452,False
Roseburia,TNFB,-0.22898241364551425,1.0511410601678822e-06,0.00012636766550164612,True
Roseburia,NGF,-0.011476719392201991,0.809222893654794,0.9072522447150485,False
Roseburia,EGF,-0.09913558623781567,0.03656952738364124,0.1523095547735348,True
Roseburia,BDNF,-0.164732313488626,0.0004846072696235794,0.008762499899832996,True
Roseburia,TRAIL,-0.14155743835723325,0.002763919532547061,0.027466450354686416,True
Roseburia,GCSF,-0.054483384618618666,0.251403242719703,0.48122974111278294,False
Roseburia,GROA,-0.15035568613448694,0.0014679963399834163,0.01813472170370491,True
Roseburia,IL1A,-0.11808377068881142,0.012677578980953794,0.07728854272989641,True
Roseburia,IL23,-0.05528194056005097,0.24451158969143605,0.47271920988001104,False
Roseburia,IL12P40,-0.15379157305354438,0.001135946538897685,0.015403247565960631,True
Roseburia,IL15,-0.11697876334502882,0.013541103166257394,0.08045940143365836,True
Roseburia,IL18,-0.04891073124286628,0.3032507634768477,0.5352633887833061,False
Roseburia,MCSF,-0.1464131110317517,0.0019575095246632027,0.02200356772420736,True
Roseburia,MCP3,-0.13261075818965246,0.005079577206522453,0.04215022904200197,True
Roseburia,MIG,-0.1205750976784352,0.010906692090604256,0.0700012366148844,True
Roseburia,RESISTIN,-0.011936451001589868,0.8017364578204913,0.9033624415583956,False
Roseburia,IL21,-0.060538918550323687,0.20243410099038622,0.42414354252140857,False
Roseburia,ICAM1,-0.06648995892495393,0.1614498267097055,0.3702362227555816,False
Roseburia,VCAM1,-0.10772989513867308,0.023038789241497507,0.1136149996711768,True
Roseburia,FGFB,-0.14472501524970297,0.0022095403707940624,0.023624348129379465,True
Roseburia,IL22,-0.04045857798563809,0.3945345381636297,0.6238885911480688,False
Roseburia,PDGFBB,-0.12192558584146823,0.01004140516958685,0.06634595989395922,True
Roseburia,VEGF,-0.038539984242969116,0.41735617716490125,0.6436635160343549,False
Roseburia,LEPTIN,-0.14685399034092422,0.0018961677353200044,0.02148554199400529,True
Roseburia,PAI1,-0.08104909054933704,0.08768570531080802,0.2585047307781382,False
Roseburia,CD40L,0.11209846572517414,0.018004341719279435,0.09719375697760761,True
Roseburia,ENA78,-0.14448045946098603,0.00224841535099122,0.02389405613780746,True
Rothia,IL17F,0.00591274407799038,0.9010146116791645,0.9536227896043342,False
Rothia,FASL,0.2279948890887966,1.172746967394706e-06,0.00013763023338782157,True
Rothia,TGFA,0.06475444682564727,0.1726979129123498,0.3869890489132335,False
Rothia,MIP1A,0.010279240279585823,0.8288033005224393,0.918412732549473,False
Rothia,SDF1A,0.18474042451252307,8.857328935110668e-05,0.002891243332527184,True
Rothia,IL27,0.20781512833238677,9.875584524605511e-06,0.0006353889873004138,True
Rothia,LIF,0.13534014742605555,0.004234488103929829,0.037071701625457115,True
Rothia,IL1B,0.15907763143833345,0.0007577678019331957,0.011913995201686515,True
Rothia,IL2,0.05328419190518785,0.26200415894108803,0.49221417201740614,False
Rothia,IL4,0.20615280209654221,1.1665768414605541e-05,0.0007055284971238125,True
Rothia,IL5,0.08632959551681943,0.06885033330932375,0.22195113988335954,False
Rothia,IP10,0.024383454978045463,0.6079519533660908,0.7859921778731702,False
Rothia,IL6,0.18364993191094184,9.763621314263435e-05,0.0031048315779357723,True
Rothia,IL7,0.07858398313711511,0.09779686735953617,0.2743544446301388,False
Rothia,IL8,0.2619310109659229,2.0455140157472244e-08,6.953336954219359e-06,True
Rothia,IL10,0.17988244881233742,0.00013611901640308581,0.003855923171556379,True
Rothia,IFNB,0.08986540143305233,0.05819649422846877,0.20026691141117678,False
Rothia,EOTAXIN,-0.09180773346878207,0.05295006100158509,0.18997535517989642,False
Rothia,IL12P70,0.048556353962514745,0.3067717281697457,0.5387770704253256,False
Rothia,IL13,0.17786432907075106,0.0001621949572400273,0.004378683465993476,True
Rothia,IL17A,0.18510687307411483,8.570993238215323e-05,0.0028258478709808246,True
Rothia,IL31,0.347671674605534,4.3415346340464495e-14,2.139942421121495e-10,True
Rothia,IL1RA,0.1679144832258807,0.00037441911368489973,0.007323459568860598,True
Rothia,SCF,0.06357712679210628,0.18065420788071682,0.3965462438851272,False
Rothia,RANTES,0.2671341710982662,1.0423267051329228e-08,5.1376283296001765e-06,True
Rothia,IFNG,0.16939678202412398,0.0003315016956402328,0.006668914777405402,True
Rothia,GMCSF,0.11748022340390427,0.013143010457344532,0.0788188190253889,True
Rothia,TNFA,0.08983002746894833,0.05829589609190893,0.20030705600349888,False
Rothia,HGF,-0.05063317168089625,0.28651972513535684,0.5177839505745826,False
Rothia,MIP1B,0.09445410450403789,0.04644118082266903,0.17480609413893522,True
Rothia,IFNA,0.23244997354889643,7.128963719692688e-07,9.247016361675068e-05,True
Rothia,TGFB,0.14595281854810147,0.0020234851065718817,0.022400771993890612,True
Rothia,MCP1,-0.17220965914091774,0.0002623911729125969,0.00577377719324192,True
Rothia,IL9,0.2143597906100616,5.058505873205311e-06,0.0003989340071844637,True
Rothia,VEGFD,0.031388874278360485,0.5089654756012545,0.7203706616621919,False
Rothia,TNFB,0.21819548550322623,3.384503626663034e-06,0.0003005805112760738,True
Rothia,NGF,0.11237261614775922,0.017723196384775937,0.09610300877949461,True
Rothia,EGF,0.05914852168527956,0.21301395260671066,0.4365678887311754,False
Rothia,BDNF,0.13598148838426413,0.00405534426467448,0.03615702742724154,True
Rothia,TRAIL,0.14323704810058138,0.0024559045006324327,0.025351106353125156,True
Rothia,GCSF,0.07845997126493394,0.09832908972731928,0.27522094450082724,False
Rothia,GROA,0.29619324455450213,1.8390204981540696e-10,3.021510678467136e-07,True
Rothia,IL1A,0.21780351827107994,3.5275614002021745e-06,0.0003050412305543249,True
Rothia,IL23,0.15168763292471932,0.0013299162197245823,0.017070721476621004,True
Rothia,IL12P40,0.06889480850349136,0.14678700106123305,0.34891987616564957,False
Rothia,IL15,0.2252836596368823,1.5799348109814022e-06,0.00016788978000843672,True
Rothia,IL18,0.25589714107432854,4.390337080763133e-08,1.2729394982989107e-05,True
Rothia,MCSF,0.27555251880051784,3.3950108358541384e-09,2.4945064248800927e-06,True
Rothia,MCP3,0.02818314122684379,0.5532014717309182,0.7520440132802585,False
Rothia,MIG,0.04478705170639952,0.345885735507127,0.5782163100948376,False
Rothia,RESISTIN,0.07950001285169718,0.09393625976658589,0.2690750711600625,False
Rothia,IL21,0.17421771563906252,0.000221562714153055,0.005188040940904552,True
Rothia,ICAM1,-0.15451841228034077,0.0010752396552529333,0.014908175135701007,True
Rothia,VCAM1,-0.0028441909738198597,0.9522913164884532,0.9780604749309739,False
Rothia,FGFB,0.11913919048149392,0.011898541401602637,0.07405713859554977,True
Rothia,IL22,0.11459703864382169,0.015580339056905236,0.08893513747711164,True
Rothia,PDGFBB,0.2634984574375413,1.67209131087613e-08,6.444820599091606e-06,True
Rothia,VEGF,0.004598559533806893,0.922937330650288,0.9632398208893164,False
Rothia,LEPTIN,0.0956331348928684,0.04376522237403188,0.16815164240505825,True
Rothia,PAI1,-0.144237354169854,0.002287677818659705,0.024196242268286344,True
Rothia,CD40L,-0.012493007740195157,0.792697564446542,0.8982083437142542,False
Rothia,ENA78,0.20525343378653071,1.2758927103919927e-05,0.0007398676670026037,True
Ruminobacter,IL17F,-0.015206494615482716,0.7490459459779741,0.8741771284471821,False
Ruminobacter,FASL,-0.03661691426463284,0.4409911934251417,0.6638099228561684,False
Ruminobacter,TGFA,0.024836885550864597,0.6012932503946505,0.7825147013056719,False
Ruminobacter,MIP1A,-0.06804304455830151,0.1518596563134864,0.3562666568154091,False
Ruminobacter,SDF1A,0.004513385305550644,0.9243603711079424,0.9636574173415923,False
Ruminobacter,IL27,-0.008383859427240231,0.860008477405557,0.935757568461808,False
Ruminobacter,LIF,0.0481689578810707,0.310651513606439,0.5425591204350042,False
Ruminobacter,IL1B,-0.025200548998874778,0.5959766245918101,0.7781635181435748,False
Ruminobacter,IL2,0.09015136497577729,0.05739807071064945,0.198258647885628,False
Ruminobacter,IL4,-0.05843772621883015,0.21857371812706208,0.4437231956848846,False
Ruminobacter,IL5,0.05357640880767984,0.2593930168899793,0.4894032963138291,False
Ruminobacter,IP10,-0.012777084560922343,0.7880945433901203,0.8950841873485215,False
Ruminobacter,IL6,-0.03705640857339993,0.435523324864022,0.6589910194981594,False
Ruminobacter,IL7,-0.09445550430324848,0.0464379241929693,0.17480609413893522,True
Ruminobacter,IL8,-0.026709820463459103,0.5741434164107052,0.7640261607689972,False
Ruminobacter,IL10,-0.10287969230532511,0.030013968330385436,0.1342179245115563,True
Ruminobacter,IFNB,0.05457458168534325,0.25060943727556706,0.47991673579096344,False
Ruminobacter,EOTAXIN,-0.008399272881916301,0.8597537631876206,0.9356869725660814,False
Ruminobacter,IL12P70,-0.038802268526636534,0.4141913210462521,0.6404859675096397,False
Ruminobacter,IL13,-0.013068141141092855,0.7833860643990913,0.8928546104930237,False
Ruminobacter,IL17A,0.0471349595328723,0.321164398774504,0.5527302100417354,False
Ruminobacter,IL31,-0.004919611423967954,0.9175756329051112,0.961017838567769,False
Ruminobacter,IL1RA,0.06346620099446441,0.1814176009949289,0.39740063206770165,False
Ruminobacter,SCF,-0.05637089294631476,0.23532841909847227,0.46304741626202384,False
Ruminobacter,RANTES,0.04094805824314024,0.38883492507278816,0.6191464458722674,False
Ruminobacter,IFNG,-0.040633055077232305,0.39249713704752665,0.6220800956220637,False
Ruminobacter,GMCSF,0.11658307540296198,0.013862682739934858,0.08163579835739417,True
Ruminobacter,TNFA,0.06914897166372304,0.145298641184432,0.34673299559335047,False
Ruminobacter,HGF,0.046674701808522845,0.32591757013759337,0.5574072530215815,False
Ruminobacter,MIP1B,0.0027673900221392464,0.9535781119110767,0.9784468453004149,False
Ruminobacter,IFNA,-0.019659311501040274,0.6791764713332925,0.830478994592359,False
Ruminobacter,TGFB,0.013855336042876509,0.7706914603244277,0.886106416594146,False
Ruminobacter,MCP1,-0.04835466908590297,0.3087875997493504,0.5401334891987588,False
Ruminobacter,IL9,-0.037108606471506225,0.4348765162381949,0.6584574672568552,False
Ruminobacter,VEGFD,-0.045257581970903085,0.34083706639054434,0.5728852174728024,False
Ruminobacter,TNFB,-0.038925515085795566,0.4127090649857065,0.6392710956651969,False
Ruminobacter,NGF,0.02997559530275241,0.5282372934377262,0.7348872622846002,False
Ruminobacter,EGF,-0.03731717948008519,0.4322975133141743,0.6558567736836332,False
Ruminobacter,BDNF,-0.031778786614096645,0.5037139044600939,0.7155060043469172,False
Ruminobacter,TRAIL,0.005091734077238513,0.9147026362385294,0.9593721234215792,False
Ruminobacter,GCSF,-0.023494244199639837,0.6211042910828165,0.7955912288072314,False
Ruminobacter,GROA,-0.030934630988567594,0.5151193573568316,0.7260406684543426,False
Ruminobacter,IL1A,-0.03631740424712425,0.44473983379210236,0.6673128282378302,False
Ruminobacter,IL23,-0.04365951631805106,0.3581759856806649,0.5895710576854997,False
Ruminobacter,IL12P40,0.040178754112476296,0.39781537515766263,0.627405965444565,False
Ruminobacter,IL15,-0.012159782616170301,0.7981061359226116,0.9011545890387401,False
Ruminobacter,IL18,0.032133847933041186,0.49895664327423617,0.7124084194708101,False
Ruminobacter,MCSF,-0.023608747155594138,0.6194037694295483,0.7947523570267457,False
Ruminobacter,MCP3,-0.03920710833391923,0.4093341907348803,0.6372040841656434,False
Ruminobacter,MIG,0.034498915602434996,0.4678849779319443,0.6881450058364751,False
Ruminobacter,RESISTIN,0.10398904729100869,0.028276329830080636,0.12952976740935637,True
Ruminobacter,IL21,-0.020210075351805648,0.6707081432250569,0.8253884938214663,False
Ruminobacter,ICAM1,0.005750071458851824,0.9037245201252067,0.9551749029049306,False
Ruminobacter,VCAM1,0.13171207911334043,0.005389409567359431,0.04398079430052092,True
Ruminobacter,FGFB,-0.011161196531476868,0.8143711151995574,0.910521770855987,False
Ruminobacter,IL22,-0.08552607232816958,0.0714819136727793,0.22614528401356174,False
Ruminobacter,PDGFBB,0.023079560459960416,0.6272797459034141,0.7993438127088748,False
Ruminobacter,VEGF,-0.07665366653383474,0.10634546610267856,0.2869021988448006,False
Ruminobacter,LEPTIN,0.16041558214481613,0.0006826016526259735,0.011030846044674634,True
Ruminobacter,PAI1,-0.056038158948137407,0.23810818686115826,0.4667469687964403,False
Ruminobacter,CD40L,-0.038358385746417,0.41955573592120965,0.6455408841441056,False
Ruminobacter,ENA78,0.04193405291495483,0.37750647990628305,0.6075851230883491,False
Selenomonas,IL17F,-0.05398974899224109,0.25573032327182393,0.4860207300585387,False
Selenomonas,FASL,-0.1272489076346503,0.00719454504496091,0.052809996316622976,True
Selenomonas,TGFA,-0.04418718400855458,0.3523906465065344,0.5843740825960145,False
Selenomonas,MIP1A,0.0865316235191251,0.06820131313869761,0.22065262386651824,False
Selenomonas,SDF1A,-0.12207036699091367,0.009952357302941394,0.06606756787366752,True
Selenomonas,IL27,-0.08089433645145458,0.08829470458998656,0.2597461049979372,False
Selenomonas,LIF,-0.06130066018847191,0.19680222990832458,0.4172207274056481,False
Selenomonas,IL1B,-0.12600281308556277,0.007786958701086938,0.05518608114688356,True
Selenomonas,IL2,-0.11265100810447873,0.01744163264219073,0.09500305498912864,True
Selenomonas,IL4,-0.1961989158203456,3.0761351254786304e-05,0.0013183322522969992,True
Selenomonas,IL5,-0.1056889694028429,0.025781453911542775,0.12198768304000696,True
Selenomonas,IP10,-0.11910406119478982,0.01192377474478024,0.07406715276247235,True
Selenomonas,IL6,-0.1544309242339157,0.0010823850890988045,0.014913039682548715,True
Selenomonas,IL7,-0.017489170167488993,0.712929220996455,0.8528779829964618,False
Selenomonas,IL8,-0.1663362599190835,0.0004257670124794807,0.008025260437901952,True
Selenomonas,IL10,-0.05301412678793343,0.2644334032491808,0.49479172991325926,False
Selenomonas,IFNB,0.040692642579558395,0.39180278177103434,0.6217630107370985,False
Selenomonas,EOTAXIN,-0.18855059637995278,6.274398201987603e-05,0.00222492868615805,True
Selenomonas,IL12P70,-0.10153668347213683,0.03223926701884105,0.1409318140298642,True
Selenomonas,IL13,-0.16283234097490298,0.0005640602408911461,0.009814223301980974,True
Selenomonas,IL17A,-0.2547896157372496,5.040481888571253e-08,1.3802519571537615e-05,True
Selenomonas,IL31,-0.18977379448603487,5.6088357465311335e-05,0.00203085730121885,True
Selenomonas,IL1RA,-0.08444579146851713,0.07514876479986418,0.23369606416311076,False
Selenomonas,SCF,-0.1404324319069887,0.0029894732880228203,0.029178443240919765,True
Selenomonas,RANTES,-0.16304748141815248,0.0005544918183160062,0.009729474194940285,True
Selenomonas,IFNG,-0.16368258949446554,0.0005271170233697132,0.009362738047529068,True
Selenomonas,GMCSF,-0.15909758188872172,0.0007565928327728715,0.011913995201686515,True
Selenomonas,TNFA,-0.20132213265366194,1.8787128510117974e-05,0.0009596036935375284,True
Selenomonas,HGF,-0.10832039563913319,0.02229393701668326,0.11156021883779876,True
Selenomonas,MIP1B,-0.09226757769120064,0.051767389014077514,0.18694285926330226,True
Selenomonas,IFNA,-0.13128484012514519,0.00554258643616285,0.04467664898532749,True
Selenomonas,TGFB,-0.11573802978888922,0.014572043337217634,0.08490023830868289,True
Selenomonas,MCP1,-0.048454010180052194,0.3077935818174269,0.539439506185233,False
Selenomonas,IL9,-0.1409591727753205,0.0028818612440960727,0.028254443062188106,True
Selenomonas,VEGFD,0.0644976001302505,0.174411009379995,0.38840471630326745,False
Selenomonas,TNFB,-0.23009328531042253,9.288042560020631e-07,0.00011303891797121407,True
Selenomonas,NGF,-0.0639982367602117,0.17777776384615224,0.39268052789499636,False
Selenomonas,EGF,-0.1006046630592785,0.03386511961850572,0.14496132400408085,True
Selenomonas,BDNF,-0.139284731501875,0.003236704010357234,0.03085388067677834,True
Selenomonas,TRAIL,-0.08585571547702235,0.0703925437852577,0.2244753427339618,False
Selenomonas,GCSF,-0.1463852130903391,0.0019614515261970537,0.022022766680239815,True
Selenomonas,GROA,-0.20855439490118535,9.166417300779074e-06,0.0006024169450072008,True
Selenomonas,IL1A,-0.02956445124727323,0.5339125170059971,0.7385462981748685,False
Selenomonas,IL23,-0.1529398547486428,0.0012110943996286648,0.016155573195587792,True
Selenomonas,IL12P40,-0.17832685709530394,0.00015583485189890554,0.004243701574639257,True
Selenomonas,IL15,-0.17294821672097943,0.0002466195325554854,0.0056001039690210495,True
Selenomonas,IL18,-0.1175464439682247,0.013091218678189314,0.0788188190253889,True
Selenomonas,MCSF,-0.17261140891577406,0.0002536987098775282,0.005682307298789721,True
Selenomonas,MCP3,-0.16932340662778336,0.00033351338864484305,0.006668914777405402,True
Selenomonas,MIG,-0.05354646007685017,0.25965979856420784,0.489712319541986,False
Selenomonas,RESISTIN,-0.009894818655760402,0.8351122844814471,0.9229484613515425,False
Selenomonas,IL21,-0.00680537100601133,0.8861659225945604,0.9472946058200404,False
Selenomonas,ICAM1,-0.17461281830851444,0.00021426393840926364,0.005155124518634727,True
Selenomonas,VCAM1,-0.20080143516847335,1.97640074165134e-05,0.0010042968304741708,True
Selenomonas,FGFB,-0.12469088501965864,0.008457383332100808,0.058381499227967766,True
Selenomonas,IL22,-0.16471391440326644,0.0004853240967040795,0.008762499899832996,True
Selenomonas,PDGFBB,-0.16626252152334178,0.00042831934937383875,0.008057962110929967,True
Selenomonas,VEGF,-0.02288256242539039,0.6302226117272853,0.8005069586918668,False
Selenomonas,LEPTIN,-0.1958843030955089,3.16940599469081e-05,0.0013295320976877449,True
Selenomonas,PAI1,-0.02369927563417948,0.6180607353290195,0.7936489160965838,False
Selenomonas,CD40L,0.13128463766604798,0.005542659942083133,0.04467664898532749,True
Selenomonas,ENA78,-0.250072258885985,9.011318080447337e-08,2.115085086596425e-05,True
Sideroxydans,IL17F,0.12053986616941019,0.010930123614563943,0.07001244872798658,True
Sideroxydans,FASL,0.09599869378415023,0.042962368698644976,0.16694229477885159,True
Sideroxydans,TGFA,0.04042898181433806,0.3948807695156644,0.6242358283972771,False
Sideroxydans,MIP1A,0.08553630044134049,0.07144790710014494,0.22611026266235276,False
Sideroxydans,SDF1A,0.14879525662537046,0.0016464502456333837,0.019555068098137226,True
Sideroxydans,IL27,0.028472847632341373,0.5491278840557446,0.748637908955694,False
Sideroxydans,LIF,-0.08540692770485693,0.07187902208210253,0.22681927006573843,False
Sideroxydans,IL1B,0.04207524787930208,0.3759009983629167,0.6062130946894481,False
Sideroxydans,IL2,0.06334418643778877,0.1822600599123235,0.3982334027480149,False
Sideroxydans,IL4,0.1084588151368154,0.0221223859868624,0.1109834509203509,True
Sideroxydans,IL5,0.0785224277464401,0.0980607574885212,0.2749382671563828,False
Sideroxydans,IP10,0.04765121134260401,0.31588693616762753,0.5473744800035986,False
Sideroxydans,IL6,0.030173693856203707,0.5255138171505951,0.7336801033098097,False
Sideroxydans,IL7,-0.03889486479861031,0.413077395480528,0.639465603744825,False
Sideroxydans,IL8,0.058893302446034655,0.2149984225409016,0.4389922223297862,False
Sideroxydans,IL10,0.03602652139651433,0.44839777457325614,0.6708627074776857,False
Sideroxydans,IFNB,-0.039666953298169626,0.40385829415971086,0.6325444969536749,False
Sideroxydans,EOTAXIN,0.06095148023768992,0.1993695031864472,0.42031320838579905,False
Sideroxydans,IL12P70,0.05823506438214548,0.2201777847462762,0.4459263675460084,False
Sideroxydans,IL13,0.08683203578046972,0.06724550846458081,0.2189254367383876,False
Sideroxydans,IL17A,0.055011870927930015,0.24682738225794246,0.47587493796401026,False
Sideroxydans,IL31,-0.028209544485815936,0.5528296026076243,0.752006930109833,False
Sideroxydans,IL1RA,-0.01866934544968134,0.6944991075150128,0.8405867586947157,False
Sideroxydans,SCF,0.13618390235867003,0.0040002448771961335,0.035751961921486386,True
Sideroxydans,RANTES,-0.010588027584268708,0.8237435364202467,0.9159801046522402,False
Sideroxydans,IFNG,0.05694514714054989,0.23058491517966812,0.4572734045144172,False
Sideroxydans,GMCSF,0.05644406375570323,0.23472020948977607,0.46256342882503715,False
Sideroxydans,TNFA,0.11768947007057144,0.0129799699265895,0.07850094695479712,True
Sideroxydans,HGF,0.06145804150991507,0.19565303690625915,0.415767975387347,False
Sideroxydans,MIP1B,0.2140485352031962,5.22452106527366e-06,0.0004012517304217246,True
Sideroxydans,IFNA,0.06716784471463126,0.15720933249169508,0.364746507037889,False
Sideroxydans,TGFB,0.03965317810694506,0.4040216933687909,0.6325535142610789,False
Sideroxydans,MCP1,0.07702026013613936,0.10467807602580548,0.283961605245567,False
Sideroxydans,IL9,0.060602210469926365,0.20196174619701587,0.4233338069339108,False
Sideroxydans,VEGFD,-0.04268716680196081,0.36899174635354903,0.5990646632992896,False
Sideroxydans,TNFB,0.10200273513734573,0.03145158322563555,0.13868670479831388,True
Sideroxydans,NGF,0.020225085411604126,0.6704779309307448,0.8253710593300803,False
Sideroxydans,EGF,0.09592705328185563,0.043118723250281855,0.16715925627900582,True
Sideroxydans,BDNF,0.14100423724644656,0.0028728203265787253,0.028254443062188106,True
Sideroxydans,TRAIL,0.14480424355471816,0.002197078393988375,0.02354217261732326,True
Sideroxydans,GCSF,0.08604181713198672,0.06978355368142704,0.22367816738874188,False
Sideroxydans,GROA,0.04051090195346082,0.39392287324991304,0.6232493898770284,False
Sideroxydans,IL1A,0.1198407953831636,0.011404366499400923,0.07218370536637099,True
Sideroxydans,IL23,0.025046887676646163,0.5982204917043195,0.7802957719918673,False
Sideroxydans,IL12P40,0.04258030375236735,0.37019264325333023,0.6003546946931178,False
Sideroxydans,IL15,0.05890295795053674,0.21492310482962812,0.4389293489559714,False
Sideroxydans,IL18,-0.07771620643410689,0.10156964995963497,0.27991993550519473,False
Sideroxydans,MCSF,0.04483411626906845,0.3453786178963726,0.5779378247166195,False
Sideroxydans,MCP3,0.14990502193500407,0.0015176188941512716,0.018607819724556263,True
Sideroxydans,MIG,0.09527496689685015,0.044564053300443066,0.16993998525096027,True
Sideroxydans,RESISTIN,-0.021326598023290306,0.6536691863249091,0.8163084800556972,False
Sideroxydans,IL21,0.0863390422695056,0.06881987305997929,0.22195113988335954,False
Sideroxydans,ICAM1,0.027862007000314305,0.5577341499664956,0.7548361533238024,False
Sideroxydans,VCAM1,0.020250187626251186,0.6700930021392609,0.825244486317425,False
Sideroxydans,FGFB,0.06923767082531186,0.14478194594897348,0.34621369021610787,False
Sideroxydans,IL22,0.09535336597134851,0.044388157706597375,0.16980149735026656,True
Sideroxydans,PDGFBB,0.024540331781127238,0.6056444845449938,0.7843462071261886,False
Sideroxydans,VEGF,0.16085698335504114,0.0006593601483711314,0.01090366959438134,True
Sideroxydans,LEPTIN,0.05592924217552766,0.2390231122605259,0.4679396691174302,False
Sideroxydans,PAI1,0.12159481133302462,0.01024750689381631,0.06730174747451112,True
Sideroxydans,CD40L,0.01707291025181203,0.7194704319303372,0.8564834582742741,False
Sideroxydans,ENA78,0.0694934728693031,0.1432996909876522,0.3441287098066444,False
Snodgrassella,IL17F,0.06013365379461541,0.2054776630298907,0.4268275282625554,False
Snodgrassella,FASL,0.005522557924447028,0.9075164600649241,0.956977824740759,False
Snodgrassella,TGFA,-0.01837294119170966,0.699111492665848,0.8443177057619715,False
Snodgrassella,MIP1A,-0.04452072364799524,0.34876430471179665,0.5808613812888818,False
Snodgrassella,SDF1A,0.04176823633347394,0.37939729431696945,0.6089382167659858,False
Snodgrassella,IL27,0.01574535509828772,0.7404670191723971,0.8694049398524881,False
Snodgrassella,LIF,-0.06691646134582714,0.15877193055901387,0.36672298300158357,False
Snodgrassella,IL1B,0.0786751470796052,0.09740708363942496,0.27388449244650637,False
Snodgrassella,IL2,0.0026550754113737743,0.9554601528488891,0.9792001441713638,False
Snodgrassella,IL4,0.055661731147514694,0.2412807475106299,0.4696970001895318,False
Snodgrassella,IL5,0.06280929487760281,0.18598739738206307,0.40331363031068584,False
Snodgrassella,IP10,-0.0064751508875864824,0.8916547172415149,0.9502629408180383,False
Snodgrassella,IL6,0.006134885153976238,0.8973159006028161,0.9524767410655489,False
Snodgrassella,IL7,0.011507722677334577,0.8087174691182872,0.9070569857119982,False
Snodgrassella,IL8,0.03093943086159313,0.5150541301228336,0.7260406684543426,False
Snodgrassella,IL10,-0.005163580565563861,0.9135037321160071,0.9589308690447874,False
Snodgrassella,IFNB,-0.038790446519138974,0.4143336662066356,0.6406055962147135,False
Snodgrassella,EOTAXIN,0.0031606044837438414,0.9469911706396057,0.9756938712547276,False
Snodgrassella,IL12P70,0.020818824609559347,0.6613965567337535,0.8201317303498544,False
Snodgrassella,IL13,0.0514438432105705,0.27886439366816235,0.5094288566275146,False
Snodgrassella,IL17A,0.09890260732887353,0.03701483157987858,0.15331605450186683,True
Snodgrassella,IL31,-0.006400009380596935,0.8929044236702162,0.950875208873392,False
Snodgrassella,IL1RA,0.00906067626228444,0.8488378180773442,0.9293473134836138,False
Snodgrassella,SCF,0.05711530651670704,0.22919244909425182,0.45658928915593977,False
Snodgrassella,RANTES,-0.043471825030094294,0.3602481068796004,0.5912075551778686,False
Snodgrassella,IFNG,0.031290927007843417,0.510289166424938,0.7217260548948405,False
Snodgrassella,GMCSF,0.06876166885698334,0.14757128061072472,0.34995373689211556,False
Snodgrassella,TNFA,0.11155672135580623,0.018571375402869694,0.09852661518215737,True
Snodgrassella,HGF,-0.01885122803507089,0.691674367086512,0.839513163105003,False
Snodgrassella,MIP1B,0.13963656047419953,0.003159010297204293,0.03035236209536055,True
Snodgrassella,IFNA,0.05585116632529865,0.23968048610313566,0.4686045459270895,False
Snodgrassella,TGFB,0.05106002635642913,0.2824713959475346,0.5139663454332052,False
Snodgrassella,MCP1,0.026713153850285016,0.5740956159936199,0.7640261607689972,False
Snodgrassella,IL9,0.058095298213082014,0.22128892540393566,0.447572061270414,False
Snodgrassella,VEGFD,0.0016751854096974039,0.9718893977899006,0.9862966526058102,False
Snodgrassella,TNFB,0.0915275183332097,0.05368171734742092,0.19118293699814864,False
Snodgrassella,NGF,0.02424864062761333,0.6099380251082902,0.7874239197901421,False
Snodgrassella,EGF,0.06105207103166613,0.1986274422876186,0.4194749973965988,False
Snodgrassella,BDNF,0.04084381064234087,0.3900446012495832,0.6202709596900131,False
Snodgrassella,TRAIL,0.023226113070048446,0.6250942854742919,0.7983604409720305,False
Snodgrassella,GCSF,0.06257453617470761,0.18764090592741822,0.40520570660076427,False
Snodgrassella,GROA,0.025002630798494418,0.5988674689399635,0.7806976340664057,False
Snodgrassella,IL1A,0.028818268971535752,0.544290239502226,0.7446555024314294,False
Snodgrassella,IL23,0.01106736403273318,0.8159036844802476,0.9113050670299435,False
Snodgrassella,IL12P40,-0.011897444822272214,0.8023709551111946,0.9034129538830539,False
Snodgrassella,IL15,0.052815747009608754,0.2662276646614185,0.49705915118035293,False
Snodgrassella,IL18,-0.10353327502923783,0.028979485615756792,0.13158902312304488,True
Snodgrassella,MCSF,0.012795030611959517,0.7878040013511154,0.8950841873485215,False
Snodgrassella,MCP3,0.10412775067698765,0.028065270269519597,0.12898248686103692,True
Snodgrassella,MIG,-0.02871961392361248,0.5456697522824595,0.7455399665992871,False
Snodgrassella,RESISTIN,-0.08849844698743609,0.06214115208259909,0.20837574293157415,False
Snodgrassella,IL21,-0.06139602434757496,0.19610529744266178,0.4162803665352626,False
Snodgrassella,ICAM1,-0.0047619715534538655,0.9202078316034692,0.962075384870824,False
Snodgrassella,VCAM1,0.06714120915905578,0.1573743467106981,0.36491130015514595,False
Snodgrassella,FGFB,0.03898203863209438,0.4120303193828341,0.6389310455627839,False
Snodgrassella,IL22,0.03227569177243896,0.4970628330047151,0.7110790027224614,False
Snodgrassella,PDGFBB,-0.0731672533799131,0.12327055086165795,0.31303479917419474,False
Snodgrassella,VEGF,0.07902178375059869,0.09593627905766962,0.2718130983311983,False
Snodgrassella,LEPTIN,0.10174216981589522,0.03188991760722246,0.13996320069323967,True
Snodgrassella,PAI1,0.1398751993119266,0.003107280562134144,0.030030952726978814,True
Snodgrassella,CD40L,-0.07959037707085907,0.09356211416318218,0.2685110106028093,False
Snodgrassella,ENA78,0.1091378468043592,0.021297300329045903,0.10810957087730921,True
Staphylococcus,IL17F,0.013084718328810412,0.7831181280291286,0.8928546104930237,False
Staphylococcus,FASL,0.09526809042649531,0.04457950921677655,0.16993998525096027,True
Staphylococcus,TGFA,0.030504250374370673,0.5209852890061609,0.7305651463759224,False
Staphylococcus,MIP1A,-0.0231215498310998,0.6266532466234891,0.7992553744721861,False
Staphylococcus,SDF1A,0.0707732751240591,0.13605750662155827,0.33314826136992587,False
Staphylococcus,IL27,0.10726001850518145,0.023646784517827688,0.11587602351462811,True
Staphylococcus,LIF,0.17549363296642695,0.00019879472411498517,0.004973904543973411,True
Staphylococcus,IL1B,0.10557436696709097,0.02594347395056496,0.12242736534450425,True
Staphylococcus,IL2,0.08449436709590459,0.07498065773264247,0.2333676076893395,False
Staphylococcus,IL4,0.0544697623047762,0.2515219651498604,0.4812700955837197,False
Staphylococcus,IL5,0.10179760751654372,0.03179622327591191,0.13968233915059697,True
Staphylococcus,IP10,-0.0078085966123837315,0.8695251094687272,0.9398277502971759,False
Staphylococcus,IL6,0.12587068474628715,0.007852261271463996,0.05533065876632742,True
Staphylococcus,IL7,0.04094324229489713,0.3888907585403997,0.6191464458722674,False
Staphylococcus,IL8,0.08246211681995078,0.0822799174263938,0.2490132187556477,False
Staphylococcus,IL10,0.1452983200881806,0.002120801858366084,0.02307600962447335,True
Staphylococcus,IFNB,0.05905938491803273,0.2137055368801539,0.4374396143198831,False
Staphylococcus,EOTAXIN,0.039964464562452444,0.4003388905306907,0.6297268895090232,False
Staphylococcus,IL12P70,0.026981600328222263,0.5702523023962605,0.7624504539566439,False
Staphylococcus,IL13,0.07775143951183132,0.10141425171503672,0.27972627123862115,False
Staphylococcus,IL17A,0.0884893911997434,0.06216800199704226,0.20837574293157415,False
Staphylococcus,IL31,0.23470412100716717,5.52057258081521e-07,7.558583958566159e-05,True
Staphylococcus,IL1RA,0.16557400598744995,0.0004528478582230758,0.00842297016294921,True
Staphylococcus,SCF,0.04827766782809114,0.30955953640978395,0.5410705514056117,False
Staphylococcus,RANTES,0.16253933725554962,0.0005773382603319084,0.009932636248432727,True
Staphylococcus,IFNG,0.08762987486701837,0.06476030306630104,0.21387171444810574,False
Staphylococcus,GMCSF,0.06308354453286516,0.18406936120728612,0.4005446241793268,False
Staphylococcus,TNFA,0.08099252345335783,0.08790791939694637,0.25899470096087784,False
Staphylococcus,HGF,-0.0106942757974174,0.8220042373862078,0.9148021869669491,False
Staphylococcus,MIP1B,-0.052306013663701946,0.2708762187087771,0.5020726637833564,False
Staphylococcus,IFNA,0.10116622284256675,0.032877351161305766,0.14208896437884797,True
Staphylococcus,TGFB,0.1338542520702227,0.004677324415721243,0.03995586142996535,True
Staphylococcus,MCP1,-0.08408648272065387,0.0764017806046273,0.2366405801495794,False
Staphylococcus,IL9,0.0667011062456356,0.16011987039734,0.368283173676383,False
Staphylococcus,VEGFD,0.0789477850165831,0.09624876454834762,0.2719462083455462,False
Staphylococcus,TNFB,0.05094621549704701,0.28354699079974344,0.5145639831075925,False
Staphylococcus,NGF,0.09736326811349079,0.040074187523707436,0.1603279479085388,True
Staphylococcus,EGF,0.05058026866280626,0.2870241686592147,0.5183154890350868,False
Staphylococcus,BDNF,0.06971522039363535,0.14202417912056112,0.3422757646877767,False
Staphylococcus,TRAIL,0.03430576346232135,0.47038183017357416,0.689970025440974,False
Staphylococcus,GCSF,0.033493930309697176,0.4809560455996631,0.6992980096239925,False
Staphylococcus,GROA,0.15857064949501232,0.0007881988467108197,0.012246368998738665,True
Staphylococcus,IL1A,0.07681564892468087,0.10560614653481018,0.28553631172247906,False
Staphylococcus,IL23,0.08060874145066861,0.08942751794339489,0.26097573608304914,False
Staphylococcus,IL12P40,-0.04394901886849929,0.354994548983693,0.5873676173013168,False
Staphylococcus,IL15,0.15154043547832388,0.0013445663796213564,0.017124981098588284,True
Staphylococcus,IL18,0.18620959638048748,7.76103098665094e-05,0.0025934997785222024,True
Staphylococcus,MCSF,0.10974017849901409,0.020587901145387937,0.10526739081495554,True
Staphylococcus,MCP3,-0.02467986686903831,0.6035953819708031,0.7832949326849671,False
Staphylococcus,MIG,0.018347456350595932,0.6995085857017771,0.8445505986341848,False
Staphylococcus,RESISTIN,0.1140822757068407,0.016054919202011637,0.09096074661090608,True
Staphylococcus,IL21,0.07650431838571334,0.1070307382993893,0.2879664350860753,False
Staphylococcus,ICAM1,-0.03104936455072013,0.5135613721141812,0.7246905248069851,False
Staphylococcus,VCAM1,-0.07411074349019149,0.11849588897153893,0.3056225444116556,False
Staphylococcus,FGFB,0.05049307580497002,0.2878568775869298,0.5189636245888724,False
Staphylococcus,IL22,0.029422643860095233,0.5358770483933317,0.7397415806655765,False
Staphylococcus,PDGFBB,0.22754124522296162,1.2330284052543033e-06,0.0001391563627309776,True
Staphylococcus,VEGF,-0.0032761451409377305,0.945056354667415,0.9744113079611321,False
Staphylococcus,LEPTIN,0.038047436089006605,0.42333775412537566,0.6481156571341976,False
Staphylococcus,PAI1,-0.08159447906137147,0.08556632875846792,0.25523190419777364,False
Staphylococcus,CD40L,0.027226670687518762,0.5667543696166193,0.7613985797123665,False
Staphylococcus,ENA78,0.10173458774986929,0.03190275024931117,0.13996320069323967,True
Stenoxybacter,IL17F,0.11122364640097626,0.018927676835212473,0.09988625074832538,True
Stenoxybacter,FASL,0.06389878754779968,0.17845397964522816,0.39351672100273377,False
Stenoxybacter,TGFA,0.03941614989769759,0.4068394581011061,0.6349942017037213,False
Stenoxybacter,MIP1A,0.039907702816150484,0.40100893068562393,0.6300630246794635,False
Stenoxybacter,SDF1A,0.16084012003074272,0.000660234424713048,0.01090366959438134,True
Stenoxybacter,IL27,0.07863063312555489,0.09759725415474428,0.2739871531301238,False
Stenoxybacter,LIF,0.0013337331991982518,0.9776174779789568,0.9889536272874866,False
Stenoxybacter,IL1B,0.149438983198572,0.001570549955971247,0.019022413532158635,True
Stenoxybacter,IL2,0.067295274194141,0.15642168152893202,0.36325204629262936,False
Stenoxybacter,IL4,0.1526012902095183,0.001242217304279312,0.016348681344020618,True
Stenoxybacter,IL5,0.09894303881746223,0.03693722448240301,0.15312327962469677,True
Stenoxybacter,IP10,0.07930761048629198,0.09473686915301799,0.27007404745819874,False
Stenoxybacter,IL6,0.07785557371887274,0.10095606251538433,0.2791568983441724,False
Stenoxybacter,IL7,-0.009954485493273444,0.8341323502295811,0.9220539031804452,False
Stenoxybacter,IL8,0.13143521631751337,0.005488231563889089,0.04445602855942369,True
Stenoxybacter,IL10,0.12918136590056795,0.006355329059095348,0.04852891856279004,True
Stenoxybacter,IFNB,0.014536408394998137,0.759757271818171,0.8796907664533157,False
Stenoxybacter,EOTAXIN,0.051564378021876814,0.27773811282965355,0.5084386845449814,False
Stenoxybacter,IL12P70,0.1098719891306448,0.020435428183946343,0.10487566814059056,True
Stenoxybacter,IL13,0.11390332764530223,0.01622284002714259,0.09124422716187086,True
Stenoxybacter,IL17A,0.12417005810995627,0.008737493442135213,0.059815423855950636,True
Stenoxybacter,IL31,0.027435060958899145,0.5637880671856872,0.7592297419771843,False
Stenoxybacter,IL1RA,0.06711394912867477,0.15754336513088874,0.36491130015514595,False
Stenoxybacter,SCF,0.1291264422850643,0.006377913238318005,0.04866367546698057,True
Stenoxybacter,RANTES,0.07447869604066451,0.11667346940163448,0.30267554246350337,False
Stenoxybacter,IFNG,0.14280524421115157,0.0025319493046398866,0.02586868371253482,True
Stenoxybacter,GMCSF,0.09866462762457864,0.037474436487948695,0.15463499158568364,True
Stenoxybacter,TNFA,0.19271095545863187,4.272464001092362e-05,0.0016472988834009905,True
Stenoxybacter,HGF,0.033476602067372754,0.48118314541918106,0.6993121694213013,False
Stenoxybacter,MIP1B,0.22211641265406967,2.2275126897395233e-06,0.00021741406035101209,True
Stenoxybacter,IFNA,0.09985027300212493,0.03523178874393182,0.1486818400931298,True
Stenoxybacter,TGFB,0.11100916644798552,0.01916025373793828,0.10052250204821478,True
Stenoxybacter,MCP1,0.07247269856168244,0.12688012458487882,0.3184647281098039,False
Stenoxybacter,IL9,0.14854275598001807,0.0016771296645341478,0.019776488316958888,True
Stenoxybacter,VEGFD,0.02919192543353277,0.5390810443864162,0.741904360681459,False
Stenoxybacter,TNFB,0.1643550799363912,0.0004995028145499667,0.008952906810606493,True
Stenoxybacter,NGF,0.08745996498629152,0.06528313106149596,0.21523782809505923,False
Stenoxybacter,EGF,0.11030733807481781,0.01993878852027211,0.10316956163067079,True
Stenoxybacter,BDNF,0.16764275433172854,0.00038282735135691765,0.007428960688339556,True
Stenoxybacter,TRAIL,0.12182181960707295,0.010105661087703785,0.06663652642313306,True
Stenoxybacter,GCSF,0.09317781625414526,0.04949125371615495,0.18211451255463065,True
Stenoxybacter,GROA,0.11101755275891,0.01915111326818271,0.10052250204821478,True
Stenoxybacter,IL1A,0.11844307389796067,0.012407457071897951,0.07592347102096214,True
Stenoxybacter,IL23,0.05377445368159596,0.2576336061971902,0.48812102257945084,False
Stenoxybacter,IL12P40,0.05932776083397668,0.2116281698353177,0.43477984862981384,False
Stenoxybacter,IL15,0.11689106393013043,0.01361180520782995,0.08073716951792277,True
Stenoxybacter,IL18,0.012232244743775112,0.7969291726055253,0.9003126041193295,False
Stenoxybacter,MCSF,0.09658427759728098,0.04170215835705732,0.1640462398578895,True
Stenoxybacter,MCP3,0.16233592298029906,0.000586726306320936,0.01004157626338852,True
Stenoxybacter,MIG,0.11897065529857948,0.01202003138465064,0.07452419458483397,True
Stenoxybacter,RESISTIN,-0.003378412997677722,0.943344070885521,0.9735941433613937,False
Stenoxybacter,IL21,0.051218948386520254,0.2809740857144966,0.5121360777432181,False
Stenoxybacter,ICAM1,0.07197496196238114,0.12951688345268075,0.3228261534959613,False
Stenoxybacter,VCAM1,0.05442643901972448,0.25189979925687467,0.4817125550095578,False
Stenoxybacter,FGFB,0.10123249716085105,0.032762414647180396,0.14177870219135397,True
Stenoxybacter,IL22,0.07954687318678098,0.09374208942250434,0.26879276251513895,False
Stenoxybacter,PDGFBB,0.012336960738427173,0.795229140536042,0.899835728581761,False
Stenoxybacter,VEGF,0.1604492695570543,0.0006808014759895309,0.011030846044674634,True
Stenoxybacter,LEPTIN,0.09074376897606279,0.05577291645827509,0.19531417777821522,False
Stenoxybacter,PAI1,0.12972947504211052,0.0061338493799339274,0.04764633940917758,True
Stenoxybacter,CD40L,0.026273159823272173,0.5804212616353732,0.7686449217089615,False
Stenoxybacter,ENA78,0.11752954613930561,0.013104417519708879,0.0788188190253889,True
Stomatobaculum,IL17F,0.19967043766219753,2.2054503964431082e-05,0.0010710014782333085,True
Stomatobaculum,FASL,0.06235369422143385,0.18920624073439926,0.40689247843798165,False
Stomatobaculum,TGFA,0.13083990799122644,0.005706258202617152,0.04551156420825233,True
Stomatobaculum,MIP1A,0.23114489015450168,8.256672653708199e-07,0.00010435163976955824,True
Stomatobaculum,SDF1A,0.06750359516029777,0.15514046388044303,0.361127436347912,False
Stomatobaculum,IL27,0.03943362205904018,0.40663135295139075,0.6348704272085539,False
Stomatobaculum,LIF,0.05819980539856546,0.22045771661811545,0.4460209783637962,False
Stomatobaculum,IL1B,0.036934703575951494,0.4370335748119858,0.6605760473009131,False
Stomatobaculum,IL2,0.06080152651352016,0.2004794602265687,0.42146005845396917,False
Stomatobaculum,IL4,0.07778199287938606,0.10127964652229235,0.2795114096911417,False
Stomatobaculum,IL5,0.07573077340376429,0.11063605246627421,0.29350113165030445,False
Stomatobaculum,IP10,0.006683365605030824,0.8881932309168493,0.9483047323186683,False
Stomatobaculum,IL6,0.06434228057443782,0.17545306536212832,0.38974245153390297,False
Stomatobaculum,IL7,0.1280468117311377,0.006836707931057243,0.05094200059286644,True
Stomatobaculum,IL8,0.00848128157910414,0.8583987780242106,0.9346188350143185,False
Stomatobaculum,IL10,0.10987663130630715,0.020430076252450743,0.10487566814059056,True
Stomatobaculum,IFNB,0.14962031317061417,0.001549756978696541,0.018907802346522895,True
Stomatobaculum,EOTAXIN,0.016187382536574698,0.7334536053580711,0.8653962467528264,False
Stomatobaculum,IL12P70,0.04433807663047845,0.3507471609774354,0.5830801876754735,False
Stomatobaculum,IL13,0.005155285503272442,0.9136421420610457,0.9589740456173114,False
Stomatobaculum,IL17A,-0.051947878631735174,0.2741752283558916,0.5044104572316016,False
Stomatobaculum,IL31,0.004276614418105874,0.9283174520908675,0.965031520257349,False
Stomatobaculum,IL1RA,0.0779672458854219,0.1004665344673917,0.2782801620622499,False
Stomatobaculum,SCF,-0.05972323925000674,0.2085935385785163,0.43040056788025505,False
Stomatobaculum,RANTES,0.03537433706523976,0.45666076592807536,0.6774367625706607,False
Stomatobaculum,IFNG,0.008821721340471805,0.8527783638894385,0.9315629971116923,False
Stomatobaculum,GMCSF,-0.04006049076763879,0.39920688376128843,0.6285547772111135,False
Stomatobaculum,TNFA,0.011904354993834689,0.8022585407470705,0.9034129538830539,False
Stomatobaculum,HGF,0.0018763189410013201,0.9685159108929207,0.9849009541553964,False
Stomatobaculum,MIP1B,0.04010720538310728,0.3986568824192608,0.6279481044560534,False
Stomatobaculum,IFNA,0.029197649851429485,0.5390014335738176,0.741904360681459,False
Stomatobaculum,TGFB,0.06265568596995875,0.18706811366315976,0.4047667832509721,False
Stomatobaculum,MCP1,0.07923926374019917,0.09502257640978777,0.27057372830246024,False
Stomatobaculum,IL9,0.04485839568464955,0.3451171935629661,0.5778133991412567,False
Stomatobaculum,VEGFD,-0.05201224983188025,0.2735802563829958,0.5040453786522066,False
Stomatobaculum,TNFB,-0.03687910087256736,0.43772455345982775,0.6613162678937903,False
Stomatobaculum,NGF,0.07680277295109027,0.1056647659436494,0.2856164690629273,False
Stomatobaculum,EGF,0.014878624302430416,0.7542810682852866,0.8764383275761852,False
Stomatobaculum,BDNF,-0.012952057525753588,0.785263034564967,0.8936877158556275,False
Stomatobaculum,TRAIL,0.0823427519170132,0.0827258991843185,0.24977394001807404,False
Stomatobaculum,GCSF,0.044532041695622235,0.34864166745983405,0.5808613812888818,False
Stomatobaculum,GROA,0.05846248637182624,0.21837831679125078,0.44359642425883994,False
Stomatobaculum,IL1A,0.11926047678328128,0.011811783863233555,0.07378996535092293,True
Stomatobaculum,IL23,0.10149785230951996,0.032305650130423476,0.14104034498924475,True
Stomatobaculum,IL12P40,-0.10714318542675977,0.023800096776316608,0.11609171401332466,True
Stomatobaculum,IL15,0.032440748938675754,0.49486390698014293,0.709271357227428,False
Stomatobaculum,IL18,0.05484437629241222,0.2482712847617579,0.47772414236841193,False
Stomatobaculum,MCSF,0.07586821221352487,0.10998859160281105,0.2926498072929855,False
Stomatobaculum,MCP3,0.03450586680246835,0.4677952573097527,0.6881450058364751,False
Stomatobaculum,MIG,0.02247424501978094,0.636340896841837,0.8046496358474641,False
Stomatobaculum,RESISTIN,0.04678725472623317,0.324751025104391,0.5563774079734248,False
Stomatobaculum,IL21,0.12540367484381296,0.008087009983383464,0.05647962156366025,True
Stomatobaculum,ICAM1,-0.15434213122638024,0.0010896818363685702,0.014975167602689576,True
Stomatobaculum,VCAM1,-0.16983643961379793,0.0003196829527478827,0.006511228405348404,True
Stomatobaculum,FGFB,0.030440221134212443,0.521860904482117,0.7311065090304601,False
Stomatobaculum,IL22,-0.024774644655087535,0.6022053236211867,0.7826684351031851,False
Stomatobaculum,PDGFBB,-0.03338387431431967,0.482399401406466,0.7003672016295938,False
Stomatobaculum,VEGF,0.21560563372228597,4.443047964015708e-06,0.0003619798911509657,True
Stomatobaculum,LEPTIN,-0.14345555794888978,0.002418221857835797,0.025128506777937647,True
Stomatobaculum,PAI1,-0.014012195186718415,0.768169068613023,0.8843408476453557,False
Stomatobaculum,CD40L,0.16223023222490954,0.0005916599087401904,0.010108463397505716,True
Stomatobaculum,ENA78,-0.09784843847611768,0.03908766038736873,0.15832300142048686,True
Streptococcus,IL17F,-0.0076084220397157854,0.8728411130141419,0.9418200188368444,False
Streptococcus,FASL,0.11309951054821245,0.0169962388317218,0.09355048710391596,True
Streptococcus,TGFA,0.02786509978015322,0.5576904108962785,0.7548361533238024,False
Streptococcus,MIP1A,0.007599330509540393,0.8729917726136015,0.9418794893756028,False
Streptococcus,SDF1A,0.10489149120288527,0.02692719749935507,0.1251990897891535,True
Streptococcus,IL27,0.10814068802383593,0.022518377792534648,0.11234117827874826,True
Streptococcus,LIF,0.16413695060847946,0.0005083089307105417,0.009094209508066279,True
Streptococcus,IL1B,0.15090777823357532,0.0014092378338879195,0.017680241822283227,True
Streptococcus,IL2,0.05643999626397002,0.2347539901005945,0.46256342882503715,False
Streptococcus,IL4,0.10135997544721013,0.03254229881151917,0.1415257397129886,True
Streptococcus,IL5,0.07097318160167189,0.13495216026175685,0.33151218436591057,False
Streptococcus,IP10,0.046574459366912443,0.32695880727726456,0.5583162865302743,False
Streptococcus,IL6,0.17211341996284696,0.0002645143729377483,0.005805472061273603,True
Streptococcus,IL7,0.07153565534549419,0.1318791639442892,0.3266494467745736,False
Streptococcus,IL8,0.12827589433110953,0.006736958838996135,0.0503891807547981,True
Streptococcus,IL10,0.16764403568380243,0.0003827872923930027,0.007428960688339556,True
Streptococcus,IFNB,0.06847272591917979,0.14928431884463145,0.3522165287663899,False
Streptococcus,EOTAXIN,-0.03268592995155498,0.49160714246812554,0.7071809131152436,False
Streptococcus,IL12P70,0.010286612989691744,0.8286824084761382,0.918412732549473,False
Streptococcus,IL13,0.07369784750165713,0.12056731299970634,0.3083471070135447,False
Streptococcus,IL17A,0.16282293372491352,0.0005644821071437627,0.009814223301980974,True
Streptococcus,IL31,0.23496968156237866,5.35585023569117e-07,7.436334031470923e-05,True
Streptococcus,IL1RA,0.17705455309535714,0.0001739197801021909,0.0045965179416820314,True
Streptococcus,SCF,0.03496101939946373,0.4619412266917947,0.6830710964876787,False
Streptococcus,RANTES,0.19976207169211196,2.1859934501579135e-05,0.0010668080906760748,True
Streptococcus,IFNG,0.07946242387302885,0.09409224556207824,0.2691250769906389,False
Streptococcus,GMCSF,0.0883024184166699,0.06272450708633762,0.20953513753206246,False
Streptococcus,TNFA,0.07723947461181394,0.10369094208903636,0.2828404280890206,False
Streptococcus,HGF,-0.024021199265256695,0.6132951611449338,0.7904123020743571,False
Streptococcus,MIP1B,-0.03753938282861123,0.4295597076525113,0.6537902729718166,False
Streptococcus,IFNA,0.1110335656752354,0.019133670903553137,0.10052250204821478,True
Streptococcus,TGFB,0.11773358819402675,0.012945822514752438,0.07837761695127904,True
Streptococcus,MCP1,-0.10855782332565905,0.022000382635706743,0.11058405600899715,True
Streptococcus,IL9,0.12421076829376791,0.008715304804028925,0.05970498593336842,True
Streptococcus,VEGFD,0.06544532624973097,0.16815220639172693,0.38019368133248715,False
Streptococcus,TNFB,0.11157965406375359,0.018547060164591622,0.09846345634197066,True
Streptococcus,NGF,0.07242801117913143,0.1271151410809043,0.31877411874219147,False
Streptococcus,EGF,0.07119473373817192,0.13373522247696532,0.3297025955323187,False
Streptococcus,BDNF,0.10355429545015661,0.028946728854790427,0.13150085394033365,True
Streptococcus,TRAIL,0.040668303289918634,0.39208631042196107,0.6218907393444824,False
Streptococcus,GCSF,0.04671259178805314,0.3255245599189672,0.5571217207779824,False
Streptococcus,GROA,0.23037405933238198,9.001177971236787e-07,0.0001109170155505653,True
Streptococcus,IL1A,0.10932261438203447,0.021077466721814164,0.10715918872802684,True
Streptococcus,IL23,0.09150152570217511,0.05375000977367395,0.1912879409201725,False
Streptococcus,IL12P40,-0.012276153083934035,0.7962162167580573,0.9002354177282784,False
Streptococcus,IL15,0.15086920812423366,0.001413271511052869,0.017680241822283227,True
Streptococcus,IL18,0.1962690673058881,3.055695275214105e-05,0.0013183322522969992,True
Streptococcus,MCSF,0.16671260954138803,0.00041295929254410836,0.007871888950697856,True
Streptococcus,MCP3,0.02566273922049741,0.589250567834715,0.7746142282590506,False
Streptococcus,MIG,0.021810107735231937,0.646345287646912,0.8117792673922123,False
Streptococcus,RESISTIN,0.059996483231261104,0.20651529182800807,0.42805461455855837,False
Streptococcus,IL21,0.11528168297792635,0.014968224204243133,0.0863409913431415,True
Streptococcus,ICAM1,-0.05789930450349893,0.22285381243077776,0.44942733738198043,False
Streptococcus,VCAM1,-0.08498249530913218,0.07330831250322134,0.2298561754856706,False
Streptococcus,FGFB,0.07491703200470326,0.11453116952005311,0.2992441741660969,False
Streptococcus,IL22,0.02908955449951136,0.5405057315926636,0.7423513031790117,False
Streptococcus,PDGFBB,0.2034637792683139,1.5230582465423046e-05,0.0008270630824344806,True
Streptococcus,VEGF,0.016130568641595188,0.7343538146198167,0.8662510356015499,False
Streptococcus,LEPTIN,0.04792496431228047,0.3131116106394265,0.5449601443650188,False
Streptococcus,PAI1,-0.10159498563946524,0.03213981637038387,0.14069019084335888,True
Streptococcus,CD40L,0.015076216014877492,0.7511247466162536,0.875285860264706,False
Streptococcus,ENA78,0.16444753868702555,0.0004958131085476989,0.008902961063867424,True
Streptomyces,IL17F,0.006977445181728741,0.8833079088192259,0.9466894286953609,False
Streptomyces,FASL,-0.09975071311501844,0.03541561079917671,0.14919961164883933,True
Streptomyces,TGFA,0.0011242264050857678,0.9811326773411646,0.9907811855387421,False
Streptomyces,MIP1A,-0.007531173552305315,0.8741213762766065,0.9421694156821611,False
Streptomyces,SDF1A,-0.1528036972898005,0.0012235234999405365,0.016247707154419335,True
Streptomyces,IL27,-0.07839613290735126,0.09860396257003409,0.27552093622885376,False
Streptomyces,LIF,0.0631224574867029,0.1837984001534598,0.40051097988979756,False
Streptomyces,IL1B,-0.060492893099406496,0.20277809765119406,0.4246069410153866,False
Streptomyces,IL2,-0.021693465438014016,0.6481090223966912,0.8128960785728527,False
Streptomyces,IL4,-0.13068556831562173,0.00576404010979557,0.04586110363386984,True
Streptomyces,IL5,-0.06014115421730782,0.20542103504789047,0.4268275282625554,False
Streptomyces,IP10,-0.04592823115132571,0.33372291411099886,0.5655562123613936,False
Streptomyces,IL6,-0.07753527960384161,0.10237062068989022,0.28061341482984803,False
Streptomyces,IL7,-0.017338830534734,0.7152892981687162,0.8542914830805918,False
Streptomyces,IL8,-0.1396834979001202,0.0031487742868033125,0.030313102460260793,True
Streptomyces,IL10,-0.05220611725985248,0.27179368952457433,0.5026908426516423,False
Streptomyces,IFNB,0.05206516994439907,0.2730917841261759,0.5036742390862193,False
Streptomyces,EOTAXIN,0.10104864947147989,0.03308209991588531,0.1427860512131337,True
Streptomyces,IL12P70,-0.05511214196101549,0.2459657975901152,0.4745998889495705,False
Streptomyces,IL13,-0.12647345975002175,0.00755827053684392,0.05440557231643804,True
Streptomyces,IL17A,-0.16328995423957132,0.0005438884955645781,0.009625947557047775,True
Streptomyces,IL31,-0.12300962385501424,0.009391502709109906,0.06326868129915854,True
Streptomyces,IL1RA,-0.002410542437230542,0.9595586011903794,0.9815636287781218,False
Streptomyces,SCF,-0.11772608174860928,0.012951626903391515,0.07837761695127904,True
Streptomyces,RANTES,-0.10476233144957754,0.02711682565006714,0.12561920453870387,True
Streptomyces,IFNG,-0.06910419877163296,0.14555998862867717,0.34719441596894624,False
Streptomyces,GMCSF,-0.06548458657576352,0.16789660355525754,0.3797028487836038,False
Streptomyces,TNFA,-0.09515817208065613,0.0448271799263565,0.1705543572805953,True
Streptomyces,HGF,0.025817309776004375,0.5870089814367951,0.7725947315092025,False
Streptomyces,MIP1B,-0.19615425795862396,3.089214346526748e-05,0.0013183322522969992,True
Streptomyces,IFNA,-0.11692670866897883,0.013583029809195936,0.08061499570081489,True
Streptomyces,TGFB,-0.0356953569176647,0.45258291888321933,0.674314953347556,False
Streptomyces,MCP1,0.06890976451463603,0.14669909925027214,0.34881952524122906,False
Streptomyces,IL9,-0.0814296413127907,0.08620249090762361,0.25611336810348206,False
Streptomyces,VEGFD,-0.1003467585460352,0.03432717357275574,0.14600688709967488,True
Streptomyces,TNFB,-0.1809748503204425,0.00012370077412206758,0.003656724941685457,True
Streptomyces,NGF,-0.06054527304068522,0.20238664050672378,0.42413424789865706,False
Streptomyces,EGF,-0.14544616314495395,0.0020984525682984857,0.022908688170859882,True
Streptomyces,BDNF,-0.2095856487520402,8.25773068739595e-06,0.0005614117870093054,True
Streptomyces,TRAIL,-0.15044817623008191,0.001457998403600163,0.01805646766669649,True
Streptomyces,GCSF,-0.08738378315140032,0.06551867326688851,0.21576482243426445,False
Streptomyces,GROA,-0.12592949860006386,0.00782313321350491,0.05521766547126177,True
Streptomyces,IL1A,-0.15680967075121643,0.000902900394562601,0.013264965856331029,True
Streptomyces,IL23,-0.0015867422861569802,0.9733729612090263,0.9869893696357314,False
Streptomyces,IL12P40,-0.03993268225745187,0.40071397992150826,0.6299288378467661,False
Streptomyces,IL15,-0.07988769845968013,0.09233948194434895,0.266008945940208,False
Streptomyces,IL18,-0.032536591724701885,0.4935894510770876,0.7084747828651615,False
Streptomyces,MCSF,-0.14369555348355476,0.002377442271340795,0.024906297461081355,True
Streptomyces,MCP3,-0.1300480044962532,0.006008344576362615,0.04704548120236907,True
Streptomyces,MIG,-0.08905656112247129,0.06050473611385048,0.20496759058774502,False
Streptomyces,RESISTIN,0.02113077562453741,0.6566449156971828,0.8173239367352055,False
Streptomyces,IL21,-0.0948913757350082,0.04543314627375718,0.17219529256697358,True
Streptomyces,ICAM1,0.014615871395584755,0.7584846081645634,0.8789398456901688,False
Streptomyces,VCAM1,-0.12090371764670813,0.010690269731217783,0.06924091919207943,True
Streptomyces,FGFB,-0.10605264482256804,0.02527306696994944,0.12042897759782303,True
Streptomyces,IL22,-0.10644588171149585,0.024733108444319772,0.1194202176369567,True
Streptomyces,PDGFBB,-0.0996985618647897,0.03551222515969882,0.14953832366861738,True
Streptomyces,VEGF,-0.023378110358214084,0.6228310966249553,0.7964956381577195,False
Streptomyces,LEPTIN,-0.08576473052639315,0.07069185622754055,0.22502333297868407,False
Streptomyces,PAI1,-0.05271598712801454,0.26713309913640865,0.49818352086392675,False
Streptomyces,CD40L,-0.010733057096161604,0.8213695984167797,0.9144230062242118,False
Streptomyces,ENA78,-0.17872929897817266,0.00015049205104530642,0.004153704222062774,True
Sulfuricella,IL17F,0.09162169359326806,0.053434887909374,0.19068860911719404,False
Sulfuricella,FASL,0.0127654041835773,0.7882836615424584,0.8950841873485215,False
Sulfuricella,TGFA,0.06409969780309838,0.1770898296166676,0.3915118951247161,False
Sulfuricella,MIP1A,-0.0431094456733584,0.3642699607567228,0.5944335827081234,False
Sulfuricella,SDF1A,0.09251959852144745,0.051128616031723834,0.18538892247298386,True
Sulfuricella,IL27,0.06682609368608616,0.15933650925412726,0.36770555184169135,False
Sulfuricella,LIF,0.04258760990927777,0.37011046173992757,0.6003546946931178,False
Sulfuricella,IL1B,0.13584553061835214,0.004092737993047679,0.036380713377334555,True
Sulfuricella,IL2,0.13367032106652177,0.004734952473438545,0.040276448808719105,True
Sulfuricella,IL4,0.101245177122701,0.03274046349313036,0.14177870219135397,True
Sulfuricella,IL5,0.1745763766757541,0.00021492758948659692,0.005155124518634727,True
Sulfuricella,IP10,0.035493596205916016,0.4551434448507079,0.6763346516940426,False
Sulfuricella,IL6,0.056296048459781596,0.23595168990731819,0.46391525929515,False
Sulfuricella,IL7,-0.004273444914221856,0.9283704352654636,0.965031520257349,False
Sulfuricella,IL8,0.059494322600646424,0.21034623443598136,0.43299084967005724,False
Sulfuricella,IL10,0.012630195956931196,0.7904737339936052,0.8967192255131139,False
Sulfuricella,IFNB,0.033253467472236765,0.48411268609022484,0.7016146514962418,False
Sulfuricella,EOTAXIN,0.09809271930381643,0.03859877979967542,0.15691000876915476,True
Sulfuricella,IL12P70,0.0865051212889144,0.06828616547998549,0.22076798608015752,False
Sulfuricella,IL13,0.10376230032218223,0.028624297303900037,0.13045692224773303,True
Sulfuricella,IL17A,0.1032787373037344,0.029378670135989805,0.1326366305611965,True
Sulfuricella,IL31,0.025417549756242407,0.5928143611301204,0.7760725459544532,False
Sulfuricella,IL1RA,0.10485941310639504,0.026974186704014105,0.1251990897891535,True
Sulfuricella,SCF,0.09761248054723785,0.03956485043968197,0.15926104354201095,True
Sulfuricella,RANTES,0.015409916008121093,0.7458036730272513,0.8718288401165236,False
Sulfuricella,IFNG,0.09532042821226584,0.04446198537420663,0.16982032228552074,True
Sulfuricella,GMCSF,0.14760202200718786,0.001796102023188986,0.02063633303566087,True
Sulfuricella,TNFA,0.22312174953234298,1.9984961598551002e-06,0.00020310489839022247,True
Sulfuricella,HGF,0.07240213456590684,0.12725138366865943,0.31895350628162844,False
Sulfuricella,MIP1B,0.14236772740088116,0.0026111836671602203,0.026374025195558867,True
Sulfuricella,IFNA,0.07171759813151762,0.13089679884506836,0.32478747621814347,False
Sulfuricella,TGFB,0.12434096459755294,0.008644679252149949,0.0592707907267019,True
Sulfuricella,MCP1,0.05765582797909068,0.2248087927145495,0.4510818397272601,False
Sulfuricella,IL9,0.10466253133892943,0.02726413457206237,0.12612380976602103,True
Sulfuricella,VEGFD,-0.04803512285688391,0.311999344238287,0.5438895731515857,False
Sulfuricella,TNFB,0.1184987878496141,0.012366029807854537,0.07584748692527388,True
Sulfuricella,NGF,0.08058801429625345,0.08951018419357372,0.26097573608304914,False
Sulfuricella,EGF,0.030716955584769928,0.5180819156058446,0.727943489743788,False
Sulfuricella,BDNF,0.026182596816585885,0.5817272826626649,0.7689795058413871,False
Sulfuricella,TRAIL,0.09060748314236944,0.05614336849520423,0.19591543253003535,False
Sulfuricella,GCSF,0.10025743768773136,0.03448844484296683,0.14641993508267312,True
Sulfuricella,GROA,0.06871978562956632,0.14781865904491315,0.3502033984294049,False
Sulfuricella,IL1A,0.03189784540636834,0.5021160500175804,0.7143685987982836,False
Sulfuricella,IL23,0.05396305976349841,0.25596573485639224,0.48616990001715915,False
Sulfuricella,IL12P40,0.10901180634244603,0.021448400729211642,0.10870865521263155,True
Sulfuricella,IL15,0.12793560685948352,0.006885604881057904,0.05111317237761206,True
Sulfuricella,IL18,-0.004635468695902131,0.9223207503409414,0.9629580047868845,False
Sulfuricella,MCSF,0.045568044731987244,0.3375317711488538,0.5689788303668606,False
Sulfuricella,MCP3,0.1180046690501619,0.01273773922898381,0.07746368495948329,True
Sulfuricella,MIG,0.07909504656392213,0.0956276990476905,0.2712839067576804,False
Sulfuricella,RESISTIN,-0.0046886391517813215,0.9214326013735088,0.9626412234357832,False
Sulfuricella,IL21,0.005853485158730359,0.9020016546487917,0.9542747705009431,False
Sulfuricella,ICAM1,0.043674397114032905,0.3580120212913497,0.5894909814414774,False
Sulfuricella,VCAM1,0.10662087037132706,0.024496049388469558,0.11863614588188331,True
Sulfuricella,FGFB,0.08125828514108911,0.08686784061839765,0.2573798190846471,False
Sulfuricella,IL22,0.036592031477159656,0.44130193518234073,0.6641709075655341,False
Sulfuricella,PDGFBB,0.04157179239279432,0.3816448517524156,0.6116778219189305,False
Sulfuricella,VEGF,0.08598716682011381,0.06996194005105945,0.22392173532948992,False
Sulfuricella,LEPTIN,0.13810836506854754,0.0035092435094249445,0.03275958571582491,True
Sulfuricella,PAI1,0.09003336198041614,0.05772643357924546,0.19918347295211822,False
Sulfuricella,CD40L,-0.09156094201889742,0.05359400687241917,0.19100857546938113,False
Sulfuricella,ENA78,0.0833997252630391,0.07884393271594797,0.24198116086980545,False
Sulfuritalea,IL17F,-0.005518579296411984,0.907582790313672,0.956977824740759,False
Sulfuritalea,FASL,0.05566421361819001,0.24125972837772583,0.4696970001895318,False
Sulfuritalea,TGFA,-0.007156210718582412,0.8803403597435633,0.9449596895665469,False
Sulfuritalea,MIP1A,0.014883341469674542,0.7542056685378516,0.8764383275761852,False
Sulfuritalea,SDF1A,0.09086838324477317,0.05543596831836782,0.19434131425407894,False
Sulfuritalea,IL27,0.009607291459958924,0.8398380194560798,0.9249383527871785,False
Sulfuritalea,LIF,-0.05470171763519961,0.24950572225648013,0.47880619233100663,False
Sulfuritalea,IL1B,0.005682822531470117,0.9048451258236752,0.9559493355878029,False
Sulfuritalea,IL2,0.017162120394496435,0.718066817693275,0.8556391501051981,False
Sulfuritalea,IL4,0.10260233026867745,0.03046244260562809,0.1356975866273302,True
Sulfuritalea,IL5,0.05092202215170728,0.28377599120733876,0.5147317151220392,False
Sulfuritalea,IP10,0.04856652541932222,0.30667029354504316,0.5386948955393862,False
Sulfuritalea,IL6,0.02522241257161225,0.5956576687709486,0.7779535371944901,False
Sulfuritalea,IL7,-0.022222894029819446,0.6401195408504398,0.8071499659380449,False
Sulfuritalea,IL8,0.11487962013156232,0.015325082500118933,0.08793635814096183,True
Sulfuritalea,IL10,0.013857428090927226,0.7706578029293085,0.886106416594146,False
Sulfuritalea,IFNB,-0.07882555581468441,0.0967666971756412,0.2728621569672399,False
Sulfuritalea,EOTAXIN,0.051628926009782396,0.27713624547092575,0.5076196781591203,False
Sulfuritalea,IL12P70,0.019347820227435895,0.6839838502349431,0.8345108784977859,False
Sulfuritalea,IL13,0.09017647218306551,0.057328405835517265,0.19809590779158817,False
Sulfuritalea,IL17A,0.09965798356296209,0.03558755465055528,0.149618529762876,True
Sulfuritalea,IL31,0.01810544200716908,0.7032836105484086,0.8467948168232925,False
Sulfuritalea,IL1RA,-0.04801617779867439,0.31219044671212504,0.5440292422994747,False
Sulfuritalea,SCF,0.04382725533490712,0.3563304754773645,0.5885901185080193,False
Sulfuritalea,RANTES,0.05734661866248922,0.22730913112146,0.4543520027165514,False
Sulfuritalea,IFNG,0.04240092637248327,0.3722138679115743,0.6031039299592866,False
Sulfuritalea,GMCSF,0.0037291288490898977,0.9374740202962645,0.9706563272850095,False
Sulfuritalea,TNFA,0.07070418553508924,0.13644114045960729,0.33363294256718645,False
Sulfuritalea,HGF,-0.05974091383371258,0.20845865345881606,0.4303634357690071,False
Sulfuritalea,MIP1B,0.1208094704330692,0.010751946406052378,0.06941236913612596,True
Sulfuritalea,IFNA,0.06465094680745832,0.17338671478994536,0.3878480223279513,False
Sulfuritalea,TGFB,0.03457876205326418,0.4668549551723482,0.6876223140727639,False
Sulfuritalea,MCP1,0.05979421482134605,0.20805226388623538,0.42988455614976073,False
Sulfuritalea,IL9,0.09290507336252894,0.05016432284110877,0.1834953226596105,True
Sulfuritalea,VEGFD,0.042359864592294696,0.3726775092508672,0.6035004662343809,False
Sulfuritalea,TNFB,0.15580814296984036,0.000974826121054569,0.013867007072663695,True
Sulfuritalea,NGF,0.054757718552673876,0.24902063284864545,0.47838127539466124,False
Sulfuritalea,EGF,0.02375599897717667,0.6172198642578456,0.7931890785886901,False
Sulfuritalea,BDNF,0.09350042284630405,0.048704895058917876,0.1800948445201847,True
Sulfuritalea,TRAIL,0.08528588192983243,0.07228430953095936,0.2276609339796158,False
Sulfuritalea,GCSF,0.1038723505669585,0.028454957084530795,0.12998561952701787,True
Sulfuritalea,GROA,0.08938697206788893,0.059552843553606134,0.20295919899148118,False
Sulfuritalea,IL1A,0.08260943870541392,0.08173216125274856,0.2478498084912947,False
Sulfuritalea,IL23,0.06596133439253858,0.16481592166970277,0.37514554509811354,False
Sulfuritalea,IL12P40,-0.0014429996744694256,0.9757843233954608,0.9883058669612906,False
Sulfuritalea,IL15,0.02699303559458441,0.5700888569491707,0.7624504539566439,False
Sulfuritalea,IL18,-0.02621307162003352,0.5812876487081928,0.7689795058413871,False
Sulfuritalea,MCSF,0.09306456667477782,0.049769806389172146,0.1829346574886126,True
Sulfuritalea,MCP3,0.15443311179414732,0.001082205891664826,0.014913039682548715,True
Sulfuritalea,MIG,0.034815596196082474,0.46380717074151434,0.6848728413975207,False
Sulfuritalea,RESISTIN,-0.083264691658876,0.07933148796137743,0.24272185236600208,False
Sulfuritalea,IL21,-0.01038168375583863,0.8271238742034499,0.9175992743526457,False
Sulfuritalea,ICAM1,0.07077422175898442,0.13605225601062126,0.33314826136992587,False
Sulfuritalea,VCAM1,0.10272968321335446,0.03025581478924416,0.13503741855052917,True
Sulfuritalea,FGFB,0.0834610964354708,0.07862314905527708,0.24157029438527053,False
Sulfuritalea,IL22,0.06069613974160328,0.2012622181319684,0.4224064182126771,False
Sulfuritalea,PDGFBB,0.04216879262324042,0.3748396491626462,0.6054511972602906,False
Sulfuritalea,VEGF,0.00271570888989736,0.954444094335269,0.9786436478169979,False
Sulfuritalea,LEPTIN,0.028899271701753586,0.543158855708638,0.743934048291104,False
Sulfuritalea,PAI1,0.11171149996275664,0.01840780370711488,0.09830057800865775,True
Sulfuritalea,CD40L,-0.08735736445348811,0.06560051859918085,0.21577908320010838,False
Sulfuritalea,ENA78,0.10986155912377588,0.020447457310429608,0.10487566814059056,True
Sutterella,IL17F,0.0898631017849062,0.05820295203824523,0.20026691141117678,False
Sutterella,FASL,0.06863695118704777,0.1483088408638042,0.35077460490292267,False
Sutterella,TGFA,0.007794482072302597,0.8697588504883501,0.939934526212909,False
Sutterella,MIP1A,0.019873846987744356,0.6758729852338042,0.8279113375435038,False
Sutterella,SDF1A,0.12136537820798984,0.01039265974823587,0.06790461496206612,True
Sutterella,IL27,0.04098899037623703,0.38836057668050306,0.6186907829535228,False
Sutterella,LIF,-0.0978192665627212,0.03914639110350219,0.1583525332368997,True
Sutterella,IL1B,0.0514074857691718,0.27920472566024157,0.5098925871727791,False
Sutterella,IL2,0.042661847579733236,0.36927605813301256,0.5994275285814651,False
Sutterella,IL4,0.12130213302562773,0.010432991616763027,0.06811154394572842,True
Sutterella,IL5,0.05396560627652704,0.2559432669374136,0.48616990001715915,False
Sutterella,IP10,0.03203245208170142,0.5003127557913758,0.7128317887832609,False
Sutterella,IL6,0.013286077697611181,0.7798656208164392,0.8910425695420094,False
Sutterella,IL7,-0.05099611581775888,0.28307505687042284,0.5141035207495631,False
Sutterella,IL8,0.08215987047732909,0.08341298263439571,0.2512084973238566,False
Sutterella,IL10,0.018790936675755814,0.6926102549784321,0.8400285302137529,False
Sutterella,IFNB,-0.05196351340582276,0.2740306378750276,0.5043678170597502,False
Sutterella,EOTAXIN,0.09118710592684182,0.05458184991319603,0.19265766624241284,False
Sutterella,IL12P70,0.002994165279554557,0.949778866240586,0.976978233536668,False
Sutterella,IL13,0.10645913432596113,0.024715085924339186,0.1194202176369567,True
Sutterella,IL17A,0.047506655842759586,0.31735892382308234,0.5487138800623549,False
Sutterella,IL31,-0.03442652136066711,0.4688199503819981,0.6888697377948633,False
Sutterella,IL1RA,-0.05099684259698429,0.2830681872530942,0.5141035207495631,False
Sutterella,SCF,0.14718362908480875,0.0018514585747428586,0.021100206508456763,True
Sutterella,RANTES,0.0015944955111663018,0.9732429032481608,0.986959010412547,False
Sutterella,IFNG,0.07679134765051306,0.10571680252811547,0.28567879367383836,False
Sutterella,GMCSF,0.008315845666597252,0.8611326081667284,0.9361908290656096,False
Sutterella,TNFA,0.11605282212056799,0.014304152282653314,0.08368565768688213,True
Sutterella,HGF,0.003660718203868163,0.9386187767277383,0.971291266229266,False
Sutterella,MIP1B,0.15157125336517016,0.0013414869344831719,0.017124981098588284,True
Sutterella,IFNA,0.05970893452831786,0.208702752452897,0.43040056788025505,False
Sutterella,TGFB,0.04022696583316636,0.3972489440277759,0.6269740778459517,False
Sutterella,MCP1,0.08062506859915682,0.08936244341983882,0.26097573608304914,False
Sutterella,IL9,0.056789753761652455,0.23186177265196906,0.45888242417247765,False
Sutterella,VEGFD,-0.005770173862732451,0.9033895797600013,0.9549267654777308,False
Sutterella,TNFB,0.12523837100229268,0.008171590478992075,0.056808412617161776,True
Sutterella,NGF,0.009271226652038275,0.8453687980930615,0.9282169592898118,False
Sutterella,EGF,0.15465689896717344,0.0010640178429548455,0.014794200135188812,True
Sutterella,BDNF,0.15457201863567369,0.0010708829611346927,0.014868682015303943,True
Sutterella,TRAIL,0.08273126550528727,0.0812814285338675,0.24711680245023707,False
Sutterella,GCSF,0.0969445675941412,0.0409424003666595,0.16228797057279024,True
Sutterella,GROA,0.06033024153090266,0.20399716373378715,0.4256994157679242,False
Sutterella,IL1A,0.09649078489750727,0.04190124278077589,0.16450117536156458,True
Sutterella,IL23,0.03344932266981969,0.48154078057346605,0.6995327166067239,False
Sutterella,IL12P40,0.055359358530050785,0.24385055856103563,0.4720706526307185,False
Sutterella,IL15,0.06697770454432478,0.1583901678644212,0.36608702226952133,False
Sutterella,IL18,-0.06494585785508332,0.17142943193832552,0.3856903293029355,False
Sutterella,MCSF,0.07764335359554139,0.10189157239952766,0.28006748134831944,False
Sutterella,MCP3,0.1422482863067445,0.002633203586311943,0.026501715981178914,True
Sutterella,MIG,0.049535013683657175,0.29711348421011124,0.5296283576840367,False
Sutterella,RESISTIN,-0.07800063696750473,0.1003205275116663,0.27795383929454925,False
Sutterella,IL21,0.027801603295778785,0.5585887316043923,0.7555663715911223,False
Sutterella,ICAM1,0.010892112862907357,0.8187679434922166,0.9132625466108024,False
Sutterella,VCAM1,0.014726375476172575,0.7567158809042449,0.877922225956696,False
Sutterella,FGFB,0.023839481293978657,0.6159832255469071,0.7924952151681421,False
Sutterella,IL22,0.08155664396690246,0.08571201119545005,0.2554958554524806,False
Sutterella,PDGFBB,0.0693634876552471,0.14405143892624878,0.3454291133385941,False
Sutterella,VEGF,0.13026047314820058,0.005925916070209691,0.04654795268536027,True
Sutterella,LEPTIN,0.01203191593196841,0.8001841199574262,0.9025417682540398,False
Sutterella,PAI1,0.12112568188884018,0.010546250380767624,0.06856575123666296,True
Sutterella,CD40L,-0.018700837362157056,0.6940097160260027,0.8405867586947157,False
Sutterella,ENA78,0.06025080386947109,0.20459447344189025,0.42667491415065667,False
TM7a,IL17F,0.03100263632173567,0.514195606960462,0.7252324040013685,False
TM7a,FASL,-0.08214528297876791,0.08346798548081867,0.2512084973238566,False
TM7a,TGFA,0.10090046035625296,0.03334171315932666,0.14355521170768362,True
TM7a,MIP1A,-0.09520716668206974,0.04471664158625268,0.17033100956618197,True
TM7a,SDF1A,-0.10962568765611043,0.02072114065278107,0.10574503435703023,True
TM7a,IL27,0.06676522167822493,0.1597176640026683,0.3677653284113071,False
TM7a,LIF,0.120413951629535,0.011014230782616471,0.07034400810837366,True
TM7a,IL1B,-0.036565513149926364,0.4416332394784852,0.6641709075655341,False
TM7a,IL2,-0.013195508270451952,0.7813280945617147,0.8916800597579745,False
TM7a,IL4,-0.11953807905683594,0.011615312911400978,0.07305541069319142,True
TM7a,IL5,-0.08264461178448734,0.0816018214791548,0.2477458442074247,False
TM7a,IP10,-0.07784826907393602,0.10098814916243778,0.2791568983441724,False
TM7a,IL6,-0.10610130671897393,0.025205702132869785,0.12038653664042168,True
TM7a,IL7,-0.08879591163376113,0.06126448757116504,0.20651898932000168,False
TM7a,IL8,-0.05417869526968609,0.25406801619985225,0.48430853051905215,False
TM7a,IL10,-0.04052766624128106,0.39372702052843567,0.6232493898770284,False
TM7a,IFNB,0.12779826985214537,0.006946424171364952,0.05137122991846639,True
TM7a,EOTAXIN,0.020002454593892847,0.6738956168456378,0.827308955828116,False
TM7a,IL12P70,-0.008075476334207715,0.8651076619718837,0.9375804014642513,False
TM7a,IL13,-0.020236570637995888,0.6703018005325919,0.8253603734262167,False
TM7a,IL17A,0.034381534176626254,0.46940147904526563,0.6894192271038243,False
TM7a,IL31,-0.08550396190289491,0.0715554718978194,0.22623279088155987,False
TM7a,IL1RA,0.03408702562367361,0.4732182575489856,0.692134359483368,False
TM7a,SCF,0.016275101701612414,0.7320644233215006,0.8647692958147215,False
TM7a,RANTES,-0.03257624188070738,0.4930627212792611,0.707924891693993,False
TM7a,IFNG,0.0016773124898787632,0.9718537188760077,0.9862966526058102,False
TM7a,GMCSF,0.10457051151633133,0.027400568773844024,0.12651747399182875,True
TM7a,TNFA,-0.05827588803697878,0.21985399081825654,0.4454924237382062,False
TM7a,HGF,0.09370223900378115,0.04821830134342383,0.17942424492996736,True
TM7a,MIP1B,-0.06633470106163232,0.16243304303394662,0.3715231875240478,False
TM7a,IFNA,-0.036678893123460544,0.4402177312415929,0.663353119199497,False
TM7a,TGFB,-0.018791190565424082,0.6926063129299079,0.8400285302137529,False
TM7a,MCP1,0.0859191522820799,0.07018446993806349,0.22427180053466123,False
TM7a,IL9,-0.08084713725615253,0.08848112101293867,0.2597936305685658,False
TM7a,VEGFD,0.15921921366867886,0.0007494658027596896,0.011840118403213173,True
TM7a,TNFB,-0.13519529451110038,0.004275926849249961,0.03726974967277287,True
TM7a,NGF,-0.020248167812237497,0.6701239716951701,0.825244486317425,False
TM7a,EGF,-0.0827277629952094,0.08129435893143831,0.24711680245023707,False
TM7a,BDNF,-0.05754706520562044,0.22568603147299549,0.4524736421112039,False
TM7a,TRAIL,-0.12731214438633678,0.007165585771277255,0.05263662036754931,True
TM7a,GCSF,-0.15164113885879893,0.0013345277107985314,0.017085421003963538,True
TM7a,GROA,-0.06751113403725231,0.15509424754307535,0.36110512335371675,False
TM7a,IL1A,-0.13270135823025683,0.00504924955768246,0.04196922608738085,True
TM7a,IL23,-0.09201348567684102,0.052418134813618365,0.18856621338880103,True
TM7a,IL12P40,0.020743435229831,0.6625469404733548,0.820732312036483,False
TM7a,IL15,-0.026892807691843403,0.5715221816370925,0.763630477985695,False
TM7a,IL18,-0.003535906651687626,0.9407076475268183,0.9719909093091144,False
TM7a,MCSF,-0.10085487107744888,0.03342192986330398,0.1436442513674469,True
TM7a,MCP3,-0.1950795646821015,3.420316807572781e-05,0.0013990656883424266,True
TM7a,MIG,-0.03655996087650701,0.44170262426452034,0.6641709075655341,False
TM7a,RESISTIN,0.19835842137596504,2.5026906974626388e-05,0.0011625336680199077,True
TM7a,IL21,-0.0991469455100483,0.036547932645800175,0.1523095547735348,True
TM7a,ICAM1,-0.1499739833948683,0.0015099270905255134,0.018559677379551758,True
TM7a,VCAM1,-0.03814090599520611,0.4221988130891593,0.6476868813309886,False
TM7a,FGFB,-0.1436257884465224,0.002389231446849576,0.024953549477211096,True
TM7a,IL22,0.058002419119481605,0.2220295256114051,0.4486045123922642,False
TM7a,PDGFBB,-0.013656380271454611,0.7738942686905141,0.8875061757272896,False
TM7a,VEGF,-0.038310321811337575,0.4201390310136335,0.6458335518060813,False
TM7a,LEPTIN,0.08931792804158625,0.05975072486123599,0.20318131965576558,False
TM7a,PAI1,-0.038835338833337396,0.4137932848097208,0.6399708505889908,False
TM7a,CD40L,0.13696553065716122,0.003793777921073098,0.034628761801795,True
TM7a,ENA78,0.085372860958248,0.07199289689152888,0.22703326217424558,False
TM7x,IL17F,0.06415775687909715,0.1766970629561846,0.3908308441847252,False
TM7x,FASL,-0.05752776285357279,0.22584197095722824,0.4524947721731023,False
TM7x,TGFA,0.1325064675873066,0.005114690764465019,0.042370270215206854,True
TM7x,MIP1A,-0.12665278493760523,0.007472727357773271,0.05400743863117955,True
TM7x,SDF1A,-0.10782508611425023,0.022917279136635996,0.11339782964653206,True
TM7x,IL27,0.07305812082648262,0.1238323566046339,0.3136520621973568,False
TM7x,LIF,0.17970407098147811,0.00013825471382878813,0.003894042768354838,True
TM7x,IL1B,0.017615531015276683,0.7109476853174246,0.8517892904544447,False
TM7x,IL2,0.05150917110970385,0.2782535841164015,0.5090042368193517,False
TM7x,IL4,-0.11848045012765411,0.012379651700422567,0.07584748692527388,True
TM7x,IL5,-0.04820090814803176,0.3103303147935138,0.5422254950787769,False
TM7x,IP10,-0.10148520143521898,0.03232730239581676,0.14107239797165189,True
TM7x,IL6,-0.10228113211782146,0.030988953456144996,0.13748384481128595,True
TM7x,IL7,-0.06482790674003293,0.1722102693940758,0.38670816302660577,False
TM7x,IL8,-0.07949119664252065,0.09397282648463888,0.2690750711600625,False
TM7x,IL10,-0.017696273392452763,0.7096825361954745,0.8513081579234592,False
TM7x,IFNB,0.20163359946973852,1.8224883672810524e-05,0.0009406330012909222,True
TM7x,EOTAXIN,0.04404875892375654,0.35390260335399226,0.5861511868050497,False
TM7x,IL12P70,0.007681238444349597,0.8716346077849317,0.941336354073502,False
TM7x,IL13,-0.007539995713951066,0.8739751471625541,0.9421155823650583,False
TM7x,IL17A,0.06246928773327982,0.18838571788943706,0.4062012006715379,False
TM7x,IL31,-0.06965033721901918,0.14239649035897758,0.3428785056079143,False
TM7x,IL1RA,0.05131353184831357,0.28008550558474976,0.5109397388661624,False
TM7x,SCF,0.00425309149007446,0.9287106818581412,0.9650659982225717,False
TM7x,RANTES,-0.02922547268199203,0.5386145786431227,0.7416911301187512,False
TM7x,IFNG,0.02594591481106324,0.5851469528718614,0.7717240072271369,False
TM7x,GMCSF,0.10379149889650884,0.028579283800910262,0.13031201651682395,True
TM7x,TNFA,0.008924112835010739,0.8510893970077391,0.9303658544801832,False
TM7x,HGF,0.10954428913133113,0.02081632382776697,0.10605029472564692,True
TM7x,MIP1B,-0.060720802150959624,0.20107883980776267,0.4222701344541535,False
TM7x,IFNA,0.0013506750651857123,0.9773332377390724,0.9889536272874866,False
TM7x,TGFB,0.03958508890245695,0.40482993609759776,0.6333280733521803,False
TM7x,MCP1,0.07499319796073388,0.11416208618772361,0.2986756490548247,False
TM7x,IL9,-0.0734127377321206,0.1220140668023175,0.3112895332950267,False
TM7x,VEGFD,0.09259404704260205,0.050941181821975136,0.1851006894216848,True
TM7x,TNFB,-0.13532725094913853,0.00423816268329176,0.037071701625457115,True
TM7x,NGF,0.009074379394719473,0.848611956261431,0.9292600396894797,False
TM7x,EGF,-0.11214341174776771,0.01795798378310633,0.09700263240211628,True
TM7x,BDNF,-0.11556584720059669,0.014720429292285231,0.0853321219635443,True
TM7x,TRAIL,-0.11337399811903376,0.01672858802363982,0.09280271285145826,True
TM7x,GCSF,-0.14930677572471926,0.0015858711190308242,0.019088543945550505,True
TM7x,GROA,-0.05426608018141979,0.25330176338994315,0.483549338400089,False
TM7x,IL1A,-0.15071431684061373,0.001429577175520268,0.01780433055333767,True
TM7x,IL23,-0.06605223299157822,0.1642333923326013,0.37454732591871254,False
TM7x,IL12P40,0.01788555643322338,0.7067197981733847,0.8492008496334991,False
TM7x,IL15,0.054941300297561196,0.24743502639408912,0.47650214694138127,False
TM7x,IL18,0.05741499152662328,0.22675455801247293,0.453662383223602,False
TM7x,MCSF,-0.11715231807349598,0.01340213834462526,0.07982977631499444,True
TM7x,MCP3,-0.17319395590514342,0.00024157146137856835,0.005538166200627736,True
TM7x,MIG,-0.034684593516620475,0.4654916587498211,0.6865375182459211,False
TM7x,RESISTIN,0.2059926352121862,1.1853690971320496e-05,0.0007072249774277773,True
TM7x,IL21,-0.0802362147665161,0.09092264471572103,0.2636707945995738,False
TM7x,ICAM1,-0.08922129529603365,0.06002858831771239,0.20363448851892937,False
TM7x,VCAM1,0.0060445526596968795,0.8988196982799068,0.953039572123801,False
TM7x,FGFB,-0.14223132827995041,0.0026363436112564424,0.026501715981178914,True
TM7x,IL22,0.04848465618628107,0.30748736092865414,0.5391694066230296,False
TM7x,PDGFBB,-0.031756626537468455,0.5040116036001698,0.7157226142740527,False
TM7x,VEGF,-0.0531457795391873,0.2632472561867107,0.493551055817534,False
TM7x,LEPTIN,0.07871015083200508,0.09725774960546171,0.2735426235693699,False
TM7x,PAI1,-0.09034439003571867,0.056864284321918424,0.197245680538251,False
TM7x,CD40L,0.13066510072276177,0.005771742154942338,0.04588535013179159,True
TM7x,ENA78,0.1002188703782883,0.034558278332157355,0.14659014965508055,True
Tannerella,IL17F,0.09097662239950856,0.05514467092582202,0.19363060346515237,False
Tannerella,FASL,-0.11350512137780708,0.016602037534928532,0.09246490735555112,True
Tannerella,TGFA,0.04323910524503848,0.36282773631842336,0.5935539038544668,False
Tannerella,MIP1A,0.12706581201311773,0.0072789849875523165,0.053152765931326465,True
Tannerella,SDF1A,-0.03398462635581124,0.4745493098892276,0.6932455474022023,False
Tannerella,IL27,-0.12456251224751658,0.00852567100715353,0.05877347188008356,True
Tannerella,LIF,-0.12049048400220698,0.010963041396688964,0.07017770265490897,True
Tannerella,IL1B,-0.11069652664944803,0.019503731120177566,0.10167518846256501,True
Tannerella,IL2,0.043682302398173486,0.3579249358854364,0.589446043761883,False
Tannerella,IL4,-0.09831850073932223,0.03815153718073749,0.1556696413608072,True
Tannerella,IL5,-0.034257752221581256,0.4710036011169011,0.6906371411290214,False
Tannerella,IP10,0.018370829458542504,0.699144393602655,0.8443177057619715,False
Tannerella,IL6,-0.14566593687302895,0.002065627258237922,0.02262550390189937,True
Tannerella,IL7,-0.028708401439034203,0.5458266479555467,0.7455399665992871,False
Tannerella,IL8,-0.15823082871422395,0.00080922482876925,0.01241324060467238,True
Tannerella,IL10,-0.10807929183443113,0.022595504145197676,0.11261197161949378,True
Tannerella,IFNB,0.055465795639412396,0.24294379215873907,0.47116661481425337,False
Tannerella,EOTAXIN,-0.10656947700665734,0.02456546817723989,0.11882550799373445,True
Tannerella,IL12P70,0.027667056776789045,0.560494549714807,0.7570016812013383,False
Tannerella,IL13,-0.06667124912626977,0.16030742912467208,0.3682849303917542,False
Tannerella,IL17A,-0.11552789761674445,0.014753311966255489,0.08541093632932777,True
Tannerella,IL31,-0.24924356140499634,9.967591348304344e-08,2.233193534354187e-05,True
Tannerella,IL1RA,-0.07390870732909383,0.11950596580336466,0.3068741367255975,False
Tannerella,SCF,0.006767538461721483,0.8867944900126298,0.9477086834443651,False
Tannerella,RANTES,-0.12202459395958944,0.009980433992725607,0.06616484082063823,True
Tannerella,IFNG,-0.05562360138606191,0.24160375446575733,0.46986186851912326,False
Tannerella,GMCSF,0.06155221039950204,0.1949677673091081,0.4149776648321158,False
Tannerella,TNFA,0.04420815095238984,0.35216198954754685,0.5841515889213725,False
Tannerella,HGF,0.1565464973486146,0.000921309983396808,0.013431057104750448,True
Tannerella,MIP1B,0.13493872458286207,0.0043502254075035215,0.03781703885993802,True
Tannerella,IFNA,-0.00595762296988554,0.9002671902605992,0.9534363777209738,False
Tannerella,TGFB,-0.09818885440253276,0.03840780919354732,0.15639164933085067,True
Tannerella,MCP1,0.023736257361389672,0.6175124587829863,0.7932548630026947,False
Tannerella,IL9,-0.16143948431009114,0.0006298109774059358,0.010595011288852756,True
Tannerella,VEGFD,-0.15302375800824003,0.0012034933016512345,0.016089900481158038,True
Tannerella,TNFB,-0.10730107890717946,0.02359310686811523,0.1157694611776406,True
Tannerella,NGF,-0.052892265661368724,0.26553459891068243,0.4961410303376625,False
Tannerella,EGF,-0.06789754959470984,0.15273929316968038,0.3576493947901922,False
Tannerella,BDNF,-0.016832758797308833,0.723253601917571,0.8584989774477322,False
Tannerella,TRAIL,0.04316034628515713,0.36370335970741974,0.5938758175119959,False
Tannerella,GCSF,0.029780560742455848,0.5309256286124807,0.7366029721382006,False
Tannerella,GROA,-0.24451884402821433,1.7593672565499592e-07,3.40075341471951e-05,True
Tannerella,IL1A,-0.009776833011510583,0.837050763522204,0.9236995735297585,False
Tannerella,IL23,-0.1715838042556344,0.0002764886832204852,0.0059381817847223165,True
Tannerella,IL12P40,0.21030230819357382,7.677505285175e-06,0.0005367719652571287,True
Tannerella,IL15,-0.10789329461245852,0.02283055339289915,0.11330357724059277,True
Tannerella,IL18,-0.10577652050008376,0.025658266214885952,0.12174543815766405,True
Tannerella,MCSF,-0.15589378634270942,0.0009684747906240155,0.013864157667941471,True
Tannerella,MCP3,0.04315044531780578,0.3638135294390553,0.5938758175119959,False
Tannerella,MIG,0.09446954553751753,0.04640526789162437,0.1748044061427715,True
Tannerella,RESISTIN,0.021496070189665813,0.6510982970770428,0.8145770069865701,False
Tannerella,IL21,0.009208235923789972,0.8464063208684335,0.928536878338938,False
Tannerella,ICAM1,-0.003939871342747211,0.9339483591906086,0.9681384822622224,False
Tannerella,VCAM1,0.15615454104891516,0.0009493715783755386,0.013783365271908776,True
Tannerella,FGFB,-0.015657309235541705,0.7418665886428675,0.8698243308236129,False
Tannerella,IL22,-0.046224659854208296,0.3306090860893812,0.5619884614357958,False
Tannerella,PDGFBB,-0.1650973225106109,0.0004705883805042792,0.008622788578087704,True
Tannerella,VEGF,0.01630766676927785,0.7315489225216136,0.8645976835173321,False
Tannerella,LEPTIN,0.03808508902042179,0.4228787336185099,0.6481156571341976,False
Tannerella,PAI1,0.1596626571192144,0.0007240050781649818,0.011531552233148062,True
Tannerella,CD40L,0.07343987793645042,0.12187576746475227,0.3110956280858436,False
Tannerella,ENA78,-0.14311085994032874,0.0024779091659479836,0.02552940459761144,True
Tetrasphaera,IL17F,0.02358336435340091,0.6197805632838556,0.7950288604882562,False
Tetrasphaera,FASL,-0.005503765144697469,0.9078297721416965,0.956977824740759,False
Tetrasphaera,TGFA,0.07427697334920487,0.11766983866177645,0.304299388648424,False
Tetrasphaera,MIP1A,-0.004398608985357982,0.9262783665510339,0.9640729102785525,False
Tetrasphaera,SDF1A,0.04093721565590148,0.38896063494491295,0.6191464458722674,False
Tetrasphaera,IL27,0.09773790700253171,0.03931058400318955,0.1588212037309191,True
Tetrasphaera,LIF,0.14476751948181385,0.002202846791553152,0.0235783536060054,True
Tetrasphaera,IL1B,0.0769956098150652,0.10478954124014805,0.28418577649116356,False
Tetrasphaera,IL2,0.11005319582130327,0.020227418710009232,0.10418071768195977,True
Tetrasphaera,IL4,-0.022720535770348597,0.6326474487094207,0.8020347334850206,False
Tetrasphaera,IL5,0.05103314361237185,0.28272520828877007,0.5140327433880956,False
Tetrasphaera,IP10,0.00807652496854576,0.8650903129520164,0.9375804014642513,False
Tetrasphaera,IL6,0.004843222874609653,0.9188510234393278,0.9613705571072908,False
Tetrasphaera,IL7,0.07521264410802501,0.11310391476588115,0.2973410558197876,False
Tetrasphaera,IL8,0.021804768813059438,0.6464259737298506,0.8117792673922123,False
Tetrasphaera,IL10,0.0375664852876921,0.42922646195279646,0.6535857988771498,False
Tetrasphaera,IFNB,0.008786583842677616,0.8533581189753459,0.9318993309842135,False
Tetrasphaera,EOTAXIN,0.08096687166460181,0.08800883708212309,0.2592145551107169,False
Tetrasphaera,IL12P70,0.1044172074670328,0.02762917043691967,0.12727493559212807,True
Tetrasphaera,IL13,0.060192161095629214,0.20503623434077772,0.4268275282625554,False
Tetrasphaera,IL17A,-0.05208854992248936,0.27287616770226625,0.5036534845925745,False
Tetrasphaera,IL31,0.03547494081415206,0.4553806085385088,0.6764831282357775,False
Tetrasphaera,IL1RA,0.11223954595606758,0.017859179333456644,0.09662776611921821,True
Tetrasphaera,SCF,0.04277474047429026,0.3680094205596307,0.5982856745436271,False
Tetrasphaera,RANTES,0.051095076884466586,0.2821406990882,0.5138206458558485,False
Tetrasphaera,IFNG,0.09057834700914794,0.056222830670610735,0.19605400238800166,False
Tetrasphaera,GMCSF,0.08977723821785467,0.05844449679557775,0.2006078862850994,False
Tetrasphaera,TNFA,0.04860116543365926,0.306325012926154,0.5382802098798621,False
Tetrasphaera,HGF,0.11909290529594059,0.011931797905996973,0.07407031722753032,True
Tetrasphaera,MIP1B,-0.041066640793056206,0.38746167852123914,0.6179499422261067,False
Tetrasphaera,IFNA,0.03727432859480445,0.4328266423753926,0.6565325497055886,False
Tetrasphaera,TGFB,0.14942945332926436,0.0015716497874620904,0.019022413532158635,True
Tetrasphaera,MCP1,0.02547271789880414,0.5920116420697625,0.7760276919785165,False
Tetrasphaera,IL9,0.032647871432051494,0.49211192471289167,0.7074871450808934,False
Tetrasphaera,VEGFD,0.030377621435015132,0.5227176992383351,0.7315376318982832,False
Tetrasphaera,TNFB,0.04565774462892405,0.3365806297952836,0.5684447230635439,False
Tetrasphaera,NGF,0.054432113715420845,0.2518502862611968,0.48171131586396554,False
Tetrasphaera,EGF,0.0032072392750364144,0.9462101975312451,0.9750930511460395,False
Tetrasphaera,BDNF,0.006573054805722065,0.8900268433964329,0.9493700523833927,False
Tetrasphaera,TRAIL,0.02644132515415109,0.577999765346155,0.766880442366406,False
Tetrasphaera,GCSF,0.0403810641519858,0.3954417232396896,0.625022367756431,False
Tetrasphaera,GROA,0.022183669355567683,0.6407100617431354,0.80737639860322,False
Tetrasphaera,IL1A,-0.025571875621331612,0.5905701081667136,0.7752117345282906,False
Tetrasphaera,IL23,0.05913856044634591,0.21309115872257214,0.43658895662684577,False
Tetrasphaera,IL12P40,0.11469174938232898,0.015494374280313748,0.08868316456898931,True
Tetrasphaera,IL15,0.1120028428936633,0.01810331607661072,0.09752048627498823,True
Tetrasphaera,IL18,0.08847617239392941,0.062207212204399426,0.20837574293157415,False
Tetrasphaera,MCSF,-0.010578538056676504,0.8238989235089688,0.9159801046522402,False
Tetrasphaera,MCP3,0.014810630084678134,0.7553681547236887,0.8768746195555962,False
Tetrasphaera,MIG,0.038020259455728095,0.42366924037335607,0.6481933300081874,False
Tetrasphaera,RESISTIN,0.12543466393495967,0.008071241113401675,0.056429996380080644,True
Tetrasphaera,IL21,0.0057967669247686255,0.9029465202842293,0.9547620719684577,False
Tetrasphaera,ICAM1,0.02115971826079886,0.6562047581756854,0.8170636873077131,False
Tetrasphaera,VCAM1,-0.00848034907589509,0.8584141829397577,0.9346188350143185,False
Tetrasphaera,FGFB,0.08142973292914711,0.08620213627584457,0.25611336810348206,False
Tetrasphaera,IL22,-0.014593494632727421,0.7588429241668184,0.8792395718515047,False
Tetrasphaera,PDGFBB,0.1711853903259745,0.0002858282357469172,0.006059558597834643,True
Tetrasphaera,VEGF,0.0368663694877058,0.43788285535158655,0.6613527176430122,False
Tetrasphaera,LEPTIN,0.04082245032545787,0.39029274487998633,0.6204653892963885,False
Tetrasphaera,PAI1,0.08573418894191848,0.07079256152359621,0.2251137612846399,False
Tetrasphaera,CD40L,-0.022737530099783687,0.6323929318153041,0.8019497501829649,False
Tetrasphaera,ENA78,-0.0766965518297969,0.10614933228193488,0.28669044318775727,False
Treponema,IL17F,0.06089835662099422,0.19976221108497594,0.42052378465472856,False
Treponema,FASL,-0.14228612738469135,0.0026262090418028815,0.026471542672896527,True
Treponema,TGFA,0.030288474620163368,0.5239390829098074,0.7324151275276349,False
Treponema,MIP1A,0.021165969442739452,0.656109706263214,0.8170636873077131,False
Treponema,SDF1A,-0.08326602497081369,0.07932666196049062,0.24272185236600208,False
Treponema,IL27,-0.0975456903602585,0.039700815266022677,0.15967778807744762,True
Treponema,LIF,-0.13894676953287258,0.0033129653250506814,0.03137292235768455,True
Treponema,IL1B,-0.20043683237553298,2.047652828185807e-05,0.0010196246809871256,True
Treponema,IL2,-0.1294417011930039,0.006249253858228343,0.048172866630843435,True
Treponema,IL4,-0.05629046645505766,0.23599822089268577,0.46391525929515,False
Treponema,IL5,-0.05902136038024327,0.21400104811612042,0.43789080840016475,False
Treponema,IP10,-0.06218463947333564,0.190410973186256,0.4086808999934926,False
Treponema,IL6,-0.11865446650540419,0.012250918296303889,0.07543382421296924,True
Treponema,IL7,-0.07849764679004385,0.09816715424305263,0.27500193422222585,False
Treponema,IL8,-0.12644491744454953,0.007571966445339115,0.05440557231643804,True
Treponema,IL10,-0.09147870305695086,0.05381003304049994,0.19133978113641043,False
Treponema,IFNB,-0.032933109793736086,0.488335470316955,0.7051429714932682,False
Treponema,EOTAXIN,-0.03648561398643995,0.4426323100069566,0.6651179746197247,False
Treponema,IL12P70,-0.008062743607885874,0.865318322382814,0.9377056196603034,False
Treponema,IL13,-0.02950352877873626,0.5347560632306819,0.7392547007892389,False
Treponema,IL17A,-0.10585957205917818,0.025541878839155468,0.12140397376875343,True
Treponema,IL31,-0.2303865830265787,8.988582745724917e-07,0.0001109170155505653,True
Treponema,IL1RA,-0.17849065135375017,0.00015363920608654958,0.004218872684125922,True
Treponema,SCF,-0.03608250809588113,0.4476924044021694,0.6704705502406033,False
Treponema,RANTES,-0.08714376203846674,0.06626535036280218,0.21680843806057212,False
Treponema,IFNG,-0.03445925958797814,0.4683970082430754,0.6884535123393823,False
Treponema,GMCSF,-0.00936823785713796,0.8437714459445163,0.9273019971149433,False
Treponema,TNFA,-0.03903150368597295,0.4114368752004852,0.6387433733984418,False
Treponema,HGF,-0.01809013310011742,0.7035226507722768,0.8468041869735171,False
Treponema,MIP1B,0.08967762636598331,0.05872575631251231,0.2012229773127377,False
Treponema,IFNA,-0.01536012441171774,0.7465968743840641,0.8723423003055711,False
Treponema,TGFB,-0.12697240808340493,0.007322401423489283,0.05339070505381461,True
Treponema,MCP1,0.14716133674576828,0.0018544513985734783,0.02110990980038955,True
Treponema,IL9,-0.1709002898223882,0.0002926914388745156,0.006139047243457393,True
Treponema,VEGFD,-0.14130726490802867,0.002812693478709171,0.0277993704853227,True
Treponema,TNFB,-0.09578559870761172,0.043428853843324365,0.1675648116536523,True
Treponema,NGF,-0.07847328509604339,0.0982718404588383,0.275138825118781,False
Treponema,EGF,-0.11337642584490669,0.016726237314259013,0.09280271285145826,True
Treponema,BDNF,-0.09666653582336025,0.041527657294355,0.16349027380501263,True
Treponema,TRAIL,-0.0358550516129677,0.4505620116876674,0.6725189518932808,False
Treponema,GCSF,-0.030551055819612694,0.5203456904852999,0.7300370236796458,False
Treponema,GROA,-0.17009256967687206,0.00031298016084792426,0.006441249322836821,True
Treponema,IL1A,-0.0540408503986404,0.25528000325483335,0.48553096674966534,False
Treponema,IL23,-0.08116196326130308,0.0872436538949665,0.2577308780631045,False
Treponema,IL12P40,0.062359333405395394,0.18916615103132073,0.40689247843798165,False
Treponema,IL15,-0.18700020953903326,7.225317079571408e-05,0.0024646081581458455,True
Treponema,IL18,-0.14039546444462667,0.002997161160038479,0.029200047088960072,True
Treponema,MCSF,-0.16090886203955368,0.0006566772290653572,0.01090366959438134,True
Treponema,MCP3,-0.00744599853593081,0.8755333890661073,0.9429704085451421,False
Treponema,MIG,-0.08045947623842259,0.0900242036831081,0.26163284195403286,False
Treponema,RESISTIN,-0.0029611669408078547,0.9503316303399681,0.9772043232737821,False
Treponema,IL21,-0.15159605996257894,0.0013390128732959296,0.017120608177628113,True
Treponema,ICAM1,0.02384962143490662,0.6158330916742478,0.7924399709861291,False
Treponema,VCAM1,0.08034880354114558,0.09046867475868905,0.2628470957179949,False
Treponema,FGFB,-0.07075394198983294,0.13616477401114777,0.333328120735509,False
Treponema,IL22,0.039711782379161405,0.40332681145415294,0.6323148389495928,False
Treponema,PDGFBB,-0.24087604336754612,2.705138041460898e-07,4.9383797801336175e-05,True
Treponema,VEGF,-0.10599122080801388,0.0253583206570446,0.12070609610678207,True
Treponema,LEPTIN,-0.01990090197835848,0.6754568234943745,0.8276759932886941,False
Treponema,PAI1,0.10681682531049455,0.02423291842259165,0.11756304616629354,True
Treponema,CD40L,0.007978878685794954,0.8667060883756476,0.9383842525213766,False
Treponema,ENA78,-0.07543991107646601,0.11201616602287347,0.29572987805396,False
Tyzzerella,IL17F,-0.044980064004713355,0.34380904604594675,0.5764223584600957,False
Tyzzerella,FASL,-0.1663747941754125,0.0004244388482401043,0.008015552042051625,True
Tyzzerella,TGFA,-0.06346285632973109,0.18144065603037549,0.39740063206770165,False
Tyzzerella,MIP1A,0.06716306402353012,0.15723894049308657,0.364746507037889,False
Tyzzerella,SDF1A,-0.1558676817626199,0.0009704066535686362,0.013864157667941471,True
Tyzzerella,IL27,-0.13012610482284187,0.005977926168212641,0.04684451205583482,True
Tyzzerella,LIF,0.004301541497822623,0.9279007683405069,0.9650011366495113,False
Tyzzerella,IL1B,-0.09961039591679795,0.035676069316832204,0.14991248564592152,True
Tyzzerella,IL2,-0.042985203817324,0.3656552687861686,0.5959470801280259,False
Tyzzerella,IL4,-0.1949187715148317,3.472654547920941e-05,0.0014099112392799752,True
Tyzzerella,IL5,-0.02988534062964782,0.5294804944523779,0.7356478452607285,False
Tyzzerella,IP10,-0.08763041165921845,0.06475865678078138,0.21387171444810574,False
Tyzzerella,IL6,-0.1409518121366206,0.0028833404058187496,0.028254443062188106,True
Tyzzerella,IL7,0.037087044332451836,0.4351436357882933,0.6586282760019952,False
Tyzzerella,IL8,-0.2086464582894579,9.081576156317158e-06,0.0006008468305300304,True
Tyzzerella,IL10,-0.055453339169661886,0.24304978995721532,0.471279470770698,False
Tyzzerella,IFNB,-0.007971152693320743,0.866833955936686,0.9384196285552219,False
Tyzzerella,EOTAXIN,-0.05899427357909717,0.21421173479826333,0.43793017039429283,False
Tyzzerella,IL12P70,-0.12153339611586769,0.010286184419348485,0.06742101463160728,True
Tyzzerella,IL13,-0.2003889223569905,2.057194793404013e-05,0.0010196246809871256,True
Tyzzerella,IL17A,-0.2170699640869956,3.8109578856960485e-06,0.0003157010322453079,True
Tyzzerella,IL31,-0.138329608007815,0.003456449450111707,0.03248205784480573,True
Tyzzerella,IL1RA,-0.020786145158415963,0.6618951222916163,0.8203372033631824,False
Tyzzerella,SCF,-0.12908960630760324,0.006393100211644344,0.048704159108493,True
Tyzzerella,RANTES,-0.17970654827809085,0.00013822483922433079,0.003894042768354838,True
Tyzzerella,IFNG,-0.1882134038152653,6.470573675646526e-05,0.0022781041176615515,True
Tyzzerella,GMCSF,-0.15490156294837032,0.0010444558268042606,0.014646152973878238,True
Tyzzerella,TNFA,-0.1601830115177407,0.0006951504978423939,0.011142753833707835,True
Tyzzerella,HGF,-0.0651576383332016,0.1700340773744965,0.3831304993732083,False
Tyzzerella,MIP1B,-0.2192312975716933,3.0326556103739133e-06,0.0002820369717647739,True
Tyzzerella,IFNA,-0.12927656462745638,0.006316353902429047,0.048306141792199796,True
Tyzzerella,TGFB,-0.09146647533262615,0.05384221473649853,0.19133978113641043,False
Tyzzerella,MCP1,0.01051497224849837,0.8249399644284297,0.9165173187575183,False
Tyzzerella,IL9,-0.1666167231704697,0.00041618795486736106,0.007905165431758083,True
Tyzzerella,VEGFD,0.008659924867608583,0.8554485959369804,0.9324707105555036,False
Tyzzerella,TNFB,-0.2582821900081665,3.253782924963153e-08,1.0023685023214613e-05,True
Tyzzerella,NGF,-0.06784986554082487,0.15302842159864383,0.3580712509184502,False
Tyzzerella,EGF,-0.14869561727118183,0.0016584946568943366,0.01960364547681579,True
Tyzzerella,BDNF,-0.14942071877777766,0.0015726584529021392,0.019022413532158635,True
Tyzzerella,TRAIL,-0.09751609359351353,0.039761191663192474,0.1597252760455385,True
Tyzzerella,GCSF,-0.11977235670229897,0.01145175888004734,0.07241272549038273,True
Tyzzerella,GROA,-0.17774423099113446,0.0001638857618495866,0.004378683465993476,True
Tyzzerella,IL1A,-0.10285862913272911,0.03004782637448528,0.13427537280130367,True
Tyzzerella,IL23,-0.10630240500167991,0.024928952972603478,0.11970268797073799,True
Tyzzerella,IL12P40,-0.16925794492422827,0.00033531771928492894,0.006691421207916659,True
Tyzzerella,IL15,-0.15424359290958609,0.0010978324839637974,0.014989518873843649,True
Tyzzerella,IL18,-0.08377213852504295,0.07751186877661898,0.23908385556943362,False
Tyzzerella,MCSF,-0.20564813070227217,1.2267699473351154e-05,0.0007155916059662466,True
Tyzzerella,MCP3,-0.10026966178343895,0.034466335871207295,0.14638911633707952,True
Tyzzerella,MIG,-0.07163150253625769,0.1313609481639563,0.32561132185071184,False
Tyzzerella,RESISTIN,-0.04472151906706625,0.3465926325432085,0.5786130688587552,False
Tyzzerella,IL21,-0.008092255305983457,0.8648300718300713,0.9375804014642513,False
Tyzzerella,ICAM1,0.03334782709940528,0.4828726608800711,0.7009510662576558,False
Tyzzerella,VCAM1,-0.16248227359609926,0.0005799577169465724,0.009950545782049567,True
Tyzzerella,FGFB,-0.15683434937002336,0.0009011916088540403,0.013259622209079296,True
Tyzzerella,IL22,-0.09472851702161868,0.04580641309395861,0.173011348766377,True
Tyzzerella,PDGFBB,-0.05933391101916453,0.21158073535642585,0.43477984862981384,False
Tyzzerella,VEGF,-0.004446586053996165,0.9254765823995152,0.9637628606963885,False
Tyzzerella,LEPTIN,-0.18845850498868752,6.327411728715233e-05,0.0022356854774793823,True
Tyzzerella,PAI1,-0.07697753721068096,0.1048713226146465,0.2842511680877606,False
Tyzzerella,CD40L,0.03170539374010462,0.5047002206154922,0.7162877591171211,False
Tyzzerella,ENA78,-0.24186078972410252,2.4097748511243226e-07,4.4821812230912394e-05,True
UCG-004,IL17F,0.01444948579848693,0.7611501495533954,0.8808401898428909,False
UCG-004,FASL,0.052505732914412,0.2690483003648586,0.5003251500523298,False
UCG-004,TGFA,8.688225382408333e-05,0.9985417644716363,0.9989470990624508,False
UCG-004,MIP1A,-0.00423090610257077,0.9290815680320236,0.9652108860427536,False
UCG-004,SDF1A,0.09120058725017062,0.054545964931190245,0.19265766624241284,False
UCG-004,IL27,0.0730520608614942,0.1238636110909221,0.3136520621973568,False
UCG-004,LIF,0.11145421688295037,0.018680399636141633,0.0988466879297285,True
UCG-004,IL1B,0.12198141556239459,0.010006983586303886,0.06625174223894138,True
UCG-004,IL2,0.05822877110451472,0.22022773036441046,0.4459263675460084,False
UCG-004,IL4,0.08933597442602448,0.05969895123438936,0.20315471581128552,False
UCG-004,IL5,0.09139706095094885,0.054025207481639026,0.1917136412361402,False
UCG-004,IP10,0.006249233152962439,0.895412835838028,0.952040592432602,False
UCG-004,IL6,0.10251107115405873,0.03061125078703508,0.13623734097453355,True
UCG-004,IL7,0.006838410632298614,0.8856170453017567,0.9471819190592499,False
UCG-004,IL8,0.04988256207886422,0.29373287374495116,0.5252346579680263,False
UCG-004,IL10,0.09528983622584565,0.04453064761912158,0.16993998525096027,True
UCG-004,IFNB,0.0758708434961856,0.10997622505939109,0.2926498072929855,False
UCG-004,EOTAXIN,0.04483307144768522,0.3453898706495656,0.5779378247166195,False
UCG-004,IL12P70,0.06989122848005935,0.14101796545115472,0.34065074645225085,False
UCG-004,IL13,0.06488620607218672,0.17182399650023547,0.3861926487686551,False
UCG-004,IL17A,0.10947569576714732,0.020896827981354553,0.10635050606101867,True
UCG-004,IL31,0.0967596438968589,0.04133088343424413,0.163020035856789,True
UCG-004,IL1RA,0.07369694564953372,0.12057186814466368,0.3083471070135447,False
UCG-004,SCF,0.033292506224446516,0.4835994504661225,0.7011800827614407,False
UCG-004,RANTES,0.06088299699791306,0.1998758595235016,0.42066102117478194,False
UCG-004,IFNG,0.08545196964248064,0.07172868632150853,0.22662232403337396,False
UCG-004,GMCSF,0.10443290252195485,0.027605691436733356,0.12722623009972764,True
UCG-004,TNFA,0.012766085511588308,0.7882726297511073,0.8950841873485215,False
UCG-004,HGF,0.019265615561831206,0.6852546917869513,0.8352176992625824,False
UCG-004,MIP1B,-0.007928023619915054,0.8675478191346562,0.9384334856582923,False
UCG-004,IFNA,0.05247471697270026,0.2693316170265215,0.5006734076272767,False
UCG-004,TGFB,0.06935144216091049,0.14412125431469078,0.3455124817690228,False
UCG-004,MCP1,-0.01884525748748881,0.6917670255151813,0.839522262406581,False
UCG-004,IL9,0.08973721816263532,0.05855736131600423,0.20085541678955107,False
UCG-004,VEGFD,0.01838257760883246,0.6989613638241403,0.8443177057619715,False
UCG-004,TNFB,0.04013164322996874,0.3983693411184738,0.6277373664875182,False
UCG-004,NGF,0.0950693949720819,0.04502805804153664,0.1710898818879376,True
UCG-004,EGF,0.06423568360772926,0.17617091006511407,0.39053133155428255,False
UCG-004,BDNF,0.007196200310367624,0.8796767509563599,0.9447492549218647,False
UCG-004,TRAIL,0.03739351367519212,0.4313558528672302,0.655107995311224,False
UCG-004,GCSF,-0.03019038840853989,0.5252846264529811,0.733567905875264,False
UCG-004,GROA,0.15715058090116962,0.0008795580281531072,0.01307795330548014,True
UCG-004,IL1A,0.045419547946628024,0.33911015054304716,0.5706636845430794,False
UCG-004,IL23,0.01914705793268735,0.687089094769039,0.8364193993866618,False
UCG-004,IL12P40,0.04368803563100383,0.3578617863273854,0.589446043761883,False
UCG-004,IL15,0.1353975469827083,0.004218168217893085,0.037071701625457115,True
UCG-004,IL18,0.10842353109088712,0.02216600645624822,0.11114572311581634,True
UCG-004,MCSF,0.09061623198049874,0.05611952623185169,0.19591543253003535,False
UCG-004,MCP3,-0.025267888041688173,0.5949945004079096,0.7776605241487978,False
UCG-004,MIG,0.06597142418993929,0.16475118417894913,0.3750847976064851,False
UCG-004,RESISTIN,0.05575967907187345,0.2404523948637553,0.46911008892487727,False
UCG-004,IL21,0.05849018512694478,0.21815987297523964,0.4433354004926639,False
UCG-004,ICAM1,-0.11169689136635022,0.018423188334605677,0.09830057800865775,True
UCG-004,VCAM1,-0.09197524780368053,0.05251665201376894,0.18869637881715925,True
UCG-004,FGFB,0.009016124603367308,0.8495722259666336,0.9296351430324202,False
UCG-004,IL22,0.1169693811420767,0.013548651489132976,0.08045940143365836,True
UCG-004,PDGFBB,0.13730351650373024,0.0037075265365650633,0.03399888055577525,True
UCG-004,VEGF,-0.015763095133289405,0.7401851285254051,0.8692810337149682,False
UCG-004,LEPTIN,0.057099547031159326,0.22932116260105667,0.4566043265847741,False
UCG-004,PAI1,-0.09563132226823426,0.043769234572061215,0.16815164240505825,True
UCG-004,CD40L,0.04698567088466984,0.32270116225755174,0.5542139473057396,False
UCG-004,ENA78,0.1128746099807545,0.017218321598539445,0.09440772983605861,True
UCG-005,IL17F,-0.08441186209274038,0.07526636699165,0.23391420107304087,False
UCG-005,FASL,-0.20459808256994233,1.3616111213777968e-05,0.0007803931647989722,True
UCG-005,TGFA,-0.038872999632215834,0.4133402720177194,0.6396433599489713,False
UCG-005,MIP1A,-0.08048247227568964,0.08993206977310896,0.26163284195403286,False
UCG-005,SDF1A,-0.2728109814023491,4.9127790858120705e-09,2.8488338957609053e-06,True
UCG-005,IL27,-0.12741573441464948,0.007118371984817899,0.05244612184329958,True
UCG-005,LIF,0.025861269211776845,0.5863722001101352,0.7724278209343346,False
UCG-005,IL1B,-0.08983760803497276,0.05827458265604155,0.20030363871103823,False
UCG-005,IL2,-0.037674780637248516,0.4278963824748653,0.6521648946254208,False
UCG-005,IL4,-0.17241135481667386,0.0002579929773103494,0.005741071716310214,True
UCG-005,IL5,-0.06358108516965721,0.18062701026522032,0.3965462438851272,False
UCG-005,IP10,-0.1758165618808243,0.00019339010969662872,0.004863366585176954,True
UCG-005,IL6,-0.1766248415571533,0.00018045973685143583,0.004681505489161722,True
UCG-005,IL7,-0.02457508286729866,0.6051338671674348,0.784200034512498,False
UCG-005,IL8,-0.1908780637582089,5.065755496875773e-05,0.0018736951121713884,True
UCG-005,IL10,-0.11372746023275408,0.016389366764692805,0.09174694921427692,True
UCG-005,IFNB,0.034168921029610104,0.47215520276619494,0.6912974883215728,False
UCG-005,EOTAXIN,-0.046594387218931596,0.3267516416371129,0.5582356501941654,False
UCG-005,IL12P70,-0.06594769206090347,0.16490348304585398,0.37517159839972963,False
UCG-005,IL13,-0.188555794601424,6.271418312258332e-05,0.00222492868615805,True
UCG-005,IL17A,-0.1699696617114292,0.00031618006449106076,0.006488509753801043,True
UCG-005,IL31,-0.1558980048614064,0.0009681629335625209,0.013864157667941471,True
UCG-005,IL1RA,-0.04155056942429827,0.3818881546670696,0.6118237723119161,False
UCG-005,SCF,-0.12796008314660096,0.006874815825900663,0.05111317237761206,True
UCG-005,RANTES,-0.21161981284253611,6.710696889449016e-06,0.0004936869398223015,True
UCG-005,IFNG,-0.1860423756127897,7.879034542703831e-05,0.0026240379230396747,True
UCG-005,GMCSF,-0.05310427099263247,0.2636208385778928,0.49378191653066067,False
UCG-005,TNFA,-0.18028211325096535,0.00013144580750753417,0.0037888677497347136,True
UCG-005,HGF,-0.059477138401791856,0.210478232202553,0.43308169756893494,False
UCG-005,MIP1B,-0.27347694905550846,4.49268548875826e-09,2.7680558467611827e-06,True
UCG-005,IFNA,-0.16914398235784248,0.0003384806205293751,0.00674089284278501,True
UCG-005,TGFB,-0.01966994983854763,0.6790125133679261,0.8303815105794586,False
UCG-005,MCP1,-0.010949581024341078,0.8178284313497399,0.9124210815126456,False
UCG-005,IL9,-0.13537680251377343,0.004224059728542312,0.037071701625457115,True
UCG-005,VEGFD,0.05916973023131898,0.2128496395536709,0.4364125929118319,False
UCG-005,TNFB,-0.21487914377407988,4.792649725875733e-06,0.0003841133414445771,True
UCG-005,NGF,-0.07990255551402298,0.09227872447190849,0.26598937597779937,False
UCG-005,EGF,-0.09109215913950974,0.05483513826416804,0.19312782887037105,False
UCG-005,BDNF,-0.2096450218814164,8.208116724989092e-06,0.0005614117870093054,True
UCG-005,TRAIL,-0.1983203221686133,2.5118651987040002e-05,0.0011625336680199077,True
UCG-005,GCSF,-0.08397259254778765,0.07680247504490766,0.23748720674588628,False
UCG-005,GROA,-0.19834237496905446,2.506550882599331e-05,0.0011625336680199077,True
UCG-005,IL1A,-0.1989006424836185,2.375515719879253e-05,0.0011288698037274748,True
UCG-005,IL23,-0.088813854990646,0.06121193440876537,0.20647458150864256,False
UCG-005,IL12P40,-0.08058042998846944,0.08954044806080533,0.26097573608304914,False
UCG-005,IL15,-0.06952221318931893,0.14313388175108221,0.34398191279916346,False
UCG-005,IL18,-0.09913482258672048,0.03657097952413845,0.1523095547735348,True
UCG-005,MCSF,-0.184061278500419,9.411963867599875e-05,0.0030124396041168694,True
UCG-005,MCP3,-0.10974329840417063,0.0205842807792553,0.10526739081495554,True
UCG-005,MIG,-0.10173535994919569,0.03190144310067102,0.13996320069323967,True
UCG-005,RESISTIN,-0.08412172105147081,0.07627814797585408,0.23638792290033622,False
UCG-005,IL21,-0.09637333535346818,0.042152476757683854,0.16510102655247422,True
UCG-005,ICAM1,-0.03806601776537493,0.42311119174316436,0.6481156571341976,False
UCG-005,VCAM1,-0.11475560244580708,0.015436652695312091,0.08847355945952709,True
UCG-005,FGFB,-0.12355019209140765,0.009081614844566065,0.06169990292055979,True
UCG-005,IL22,-0.1629626759825352,0.0005582454260100678,0.009774748507295289,True
UCG-005,PDGFBB,-0.13897910713683337,0.003305598391651046,0.03133325860086155,True
UCG-005,VEGF,-0.09799913159958033,0.03878546196418598,0.15760390933344823,True
UCG-005,LEPTIN,-0.08059048239432322,0.08950033744604748,0.26097573608304914,False
UCG-005,PAI1,-0.08118635687146705,0.08714835539244756,0.2576037443654417,False
UCG-005,CD40L,-0.0001089415440441692,0.9981715209653422,0.9988808094281132,False
UCG-005,ENA78,-0.1959900658926256,3.1377564874133195e-05,0.0013252809339001543,True
Veillonella,IL17F,-0.052067472240898666,0.2730705465778343,0.5036742390862193,False
Veillonella,FASL,0.003370784643122666,0.9434717844929392,0.9735941433613937,False
Veillonella,TGFA,0.004788941660038599,0.9197574344674981,0.9617064901337078,False
Veillonella,MIP1A,-0.029735702504242227,0.5315449268379184,0.7368822793936436,False
Veillonella,SDF1A,-0.062042553501576,0.19142786465367534,0.40997086460046306,False
Veillonella,IL27,0.06260794951717905,0.1874049032598495,0.40520570660076427,False
Veillonella,LIF,0.10087191412856025,0.033391922491077725,0.1436442513674469,True
Veillonella,IL1B,0.0407248634217347,0.39142763159107996,0.6215679111186962,False
Veillonella,IL2,-0.027059926138312117,0.5691332296924889,0.7624018723071825,False
Veillonella,IL4,-0.013779339577440564,0.7719144018392388,0.8865818680334633,False
Veillonella,IL5,-0.0006930111682866967,0.9883688745194399,0.9945973099163865,False
Veillonella,IP10,-0.018173100374350753,0.7022275123964014,0.8463820536989515,False
Veillonella,IL6,0.0537053702096319,0.25824639739255983,0.4884483855517757,False
Veillonella,IL7,0.06043231087419762,0.20323153908674,0.42491124333342156,False
Veillonella,IL8,-0.012996592732732784,0.7845427915803355,0.8932470755777422,False
Veillonella,IL10,0.05508116590931889,0.24623173650952074,0.4748342054989936,False
Veillonella,IFNB,0.08893810042912019,0.06084905976945059,0.20575439029192447,False
Veillonella,EOTAXIN,-0.02740205072641069,0.5642574494783893,0.7594825146037631,False
Veillonella,IL12P70,-0.05275386401365177,0.2667890750725356,0.49773026155659644,False
Veillonella,IL13,-0.03219008121777735,0.4982053947434758,0.7120934872236022,False
Veillonella,IL17A,-0.005242695084942466,0.912183773185735,0.9589098449532674,False
Veillonella,IL31,0.09124953474602067,0.05441583988941031,0.19239882693312904,False
Veillonella,IL1RA,0.09251772453180082,0.051133341469267915,0.18538892247298386,True
Veillonella,SCF,-0.09582916985281321,0.043333127218393386,0.1675250073306883,True
Veillonella,RANTES,0.014112286174155452,0.7665608196951991,0.8837247483716121,False
Veillonella,IFNG,-0.005907906665962111,0.9010951800734808,0.9536227896043342,False
Veillonella,GMCSF,0.02099017195616948,0.6587848939074276,0.8188136141828095,False
Veillonella,TNFA,-0.07170747244873492,0.13095132147055935,0.32484099825283697,False
Veillonella,HGF,-0.013963552349733635,0.7689510151215735,0.8849234802724907,False
Veillonella,MIP1B,-0.17264975858374504,0.0002528831824704184,0.005678638753515683,True
Veillonella,IFNA,0.0013858769106613895,0.9767426519721654,0.9887865676858386,False
Veillonella,TGFB,0.043263880531745035,0.3625525627536932,0.5933006579724281,False
Veillonella,MCP1,-0.036486846803373774,0.44261688491000206,0.6651179746197247,False
Veillonella,IL9,-0.0006524317791591776,0.9890498931483809,0.9948019433381021,False
Veillonella,VEGFD,0.12433868459233874,0.008645911651957529,0.0592707907267019,True
Veillonella,TNFB,-0.09171646524526123,0.05318744970943754,0.19031647159188214,False
Veillonella,NGF,0.007457590005222779,0.8753412049056913,0.9428664333435649,False
Veillonella,EGF,-0.053343911557984014,0.2614690601557215,0.49182783731540436,False
Veillonella,BDNF,-0.09676546834283688,0.04131860029660533,0.163020035856789,True
Veillonella,TRAIL,-0.08020688042199582,0.09104122324634205,0.263733287911384,False
Veillonella,GCSF,-0.07727066077423947,0.10355111024237267,0.28253718371694153,False
Veillonella,GROA,0.0575370858991126,0.2257666425419789,0.4524947721731023,False
Veillonella,IL1A,-0.018148182444613185,0.702616396726131,0.846540263862894,False
Veillonella,IL23,0.03395454184950064,0.47494075700437766,0.6934432490726801,False
Veillonella,IL12P40,-0.11163743525042932,0.018485918624734508,0.09834548613201985,True
Veillonella,IL15,0.039194625229968694,0.4094834523421943,0.6372040841656434,False
Veillonella,IL18,0.10039241816270919,0.03424498222801572,0.14582593296059565,True
Veillonella,MCSF,0.020896840972312494,0.6602069257112625,0.8195844193000411,False
Veillonella,MCP3,-0.09582144094184064,0.043350094806453875,0.1675250073306883,True
Veillonella,MIG,-0.048452811715170206,0.3078055611982081,0.539439506185233,False
Veillonella,RESISTIN,0.06035333482787582,0.20382375752020498,0.42551770470863637,False
Veillonella,IL21,0.02201001114385661,0.643327176953,0.8091453044420995,False
Veillonella,ICAM1,-0.10517987135909689,0.026507920787776255,0.1239635119193066,True
Veillonella,VCAM1,-0.12868268753986553,0.00656303792475786,0.049407310394797135,True
Veillonella,FGFB,-0.05193758129490286,0.2742704865547386,0.5044104572316016,False
Veillonella,IL22,-0.05591489117464492,0.2391438479421397,0.4679396691174302,False
Veillonella,PDGFBB,0.05276997246810435,0.26664285904725665,0.4975832849272302,False
Veillonella,VEGF,-0.04378892490542837,0.3567516698380554,0.588792560064214,False
Veillonella,LEPTIN,-0.03261206862243892,0.4925870415953243,0.707924891693993,False
Veillonella,PAI1,-0.1722688257424483,0.00026109377244496585,0.005770991947897922,True
Veillonella,CD40L,0.055374510218396004,0.2437213328188211,0.4720245380997914,False
Veillonella,ENA78,0.004527746901549445,0.9241204090505372,0.9635091477969535,False
ZOR0006,IL17F,0.0008841982818409133,0.9851604220616577,0.9927130165270184,False
ZOR0006,FASL,-0.04850511779055234,0.30728301651491086,0.5390987678953535,False
ZOR0006,TGFA,-0.008313800998569279,0.8611664067728695,0.9361908290656096,False
ZOR0006,MIP1A,0.01119946133556194,0.813746337737981,0.9099264289270663,False
ZOR0006,SDF1A,0.05329685239944802,0.2618906557073834,0.4921307823033522,False
ZOR0006,IL27,0.006834074448572036,0.8856890778949245,0.9471819190592499,False
ZOR0006,LIF,0.104878765138016,0.026945830683916247,0.1251990897891535,True
ZOR0006,IL1B,0.08423288609713059,0.07588919404599685,0.23533050484600093,False
ZOR0006,IL2,0.019294746361559006,0.684804242938731,0.8350816708176658,False
ZOR0006,IL4,-0.024583182843463773,0.6050148772734183,0.784200034512498,False
ZOR0006,IL5,0.05357600027289798,0.25939665482245455,0.4894032963138291,False
ZOR0006,IP10,-0.04564865965694164,0.33667688488495406,0.568493201832774,False
ZOR0006,IL6,0.03308773025947475,0.4862948781944304,0.7031973257838255,False
ZOR0006,IL7,-0.0631659320589112,0.18349602369103588,0.4000229547868712,False
ZOR0006,IL8,0.002442755077246192,0.9590186441093144,0.9812149240923322,False
ZOR0006,IL10,0.055307152563376406,0.24429618020561356,0.4725807975798545,False
ZOR0006,IFNB,-0.023225012492859073,0.6251106855879358,0.7983604409720305,False
ZOR0006,EOTAXIN,0.0035897668970021504,0.9398061811131969,0.971531996529668,False
ZOR0006,IL12P70,-0.0014996019492634187,0.9748347612370716,0.9877252340238515,False
ZOR0006,IL13,0.008658371216061007,0.8554742449040348,0.9324707105555036,False
ZOR0006,IL17A,0.09303553870268423,0.04984141520824115,0.1830747022907158,True
ZOR0006,IL31,0.07034167986441976,0.1384676756573246,0.33672607770008883,False
ZOR0006,IL1RA,0.097087419013678,0.04064441682632334,0.1617572309543381,True
ZOR0006,SCF,0.053867544429984114,0.2568094543209354,0.48722625109618567,False
ZOR0006,RANTES,0.05777802713284321,0.22382608079094696,0.45056260958845956,False
ZOR0006,IFNG,0.005626084940070734,0.9057907223694166,0.9562309853413696,False
ZOR0006,GMCSF,0.04219074064297889,0.37459089677816426,0.6052510716571677,False
ZOR0006,TNFA,0.06432311735143595,0.175581953644106,0.3898212873220537,False
ZOR0006,HGF,-0.015546477295859796,0.7436295734324734,0.8703194034070192,False
ZOR0006,MIP1B,-0.02730417952903403,0.5656502100763854,0.7607253243827576,False
ZOR0006,IFNA,0.012424889679394764,0.7938023888044539,0.8989435897569565,False
ZOR0006,TGFB,0.07734531903542806,0.10321696593520545,0.28197500780236995,False
ZOR0006,MCP1,-0.06710589638078035,0.15759332022682274,0.3649412616387171,False
ZOR0006,IL9,-0.02540412197915771,0.5930098159992132,0.7760725459544532,False
ZOR0006,VEGFD,0.004462803418006204,0.9252055777434036,0.9637628606963885,False
ZOR0006,TNFB,0.012361758098626592,0.7948267045251118,0.8996765946732393,False
ZOR0006,NGF,0.03762410876336154,0.4285184346431725,0.6528101883344761,False
ZOR0006,EGF,0.0419216622410893,0.377647570930117,0.6077129863253499,False
ZOR0006,BDNF,0.09055096732071004,0.05629758757500825,0.19620510571171626,False
ZOR0006,TRAIL,0.014492047080588951,0.7604680361510217,0.8803069399221197,False
ZOR0006,GCSF,0.014446578429703302,0.761196751599877,0.8808401898428909,False
ZOR0006,GROA,0.0688610707433093,0.14698543733548372,0.34915239548269844,False
ZOR0006,IL1A,0.030856295057617895,0.5161844970309196,0.7267291972061849,False
ZOR0006,IL23,-0.011875442364869768,0.8027289172537525,0.9036544097621894,False
ZOR0006,IL12P40,0.019969609376938768,0.6744004060240107,0.827308955828116,False
ZOR0006,IL15,0.056960089080419975,0.23046240124072823,0.4572734045144172,False
ZOR0006,IL18,0.0647161951654347,0.1729522431737059,0.3872276205329077,False
ZOR0006,MCSF,-0.027327889979747635,0.565312646408358,0.7605912472080788,False
ZOR0006,MCP3,-0.004205549760157344,0.9295054837214103,0.9653460870760284,False
ZOR0006,MIG,0.019909207108818255,0.6753290932251952,0.8276223521897035,False
ZOR0006,RESISTIN,0.054614839776800025,0.25025957471392607,0.47969704003342784,False
ZOR0006,IL21,0.05593929447011114,0.23893856733519095,0.4679396691174302,False
ZOR0006,ICAM1,-0.017987748705060896,0.7051220769719895,0.8481170147162691,False
ZOR0006,VCAM1,-0.10535149729067676,0.026261070973903174,0.12333570160111362,True
ZOR0006,FGFB,0.02212146279188177,0.6416470359690477,0.8078360767027933,False
ZOR0006,IL22,0.04906538373256478,0.30172261614248364,0.5335600892700967,False
ZOR0006,PDGFBB,0.13742805042497636,0.003676197033483732,0.03380592383962932,True
ZOR0006,VEGF,0.024291176829657573,0.6093110758209492,0.7871515671617739,False
ZOR0006,LEPTIN,0.03448613604426847,0.46804995120392123,0.6882512558126872,False
ZOR0006,PAI1,0.00600485688556066,0.8994806430350826,0.953039572123801,False
ZOR0006,CD40L,-0.011857674273022568,0.8030180198154186,0.903756070412011,False
ZOR0006,ENA78,0.07694405340859825,0.10502297552009297,0.2845057688038133,False
hgcI clade,IL17F,-0.001148586232586968,0.9807239371228017,0.9905713700980102,False
hgcI clade,FASL,0.08958341073181751,0.05899280916387806,0.20185738033235331,False
hgcI clade,TGFA,0.01999224664660335,0.6740524843441916,0.827308955828116,False
hgcI clade,MIP1A,0.018117358450488275,0.7030975620213995,0.8467948168232925,False
hgcI clade,SDF1A,0.06478972197990587,0.172463620182136,0.3869890489132335,False
hgcI clade,IL27,0.03935647666205274,0.4075506836349484,0.6356735575957043,False
hgcI clade,LIF,0.07143636522724323,0.13241765799084887,0.3274073921429115,False
hgcI clade,IL1B,0.011459747085951435,0.8094996147204938,0.9074422563014133,False
hgcI clade,IL2,0.015816675194497823,0.7393339480849686,0.8687838152642283,False
hgcI clade,IL4,0.08400840615621809,0.07667629010257834,0.23717441726740424,False
hgcI clade,IL5,-0.0039397732579489935,0.9339499998260656,0.9681384822622224,False
hgcI clade,IP10,0.032120830990544705,0.49913062858025115,0.7124084194708101,False
hgcI clade,IL6,0.0392602009473577,0.4086997179861799,0.6366880246377625,False
hgcI clade,IL7,0.07403055789232779,0.11889597425022147,0.3058266126409352,False
hgcI clade,IL8,0.13303081009831913,0.004940338540252096,0.04129955390894586,True
hgcI clade,IL10,0.0872471897729156,0.06594274673040118,0.2161834377347173,False
hgcI clade,IFNB,-0.00581927510111344,0.902571541462079,0.9546295753284937,False
hgcI clade,EOTAXIN,-0.002672136904382409,0.9551742394858826,0.9790089054743014,False
hgcI clade,IL12P70,0.04767275722733533,0.3156679207444169,0.5470911326825706,False
hgcI clade,IL13,0.04660755857350111,0.32661476173867476,0.5582356501941654,False
hgcI clade,IL17A,-0.025513251051955264,0.5914221851814808,0.7758963909757524,False
hgcI clade,IL31,0.0739622916187032,0.11923741915839423,0.3064240036661758,False
hgcI clade,IL1RA,-0.018175212167183687,0.7021945580454858,0.8463820536989515,False
hgcI clade,SCF,-0.08305089864005447,0.08010840758638414,0.24448746668621693,False
hgcI clade,RANTES,0.15469241481640572,0.0010611573818796452,0.01477526761379879,True
hgcI clade,IFNG,0.09335993220994876,0.04904604864459795,0.1809490821625923,True
hgcI clade,GMCSF,-0.03130580790719871,0.5100879456497553,0.7215449803724047,False
hgcI clade,TNFA,0.0003616190565573225,0.993930624989246,0.9969519881396474,False
hgcI clade,HGF,-0.09038904527191177,0.05674138398011582,0.19702591168579844,False
hgcI clade,MIP1B,-0.01564517707698774,0.7420595072252572,0.8698243308236129,False
hgcI clade,IFNA,0.0030127877342510153,0.9494669270784312,0.976978233536668,False
hgcI clade,TGFB,0.020265117574978203,0.669864100436198,0.825244486317425,False
hgcI clade,MCP1,-0.0340092431475122,0.47422913782256637,0.6930239077026339,False
hgcI clade,IL9,0.07261193934402928,0.12615000092671738,0.31742438675023377,False
hgcI clade,VEGFD,0.04946764026673733,0.297771815036121,0.5297662069348639,False
hgcI clade,TNFB,0.07464485640774184,0.11585772384126396,0.3018301907048573,False
hgcI clade,NGF,0.05664931788009471,0.2330200220958462,0.4605275416641644,False
hgcI clade,EGF,-0.07230307784735678,0.12777397239142002,0.3197286561988017,False
hgcI clade,BDNF,-0.02538786841511921,0.5932464424169535,0.7760725459544532,False
hgcI clade,TRAIL,0.06246033413139567,0.18844918004303945,0.40623923395239075,False
hgcI clade,GCSF,0.04168905376246503,0.38030226134587086,0.6100785416453605,False
hgcI clade,GROA,0.1207333385180487,0.010801998174540752,0.06964427600040728,True
hgcI clade,IL1A,0.05666028450119506,0.23292942758696752,0.4605275416641644,False
hgcI clade,IL23,0.08325290339456752,0.07937416662872214,0.2427770817952041,False
hgcI clade,IL12P40,-0.010827570152101021,0.8198234223721543,0.9137161444595474,False
hgcI clade,IL15,0.024698347720756512,0.6033242197758164,0.7832579146026409,False
hgcI clade,IL18,0.1182161629766397,0.012577449574374417,0.0767255556337766,True
hgcI clade,MCSF,0.09220018019766918,0.05193933834878674,0.1872095054633783,True
hgcI clade,MCP3,0.02039832919449036,0.6678230925829485,0.823851839154387,False
hgcI clade,MIG,0.023400455751964668,0.6224986797011478,0.7962361469435468,False
hgcI clade,RESISTIN,0.004680468537090659,0.9215690754124566,0.9626817786813603,False
hgcI clade,IL21,0.047329085255668,0.31917322379068397,0.5508420238320313,False
hgcI clade,ICAM1,0.038194024092700465,0.42155236162968823,0.6469448920443407,False
hgcI clade,VCAM1,-0.025983712220056823,0.5846002175687788,0.7711747550907294,False
hgcI clade,FGFB,0.08456726830393407,0.07472894088833026,0.2326841122164118,False
hgcI clade,IL22,0.03625492489002745,0.4455240971461154,0.667981224283864,False
hgcI clade,PDGFBB,0.1327628286196073,0.005028765826482304,0.04186957222758662,True
hgcI clade,VEGF,0.00043188520718613404,0.9927513152463796,0.9961653928959203,False
hgcI clade,LEPTIN,-0.0622669182263885,0.1898239299455792,0.40759841023818766,False
hgcI clade,PAI1,-0.04696455546614829,0.3229189076080623,0.5544913066016858,False
hgcI clade,CD40L,-0.06617279606405406,0.163463142882766,0.37335951402648454,False
hgcI clade,ENA78,-0.021411235618440275,0.65238472127835,0.8156256921194641,False
