Microbe,Cytokine,Correlation,P-value,Corrected_P-value,Exceeds_Perm_Threshold
Achromobacter,LIF,-0.15859938405628446,0.0007864443064198558,0.012246368998738665,True
Acinetobacter,FASL,0.1624727049656746,0.000580398034558582,0.009950545782049567,True
Acinetobacter,IL31,0.1743272264685833,0.00021951674281615397,0.005160748573187479,True
Acinetobacter,RANTES,0.14114301592514428,0.0028451401479711335,0.028075467045745178,True
Acinetobacter,IL18,0.16116247314395318,0.0006437066809731485,0.01075535671361576,True
Acinetobacter,MCSF,0.13328839477015375,0.004856665524694066,0.04089475251165066,True
Acinetobacter,VCAM1,0.15088415413115863,0.0014117071944946258,0.017680241822283227,True
Actinobacillus,FASL,0.1615099154524183,0.0006263225600655581,0.010554338114745763,True
Actinobacillus,IL31,0.19772365612231613,2.659771551439306e-05,0.001197261550415008,True
Actinobacillus,GROA,0.14005984838307048,0.0030677837143176416,0.02973668815707307,True
Actinobacillus,MCSF,0.15608293684553792,0.0009545824464519028,0.013818316823968954,True
Actinomyces,IFNB,0.13211128510973236,0.00524973711188864,0.043234677066832254,True
Actinomyces,MIP1B,-0.12897335270461033,0.006441242898666583,0.04891970145998087,True
Actinomyces,CD40L,0.13039812585138855,0.005873056481214726,0.04629461501847549,True
Actinoplanes,FASL,-0.13115623975757915,0.005589453770745676,0.04494358505057983,True
Actinoplanes,IL1A,-0.12984129923834584,0.006089523645052418,0.04745495975725434,True
Agathobacter,FASL,-0.144904451850233,0.0021814083967054477,0.02339969964605256,True
Agathobacter,SDF1A,-0.18102884989923737,0.00012311541283454425,0.003656724941685457,True
Agathobacter,IL4,-0.16039566067306243,0.0006836682834263012,0.011030846044674634,True
Agathobacter,IL31,-0.13675633194931203,0.0038480702173757098,0.03496246654644216,True
Agathobacter,RANTES,-0.15424568644298522,0.0010976587336405383,0.014989518873843649,True
Agathobacter,TNFA,-0.17267858064602976,0.00025227187842965756,0.005677845154245581,True
Agathobacter,MIP1B,-0.20717928815163725,1.0527029048387694e-05,0.0006609901424140501,True
Agathobacter,TNFB,-0.18974423397588425,5.6241026905330285e-05,0.00203085730121885,True
Agathobacter,EGF,-0.1310400047335196,0.005632120943482429,0.04512683809729234,True
Agathobacter,BDNF,-0.16874006780997022,0.00034991622323345004,0.006926654876777813,True
Agathobacter,IL15,-0.13302101540025632,0.004943545710342475,0.04129955390894586,True
Agathobacter,MCSF,-0.15283571703618082,0.0012205900715745956,0.016247707154419335,True
Agathobacter,MCP3,-0.129933205550319,0.0060533086197447575,0.047322376188298036,True
Agathobacter,IL22,-0.13202158857575538,0.0052808327616285615,0.04341822298926969,True
Agathobacter,PDGFBB,-0.13717462491656846,0.0037402068813705077,0.034234874128644815,True
Aggregatibacter,FASL,0.14560918109084142,0.0020740590122131867,0.022679404737687304,True
Aggregatibacter,IP10,0.16527564074380882,0.00046387767321625614,0.008579561168041,True
Aggregatibacter,IL6,0.13280501148286977,0.005014752615999008,0.04178819212892495,True
Aggregatibacter,IL31,0.1605839910892383,0.0006736461478553825,0.011030846044674634,True
Aggregatibacter,RANTES,0.12909612503819176,0.0063904102681476985,0.048704159108493,True
Aggregatibacter,IL18,0.13130441701014572,0.005535482883649387,0.04467664898532749,True
Aggregatibacter,MCSF,0.13339733674442505,0.00482166327062008,0.04076497128796976,True
Alcaligenes,LIF,-0.17774316724430686,0.0001639008114172847,0.004378683465993476,True
Alistipes,IL17F,0.14235149761877736,0.002614165874530632,0.026377120973513784,True
Alistipes,IL4,0.18271058931464412,0.00010613552928745788,0.0033110254674549363,True
Alistipes,IL5,0.13517129047019077,0.0042828290861260665,0.0372969338613346,True
Alistipes,MIP1B,0.13899979658562936,0.0033008928657158347,0.03131876984622396,True
Alistipes,IL9,0.1288894572181202,0.006476187181303316,0.049109425564067756,True
Alistipes,BDNF,0.1458690209020318,0.002035712733202753,0.022472627238424123,True
Alistipes,GROA,0.1386017179200315,0.003392505696417458,0.03203383252421772,True
Alloiococcus,IL1B,0.1363608447356812,0.003952635000884524,0.035519668038942236,True
Alloiococcus,IL17A,0.15303572526625486,0.00120241273083365,0.016089900481158038,True
Alloiococcus,IL31,0.13244791835703085,0.005134499367086886,0.042498652192059214,True
Alloiococcus,IL1RA,0.14949278318731193,0.001564354196667402,0.01901529429192016,True
Alloiococcus,GROA,0.13746238114496587,0.003667602599380968,0.03375838134892398,True
Alloiococcus,PDGFBB,0.1461057973877837,0.0020013357533725227,0.022343338456111358,True
Alloprevotella,MIP1A,0.16256945873444087,0.0005759599917261159,0.009932636248432727,True
Alloprevotella,LIF,-0.17454045086230316,0.00021558372936993677,0.005158311660506885,True
Alloprevotella,IL1B,-0.14465060652403033,0.002221303022538688,0.023698706922279638,True
Alloprevotella,IL2,-0.12955329960812523,0.006204270856304587,0.04789483328226359,True
Alloprevotella,IL5,-0.16507419809545834,0.0004714652102390814,0.008622827537174147,True
Alloprevotella,EOTAXIN,-0.1845362970941412,9.02071157863751e-05,0.002934857252218105,True
Alloprevotella,IL1RA,-0.12895305780970887,0.006449680623516845,0.04894607512442575,True
Alloprevotella,IFNG,-0.14819859983034847,0.0017197897282291358,0.020016159552400027,True
Alloprevotella,GMCSF,-0.17346563590472383,0.00023610302941618502,0.005471588480340452,True
Alloprevotella,TNFA,-0.1913412151911185,4.8531002056225524e-05,0.0018053532764915894,True
Alloprevotella,BDNF,-0.1441795421644039,0.0022971063393401373,0.024196242268286344,True
Alloprevotella,IL12P40,-0.14833080690943437,0.0017032856444068292,0.01990179336966989,True
Alloprevotella,IL15,-0.15238134213515228,0.0012628289052935588,0.016423439773593538,True
Alloprevotella,PDGFBB,-0.26432675440416736,1.5023422932902144e-08,6.444820599091606e-06,True
Alloprevotella,LEPTIN,-0.2039842452781744,1.4468425064654037e-05,0.0007990520789608153,True
Alloprevotella,CD40L,0.23443784512129034,5.690620403855728e-07,7.684676156330106e-05,True
Alysiella,LIF,-0.17132799771046667,0.00028245191846304186,0.006013846678636429,True
Alysiella,HGF,-0.22512027945319618,1.608376940424331e-06,0.0001686742540287559,True
Alysiella,VEGFD,0.15653134555368414,0.0009223803672059295,0.013431057104750448,True
Alysiella,MCP3,0.13947677011735818,0.0031940840468593474,0.030547446986881648,True
Alysiella,RESISTIN,-0.17474908978501494,0.00021179920755892465,0.005155124518634727,True
Amnipila,LIF,-0.27523832874126414,3.542614115268949e-09,2.4945064248800927e-06,True
Amnipila,EOTAXIN,-0.21849943290765073,3.2774051589252395e-06,0.0002956516294098258,True
Amnipila,IL17A,-0.1488706022275253,0.0016373957850963447,0.01949450199212532,True
Amnipila,IL31,-0.13648845625079872,0.003918617509507475,0.03537521191275155,True
Amnipila,IL1RA,-0.15317110398844272,0.0011902509044020512,0.015996035849532905,True
Amnipila,IFNG,-0.15117485241803585,0.0013815960671787668,0.017494375877103285,True
Amnipila,GMCSF,-0.2852449930725249,8.893661640326042e-10,1.0959214556291765e-06,True
Amnipila,HGF,-0.18054148248344035,0.00012849412066601054,0.003725573651545682,True
Amnipila,TGFB,-0.21757987001220908,3.6117573932648886e-06,0.0003069371067483213,True
Amnipila,NGF,-0.14337650175837346,0.0024317940029071625,0.025207807866097588,True
Amnipila,IL12P40,-0.1805997875503192,0.0001278392203072127,0.0037175192737123977,True
Amnipila,IL15,-0.26337107975375895,1.699790379147715e-08,6.444820599091606e-06,True
Amnipila,IL18,-0.18272952234235215,0.00010595755387822462,0.0033110254674549363,True
Amnipila,RESISTIN,-0.19979570058850843,2.1788938508498105e-05,0.0010668080906760748,True
Amnipila,ICAM1,0.2023172685846632,1.7046260597155203e-05,0.0008891113067024125,True
Amnipila,PDGFBB,-0.15260328153363004,0.0012420321173175588,0.016348681344020618,True
Amnipila,LEPTIN,-0.3112846822734844,1.872218412167275e-11,3.6912658214289996e-08,True
Amnipila,CD40L,0.18552819848033542,8.252555460766933e-05,0.0027299896554443094,True
Amnipila,ENA78,-0.16174503932961032,0.0006148063087295969,0.010395815765791365,True
Anaerobacillus,IL17F,-0.13077507748335518,0.005730465823736986,0.04566768964462345,True
Anaerobacillus,MIP1A,-0.14272781778143395,0.0025458096377439184,0.025899475138162587,True
Anaerobacillus,LIF,0.12843405404260236,0.006668854379577928,0.049917666267182394,True
Anaerobacillus,IL17A,0.16043969242821549,0.0006813128074266402,0.011030846044674634,True
Anaerobacillus,IL31,0.1628407791613856,0.0005636820810799173,0.009814223301980974,True
Anaerobacillus,IL1RA,0.13773068156333368,0.003601060304741339,0.03337587895024552,True
Anaerobacillus,IL15,0.147205306326344,0.0018485525716411036,0.021091471355599536,True
Anaerobacillus,VEGF,-0.14222634202899692,0.0026372675367758685,0.026501715981178914,True
Anaerobacillus,LEPTIN,0.15301218514908987,0.0012045391108840163,0.016089900481158038,True
Anaerobacillus,CD40L,-0.18237522593030212,0.00010933500486548368,0.0033682014936373063,True
Anaerobacillus,ENA78,0.17084785461751442,0.0002939703377646285,0.0061397448933976865,True
Anaerococcus,IL5,-0.1352169101874979,0.004269719978338993,0.037248583669438756,True
Anaerococcus,MCP3,-0.17468879342533275,0.00021288649159142804,0.005155124518634727,True
Anaerococcus,RESISTIN,0.12863339149789854,0.006583897538539021,0.049407310394797135,True
Anaerococcus,PDGFBB,-0.12863775312219097,0.006582049524678358,0.049407310394797135,True
Anoxybacillus,CD40L,-0.13624712926265495,0.003983173160528105,0.03566405178609088,True
Aquabacterium,EOTAXIN,0.13191920130748783,0.005316530567794364,0.04360262756848323,True
Aquabacterium,SCF,0.15746474785138284,0.0008585417126842783,0.012889602799900642,True
Aquabacterium,TNFA,0.12943354427752307,0.006252553188282051,0.048172866630843435,True
Aquabacterium,MIP1B,0.1743080546173343,0.0002198736458448713,0.005160748573187479,True
Aquabacterium,TNFB,0.1375199202856412,0.0036532389370919857,0.033657597609208216,True
Aquabacterium,EGF,0.14071524009578446,0.0029312502813483047,0.028638518606076895,True
Aquabacterium,MCP3,0.1512870351056009,0.0013701346594474084,0.017405653959835763,True
Aquabacterium,PAI1,0.1445046013495962,0.002244550119180207,0.02389405613780746,True
Atopobium,MIP1B,-0.1857930908872488,8.058091088137719e-05,0.0026746350823859135,True
Atopobium,VEGFD,0.14447488575223236,0.0022493085915890974,0.02389405613780746,True
Atopobium,TRAIL,-0.12867235047693457,0.006567407136973632,0.049407310394797135,True
Atopobium,MCP3,-0.14869963300269504,0.001658007676721142,0.01960364547681579,True
Atopobium,VCAM1,-0.1398567521023608,0.003111251740715921,0.03003988213513962,True
Atopobium,PAI1,-0.16480422050364094,0.0004818152052475461,0.008754572361865373,True
Bacillus,SDF1A,0.13579899199691592,0.004105609411589313,0.036458311144051576,True
Bacillus,LIF,0.1838667783975586,9.576728306144092e-05,0.0030552552634941247,True
Bacillus,IL1B,0.14183918942699023,0.002709911939739579,0.026973649505320003,True
Bacillus,IL6,0.18811927404880918,6.526361942147013e-05,0.002289568541839333,True
Bacillus,IL8,0.12863860356002277,0.006581689249570654,0.049407310394797135,True
Bacillus,IL17A,0.17608280296336173,0.00018903805644014644,0.004778300411248625,True
Bacillus,IL31,0.2461305107734171,1.4512650892303463e-07,2.861314249926551e-05,True
Bacillus,IL1RA,0.1876347385669867,6.820784107732627e-05,0.002351024116574414,True
Bacillus,RANTES,0.21801481700171974,3.449740111010307e-06,0.00030095166384371333,True
Bacillus,GMCSF,0.14574767101616912,0.00205353972255987,0.022604599254810218,True
Bacillus,TNFA,0.16124036085482954,0.0006397711540390458,0.010707748788653503,True
Bacillus,IFNA,0.13141373198875342,0.005495967800118366,0.0444821433280516,True
Bacillus,TGFB,0.13763613075510578,0.003624384328635877,0.03351705507663459,True
Bacillus,TNFB,0.13208907536595077,0.005257421306216159,0.04326181906233631,True
Bacillus,GROA,0.21054995351013914,7.486196425286322e-06,0.0005315842899673664,True
Bacillus,IL15,0.16684268967554236,0.00040861652452107517,0.007836851553947002,True
Bacillus,IL18,0.21516425359159766,4.652428246689719e-06,0.0003759314561956333,True
Bacillus,MCSF,0.17114327963500078,0.00028683241611206955,0.0060677981932033935,True
Bacillus,PDGFBB,0.20747712148811145,1.0216952602313324e-05,0.0006456328125231073,True
Bacillus,ENA78,0.18092304130758138,0.0001242648463648436,0.003656724941685457,True
Bacteroides,MIP1A,0.2588081717722663,3.044522535800004e-08,9.681581663844012e-06,True
Bacteroides,SDF1A,0.1331165757237783,0.004912335504081848,0.041143418351095036,True
Bacteroides,LIF,0.13159537213049166,0.00543086947220918,0.04424587707193232,True
Bacteroides,IL6,0.17447034615158044,0.00021686950511825445,0.005160065662508589,True
Bacteroides,TRAIL,0.1663833613238971,0.00042414408779921467,0.008015552042051625,True
Bacteroides,IL1A,0.1345084960877574,0.004477434179954179,0.0387520159315086,True
Bacteroides,IL21,0.2006158660675913,2.0123660975036304e-05,0.001017328460984143,True
Bacteroides,IL22,-0.1560337091611007,0.0009581802046035127,0.01382978104975319,True
Bacteroides,PDGFBB,-0.17677954394520942,0.00017807915601882393,0.004654418230562197,True
Bacteroides,CD40L,0.1925338206470258,4.343670557302819e-05,0.0016618513686011607,True
Bergeyella,MIP1B,0.1397504044884948,0.003134235529122643,0.030232185759384553,True
Bergeyella,IL18,-0.15275530713693466,0.0012279689876277006,0.016247707154419335,True
Bergeyella,PDGFBB,-0.15280073827043356,0.0012237949121793924,0.016247707154419335,True
Bergeyella,PAI1,0.22526091154915195,1.5838658491361954e-06,0.00016788978000843672,True
Bibersteinia,IL31,0.15278345619592595,0.0012253811955310326,0.016247707154419335,True
Bifidobacterium,MIP1A,-0.1391054218954565,0.003276964493497073,0.031121691692576246,True
Bifidobacterium,SDF1A,-0.1713676983251748,0.0002815186307630883,0.006013846678636429,True
Bifidobacterium,IL17A,-0.15922866649532388,0.000748914523447883,0.011840118403213173,True
Bifidobacterium,MIP1B,-0.2276327407079929,1.2206359457703818e-06,0.0001391563627309776,True
Bifidobacterium,BDNF,-0.18965268659835882,5.671632886045815e-05,0.0020331257087505324,True
Bifidobacterium,TRAIL,-0.1924721236739677,4.3687345339235524e-05,0.0016622467654378945,True
Bifidobacterium,IL1A,-0.19399711032267442,3.7875819129933586e-05,0.00150556381041486,True
Bifidobacterium,MCP3,-0.17244565198117145,0.00025725197860776894,0.005737533948224855,True
Bifidobacterium,IL21,-0.12986419285921894,0.006080484433971752,0.04745495975725434,True
Bifidobacterium,ENA78,-0.16543529808280855,0.0004579448471795643,0.008501733151593494,True
Blautia,MIP1B,-0.1746068270663341,0.00021437291508801616,0.005155124518634727,True
Blautia,TNFB,-0.18082825475228145,0.00012530309771199486,0.0036653944725366324,True
Blautia,BDNF,-0.14836466690091438,0.001699082146527699,0.019892579335475127,True
Blautia,IL12P40,-0.14888674954813788,0.001635461275066062,0.01949450199212532,True
Blautia,VCAM1,-0.19706106393999923,2.8336813938084268e-05,0.0012526650753436534,True
Blautia,ENA78,-0.13676283595276134,0.0038463717251995782,0.03496246654644216,True
Brachybacterium,SDF1A,-0.13825133708041673,0.0034750439163441795,0.032625698026019924,True
Brachybacterium,MIP1B,-0.12932720877057477,0.006295707252659709,0.048285397676013996,True
Brachybacterium,TRAIL,-0.14019518960844266,0.003039124313647222,0.029516933481708685,True
Brachybacterium,FGFB,-0.13757786218501897,0.0036388262672382046,0.03360608191344549,True
Burkholderia-Caballeronia-Paraburkholderia,LIF,-0.1825140482837914,0.00010799974819296666,0.0033374969206465994,True
Burkholderia-Caballeronia-Paraburkholderia,IFNB,-0.13569677182432688,0.004134009562394481,0.0366484408867669,True
Burkholderia-Caballeronia-Paraburkholderia,MIP1B,0.14357602637078778,0.002397673004299689,0.024997963514953363,True
Burkholderia-Caballeronia-Paraburkholderia,VEGFD,-0.14339173127930355,0.002429174050898767,0.025207155572378997,True
Burkholderia-Caballeronia-Paraburkholderia,IL18,-0.13541356119048792,0.00421362520166676,0.037071701625457115,True
Butyrivibrio,LIF,-0.12960947962039282,0.0061817359921494805,0.047782347169324765,True
Butyrivibrio,IL1B,-0.21287947577274827,5.8957093694152305e-06,0.0004436633814022545,True
Butyrivibrio,IL2,-0.21053446144166502,7.498029789119565e-06,0.0005315842899673664,True
Butyrivibrio,IL5,-0.1468551128747225,0.001896013822597996,0.02148554199400529,True
Butyrivibrio,EOTAXIN,-0.1392727695498958,0.0032393757862107506,0.03085388067677834,True
Butyrivibrio,IL1RA,-0.14258771825991945,0.0025710651735684578,0.02607567950724059,True
Butyrivibrio,SCF,-0.19269750918439046,4.277830332224118e-05,0.0016472988834009905,True
Butyrivibrio,IFNG,-0.23849471657764096,3.57043391245421e-07,6.0685064670644144e-05,True
Butyrivibrio,GMCSF,-0.21162949206654535,6.704043575453328e-06,0.0004936869398223015,True
Butyrivibrio,TNFA,-0.16757499254882507,0.00038495136272775546,0.007455502030982737,True
Butyrivibrio,HGF,-0.16304338019915943,0.0005546728035662852,0.009729474194940285,True
Butyrivibrio,TGFB,-0.15733392907828905,0.0008672358494281716,0.012953350005549872,True
Butyrivibrio,TNFB,-0.18686801939610764,7.312391707444688e-05,0.0024857088776548187,True
Butyrivibrio,BDNF,-0.24808095253836768,1.1475703307205115e-07,2.459293113096261e-05,True
Butyrivibrio,GROA,-0.16083836068210136,0.0006603256997205985,0.01090366959438134,True
Butyrivibrio,IL12P40,-0.278856469909382,2.1630128892607774e-09,1.9384528238484316e-06,True
Butyrivibrio,IL15,-0.17295822589333196,0.00024641200819629493,0.0056001039690210495,True
Butyrivibrio,IL18,-0.15969686703820565,0.0007220745385769326,0.011531552233148062,True
Butyrivibrio,MCP3,-0.19274028082295852,4.260782484698944e-05,0.0016472988834009905,True
Butyrivibrio,MIG,-0.13678756441509646,0.00383992018984723,0.03495284693583933,True
Butyrivibrio,ICAM1,-0.19165284357206253,4.714793824221136e-05,0.001762496068162871,True
Butyrivibrio,IL22,-0.2061833355302022,1.1630266900760059e-05,0.0007055284971238125,True
Butyrivibrio,PDGFBB,-0.4370922752442799,3.456001051943187e-22,3.4069258370055936e-18,True
Butyrivibrio,LEPTIN,-0.23786071704054118,3.842362378516291e-07,6.313001387902267e-05,True
Butyrivibrio,PAI1,-0.17069496114124033,0.00029772926615148854,0.006179752336898089,True
Butyrivibrio,CD40L,0.1728710294509587,0.00024822538526004953,0.005612398733700845,True
Butyrivibrio,ENA78,-0.13294341337700846,0.004969022078222942,0.04147723932863824,True
Campylobacter,FASL,-0.14766651384494606,0.001787705408922408,0.020587850375183524,True
Campylobacter,IL27,-0.13376827995987187,0.004704181399401931,0.04015049371022012,True
Campylobacter,IL1B,-0.21886741492152167,3.1520755778525875e-06,0.0002904033742660823,True
Campylobacter,IL2,-0.14417779868891983,0.0022973912318032075,0.024196242268286344,True
Campylobacter,IL4,-0.23279241376374574,6.858505582022385e-07,9.057714507656335e-05,True
Campylobacter,IL5,-0.1446774182200444,0.002217058011168573,0.023679044283965108,True
Campylobacter,IL6,-0.15737846078697318,0.0008642672066689877,0.012928598062735783,True
Campylobacter,IL8,-0.18330549578321134,0.00010067549891733774,0.003180958552330498,True
Campylobacter,EOTAXIN,-0.16312365961257697,0.0005511400532184336,0.009702033293977353,True
Campylobacter,IL12P70,-0.17625627071655178,0.00018625204454102574,0.0047730862099578455,True
Campylobacter,IL13,-0.19317487267217795,4.0911674762886626e-05,0.0016068019514443679,True
Campylobacter,IL17A,-0.2393194505450441,3.2442912203625205e-07,5.610916289532233e-05,True
Campylobacter,IL31,-0.1844806959735195,9.065703665782869e-05,0.002939792984779195,True
Campylobacter,SCF,-0.17039192901369324,0.0003053123362238362,0.006296587888063968,True
Campylobacter,IFNG,-0.20890323109106423,8.84888010495541e-06,0.0005934167352017036,True
Campylobacter,GMCSF,-0.1675325161902346,0.0003862883868217936,0.0074667272888024345,True
Campylobacter,TNFA,-0.24730052157468926,1.2609057377093074e-07,2.58958515882049e-05,True
Campylobacter,MIP1B,-0.17458258755132866,0.00021481434528317843,0.005155124518634727,True
Campylobacter,IFNA,-0.17098755134836363,0.0002905746312917488,0.006120693836055682,True
Campylobacter,TGFB,-0.1627779333339314,0.0005665041946727184,0.009827030746319505,True
Campylobacter,IL9,-0.20660421380547306,1.1151260267074206e-05,0.0006870570232051095,True
Campylobacter,TNFB,-0.23674557839418217,4.369689922276201e-07,6.429313918477432e-05,True
Campylobacter,NGF,-0.1293192516829735,0.006298947191251166,0.048285397676013996,True
Campylobacter,GCSF,-0.1347379094584506,0.004409189842942627,0.03829585327905587,True
Campylobacter,GROA,-0.21146970257830308,6.814689118505371e-06,0.0004976237431868588,True
Campylobacter,IL15,-0.22033000448728057,2.6977644286601457e-06,0.00025819962852166714,True
Campylobacter,MCSF,-0.16477085502747038,0.0004831088826186613,0.008754572361865373,True
Campylobacter,MCP3,-0.14345074738930547,0.002419045742773669,0.025128506777937647,True
Campylobacter,VCAM1,-0.15239238151459927,0.0012617869366006987,0.016423439773593538,True
Campylobacter,FGFB,-0.13822422987844024,0.00348150477205759,0.03264286620441721,True
Campylobacter,LEPTIN,-0.16953937085495044,0.00032762473835397675,0.006604753927798574,True
Campylobacter,ENA78,-0.2192975653266416,3.011378521623916e-06,0.0002820369717647739,True
Candidatus Profftella,IL1B,0.13040007397126485,0.005872311439129375,0.04629461501847549,True
Candidatus Profftella,IL4,0.15822450161397397,0.0008096211834713588,0.01241324060467238,True
Candidatus Profftella,TNFA,0.14931435365613976,0.0015849892417932995,0.019088543945550505,True
Candidatus Profftella,MIP1B,0.160713363479642,0.0006668405643188611,0.01099283324925641,True
Candidatus Profftella,IL9,0.14458125176970077,0.0022323182013552455,0.02379047873401082,True
Candidatus Profftella,TNFB,0.1429639744669309,0.002503749364251094,0.02575747420023875,True
Candidatus Profftella,MCP3,0.13323384546974953,0.004874277749425441,0.04096214379200116,True
Candidatus Saccharimonas,IFNB,0.1549863213076938,0.0010377567248521828,0.014593731517250809,True
Candidatus Saccharimonas,VEGFD,0.1460616239869024,0.0020077086082458044,0.02235984684197823,True
Candidatus Saccharimonas,TNFB,-0.1313731197694745,0.00551061855062613,0.044564132626802616,True
Candidatus Saccharimonas,ICAM1,-0.1342400312008726,0.004558505497489251,0.03924694078100353,True
Candidatus Saccharimonas,FGFB,-0.1333077364581442,0.004850434504974805,0.04089475251165066,True
Candidatus Saccharimonas,PDGFBB,-0.16513266045764577,0.0004692513673415803,0.008622788578087704,True
Candidatus Saccharimonas,PAI1,-0.15694245531593257,0.0008937413319755808,0.01316965926848322,True
Candidatus Saccharimonas,CD40L,0.16041356388950798,0.000682709643359643,0.011030846044674634,True
Capnocytophaga,MIP1A,0.1788326211215668,0.00014914834458082307,0.004130068485611668,True
Capnocytophaga,IL27,-0.13629426401763,0.00397048936255955,0.035615181197554184,True
Capnocytophaga,LIF,-0.21843734991224784,3.2990139211889676e-06,0.0002956516294098258,True
Capnocytophaga,IL1B,-0.13820414130944111,0.003486299800861472,0.03264286620441721,True
Capnocytophaga,EOTAXIN,-0.20395584522763355,1.4509060877864268e-05,0.0007990520789608153,True
Capnocytophaga,IL31,-0.2375951902515696,3.9620723655962583e-07,6.353368026868763e-05,True
Capnocytophaga,MIP1B,0.16591416930734257,0.00044057064977844735,0.008241262742914486,True
Capnocytophaga,TGFB,-0.15400504787086533,0.0011177970636364809,0.015178021285576347,True
Capnocytophaga,VEGFD,-0.17788054626947578,0.00016196790052190135,0.004378683465993476,True
Capnocytophaga,GROA,-0.15610010054703635,0.0009533309884650792,0.013818316823968954,True
Capnocytophaga,IL23,-0.17943785174568794,0.0001415007094902197,0.003940435011736118,True
Capnocytophaga,IL15,-0.19734662971919917,2.7574478597194896e-05,0.0012299964253898066,True
Capnocytophaga,IL18,-0.12970944265348436,0.006141820487579278,0.04764633940917758,True
Capnocytophaga,MIG,0.14421549804704437,0.002291238157511536,0.024196242268286344,True
Capnocytophaga,ICAM1,0.15104835139426706,0.0013946260103792044,0.017625927192715638,True
Capnocytophaga,VCAM1,0.20343795635223882,1.526937319974391e-05,0.0008270630824344806,True
Capnocytophaga,PAI1,0.1582237438327196,0.0008096686659367356,0.01241324060467238,True
Cardiobacterium,IL4,0.1442648619396768,0.0022832040112767504,0.024196242268286344,True
Cardiobacterium,IP10,0.20695957352630096,1.0761493933261595e-05,0.0006714354885702077,True
Cardiobacterium,IL8,0.13537517680766975,0.004224521749618844,0.037071701625457115,True
Cardiobacterium,IL10,0.14951063233683046,0.0015623035983291416,0.019013813422627996,True
Cardiobacterium,TNFB,0.15090137890855013,0.0014099063449870327,0.017680241822283227,True
Cardiobacterium,EGF,0.17344836335576463,0.0002364472197834279,0.005471588480340452,True
Cardiobacterium,GROA,0.1429380474399521,0.0025083358929021303,0.02575747420023875,True
Cardiobacterium,MCSF,0.14954410337230814,0.0015584649291382935,0.01899054050858504,True
Cardiobacterium,MCP3,0.15803000925436061,0.000821892890177717,0.012503426097796196,True
Cardiobacterium,ICAM1,0.12980706314403415,0.006103063773896458,0.04748540069697812,True
Catonella,FASL,-0.13406060939604797,0.00461342378028942,0.03958148966587738,True
Catonella,MIP1A,0.23727935675000061,4.1091357068404274e-07,6.353368026868763e-05,True
Catonella,IL27,-0.15146276492061536,0.0013523563832911914,0.017201973195463956,True
Catonella,IL7,0.217343242676666,3.7029287641410203e-06,0.00031135311202298214,True
Catonella,IL8,-0.18108750195331685,0.00012248256712744392,0.003656724941685457,True
Catonella,IL17A,-0.16514680165978307,0.0004687173243024638,0.008622788578087704,True
Catonella,IL31,-0.14572601421005546,0.002056736200324825,0.022604599254810218,True
Catonella,RANTES,-0.15846778363966774,0.000794509589637185,0.012314898639376367,True
Catonella,IFNG,-0.16039401116223512,0.0006837566703303299,0.011030846044674634,True
Catonella,GMCSF,-0.23991048950062163,3.0284021044798503e-07,5.3310692760647075e-05,True
Catonella,TNFA,-0.13130727706182,0.00553444578802007,0.04467664898532749,True
Catonella,IL9,-0.15203648662293567,0.001295780016013155,0.01669777699066364,True
Catonella,VEGFD,-0.14884468005469786,0.001640505748512578,0.019507968237439076,True
Catonella,TNFB,-0.16798667363051,0.000372214394837168,0.007309341642041439,True
Catonella,GROA,-0.15186127477790126,0.0013128228889629104,0.016895310756392126,True
Catonella,MCSF,-0.1435540650944699,0.00240140712605608,0.024997963514953363,True
Catonella,RESISTIN,-0.1366352149067438,0.0038798237271434775,0.035186110673579025,True
Catonella,VCAM1,-0.2542028024867984,5.4216958738726743e-08,1.444515619584779e-05,True
Catonella,LEPTIN,-0.26339920928167554,1.6936354903331734e-08,6.444820599091606e-06,True
Catonella,PAI1,0.14671454828281738,0.0019153760865516813,0.021678274926781257,True
Catonella,ENA78,-0.24963608416416894,9.503034747436483e-08,2.1786259660518338e-05,True
Christensenellaceae R-7 group,IL4,-0.15667431569813783,0.000912325927979286,0.013324013330399705,True
Christensenellaceae R-7 group,MIP1B,-0.17514561156700303,0.0002047774494724295,0.005058889997701785,True
Christensenellaceae R-7 group,VEGFD,0.1359770119058439,0.004056570535050634,0.03615702742724154,True
Christensenellaceae R-7 group,TNFB,-0.1558807258196591,0.000969440887240702,0.013864157667941471,True
Christensenellaceae R-7 group,MCSF,-0.12961030945255372,0.00618140368199371,0.047782347169324765,True
Christensenellaceae R-7 group,ENA78,-0.13328501321768144,0.004857755649334847,0.04089475251165066,True
Chryseobacterium,FASL,-0.17439413630506437,0.0002182753923986848,0.005160065662508589,True
Chryseobacterium,IL6,-0.18415331932429752,9.334927864254803e-05,0.002997515273153871,True
Chryseobacterium,IL10,-0.1298973194008436,0.006067426227359861,0.04739515669517711,True
Chryseobacterium,IL18,-0.15996077827006985,0.0007073408930646038,0.011319750850374781,True
Chryseobacterium,MCSF,-0.14264262930222288,0.0025611393559623954,0.02602856883616216,True
Chryseobacterium,IL21,-0.1306191649818693,0.005789061656316793,0.045948928991925084,True
Chryseobacterium,PAI1,0.18229689316472442,0.0001100952797437282,0.0033810569087653355,True
Cloacibacterium,BDNF,0.1365434904598044,0.0039040289596304046,0.035275818042196636,True
Cloacibacterium,IL21,-0.12905372810670213,0.0064079234742740665,0.048741115260481985,True
Cloacibacterium,PAI1,0.1741021073512532,0.00022374195320040225,0.005226654442297548,True
Clostridium sensu stricto 1,MIP1B,-0.1791147640606204,0.00014553618655698688,0.004041396414306413,True
Clostridium sensu stricto 1,TNFB,-0.15598796595893155,0.0009615345175432515,0.013837674852469157,True
Clostridium sensu stricto 1,BDNF,-0.13107421753518037,0.005619531910003758,0.04507513878666969,True
Clostridium sensu stricto 1,IL22,-0.17189637502875932,0.00026936181549184454,0.005848829905547585,True
Clostridium sensu stricto 1,PAI1,-0.1333387077819259,0.004840471952259234,0.04088892245533121,True
Clostridium sensu stricto 18,FASL,-0.1526073126745372,0.001241657311497911,0.016348681344020618,True
Clostridium sensu stricto 18,SDF1A,-0.14292030470864275,0.0025114790209390223,0.025762913827697066,True
Clostridium sensu stricto 18,IP10,-0.16036747923073644,0.0006851798048334572,0.011030846044674634,True
Clostridium sensu stricto 18,IL13,-0.1315697113683426,0.0054400237974404474,0.044254700402491805,True
Clostridium sensu stricto 18,RANTES,-0.13027303403599302,0.0059210749466128395,0.046547015010932516,True
Clostridium sensu stricto 18,MIP1B,-0.19596299729106692,3.1458281449851505e-05,0.0013252809339001543,True
Clostridium sensu stricto 18,TNFB,-0.16276220640106395,0.0005672124664897341,0.009827030746319505,True
Clostridium sensu stricto 18,TRAIL,-0.13441909694800352,0.004504285275402425,0.038882000214463315,True
Clostridium sensu stricto 18,IL1A,-0.1336292007224071,0.0047479233089516145,0.04031440825120156,True
Clostridium sensu stricto 18,MCP3,-0.1301630077107745,0.005963601449556342,0.04676943762110295,True
Comamonas,FASL,0.19989818538801035,2.1573923263968e-05,0.0010633786776809828,True
Comamonas,SDF1A,0.16514277129310723,0.0004688694736490529,0.008622788578087704,True
Comamonas,IL27,0.13655436588567238,0.0039011519098087477,0.035275818042196636,True
Comamonas,IL4,0.15697683583799202,0.0008913838999415862,0.01316965926848322,True
Comamonas,IL5,-0.1686234801910843,0.00035328342006992267,0.006951433044010574,True
Comamonas,IP10,0.31707656187275984,7.520378232369538e-12,1.8533972153674726e-08,True
Comamonas,IL6,0.17209108652965602,0.00026500937589502146,0.005805472061273603,True
Comamonas,IL8,0.25300245382370057,6.290109628782204e-08,1.5899461723214094e-05,True
Comamonas,RANTES,0.21427982463409534,5.100670375188126e-06,0.00039906673459209956,True
Comamonas,IFNG,0.14993971201995185,0.0015137451564207762,0.01858343680198756,True
Comamonas,MIP1B,0.166449617470272,0.0004218709107943458,0.007997698920405116,True
Comamonas,MCP1,-0.1670735407345034,0.00040101399244754497,0.007706034965980308,True
Comamonas,IL9,0.21620725788870135,4.172098743578126e-06,0.00034273791178494303,True
Comamonas,TNFB,0.26421389744499235,1.5244485696849803e-08,6.444820599091606e-06,True
Comamonas,EGF,0.14499568982965924,0.0021672299948014722,0.02339969964605256,True
Comamonas,BDNF,0.19909580579566957,2.3312598813437583e-05,0.001121051702940818,True
Comamonas,TRAIL,0.1487669323601795,0.001649865898462739,0.01957205538753993,True
Comamonas,GROA,0.2319503926664849,7.541971232759093e-07,9.65568213149859e-05,True
Comamonas,IL1A,0.143564611936326,0.002399613162843556,0.024997963514953363,True
Comamonas,IL12P40,0.15484803428834204,0.0010487071284135713,0.01468487907940481,True
Comamonas,IL18,0.16617808023188266,0.00043125963397963775,0.008097823755754798,True
Comamonas,MCSF,0.21400030333724737,5.250707367052391e-06,0.0004012517304217246,True
Comamonas,MCP3,0.16188149346359396,0.0006082132215001331,0.010337527478531575,True
Comamonas,IL21,0.15702031133151967,0.0008884110612612493,0.01316965926848322,True
Comamonas,ICAM1,0.1605570426834509,0.0006750718321655978,0.011030846044674634,True
Comamonas,PDGFBB,0.16085200266933414,0.0006596182595142805,0.01090366959438134,True
Comamonas,ENA78,0.14668461932589863,0.0019195219882719287,0.02169551922998068,True
Conchiformibius,LIF,-0.14980748943304184,0.001528558869239544,0.018718674947780654,True
Conchiformibius,MIP1B,0.13451426071616548,0.0044757077404769564,0.0387520159315086,True
Conchiformibius,VEGFD,-0.15273826223850215,0.0012295383989852735,0.016247707154419335,True
Conchiformibius,IL18,-0.13109878957974583,0.005610505932108682,0.045039387197660735,True
Coprococcus,IL17F,-0.13064196431217093,0.005780459622896786,0.04591762366036786,True
Coprococcus,IL1B,-0.14362392757832634,0.0023895466328349843,0.024953549477211096,True
Coprococcus,IL2,-0.1397257096278313,0.003139594589932977,0.03025427513935414,True
Coprococcus,IL5,-0.1431083042120697,0.00247835668491724,0.02552940459761144,True
Coprococcus,EOTAXIN,-0.15117159194065508,0.0013819304954769541,0.017494375877103285,True
Coprococcus,IL31,-0.15568085803818346,0.000984336645515092,0.013962000937392485,True
Coprococcus,IFNG,-0.14604840696204122,0.0020096190202873515,0.02235984684197823,True
Coprococcus,GMCSF,-0.14928267653870417,0.0015886786406204133,0.019099017121019555,True
Coprococcus,TNFA,-0.2371120016825764,4.189175509702471e-07,6.353368026868763e-05,True
Coprococcus,HGF,-0.13840652335635317,0.0034382649892058127,0.03240383964014427,True
Coprococcus,MIP1B,-0.13633787568917394,0.0039587861804953155,0.035542544778982534,True
Coprococcus,TGFB,-0.18096135966009458,0.00012384742201840631,0.003656724941685457,True
Coprococcus,TNFB,-0.16577051359683334,0.00044571722211826805,0.008306012052253094,True
Coprococcus,BDNF,-0.1508217748364634,0.0014182466476548045,0.0177199942364779,True
Coprococcus,IL23,-0.1638172509227089,0.0005214764450215314,0.009279268583072667,True
Coprococcus,IL15,-0.2014126006513861,1.8622145696693685e-05,0.0009561307931146163,True
Coprococcus,FGFB,-0.14185820124319187,0.0027063024929539865,0.026973649505320003,True
Coprococcus,PDGFBB,-0.1484646564187571,0.001686724539413442,0.01979491727325918,True
Coprococcus,LEPTIN,-0.17989767186072464,0.0001359381943981551,0.003855923171556379,True
Coprococcus,CD40L,0.13039335965883658,0.005874879629550907,0.04629461501847549,True
Corynebacterium,FASL,0.1975516072412386,2.7039303862620812e-05,0.0012116066248987088,True
Corynebacterium,SDF1A,0.16987165683991282,0.00031875346164283145,0.006505738353778535,True
Corynebacterium,IL27,0.15605567366588513,0.0009565734061680532,0.013826833780065497,True
Corynebacterium,LIF,0.15219619823916158,0.0012804223947613575,0.01652147116172443,True
Corynebacterium,IL4,0.19408406649694462,3.756752744645724e-05,0.0015008951854525595,True
Corynebacterium,IP10,0.16478656084995574,0.0004824995201452529,0.008754572361865373,True
Corynebacterium,IL6,0.19892150629101635,2.3707468192112997e-05,0.0011288698037274748,True
Corynebacterium,IL8,0.20594591887944177,1.1909043036418243e-05,0.0007072249774277773,True
Corynebacterium,IL10,0.22820369275676172,1.1459600088432458e-06,0.0001361069128575508,True
Corynebacterium,IL31,0.19551112814270408,3.2835105803143285e-05,0.0013543450753447134,True
Corynebacterium,RANTES,0.21728198092747417,3.7268885391267893e-06,0.00031135311202298214,True
Corynebacterium,IFNG,0.17292442198467153,0.00024711353484724655,0.0056001039690210495,True
Corynebacterium,IL9,0.18645638237690507,7.589918816898965e-05,0.0025536320715696245,True
Corynebacterium,TNFB,0.15841016323796603,0.0007980649468752551,0.012331229226169693,True
Corynebacterium,GROA,0.2655398220091916,1.2834916229044697e-08,6.025076389805839e-06,True
Corynebacterium,IL15,0.12881518841356526,0.006507263465034098,0.04924862897266859,True
Corynebacterium,IL18,0.25385523345503636,5.660464495386586e-08,1.4684436577768676e-05,True
Corynebacterium,MCSF,0.2035434398480851,1.5111506840452376e-05,0.0008270630824344806,True
Corynebacterium,IL21,0.12924410527615832,0.0063296188777654,0.048370064261249075,True
Corynebacterium,PDGFBB,0.29376523885156186,2.623745211576188e-10,3.6949828993882946e-07,True
Corynebacterium,PAI1,-0.1813483529198865,0.00011970487362528732,0.003608717566354992,True
Cupriavidus,LIF,-0.15425535483555497,0.0010968566456012714,0.014989518873843649,True
Cupriavidus,MIP1B,0.15600184179472001,0.0009605158699645639,0.013837674852469157,True
Cupriavidus,VEGFD,-0.1367317747504765,0.0038544893472945273,0.03498854142323154,True
Cutibacterium,LIF,0.13642174594909334,0.003936367323430273,0.03547048361460295,True
Cutibacterium,IL17A,-0.1296016993864974,0.0061848524029274096,0.047782347169324765,True
Cutibacterium,ENA78,-0.1427792010158882,0.002536603677533116,0.02586868371253482,True
Denitratisoma,MIP1B,0.1828089750890917,0.00010521373309742353,0.003303175098326118,True
Dialister,SCF,-0.14244166085135035,0.002597637648387937,0.026264114808008495,True
Dialister,MIP1B,-0.2381752956107572,3.7050371150446244e-07,6.190551844086425e-05,True
Dialister,TNFB,-0.15778224668915916,0.0008377748336176214,0.012686304623352554,True
Dialister,EGF,-0.14211588800523534,0.002657809862149837,0.02663159286500104,True
Dialister,BDNF,-0.16987217448673395,0.0003187398181686686,0.006505738353778535,True
Dialister,TRAIL,-0.14088261217893247,0.002897280333479751,0.028362849580380718,True
Dialister,IL12P40,-0.12940349635837106,0.006264720533651986,0.048172866630843435,True
Dialister,MCP3,-0.1450336246705226,0.0021613597325597523,0.023388237369455583,True
Dialister,FGFB,-0.145807151745178,0.002044783905554088,0.02254751648876085,True
Dialister,PAI1,-0.16046126658958296,0.000680161445358512,0.011030846044674634,True
Dietzia,SDF1A,0.13715974154556693,0.0037439973041590766,0.034237778686827626,True
Dietzia,IL27,0.1413995462071455,0.0027946118164583786,0.027687721896127334,True
Dietzia,IL4,0.17093109646861407,0.0002919424864546388,0.006136394523389828,True
Dietzia,IL8,0.1699538878600236,0.0003165929388900692,0.006488509753801043,True
Dietzia,IL12P70,0.13956783902767783,0.003174051451512897,0.030467185208387676,True
Dietzia,IL13,0.14764994243861893,0.0017898595091015257,0.02058860564845139,True
Dietzia,RANTES,0.17837038037685563,0.00015524857274040345,0.004243701574639257,True
Dietzia,IFNG,0.1748977868698573,0.00020914002401307473,0.005115886741242905,True
Dietzia,IL9,0.13087065190380115,0.005694810630782503,0.045457039026926244,True
Dietzia,TNFB,0.1751173598688909,0.00020527044015831953,0.005058889997701785,True
Dietzia,NGF,0.13992844049561864,0.0030958450103570844,0.029949794025613482,True
Dietzia,BDNF,0.15718593427415084,0.0008771695378064989,0.013062140942139677,True
Dietzia,GROA,0.19826305103772404,2.525716413812171e-05,0.0011634818881944104,True
Dietzia,IL12P40,0.172045079764729,0.00026603180858093844,0.0058109167243537065,True
Dietzia,IL15,0.15674241342771938,0.0009075725997175629,0.01331376590478532,True
Dietzia,IL18,0.19240994429257524,4.394132771830404e-05,0.0016622467654378945,True
Dietzia,IL22,0.15642521852809932,0.0009299098589309568,0.013520724763040372,True
Dietzia,PDGFBB,0.21046750163420658,7.549381273628657e-06,0.0005315842899673664,True
Dorea,IL10,0.130548384295721,0.005815840065903891,0.04608725994347312,True
Eikenella,LIF,-0.17612556975536708,0.0001883475893359304,0.0047730862099578455,True
Eikenella,IFNB,-0.14570759181141302,0.002059458869597464,0.022604599254810218,True
Eikenella,MIP1B,0.14598493030724247,0.002018817235118102,0.022400771993890612,True
Eikenella,BDNF,0.12940557386359505,0.006263878603537597,0.048172866630843435,True
Eikenella,IL18,-0.13374008073208773,0.004713020861262181,0.0401569744890793,True
Eikenella,PAI1,0.13646424014852124,0.003925052368729367,0.035400884035621326,True
Enterobacter,LIF,-0.1625802249533197,0.0005754681029537138,0.009932636248432727,True
Enterobacter,MIP1B,0.1549088847866652,0.0010438755560287316,0.014646152973878238,True
Enterobacter,EGF,0.14510905713164923,0.0021497300103237105,0.023313573643312584,True
Enterobacter,BDNF,0.14944019207479783,0.0015704104914147142,0.019022413532158635,True
Enterococcus,LIF,0.15914852425699583,0.0007536002588400854,0.011886386162632899,True
Enterococcus,IL1B,0.1288623706531303,0.006487505560889503,0.04915744029150555,True
Enterococcus,IL6,0.18966940496351972,5.6629247261201886e-05,0.0020331257087505324,True
Enterococcus,IL10,0.16478546451860296,0.0004825420329601587,0.008754572361865373,True
Enterococcus,IL17A,0.15745236802814322,0.0008593610042842649,0.012889602799900642,True
Enterococcus,IL31,0.269955241937991,7.188031830728695e-09,3.7294535677538672e-06,True
Enterococcus,IL1RA,0.14789782962396275,0.0017578838198737787,0.02029182517132987,True
Enterococcus,RANTES,0.19407314484315102,3.760611795564843e-05,0.0015008951854525595,True
Enterococcus,GROA,0.20604135828526932,1.1796221964286862e-05,0.0007072249774277773,True
Enterococcus,IL15,0.16389250314703535,0.0005183488167436941,0.009252025088800913,True
Enterococcus,IL18,0.1811013207717718,0.00012233390994754315,0.003656724941685457,True
Enterococcus,MCSF,0.15695678765666143,0.00089275788104026,0.01316965926848322,True
Enterococcus,PDGFBB,0.13812766007003036,0.0035046103045736944,0.032747344438376756,True
Enterococcus,PAI1,-0.13562375627928863,0.004154404342511077,0.036777140214444747,True
Enterococcus,ENA78,0.1686474396183058,0.0003525889858995271,0.006951433044010574,True
Erysipelatoclostridium,LIF,0.14497001705861676,0.0021712110125436355,0.02339969964605256,True
Erysipelatoclostridium,IL31,0.13561809855420556,0.004155988455963831,0.036777140214444747,True
Erysipelatoclostridium,MIP1B,-0.12985040099895084,0.006085928504578564,0.04745495975725434,True
Erysipelothrix,LIF,0.1439723045526002,0.002331196808450951,0.0244850212376564,True
Erysipelothrix,IL31,0.15747870299696523,0.0008576190324290193,0.012889602799900642,True
Erysipelothrix,IL18,0.13156717073660704,0.005440930907670934,0.044254700402491805,True
Erysipelothrix,PAI1,-0.13816297897333363,0.0034961437350681615,0.032699226698578686,True
Erysipelotrichaceae UCG-003,IL31,0.13699363413775104,0.003786537466181455,0.03459470467249007,True
Erysipelotrichaceae UCG-007,LIF,0.21392282508549465,5.293034637426125e-06,0.00040137488812112875,True
Erysipelotrichaceae UCG-007,TGFB,0.1311058994202646,0.0056078967276269424,0.045039387197660735,True
Escherichia-Shigella,FASL,0.13028285212769664,0.005917293404728324,0.046547015010932516,True
Escherichia-Shigella,LIF,0.13307039062621515,0.004927397409336697,0.04123453621497552,True
Escherichia-Shigella,IL6,0.15751770429573989,0.0008550452188677777,0.012889602799900642,True
Escherichia-Shigella,IL17A,0.13556041542670177,0.004172170425337374,0.03683821167968076,True
Escherichia-Shigella,IL31,0.1986964248637908,2.4226770887473693e-05,0.001142715346453185,True
Escherichia-Shigella,IL1RA,0.137825736002133,0.003577749272178859,0.03327306823126339,True
Escherichia-Shigella,RANTES,0.17437821790308744,0.00021857012303102153,0.005160065662508589,True
Escherichia-Shigella,TNFA,0.14039330481238207,0.0029976108393211195,0.029200047088960072,True
Escherichia-Shigella,IL9,0.13322163963817893,0.00487822649744465,0.04096214379200116,True
Escherichia-Shigella,GROA,0.15784904003214575,0.0008334655804273552,0.01264046721823518,True
Escherichia-Shigella,IL18,0.1441979377817499,0.002294102369730326,0.024196242268286344,True
Family XIII UCG-001,IL17F,-0.1304496821661738,0.005853367788160785,0.04627305505668726,True
Family XIII UCG-001,MIP1A,0.15070640328777693,0.0014304148709924362,0.01780433055333767,True
Family XIII UCG-001,IL27,-0.13049249439141145,0.005837063436669511,0.046208282461275285,True
Family XIII UCG-001,LIF,-0.2277730737708384,1.2018605097401548e-06,0.0001391563627309776,True
Family XIII UCG-001,IL1B,-0.19783976634103934,2.6303574032704547e-05,0.0011929089055212657,True
Family XIII UCG-001,IL5,-0.13731562145101736,0.003704470666556199,0.03399888055577525,True
Family XIII UCG-001,IP10,0.1587889148065279,0.0007749617121392213,0.012145584353367954,True
Family XIII UCG-001,EOTAXIN,-0.2625745421176093,1.8833453580552477e-08,6.775357411418191e-06,True
Family XIII UCG-001,IL13,-0.15258414025511197,0.0012438132489364438,0.016348681344020618,True
Family XIII UCG-001,IL17A,-0.19556577673281708,3.26656114509816e-05,0.0013530151163183891,True
Family XIII UCG-001,IL31,-0.1346248339852645,0.004442708466780873,0.038549418842461276,True
Family XIII UCG-001,SCF,-0.14522042809010274,0.002132664013015218,0.023179494862518215,True
Family XIII UCG-001,IFNG,-0.14755393007902218,0.0018023869225594086,0.02066038404952401,True
Family XIII UCG-001,GMCSF,-0.18976082864800814,5.615527314062105e-05,0.00203085730121885,True
Family XIII UCG-001,TNFA,-0.1693586439902816,0.0003325458886041139,0.006668914777405402,True
Family XIII UCG-001,HGF,-0.13096021236365485,0.005661580138007463,0.04530183198090713,True
Family XIII UCG-001,TGFB,-0.19251984256797372,4.3493371180675536e-05,0.0016618513686011607,True
Family XIII UCG-001,MCP1,-0.15068695830508758,0.0014324751510124266,0.01780749059102207,True
Family XIII UCG-001,NGF,-0.19603310904631416,3.124961711984598e-05,0.0013252809339001543,True
Family XIII UCG-001,IL15,-0.2371665899075737,4.162904633924485e-07,6.353368026868763e-05,True
Family XIII UCG-001,ICAM1,0.2369402565873411,4.272872558320325e-07,6.382117830291177e-05,True
Family XIII UCG-001,IL22,-0.17468160670988037,0.00021301643268274235,0.005155124518634727,True
Family XIII UCG-001,PDGFBB,-0.17988649165454862,0.00013607097281281255,0.003855923171556379,True
Family XIII UCG-001,LEPTIN,-0.17710944845846044,0.0001731004929727865,0.0045871630637788425,True
Family XIII UCG-001,ENA78,-0.2023415623920277,1.700574083341892e-05,0.0008891113067024125,True
Ferritrophicum,MIP1B,0.14665594272403665,0.0019235021106718518,0.02169551922998068,True
Ferritrophicum,MCP3,0.12868621391577645,0.006561548011899643,0.049407310394797135,True
Finegoldia,LIF,0.17319602764307868,0.0002415293165702077,0.005538166200627736,True
Finegoldia,MIP1B,-0.15432972379049562,0.0010907050455194883,0.014975167602689576,True
Finegoldia,VEGFD,0.15477513463337667,0.001054522560063824,0.01472448073244926,True
Finegoldia,TNFB,-0.1419122040343328,0.0026960737774488395,0.026927958761996613,True
Finegoldia,IL12P40,-0.1311821723597,0.005579974264129988,0.04490398881289259,True
Finegoldia,RESISTIN,0.13756979705044414,0.003640829324767679,0.03360608191344549,True
Finegoldia,IL22,-0.1305972434543216,0.005797343345763677,0.04597764336487396,True
Frederiksenia,IL31,0.15116660096938833,0.0013824425652529376,0.017494375877103285,True
Frederiksenia,TNFA,0.14129888444940195,0.002814340813993919,0.0277993704853227,True
Frederiksenia,TGFB,0.13772737028911983,0.00360187483346115,0.03337587895024552,True
Frederiksenia,MCSF,0.1317883318731722,0.00536247499856661,0.043833564291765874,True
Frederiksenia,VCAM1,0.13145443239676152,0.005481320396192529,0.04443832484963604,True
Fusobacterium,MIP1A,0.15442153621246987,0.0010831544342366484,0.014913039682548715,True
Fusobacterium,IL31,-0.1886997041788795,6.189450083431966e-05,0.002210710105886678,True
Fusobacterium,PAI1,0.17483719029456452,0.0002102198912369661,0.005129573484688148,True
Gallibacterium,RANTES,0.1331655679118734,0.004896403524863942,0.041044851996691105,True
Gallibacterium,TNFA,0.16975682667579228,0.00032179351013842793,0.006540701902978604,True
Gallibacterium,VCAM1,0.14596850806788836,0.002021203194365146,0.022400771993890612,True
Gallibacterium,LEPTIN,0.14823618655743123,0.0017150827362771672,0.019997300736803652,True
Gallionella,LIF,-0.14208248604413853,0.002664050625537326,0.02666214321476849,True
Gallionella,MIP1B,0.13167360744080753,0.005403044969945142,0.044055597447245,True
Gemella,SDF1A,0.21089752377989457,7.22534225550742e-06,0.0005199082040495777,True
Gemella,LIF,0.14789969534950417,0.0017576451517574648,0.02029182517132987,True
Gemella,IL1B,0.12867552843088517,0.006566063619635731,0.049407310394797135,True
Gemella,IL4,0.16669241005263347,0.00041363750014825415,0.007871888950697856,True
Gemella,IL5,0.23534265719843037,5.132454739357717e-07,7.294031399707453e-05,True
Gemella,IL6,0.15694493344207455,0.0008935712173598022,0.01316965926848322,True
Gemella,IL7,0.17835284956974265,0.00015548447170300498,0.004243701574639257,True
Gemella,IL13,0.14626901254161484,0.0019779490059067314,0.022157524204805178,True
Gemella,IL17A,0.16767902107079388,0.00038169505021144756,0.007428960688339556,True
Gemella,IL31,0.23275041243021125,6.891140069732452e-07,9.057714507656335e-05,True
Gemella,IL1RA,0.17310795543973542,0.00024332702478380708,0.005558685686301691,True
Gemella,RANTES,0.19630174816435628,3.0462171228157803e-05,0.0013183322522969992,True
Gemella,IFNG,0.1326339243133246,0.00507180695345657,0.04212120720065279,True
Gemella,GMCSF,0.17072496315230054,0.0002969881387350783,0.006179752336898089,True
Gemella,TNFA,0.17584347934437236,0.00019294588214565777,0.004863366585176954,True
Gemella,MIP1B,0.15449102550692237,0.0010774717329640137,0.014913039682548715,True
Gemella,IFNA,0.19618574046208362,3.0799884093129144e-05,0.0013183322522969992,True
Gemella,TGFB,0.15240869647164162,0.0012602484728509234,0.016423439773593538,True
Gemella,TNFB,0.19085871435659027,5.074828514402117e-05,0.0018736951121713884,True
Gemella,NGF,0.1547761436357761,0.001054441866280555,0.01472448073244926,True
Gemella,BDNF,0.19910281890613488,2.3296842125349233e-05,0.001121051702940818,True
Gemella,TRAIL,0.18660349859739392,7.48961197036199e-05,0.002528513520679058,True
Gemella,GCSF,0.17520585516915432,0.00020372990112770852,0.005058864900042696,True
Gemella,GROA,0.22620223334730621,1.428780897938218e-06,0.00015649913435416613,True
Gemella,IL1A,0.17183558524836925,0.0002707342860367585,0.005865711190660142,True
Gemella,IL23,0.15166768289511737,0.0013318931558783712,0.017073865709556546,True
Gemella,IL12P40,0.14097125664217391,0.0028794344199860834,0.028254443062188106,True
Gemella,IL15,0.20427508776499476,1.4058455863863485e-05,0.0007874332835566263,True
Gemella,IL18,0.17373277755393207,0.00023083899986383298,0.005367006746834116,True
Gemella,MCSF,0.17532665144701776,0.0002016445274764219,0.005032434814841942,True
Gemella,MCP3,0.1343279761116336,0.0045318030195614775,0.03905114874723518,True
Gemella,IL21,0.14259638100232416,0.002569496955382804,0.02607567950724059,True
Gemella,FGFB,0.15965356925268512,0.0007245187288412375,0.011531552233148062,True
Gemella,IL22,0.1396637152423974,0.003153084766048093,0.030324984998733758,True
Gemella,PDGFBB,0.17503858832337132,0.00020665087358930678,0.005080210253973531,True
Gemella,LEPTIN,0.15025044816693506,0.0014794488458476415,0.018253325059281664,True
Gemella,ENA78,0.14613337509426846,0.0019973665304563026,0.022324307547889152,True
Granulicatella,FASL,0.15343834846020155,0.0011665746844428592,0.01573200169526362,True
Granulicatella,SDF1A,0.13537398330626393,0.004224860968420957,0.037071701625457115,True
Granulicatella,LIF,0.1333170781584132,0.0048474276126204184,0.04089475251165066,True
Granulicatella,IL1B,0.13887810789682523,0.0033286567910749683,0.031491265495601765,True
Granulicatella,IL4,0.14366962649907247,0.0023818173058390408,0.024925642251551236,True
Granulicatella,IL6,0.18481372166734317,8.799345099231203e-05,0.0028818586042598402,True
Granulicatella,IL8,0.1761304985211149,0.00018826816672550865,0.0047730862099578455,True
Granulicatella,IL10,0.20666945921689692,1.1078705444970902e-05,0.0006868797375881959,True
Granulicatella,IL13,0.1638766347390345,0.0005190068851802501,0.009252025088800913,True
Granulicatella,IL17A,0.19371029108695917,3.8909753633865176e-05,0.001540451210131096,True
Granulicatella,IL31,0.3291864129119624,1.0469979070721675e-12,3.4404351226391424e-09,True
Granulicatella,IL1RA,0.18140125095326023,0.00011914885197286128,0.0036029735667130877,True
Granulicatella,RANTES,0.2352630532893685,5.179369019877478e-07,7.294031399707453e-05,True
Granulicatella,IFNA,0.1956856291370955,3.2296781400096135e-05,0.0013433825782369101,True
Granulicatella,TGFB,0.18701115356806763,7.218152147780009e-05,0.0024646081581458455,True
Granulicatella,MCP1,-0.1799039298765169,0.0001358639260350708,0.003855923171556379,True
Granulicatella,IL9,0.13048349608076845,0.005840486908779571,0.046208282461275285,True
Granulicatella,TNFB,0.1482277290362882,0.001716140842294166,0.019997300736803652,True
Granulicatella,BDNF,0.1696557213006251,0.0003244925730878844,0.0065684759455859635,True
Granulicatella,GCSF,0.1536509898386077,0.0011480466729123218,0.015519685216618654,True
Granulicatella,GROA,0.2045378804074097,1.3697542460347186e-05,0.0007805223906017489,True
Granulicatella,IL1A,0.17668668923591085,0.00017950446103929198,0.004669010493206702,True
Granulicatella,IL15,0.17760718004784806,0.00016583542467043678,0.004418393557840989,True
Granulicatella,IL18,0.171197840721552,0.0002855319703273212,0.006059558597834643,True
Granulicatella,MCSF,0.1806942225193635,0.00012678514505435516,0.003697775029425542,True
Granulicatella,IL21,0.1352271640233991,0.004266778471368681,0.037248583669438756,True
Granulicatella,FGFB,0.1480126865945725,0.001743246264936924,0.020241368291811772,True
Granulicatella,PDGFBB,0.20267143304549212,1.6464522368420407e-05,0.0008726196855262816,True
Granulicatella,ENA78,0.18994830383117886,5.519502168606913e-05,0.0020227231367333435,True
Haemophilus,FASL,0.17619538339019042,0.0001872255263577718,0.0047730862099578455,True
Haemophilus,IL4,0.17047476291531613,0.0003032217953196225,0.006266583769938865,True
Haemophilus,IL6,0.16109793066956038,0.0006469848867842217,0.01079183927905052,True
Haemophilus,IL31,0.20038348340633438,2.058280701120288e-05,0.0010196246809871256,True
Haemophilus,RANTES,0.17515136234451256,0.00020467723456847947,0.005058889997701785,True
Haemophilus,GROA,0.15503157655187078,0.0010341961054622345,0.014564436010923866,True
Haemophilus,IL18,0.14976812613478105,0.0015329946189750867,0.018749703416695292,True
Haemophilus,MCSF,0.17726833787220148,0.00017074948560593845,0.004537057760386365,True
Haemophilus,PAI1,-0.13347345483127873,0.004797342261623741,0.04059416310307884,True
Herbaspirillum,TNFA,0.1314896866744197,0.005468661356893072,0.04440697171025692,True
Herbaspirillum,MIP1B,0.17449032759955227,0.00021650230030905804,0.005160065662508589,True
Iamia,LIF,0.14496368475376045,0.0021721939751706072,0.02339969964605256,True
Iamia,MIP1B,-0.13637008156163904,0.0039501637907931805,0.035519668038942236,True
Iamia,PDGFBB,0.25036533751861617,8.694807727769211e-08,2.0905710873255826e-05,True
Izimaplasma,IL17A,0.1515421992436541,0.0013443899620225496,0.017124981098588284,True
Izimaplasma,VCAM1,-0.190235945223521,5.375180470377673e-05,0.0019771839207829516,True
Izimaplasma,ENA78,0.13324865397611887,0.004869490870870446,0.040958567410444416,True
Jatrophihabitans,SDF1A,-0.19448341851628187,3.6181916258329345e-05,0.0014558421652024927,True
Jatrophihabitans,IL4,-0.1686906226441933,0.0003513405917667388,0.006940912933139301,True
Jatrophihabitans,IL17A,-0.14908412844621122,0.0016119833520759693,0.019261735617896854,True
Jatrophihabitans,TNFA,-0.161805292753202,0.0006118869000482545,0.010364228626590538,True
Jatrophihabitans,MIP1B,-0.20776457711508348,9.925938734455643e-06,0.0006353889873004138,True
Jatrophihabitans,TNFB,-0.17776186765886162,0.0001636364323764084,0.004378683465993476,True
Jatrophihabitans,EGF,-0.15698307344476226,0.0008909568107045099,0.01316965926848322,True
Jatrophihabitans,BDNF,-0.1970964565169969,2.8241258632469946e-05,0.0012526650753436534,True
Jatrophihabitans,TRAIL,-0.17812319884408892,0.00015860592450102562,0.004307265024052646,True
Jatrophihabitans,IL1A,-0.1710549501729673,0.0002889494493771194,0.006099493944239064,True
Jatrophihabitans,MCSF,-0.13189489074175628,0.005325038406378385,0.043636100257754044,True
Jatrophihabitans,MCP3,-0.2080655315679988,9.629721989975205e-06,0.0006286741680607654,True
Jeotgalibaca,SDF1A,0.13154427506941507,0.005449111745535096,0.04428470205068835,True
Jeotgalibaca,IL1B,0.1540235629448412,0.001116235585142663,0.015177724687360514,True
Jeotgalibaca,IL6,0.14247933725919887,0.0025907592697015976,0.026221462916548612,True
Jeotgalibaca,IL8,0.14832580957616065,0.0017039068374925326,0.01990179336966989,True
Jeotgalibaca,IL10,0.14277399673399904,0.0025375347078536387,0.02586868371253482,True
Jeotgalibaca,IL31,0.24019952218879367,2.927927224922508e-07,5.247910287870197e-05,True
Jeotgalibaca,IL1RA,0.16094772824006973,0.0006546738864898222,0.010901647251717344,True
Jeotgalibaca,RANTES,0.21401019434012414,5.2453271034703855e-06,0.0004012517304217246,True
Jeotgalibaca,IFNA,0.13461308269515793,0.004446205033868784,0.038549418842461276,True
Jeotgalibaca,TGFB,0.13434449434253706,0.004526803414597526,0.03904219427917971,True
Jeotgalibaca,IL9,0.1337398673851191,0.004713087795076562,0.0401569744890793,True
Jeotgalibaca,TNFB,0.13023242513250186,0.005936738961415279,0.04659583812231833,True
Jeotgalibaca,BDNF,0.1428015000021966,0.0025326179805295187,0.02586868371253482,True
Jeotgalibaca,GCSF,0.152522278554229,0.0012495856821224693,0.016380871880802263,True
Jeotgalibaca,GROA,0.18773482480765466,6.758960088234026e-05,0.002337888721046001,True
Jeotgalibaca,IL1A,0.13950667131497346,0.003187493998763622,0.03053675008728065,True
Jeotgalibaca,IL15,0.15859029729489885,0.0007869987556044218,0.012246368998738665,True
Jeotgalibaca,IL18,0.1768643743772374,0.00017678629922978265,0.0046442449069387815,True
Jeotgalibaca,MCSF,0.15326474414860786,0.0011819050636395012,0.01591696737344017,True
Jeotgalibaca,PDGFBB,0.19692809745717563,2.8698550241372524e-05,0.0012629924476761176,True
Johnsonella,MIP1A,0.13218698006958324,0.005223623839801319,0.04309161825335682,True
Johnsonella,IL27,-0.16447064999199845,0.0004948947820378331,0.008902687520673282,True
Johnsonella,LIF,-0.2819948299336494,1.4017597568283071e-09,1.5097278412097736e-06,True
Johnsonella,IL1B,-0.15363700926565557,0.0011492564625818235,0.015519685216618654,True
Johnsonella,IL5,-0.2079474722424494,9.744905456303046e-06,0.0006320084078173384,True
Johnsonella,IP10,0.1580643847841848,0.0008197114925136533,0.012502240255525918,True
Johnsonella,EOTAXIN,-0.1722377946516881,0.0002617734703526443,0.005773071299186505,True
Johnsonella,IL17A,-0.14491287742288922,0.002180095518392333,0.02339969964605256,True
Johnsonella,IL31,-0.26031947933081706,2.513122811669449e-08,8.25812155914581e-06,True
Johnsonella,IL1RA,-0.17052963783258976,0.0003018442409054142,0.006251219594213389,True
Johnsonella,GMCSF,-0.16717715679307932,0.0003976446463447866,0.007656212741536926,True
Johnsonella,TGFB,-0.2255804196287665,1.529501166065441e-06,0.00016569035708871558,True
Johnsonella,VEGFD,-0.17148021181792286,0.00027888926948642216,0.005976718301298151,True
Johnsonella,NGF,-0.16890706674210615,0.00034514517232811146,0.006859760300021215,True
Johnsonella,GROA,-0.13806136193802465,0.0035205533742258973,0.03283407300200463,True
Johnsonella,IL23,-0.20043651754525452,2.047715393830464e-05,0.0010196246809871256,True
Johnsonella,IL15,-0.24764067810244025,1.2102400763814127e-07,2.538414185737865e-05,True
Johnsonella,IL18,-0.13351286923035116,0.004784792224296392,0.04052275064185037,True
Johnsonella,ICAM1,0.24626565370995032,1.4279376944670912e-07,2.861314249926551e-05,True
Johnsonella,VCAM1,0.1898383086419087,5.575652258145629e-05,0.00203085730121885,True
Johnsonella,PDGFBB,-0.15720627042264096,0.0008757983346845363,0.013061452319697669,True
Johnsonella,LEPTIN,-0.16126505406585762,0.0006385281143929077,0.010705119305587216,True
Johnsonella,PAI1,0.16043355458903388,0.0006816406991773707,0.011030846044674634,True
Johnsonella,CD40L,0.15964055554604958,0.0007252548574306957,0.011531552233148062,True
Johnsonella,ENA78,-0.14791654396558304,0.0017554911804490748,0.02029182517132987,True
Kerstersia,SDF1A,0.13444198731817614,0.0044973963241267635,0.038856558249992665,True
Kerstersia,SCF,0.1472933880416799,0.0018367874438781147,0.02098151868105499,True
Kerstersia,TNFA,0.13780607059828584,0.0035825607377660417,0.03328641258520042,True
Kerstersia,MIP1B,0.148013832184019,0.0017431008334226042,0.020241368291811772,True
Kerstersia,TNFB,0.12965550722770458,0.006163328219342119,0.047737746586750944,True
Kerstersia,BDNF,0.13847189157241058,0.003422878790977838,0.032289702508573714,True
Kerstersia,IL12P40,0.1460565827728349,0.0020084370781660635,0.02235984684197823,True
Kerstersia,MIG,0.13213635649579905,0.00524107498882569,0.04319942913030406,True
Kingella,LIF,-0.15273832524202133,0.0012295325945297752,0.016247707154419335,True
Kingella,VEGFD,-0.15540992525137484,0.0010048660519942835,0.01423271485712593,True
Klebsiella,GMCSF,0.13587441291593846,0.004084768237377581,0.03634264014807599,True
Klebsiella,TNFA,0.12930696739442382,0.006303952001089649,0.04828621509459344,True
Klebsiella,MIP1B,0.14780575365071377,0.001769699360761252,0.020404323156005173,True
Kocuria,FASL,0.1730949151804219,0.00024359426014225303,0.005558685686301691,True
Kocuria,SDF1A,0.204357278701302,1.3944616425025689e-05,0.0007874332835566263,True
Kocuria,LIF,0.1296524439683964,0.006164551775708455,0.047737746586750944,True
Kocuria,IL1B,0.13578724456068383,0.004108864240316626,0.036458311144051576,True
Kocuria,IL4,0.18710669786957204,7.155884233195398e-05,0.002457934033827186,True
Kocuria,IL5,0.14850579766080763,0.0016816639022315667,0.01979491727325918,True
Kocuria,IL6,0.16334693462778271,0.0005414242162264158,0.009599568207841738,True
Kocuria,IL8,0.17998813960865143,0.00013486824694131392,0.003855923171556379,True
Kocuria,IL10,0.1732085229740095,0.00024127527314215608,0.005538166200627736,True
Kocuria,IL13,0.1408072547013563,0.0029125303678530752,0.028483853537991682,True
Kocuria,IL31,0.17165534682090544,0.00027484208219079575,0.0059157057778097474,True
Kocuria,RANTES,0.2042857326696022,1.4043662386128905e-05,0.0007874332835566263,True
Kocuria,IFNG,0.18164026442111791,0.00011666665673720887,0.003549691055911744,True
Kocuria,IFNA,0.1401983967848481,0.003038448134462553,0.029516933481708685,True
Kocuria,IL9,0.192393293681458,4.400957656515424e-05,0.0016622467654378945,True
Kocuria,TNFB,0.1818651817878247,0.00011437530930461343,0.0034944628085397094,True
Kocuria,NGF,0.15447239558496353,0.0010789925497221129,0.014913039682548715,True
Kocuria,GROA,0.2425554916162728,2.2203561983555823e-07,4.209282962190256e-05,True
Kocuria,IL1A,0.15474488587013793,0.0010569443150933735,0.014737421581598976,True
Kocuria,IL23,0.14936253527677526,0.0015793926515772876,0.019080456812805027,True
Kocuria,IL12P40,0.17069345486320997,0.00029776652059510975,0.006179752336898089,True
Kocuria,IL15,0.20875211565971397,8.985129012794355e-06,0.0005984824446495052,True
Kocuria,IL18,0.22747398310881484,1.2422154514430948e-06,0.0001391563627309776,True
Kocuria,MCSF,0.1743685067833019,0.0002187501081134345,0.005160065662508589,True
Kocuria,IL21,0.1339517186949823,0.004647044030145028,0.03976611115379313,True
Kocuria,FGFB,0.13640101406397256,0.003941898322232855,0.035487884621526466,True
Kocuria,PDGFBB,0.2093560244715923,8.452313761510491e-06,0.0005707048565819892,True
Lachnoanaerobaculum,EOTAXIN,-0.12905716531210473,0.006406502041557001,0.048741115260481985,True
Lachnoanaerobaculum,TNFA,-0.13916375916687052,0.0032638163709887745,0.03105666195483334,True
Lachnoanaerobaculum,MIP1B,-0.13772545174618547,0.0036023468455123994,0.03337587895024552,True
Lachnoanaerobaculum,TNFB,-0.20276911062459,1.6307428789280553e-05,0.000868965583809339,True
Lachnoanaerobaculum,IL12P40,-0.17202690013404515,0.00026643683905537384,0.0058109167243537065,True
Lachnoanaerobaculum,IL22,-0.1525656851439341,0.0012455327568512177,0.016349483245058992,True
Lachnoanaerobaculum,PAI1,-0.14630131945890515,0.001973349563591696,0.022131149030588097,True
Lachnoanaerobaculum,CD40L,0.15825876823677934,0.0008074767308160841,0.01241324060467238,True
Lachnoclostridium,MIP1B,-0.16019466509393546,0.0006945166532016663,0.011142753833707835,True
Lachnoclostridium,TNFB,-0.1723163836090483,0.00026005527546638584,0.005770991947897922,True
Lachnoclostridium,VCAM1,-0.16284532124218773,0.0005634786238257839,0.009814223301980974,True
Lachnospira,IL23,-0.12875109070023372,0.006534191258997591,0.04939728330613363,True
Lachnospira,LEPTIN,-0.13999993123065502,0.0030805498333743614,0.029831100449316753,True
Lachnospiraceae NK4A136 group,SDF1A,-0.1595920570221476,0.0007280043103271348,0.011548289617554662,True
Lachnospiraceae NK4A136 group,IL2,-0.15511934580271416,0.0010273226391766736,0.014488335589418668,True
Lachnospiraceae NK4A136 group,IL4,-0.14689140130381698,0.001891044403680338,0.021476861441798126,True
Lachnospiraceae NK4A136 group,IL5,-0.14392135651709145,0.0023396481393545723,0.024536437614635507,True
Lachnospiraceae NK4A136 group,IL6,-0.13737662440321516,0.003689105292508214,0.03389301022697668,True
Lachnospiraceae NK4A136 group,IL13,-0.13400855299601835,0.004629468827390167,0.03966494400929796,True
Lachnospiraceae NK4A136 group,IL31,-0.16679041363433103,0.00041035664246777577,0.007854943264946278,True
Lachnospiraceae NK4A136 group,SCF,-0.13837213645043514,0.0034463840475650177,0.032418372081007577,True
Lachnospiraceae NK4A136 group,RANTES,-0.1391472070420925,0.003267542032667292,0.03106213052848039,True
Lachnospiraceae NK4A136 group,TNFA,-0.18252652088818974,0.00010788053471969341,0.0033374969206465994,True
Lachnospiraceae NK4A136 group,MIP1B,-0.15224458079182443,0.0012758031578817418,0.016510754860646255,True
Lachnospiraceae NK4A136 group,IL9,-0.12862928796032777,0.006585636625965047,0.049407310394797135,True
Lachnospiraceae NK4A136 group,TNFB,-0.1818531300388398,0.0001144970062039284,0.0034944628085397094,True
Lachnospiraceae NK4A136 group,EGF,-0.13227056764575068,0.005194923702888363,0.042890751979123516,True
Lachnospiraceae NK4A136 group,BDNF,-0.21847153206538905,3.2870996050875624e-06,0.0002956516294098258,True
Lachnospiraceae NK4A136 group,GROA,-0.15222241995539174,0.001277917017516037,0.016510754860646255,True
Lachnospiraceae NK4A136 group,IL12P40,-0.1492560615961878,0.0015917845428678292,0.01911304753177961,True
Lachnospiraceae NK4A136 group,IL15,-0.14916628703214627,0.001602302160352461,0.01916928968052738,True
Lachnospiraceae NK4A136 group,MCSF,-0.13176245815428275,0.005371600697282985,0.04387178100564678,True
Lachnospiraceae NK4A136 group,MCP3,-0.14492400052879423,0.0021783634141624305,0.02339969964605256,True
Lachnospiraceae NK4A136 group,PDGFBB,-0.20615320811210847,1.166529566088595e-05,0.0007055284971238125,True
Lachnospiraceae UCG-001,FASL,-0.13273149685723865,0.00503919711113029,0.04192101698018768,True
Lachnospiraceae UCG-001,SDF1A,-0.1916409260765754,4.720013816139156e-05,0.001762496068162871,True
Lachnospiraceae UCG-001,IL4,-0.17170281901309015,0.00027375453733030495,0.005905190873090035,True
Lachnospiraceae UCG-001,IL17A,-0.1524198628147197,0.001259196506940762,0.016423439773593538,True
Lachnospiraceae UCG-001,RANTES,-0.1294168216757182,0.006259322075627662,0.048172866630843435,True
Lachnospiraceae UCG-001,TNFA,-0.14539966225382256,0.0021054587467692724,0.02295974814784457,True
Lachnospiraceae UCG-001,MIP1B,-0.2555877784503334,4.563295535260766e-08,1.2852847824743037e-05,True
Lachnospiraceae UCG-001,TNFB,-0.1536527183039295,0.0011478971840516727,0.015519685216618654,True
Lachnospiraceae UCG-001,BDNF,-0.15071957407133305,0.001429020916343478,0.01780433055333767,True
Lachnospiraceae UCG-001,TRAIL,-0.13093268794450102,0.005671774190136055,0.0453233274796046,True
Lachnospiraceae UCG-001,GROA,-0.14187170229955268,0.0027037419383959026,0.026973649505320003,True
Lachnospiraceae UCG-001,IL1A,-0.18039050137691745,0.00013020466167203978,0.003764098401064423,True
Lachnospiraceae UCG-001,MCSF,-0.14758532667491064,0.0017982815762601822,0.020637322210445723,True
Lachnospiraceae UCG-001,MCP3,-0.15245402154354046,0.001255983474186697,0.016423439773593538,True
Lachnospiraceae UCG-001,ENA78,-0.15316248802069415,0.001191021537183724,0.015996035849532905,True
Lachnospiraceae UCG-004,SDF1A,-0.15006006941575034,0.0015003754821556951,0.018488376878863552,True
Lachnospiraceae UCG-004,IL4,-0.16158354416617426,0.0006226949285402726,0.010511175694434943,True
Lachnospiraceae UCG-004,IL8,-0.13536380597207212,0.0042277545863051965,0.037071701625457115,True
Lachnospiraceae UCG-004,MIP1B,-0.19304179529028354,4.142415250828845e-05,0.0016140683613703854,True
Lachnospiraceae UCG-004,TNFB,-0.20572859802362395,1.2169784504747807e-05,0.000714105569332166,True
Lachnospiraceae UCG-004,EGF,-0.1679325164283126,0.00037386723660643855,0.007323459568860598,True
Lachnospiraceae UCG-004,BDNF,-0.1764626599359426,0.00018298740517314754,0.0047222247125573,True
Lachnospiraceae UCG-004,MCSF,-0.1489785583483724,0.001624502017852093,0.01938782190313067,True
Lactobacillus,MIP1A,-0.14033633245778993,0.0030094958162715573,0.029286880312739398,True
Lactobacillus,SCF,-0.13366904685492548,0.004735353925211929,0.040276448808719105,True
Lactobacillus,MIP1B,-0.19887289659665114,2.381871770899926e-05,0.0011288698037274748,True
Lactobacillus,TRAIL,-0.13538493383017453,0.0042217495169273355,0.037071701625457115,True
Lactobacillus,IL12P40,-0.14647226309240438,0.0019491752581633865,0.021934896912071535,True
Lactobacillus,MCP3,-0.1810209153559626,0.0001232012607356843,0.003656724941685457,True
Lactobacillus,PDGFBB,0.17436594173617048,0.00021879767163000507,0.005160065662508589,True
Lactobacillus,PAI1,-0.15534510019828865,0.0010098362585457719,0.014262128705937278,True
Lactococcus,LIF,0.16770033601009482,0.00038103102261883605,0.007428960688339556,True
Lactococcus,IL31,0.14425174457393136,0.0022853363955618092,0.024196242268286344,True
Lactococcus,IL1RA,0.12970627571944965,0.006143081496151826,0.04764633940917758,True
Lactococcus,TGFB,0.1395376579688452,0.0031806777550157125,0.03050109076745612,True
Lactococcus,IL18,0.13693499990978772,0.0038016579341274516,0.03466858826515117,True
Lactococcus,PDGFBB,0.14097907152653383,0.002877865933255763,0.028254443062188106,True
Lautropia,FASL,0.13535322581186537,0.0042307646347409834,0.037071701625457115,True
Lautropia,IP10,0.14569712507097257,0.0020610072297973475,0.022604599254810218,True
Lautropia,SCF,0.1752324896600235,0.00020326836733835227,0.005058864900042696,True
Lautropia,HGF,0.14594475402718587,0.0020246589416267535,0.022400771993890612,True
Lautropia,TNFB,0.16672198896584517,0.0004126447258586255,0.007871888950697856,True
Lautropia,EGF,0.17701899079339595,0.00017445246887576486,0.004598268551276177,True
Lawsonella,MIP1B,-0.1452023888860131,0.0021354198319249876,0.023183886236912477,True
Leptotrichia,IL4,-0.129287153138416,0.006312032153879994,0.048306141792199796,True
Leptotrichia,IL8,-0.14250087775256456,0.0025868341988810445,0.026208644946114426,True
Leptotrichia,IL31,-0.14016456335187633,0.0030455882375305357,0.029550599257456716,True
Leptotrichia,RANTES,-0.1603534934860146,0.0006859310839303662,0.011030846044674634,True
Leptotrichia,MCP1,0.17618874998538708,0.00018733187033743618,0.0047730862099578455,True
Leptotrichia,IL9,-0.13406118084429797,0.004613247924897034,0.03958148966587738,True
Leptotrichia,TNFB,-0.2509008001553085,8.144021977762975e-08,2.0070942164196852e-05,True
Leptotrichia,BDNF,-0.22100741833888327,2.509235888735433e-06,0.00024251026854072452,True
Leptotrichia,GROA,-0.17656097667468845,0.00018145116735634618,0.004694870361676799,True
Leptotrichia,IL12P40,-0.1795884009054568,0.00013965638890995588,0.003922315332975342,True
Leptotrichia,MCSF,-0.13353426318833722,0.004777992526058002,0.0404999572845054,True
Leptotrichia,MCP3,-0.1964429213217458,3.00559287619432e-05,0.0013110236536957348,True
Leptotrichia,ICAM1,-0.2707312034624031,6.484693715988116e-09,3.5514505917894913e-06,True
Leptotrichia,FGFB,-0.1708478569775679,0.0002939702800855233,0.0061397448933976865,True
Leptotrichia,PDGFBB,-0.21243505588365927,6.171825229757045e-06,0.00046092312965867384,True
Limnobacter,MIP1B,0.14220165948768373,0.002641845424681517,0.026520684517831357,True
Massilia,LIF,-0.155828421922602,0.000973318765801954,0.013867007072663695,True
Massilia,IFNB,-0.13660432708399436,0.003887959522924301,0.03522748619208434,True
Massilia,SCF,0.12870041139601793,0.006555552566574232,0.049407310394797135,True
Massilia,MIP1B,0.14211328058184924,0.002658296548910633,0.02663159286500104,True
Massilia,PAI1,0.1441047178625577,0.0023093620490589615,0.02429636187793302,True
Megasphaera,LIF,0.18296902098325243,0.00010373029980035513,0.0032670073336482455,True
Megasphaera,MIP1B,-0.17228582541603682,0.00026072211500110924,0.005770991947897922,True
Megasphaera,VEGFD,0.2099083645743615,7.991462425775132e-06,0.0005509079482048339,True
Megasphaera,RESISTIN,0.14274894543748826,0.002542020669085924,0.02588764437587711,True
Megasphaera,ICAM1,-0.19580113372754562,3.19450649663734e-05,0.0013343832645699534,True
Megasphaera,PAI1,-0.19529068935337804,3.352729417612953e-05,0.0013771336082845204,True
Methyloversatilis,CD40L,-0.14873237491783697,0.0016540420166549434,0.01959801225983706,True
Microbacterium,GROA,0.13193510322770627,0.005310972078911103,0.04359330787169497,True
Microbacterium,IL18,0.14919400345493608,0.0015990482353748002,0.01916928968052738,True
Microbacterium,PDGFBB,0.19806374604791588,2.5744855563934135e-05,0.0011804315634849427,True
Micrococcus,FASL,0.15668384790499384,0.000911659183893244,0.013324013330399705,True
Micrococcus,SDF1A,0.19780947579434308,2.6380010286430912e-05,0.0011929089055212657,True
Micrococcus,IL27,0.1449505495113722,0.0021742342531281384,0.02339969964605256,True
Micrococcus,IL4,0.2109236053013953,7.206121325547633e-06,0.0005199082040495777,True
Micrococcus,IL6,0.17375281652058597,0.00023044859070202135,0.005367006746834116,True
Micrococcus,IL7,0.13870703558197703,0.003368046337982892,0.03183336605928605,True
Micrococcus,IL8,0.21470193891145842,4.881825025774179e-06,0.0003881050895490472,True
Micrococcus,IL10,0.14330413595921504,0.0024442784292323257,0.02525754376873403,True
Micrococcus,IL13,0.1618571583909627,0.0006093841996455923,0.010339603167136401,True
Micrococcus,IL17A,0.1336563144364109,0.004739367074265993,0.040276448808719105,True
Micrococcus,IL31,0.22366722005522746,1.8838540231799156e-06,0.00019344826000528757,True
Micrococcus,RANTES,0.21804470783481403,3.4388646822910988e-06,0.00030095166384371333,True
Micrococcus,IFNG,0.159580684147069,0.00072865045061057,0.011548289617554662,True
Micrococcus,IFNA,0.13318390138658062,0.0048904535714516355,0.04102986494244274,True
Micrococcus,IL9,0.19306390530668643,4.133858896604274e-05,0.0016140683613703854,True
Micrococcus,TNFB,0.22274260358633408,2.082084555260174e-06,0.00020762062074506404,True
Micrococcus,BDNF,0.1413787918160549,0.0027986691998560147,0.027700081297370074,True
Micrococcus,TRAIL,0.13721038936848992,0.0037311127780643343,0.034183373388622866,True
Micrococcus,GROA,0.28135769480858663,1.5314747831302227e-09,1.5097278412097736e-06,True
Micrococcus,IL1A,0.16511014001742033,0.0004701030206208105,0.008622788578087704,True
Micrococcus,IL15,0.1800502351771601,0.00013413843446658834,0.0038552089999172824,True
Micrococcus,IL18,0.23719410068550253,4.149725031339444e-07,6.353368026868763e-05,True
Micrococcus,MCSF,0.18628859716439522,7.70586315255116e-05,0.0025838230938043994,True
Micrococcus,IL21,0.15056852710697685,0.0014450824274787701,0.01791902210073675,True
Micrococcus,PDGFBB,0.2624065897715475,1.9244269377126127e-08,6.775357411418191e-06,True
Micromonospora,GROA,0.1341492282053902,0.004586224719091049,0.03945113724328059,True
Mogibacterium,IL27,0.13657731204523527,0.0038950878921880164,0.03525966615352568,True
Mogibacterium,LIF,0.2102206736914367,7.741583379613938e-06,0.0005374403447622127,True
Mogibacterium,GMCSF,0.13797824404322412,0.003540634085607639,0.0329589903833051,True
Mogibacterium,TGFB,0.129041979453821,0.006412784184707358,0.048741115260481985,True
Mogibacterium,RESISTIN,0.1580512130724411,0.000820546707783046,0.012502240255525918,True
Mogibacterium,VCAM1,-0.14859583731012685,0.001670636980813542,0.019723520187856163,True
Mogibacterium,PAI1,-0.1324253692675152,0.005142146674459549,0.0425262432188106,True
Monoglobus,LIF,0.13198743031718677,0.005292718142906908,0.04347967954398025,True
Monoglobus,MIP1B,-0.1795446069208154,0.00014019055168909705,0.003926131984520223,True
Monoglobus,TNFB,-0.1557352877641124,0.0009802593140966027,0.013924202187844828,True
Monoglobus,EGF,-0.1344865749794237,0.00448400479083514,0.038774841428116505,True
Monoglobus,TRAIL,-0.12847645955624326,0.0066506995047742185,0.04981960160947132,True
Monoglobus,MCP3,-0.1428230300212347,0.0025287751455459187,0.02586868371253482,True
Mycobacterium,MIP1B,-0.1762086777124528,0.00018701256754788962,0.0047730862099578455,True
Mycobacterium,IL1A,-0.12854625526676752,0.006620914604676547,0.04963420241285278,True
Neisseria,IFNB,-0.13558422108201834,0.004165485283302494,0.03682812011013093,True
Neisseria,MIP1B,0.1586769718650829,0.000781724805231686,0.01223213195233962,True
Nitrosomonas,LIF,0.16314209785304318,0.0005503316210008502,0.009702033293977353,True
Nitrosomonas,IL1B,0.14847474387305712,0.0016854824274085741,0.01979491727325918,True
Nitrosomonas,IL31,0.20253084691124454,1.669315047749607e-05,0.0008800057615355949,True
Nitrosomonas,IL1RA,0.16969961375740075,0.00032331825671454476,0.0065581715528641605,True
Nitrosomonas,RANTES,0.14560185669054854,0.002075149429234525,0.022679404737687304,True
Nitrosomonas,TGFB,0.17198189155061164,0.0002674420814602105,0.005819964766081136,True
Nitrosomonas,GROA,0.13943267865647452,0.003203824124613385,0.030603971143835996,True
Nitrosomonas,IL15,0.17870233330035237,0.00015084460453423343,0.004153704222062774,True
Nitrosomonas,IL18,0.19491029213997418,3.4754354954862445e-05,0.0014099112392799752,True
Nitrosomonas,RESISTIN,0.12972539415130568,0.006135472457745708,0.04764633940917758,True
Nitrosomonas,PDGFBB,0.1814725458707908,0.00011840329618435571,0.0035914452116473186,True
Oribacterium,IL17A,-0.15095554685200932,0.001404256837685149,0.017679647389399998,True
Oribacterium,TNFA,-0.13041340868025633,0.005867213970849789,0.04629461501847549,True
Oribacterium,MIP1B,-0.13947348845611512,0.003194808058782205,0.030547446986881648,True
Oribacterium,VCAM1,-0.19226552591268173,4.45366257696862e-05,0.0016757330413647578,True
Oribacterium,ENA78,-0.14999657855452456,0.001507414673222733,0.01855192740153521,True
Oscillibacter,LIF,0.17258792210897417,0.0002541993831168865,0.005682307298789721,True
Oscillibacter,MIP1B,-0.14848303021183518,0.001684462721981309,0.01979491727325918,True
Oscillibacter,PDGFBB,0.14434897713847142,0.0022695731974151207,0.02408337199151589,True
Otariodibacter,FASL,0.16726002942731105,0.0003949688191878301,0.007619574597952308,True
Otariodibacter,IL31,0.16934102062846235,0.0003330294394940607,0.006668914777405402,True
Otariodibacter,MCSF,0.13767535189659016,0.0036146925933929087,0.033458816512363654,True
Otariodibacter,VCAM1,0.17776057409462614,0.0001636547073928617,0.004378683465993476,True
Oxalobacter,SDF1A,0.13400295238749302,0.0046311980680363105,0.03966494400929796,True
Oxalobacter,TNFA,0.15814246143188748,0.0008147767882294059,0.012472157730381185,True
Oxalobacter,MIP1B,0.1843602359609153,9.163904794649857e-05,0.0029618942119887964,True
Oxalobacter,TNFB,0.15090103846366354,0.0014099419180228859,0.017680241822283227,True
Oxalobacter,BDNF,0.1359588830184925,0.004061540127812071,0.036168620216776325,True
Oxalobacter,TRAIL,0.12981406022950723,0.006100294281797891,0.04748540069697812,True
Oxalobacter,MCP3,0.15035917909359306,0.0014676176190834564,0.01813472170370491,True
Oxalobacter,VEGF,0.1631380834986877,0.0005505075382074015,0.009702033293977353,True
Parabacteroides,IL17F,0.16202194753656807,0.0006014954015275267,0.010241004608390947,True
Parabacteroides,MIP1A,0.13412288277498557,0.00459429555326888,0.0394861077280947,True
Parabacteroides,IL5,0.15403102631800555,0.001115606726238872,0.015177724687360514,True
Parabacteroides,TNFA,0.1727534101212993,0.00025069121787448174,0.005655180837086135,True
Parabacteroides,MIP1B,0.2737801472586524,4.313173651149352e-09,2.7680558467611827e-06,True
Parabacteroides,IFNA,0.1433425275750422,0.0024376479110665085,0.025215459713844323,True
Parabacteroides,VEGFD,-0.13838959755075747,0.0034422591535268345,0.032410497359567844,True
Parabacteroides,BDNF,0.15668527989306927,0.0009115590602925682,0.013324013330399705,True
Parabacteroides,TRAIL,0.16580154418197598,0.00044460081600071466,0.008300899326013344,True
Parabacteroides,IL1A,0.1414230231856397,0.002790028634328161,0.027673441634612002,True
Parabacteroides,MCP3,0.1456942973706409,0.002061425718205963,0.022604599254810218,True
Parabacteroides,FGFB,0.13628063293240522,0.003974153678110656,0.03561564268983168,True
Parabacteroides,PAI1,0.2223785911382354,2.1654782561531386e-06,0.0002134728464915764,True
Parapusillimonas,MIP1B,0.17491363396131882,0.00020885847704704363,0.005115886741242905,True
Parapusillimonas,MCP3,0.13187368903796937,0.005332468254820379,0.04366069107642799,True
Parasutterella,LIF,-0.14490853242114093,0.0021807724692743794,0.02339969964605256,True
Parasutterella,MIP1B,0.14616945021079522,0.0019921851567604016,0.022291670006065877,True
Parasutterella,EGF,0.15227107899015926,0.0012732797926785654,0.016510754860646255,True
Parasutterella,BDNF,0.13682680650491258,0.0038297022298423456,0.03489205599055993,True
Parvimonas,IL17F,0.17553684950504203,0.0001980633331005506,0.00496821459975885,True
Parvimonas,GMCSF,0.14791203375948675,0.0017560675398416035,0.02029182517132987,True
Parvimonas,TNFA,0.16044038678299896,0.0006812757232474013,0.011030846044674634,True
Parvimonas,MIP1B,0.27694694457017927,2.8088523321981433e-09,2.3074721909007747e-06,True
Parvimonas,TRAIL,0.14917260427727322,0.0016015599778963407,0.01916928968052738,True
Parvimonas,IL12P40,0.2175975829126486,3.6050196827244358e-06,0.0003069371067483213,True
Parvimonas,MIG,0.1848735141568045,8.752309404884943e-05,0.0028760088704451923,True
Parvimonas,VCAM1,0.17133186636755657,0.0002823608466268427,0.006013846678636429,True
Parvimonas,PDGFBB,-0.1314538266316595,0.005481538143351332,0.04443832484963604,True
Parvimonas,PAI1,0.14111379636840832,0.0028509479008724074,0.028104644406800192,True
Pasteurella,IL2,0.16066801355540078,0.0006692188938273958,0.011013622463022484,True
Pasteurella,IL5,0.1484189159305331,0.0016923673007007032,0.0198375230086891,True
Pasteurella,IL31,0.14973066738264476,0.0015372267189840492,0.018778167280972435,True
Peptococcus,IL27,-0.17943794643946936,0.00014149954228047008,0.003940435011736118,True
Peptococcus,LIF,-0.20500353538283095,1.3079552439324532e-05,0.000754024724835446,True
Peptococcus,IL1B,-0.1620310867553456,0.0006010606728681614,0.010241004608390947,True
Peptococcus,IL17A,-0.13092813569587902,0.005673461768090087,0.0453233274796046,True
Peptococcus,IL31,-0.18680462320142024,7.35450130324319e-05,0.0024914320909749615,True
Peptococcus,IL1RA,-0.15183543932405327,0.001315353274310074,0.01690580518663456,True
Peptococcus,TGFB,-0.13820202013360644,0.0034868064631011692,0.03264286620441721,True
Peptococcus,IL9,-0.15222604726509587,0.0012775707982872315,0.016510754860646255,True
Peptococcus,VEGFD,-0.15746341128035765,0.0008586301316305937,0.012889602799900642,True
Peptococcus,GROA,-0.19850681041468785,2.4672597123074978e-05,0.0011582022020917768,True
Peptococcus,IL12P40,0.12938756364833354,0.0062711808020369355,0.048184957401777175,True
Peptococcus,IL15,-0.1540884166933179,0.0011107819471324887,0.015145350532271194,True
Peptococcus,IL18,-0.18260778000938693,0.00010710688194613853,0.0033307875149054685,True
Peptococcus,MCSF,-0.14097404678879047,0.0028788743342355416,0.028254443062188106,True
Peptococcus,PDGFBB,-0.2560944426041768,4.2833563000199894e-08,1.2729394982989107e-05,True
Peptococcus,ENA78,-0.1473201570801027,0.0018332254970924633,0.02096512407231729,True
Peptoniphilus,FASL,-0.14294986657671557,0.0025062441212923277,0.02575747420023875,True
Peptoniphilus,SDF1A,-0.1452993184304274,0.0021206502132019816,0.02307600962447335,True
Peptoniphilus,IL8,-0.16132178950937026,0.0006356805671045786,0.010675534975326978,True
Peptoniphilus,RANTES,-0.13392482230785152,0.004655382327243854,0.039802913254093596,True
Peptoniphilus,MIP1B,-0.18343518525624097,9.952082620177436e-05,0.0031545861887366296,True
Peptoniphilus,IL9,-0.1695978774792702,0.00032604622653897505,0.006586401027092657,True
Peptoniphilus,TNFB,-0.20182403561944584,1.7889026980293102e-05,0.0009281580419564706,True
Peptoniphilus,GROA,-0.13619387913579395,0.003997546684354865,0.035751961921486386,True
Peptoniphilus,MCSF,-0.1767539274874393,0.00017847130159794186,0.004654418230562197,True
Peptostreptococcus,IL1B,-0.23565427616831336,4.952701354222265e-07,7.179960286753395e-05,True
Peptostreptococcus,IL4,-0.1543082854618577,0.0010924750962937578,0.014978608482981732,True
Peptostreptococcus,IL10,-0.14692543761515037,0.0018863942331948861,0.021448759343523863,True
Peptostreptococcus,IFNB,-0.13798809522430663,0.003538248695121309,0.0329589903833051,True
Peptostreptococcus,EOTAXIN,-0.17170649934617413,0.0002736703923486007,0.005905190873090035,True
Peptostreptococcus,IFNG,-0.1418303412221898,0.0027115932907052264,0.026973649505320003,True
Peptostreptococcus,MCP1,-0.14396587623204835,0.002332261609064654,0.0244850212376564,True
Peptostreptococcus,IL9,-0.1585903551755538,0.0007869952227420796,0.012246368998738665,True
Peptostreptococcus,VEGFD,-0.20587751564317072,1.19905346603757e-05,0.0007078005430058901,True
Peptostreptococcus,GROA,-0.14667131081412732,0.001921368183337505,0.02169551922998068,True
Peptostreptococcus,IL15,-0.16880564497997205,0.00034803544221485616,0.006903286497694269,True
Peptostreptococcus,MCP3,-0.13103183010111866,0.005635132653455759,0.04512683809729234,True
Peptostreptococcus,PDGFBB,-0.18783405722236238,6.698185478550989e-05,0.002333240722528468,True
Peptostreptococcus,VEGF,-0.1648562962061356,0.0004798025109266445,0.008754572361865373,True
Peptostreptococcus,CD40L,-0.1473828615409898,0.0018249066531647758,0.020894227394771613,True
Peptostreptococcus,ENA78,-0.15856006509258394,0.0007888460452626346,0.012246368998738665,True
Plantibacter,IL4,-0.13280634139598133,0.005014311389601646,0.04178819212892495,True
Plantibacter,MIP1B,-0.1522737907691765,0.001273021815089154,0.016510754860646255,True
Plantibacter,TNFB,-0.13256358744886504,0.00509543211509455,0.04224623195172588,True
Polaromonas,MIP1B,0.155816572917389,0.0009741992529975759,0.013867007072663695,True
Polynucleobacter,SDF1A,0.13033679283294888,0.005896556242171048,0.0464283158429091,True
Polynucleobacter,IL4,0.12880978003454074,0.0065095317053547545,0.04924862897266859,True
Polynucleobacter,SCF,0.17615318483050227,0.00018790300169127744,0.0047730862099578455,True
Polynucleobacter,TNFA,0.1414213079221359,0.0027903632567259414,0.027673441634612002,True
Polynucleobacter,MIP1B,0.20319808398904243,1.563421914484536e-05,0.0008421974444256041,True
Polynucleobacter,TNFB,0.1575313388077502,0.0008541471216163858,0.012889602799900642,True
Polynucleobacter,EGF,0.13604144327266274,0.00403895272914626,0.036065213771670136,True
Polynucleobacter,BDNF,0.19347081458333526,3.979342018460224e-05,0.0015691341447192355,True
Polynucleobacter,MCP3,0.16454318124266482,0.0004920230105654022,0.008867208113626573,True
Polynucleobacter,PAI1,0.1877357307368591,6.7584029099366e-05,0.002337888721046001,True
Porphyromonas,MIP1B,0.24875284801552378,1.0579233189330615e-07,2.3175573506760264e-05,True
Porphyromonas,IFNA,0.13361088547357863,0.004753710907425314,0.04032881422151355,True
Porphyromonas,VEGFD,-0.18084403729787352,0.00012512965887021368,0.0036653944725366324,True
Porphyromonas,TRAIL,0.14193750895831037,0.002691292874668986,0.0269074697347737,True
Porphyromonas,IL1A,0.15538811827810328,0.0010065354915043,0.014235906564202854,True
Porphyromonas,PAI1,0.15588946738352152,0.0009687941688706656,0.013864157667941471,True
Prauserella,MIP1B,-0.14334425303067946,0.0024373502975951417,0.025215459713844323,True
Prevotella,TNFA,-0.15844034947038085,0.0007962005317709442,0.012321734446150657,True
Prevotella,MIP1B,-0.17327807949517854,0.00023986567490910505,0.0055376951364261295,True
Prevotella,TNFB,-0.15066715282658355,0.0014345764293184685,0.01781115168793635,True
Prevotella,MCP3,-0.13526611364252406,0.004255621720210672,0.03719141748035178,True
Prevotella,ICAM1,-0.15099871489819242,0.0013997694800263144,0.017668281093597193,True
Prevotella,VCAM1,-0.17684117567655927,0.0001771389820459507,0.0046442449069387815,True
Prevotella,PAI1,-0.21999535909101572,2.795825831631333e-06,0.00026501202930982384,True
Prevotellaceae UCG-001,IP10,-0.1311985582663794,0.005573991950496952,0.0448924939934632,True
Prevotellaceae UCG-001,IL12P40,-0.15787763229313218,0.0008316271871003255,0.012632019738728826,True
Prevotellaceae UCG-001,PDGFBB,-0.16535823775731134,0.0004607995236794303,0.00853864982036057,True
Prevotellaceae UCG-001,LEPTIN,-0.1355535489879674,0.004174100471312985,0.03683821167968076,True
Prevotellaceae UCG-003,SDF1A,-0.15743739505231716,0.0008603528750593043,0.012889602799900642,True
Prevotellaceae UCG-003,MIP1B,-0.15312884646984634,0.001194034919004662,0.016014688750405386,True
Prevotellaceae UCG-003,BDNF,-0.20406394772005415,1.4354960877248311e-05,0.0007990520789608153,True
Prevotellaceae UCG-003,TRAIL,-0.14591681138373994,0.002028730964506868,0.022420661264695857,True
Prevotellaceae UCG-003,IL12P40,-0.19781514883439888,2.636567873056661e-05,0.0011929089055212657,True
Prevotellaceae UCG-003,MCP3,-0.20287002814536387,1.6146620430905817e-05,0.0008650727402601605,True
Prevotellaceae UCG-003,ICAM1,-0.13184215948309422,0.005343534613677639,0.04371499105529806,True
Prevotellaceae UCG-003,PAI1,-0.14932172325339296,0.0015841320409024115,0.019088543945550505,True
Prevotellaceae UCG-004,MIP1A,0.129984100911315,0.00603333696059215,0.04720367917263287,True
Prevotellaceae UCG-004,GMCSF,-0.16612605830411858,0.0004330803991111603,0.008116552422885587,True
Prevotellaceae UCG-004,TNFA,-0.1307022409223795,0.0057577729622562985,0.04584824383030904,True
Prevotellaceae UCG-004,LEPTIN,-0.22414000245054205,1.7896076707760108e-06,0.00018570476230010438,True
Prevotellaceae UCG-004,CD40L,0.22701463639858568,1.306732913682418e-06,0.0001447390231806885,True
Pseudomonas,IL31,0.1323221516017807,0.0051772830718893464,0.04278093589495824,True
Pseudomonas,RANTES,0.15824792600854826,0.0008081546837141274,0.01241324060467238,True
Pseudomonas,IL18,0.13511363111402713,0.004299449893899611,0.03740862935045222,True
Pseudomonas,PDGFBB,0.19474660904667573,3.5295328462612916e-05,0.0014259891310837629,True
Pseudonocardia,MIP1B,-0.16056207077643384,0.0006748056128897246,0.011030846044674634,True
Ralstonia,LIF,-0.152405436656618,0.001260555728026038,0.016423439773593538,True
Ralstonia,MIP1B,0.14598479413019189,0.002018837009454682,0.022400771993890612,True
Rodentibacter,GMCSF,0.15811498149394346,0.0008165104705444192,0.012479318168413774,True
Rodentibacter,TNFA,0.142850761974737,0.002523833176606864,0.02586273124219383,True
Rodentibacter,RESISTIN,0.12866192056086012,0.006571818237850969,0.049407310394797135,True
Rodentibacter,VCAM1,0.14798603710038036,0.0017466325328611572,0.02025682765758269,True
Rodentibacter,LEPTIN,0.18093581696974348,0.00012412552690935292,0.003656724941685457,True
Romboutsia,MIP1B,-0.2076330300842112,1.005812112093622e-05,0.0006396965032915436,True
Romboutsia,VEGFD,0.14506330798978892,0.002156776494999248,0.02336428866780504,True
Roseburia,SDF1A,-0.19676349958386638,2.915240104968543e-05,0.0012772638646568841,True
Roseburia,IL4,-0.18800751746225056,6.59318624163846e-05,0.0023048095734068065,True
Roseburia,IL6,-0.12937110995029122,0.006277858588763342,0.04819869935204753,True
Roseburia,IL8,-0.16254085202757226,0.0005772688758836409,0.009932636248432727,True
Roseburia,IL17A,-0.15904210340884445,0.0007598643847064383,0.011927934879675268,True
Roseburia,RANTES,-0.15096423129458872,0.001403353021187863,0.017679647389399998,True
Roseburia,IFNG,-0.13934174439696534,0.0032239973045076384,0.030766859078253918,True
Roseburia,GMCSF,-0.13755220768606746,0.003645201287481708,0.033614961919546,True
Roseburia,TNFA,-0.18426108038090258,9.24548860104862e-05,0.0029784976022593887,True
Roseburia,MIP1B,-0.22272941364731147,2.0850518821019822e-06,0.00020762062074506404,True
Roseburia,IL9,-0.14658355414182914,0.0019335827847677695,0.02178429610541791,True
Roseburia,TNFB,-0.22898241364551425,1.0511410601678822e-06,0.00012636766550164612,True
Roseburia,BDNF,-0.164732313488626,0.0004846072696235794,0.008762499899832996,True
Roseburia,TRAIL,-0.14155743835723325,0.002763919532547061,0.027466450354686416,True
Roseburia,GROA,-0.15035568613448694,0.0014679963399834163,0.01813472170370491,True
Roseburia,IL12P40,-0.15379157305354438,0.001135946538897685,0.015403247565960631,True
Roseburia,MCSF,-0.1464131110317517,0.0019575095246632027,0.02200356772420736,True
Roseburia,MCP3,-0.13261075818965246,0.005079577206522453,0.04215022904200197,True
Roseburia,FGFB,-0.14472501524970297,0.0022095403707940624,0.023624348129379465,True
Roseburia,LEPTIN,-0.14685399034092422,0.0018961677353200044,0.02148554199400529,True
Roseburia,ENA78,-0.14448045946098603,0.00224841535099122,0.02389405613780746,True
Rothia,FASL,0.2279948890887966,1.172746967394706e-06,0.00013763023338782157,True
Rothia,SDF1A,0.18474042451252307,8.857328935110668e-05,0.002891243332527184,True
Rothia,IL27,0.20781512833238677,9.875584524605511e-06,0.0006353889873004138,True
Rothia,LIF,0.13534014742605555,0.004234488103929829,0.037071701625457115,True
Rothia,IL1B,0.15907763143833345,0.0007577678019331957,0.011913995201686515,True
Rothia,IL4,0.20615280209654221,1.1665768414605541e-05,0.0007055284971238125,True
Rothia,IL6,0.18364993191094184,9.763621314263435e-05,0.0031048315779357723,True
Rothia,IL8,0.2619310109659229,2.0455140157472244e-08,6.953336954219359e-06,True
Rothia,IL10,0.17988244881233742,0.00013611901640308581,0.003855923171556379,True
Rothia,IL13,0.17786432907075106,0.0001621949572400273,0.004378683465993476,True
Rothia,IL17A,0.18510687307411483,8.570993238215323e-05,0.0028258478709808246,True
Rothia,IL31,0.347671674605534,4.3415346340464495e-14,2.139942421121495e-10,True
Rothia,IL1RA,0.1679144832258807,0.00037441911368489973,0.007323459568860598,True
Rothia,RANTES,0.2671341710982662,1.0423267051329228e-08,5.1376283296001765e-06,True
Rothia,IFNG,0.16939678202412398,0.0003315016956402328,0.006668914777405402,True
Rothia,IFNA,0.23244997354889643,7.128963719692688e-07,9.247016361675068e-05,True
Rothia,TGFB,0.14595281854810147,0.0020234851065718817,0.022400771993890612,True
Rothia,MCP1,-0.17220965914091774,0.0002623911729125969,0.00577377719324192,True
Rothia,IL9,0.2143597906100616,5.058505873205311e-06,0.0003989340071844637,True
Rothia,TNFB,0.21819548550322623,3.384503626663034e-06,0.0003005805112760738,True
Rothia,BDNF,0.13598148838426413,0.00405534426467448,0.03615702742724154,True
Rothia,TRAIL,0.14323704810058138,0.0024559045006324327,0.025351106353125156,True
Rothia,GROA,0.29619324455450213,1.8390204981540696e-10,3.021510678467136e-07,True
Rothia,IL1A,0.21780351827107994,3.5275614002021745e-06,0.0003050412305543249,True
Rothia,IL23,0.15168763292471932,0.0013299162197245823,0.017070721476621004,True
Rothia,IL15,0.2252836596368823,1.5799348109814022e-06,0.00016788978000843672,True
Rothia,IL18,0.25589714107432854,4.390337080763133e-08,1.2729394982989107e-05,True
Rothia,MCSF,0.27555251880051784,3.3950108358541384e-09,2.4945064248800927e-06,True
Rothia,IL21,0.17421771563906252,0.000221562714153055,0.005188040940904552,True
Rothia,ICAM1,-0.15451841228034077,0.0010752396552529333,0.014908175135701007,True
Rothia,PDGFBB,0.2634984574375413,1.67209131087613e-08,6.444820599091606e-06,True
Rothia,PAI1,-0.144237354169854,0.002287677818659705,0.024196242268286344,True
Rothia,ENA78,0.20525343378653071,1.2758927103919927e-05,0.0007398676670026037,True
Ruminobacter,VCAM1,0.13171207911334043,0.005389409567359431,0.04398079430052092,True
Ruminobacter,LEPTIN,0.16041558214481613,0.0006826016526259735,0.011030846044674634,True
Selenomonas,IL4,-0.1961989158203456,3.0761351254786304e-05,0.0013183322522969992,True
Selenomonas,IL6,-0.1544309242339157,0.0010823850890988045,0.014913039682548715,True
Selenomonas,IL8,-0.1663362599190835,0.0004257670124794807,0.008025260437901952,True
Selenomonas,EOTAXIN,-0.18855059637995278,6.274398201987603e-05,0.00222492868615805,True
Selenomonas,IL13,-0.16283234097490298,0.0005640602408911461,0.009814223301980974,True
Selenomonas,IL17A,-0.2547896157372496,5.040481888571253e-08,1.3802519571537615e-05,True
Selenomonas,IL31,-0.18977379448603487,5.6088357465311335e-05,0.00203085730121885,True
Selenomonas,SCF,-0.1404324319069887,0.0029894732880228203,0.029178443240919765,True
Selenomonas,RANTES,-0.16304748141815248,0.0005544918183160062,0.009729474194940285,True
Selenomonas,IFNG,-0.16368258949446554,0.0005271170233697132,0.009362738047529068,True
Selenomonas,GMCSF,-0.15909758188872172,0.0007565928327728715,0.011913995201686515,True
Selenomonas,TNFA,-0.20132213265366194,1.8787128510117974e-05,0.0009596036935375284,True
Selenomonas,IFNA,-0.13128484012514519,0.00554258643616285,0.04467664898532749,True
Selenomonas,IL9,-0.1409591727753205,0.0028818612440960727,0.028254443062188106,True
Selenomonas,TNFB,-0.23009328531042253,9.288042560020631e-07,0.00011303891797121407,True
Selenomonas,BDNF,-0.139284731501875,0.003236704010357234,0.03085388067677834,True
Selenomonas,GCSF,-0.1463852130903391,0.0019614515261970537,0.022022766680239815,True
Selenomonas,GROA,-0.20855439490118535,9.166417300779074e-06,0.0006024169450072008,True
Selenomonas,IL23,-0.1529398547486428,0.0012110943996286648,0.016155573195587792,True
Selenomonas,IL12P40,-0.17832685709530394,0.00015583485189890554,0.004243701574639257,True
Selenomonas,IL15,-0.17294821672097943,0.0002466195325554854,0.0056001039690210495,True
Selenomonas,MCSF,-0.17261140891577406,0.0002536987098775282,0.005682307298789721,True
Selenomonas,MCP3,-0.16932340662778336,0.00033351338864484305,0.006668914777405402,True
Selenomonas,ICAM1,-0.17461281830851444,0.00021426393840926364,0.005155124518634727,True
Selenomonas,VCAM1,-0.20080143516847335,1.97640074165134e-05,0.0010042968304741708,True
Selenomonas,IL22,-0.16471391440326644,0.0004853240967040795,0.008762499899832996,True
Selenomonas,PDGFBB,-0.16626252152334178,0.00042831934937383875,0.008057962110929967,True
Selenomonas,LEPTIN,-0.1958843030955089,3.16940599469081e-05,0.0013295320976877449,True
Selenomonas,CD40L,0.13128463766604798,0.005542659942083133,0.04467664898532749,True
Selenomonas,ENA78,-0.250072258885985,9.011318080447337e-08,2.115085086596425e-05,True
Sideroxydans,SDF1A,0.14879525662537046,0.0016464502456333837,0.019555068098137226,True
Sideroxydans,SCF,0.13618390235867003,0.0040002448771961335,0.035751961921486386,True
Sideroxydans,MIP1B,0.2140485352031962,5.22452106527366e-06,0.0004012517304217246,True
Sideroxydans,BDNF,0.14100423724644656,0.0028728203265787253,0.028254443062188106,True
Sideroxydans,TRAIL,0.14480424355471816,0.002197078393988375,0.02354217261732326,True
Sideroxydans,MCP3,0.14990502193500407,0.0015176188941512716,0.018607819724556263,True
Sideroxydans,VEGF,0.16085698335504114,0.0006593601483711314,0.01090366959438134,True
Snodgrassella,MIP1B,0.13963656047419953,0.003159010297204293,0.03035236209536055,True
Snodgrassella,PAI1,0.1398751993119266,0.003107280562134144,0.030030952726978814,True
Staphylococcus,LIF,0.17549363296642695,0.00019879472411498517,0.004973904543973411,True
Staphylococcus,IL10,0.1452983200881806,0.002120801858366084,0.02307600962447335,True
Staphylococcus,IL31,0.23470412100716717,5.52057258081521e-07,7.558583958566159e-05,True
Staphylococcus,IL1RA,0.16557400598744995,0.0004528478582230758,0.00842297016294921,True
Staphylococcus,RANTES,0.16253933725554962,0.0005773382603319084,0.009932636248432727,True
Staphylococcus,TGFB,0.1338542520702227,0.004677324415721243,0.03995586142996535,True
Staphylococcus,GROA,0.15857064949501232,0.0007881988467108197,0.012246368998738665,True
Staphylococcus,IL15,0.15154043547832388,0.0013445663796213564,0.017124981098588284,True
Staphylococcus,IL18,0.18620959638048748,7.76103098665094e-05,0.0025934997785222024,True
Staphylococcus,PDGFBB,0.22754124522296162,1.2330284052543033e-06,0.0001391563627309776,True
Stenoxybacter,SDF1A,0.16084012003074272,0.000660234424713048,0.01090366959438134,True
Stenoxybacter,IL1B,0.149438983198572,0.001570549955971247,0.019022413532158635,True
Stenoxybacter,IL4,0.1526012902095183,0.001242217304279312,0.016348681344020618,True
Stenoxybacter,IL8,0.13143521631751337,0.005488231563889089,0.04445602855942369,True
Stenoxybacter,IL10,0.12918136590056795,0.006355329059095348,0.04852891856279004,True
Stenoxybacter,SCF,0.1291264422850643,0.006377913238318005,0.04866367546698057,True
Stenoxybacter,IFNG,0.14280524421115157,0.0025319493046398866,0.02586868371253482,True
Stenoxybacter,TNFA,0.19271095545863187,4.272464001092362e-05,0.0016472988834009905,True
Stenoxybacter,MIP1B,0.22211641265406967,2.2275126897395233e-06,0.00021741406035101209,True
Stenoxybacter,IL9,0.14854275598001807,0.0016771296645341478,0.019776488316958888,True
Stenoxybacter,TNFB,0.1643550799363912,0.0004995028145499667,0.008952906810606493,True
Stenoxybacter,BDNF,0.16764275433172854,0.00038282735135691765,0.007428960688339556,True
Stenoxybacter,MCP3,0.16233592298029906,0.000586726306320936,0.01004157626338852,True
Stenoxybacter,VEGF,0.1604492695570543,0.0006808014759895309,0.011030846044674634,True
Stenoxybacter,PAI1,0.12972947504211052,0.0061338493799339274,0.04764633940917758,True
Stomatobaculum,IL17F,0.19967043766219753,2.2054503964431082e-05,0.0010710014782333085,True
Stomatobaculum,TGFA,0.13083990799122644,0.005706258202617152,0.04551156420825233,True
Stomatobaculum,MIP1A,0.23114489015450168,8.256672653708199e-07,0.00010435163976955824,True
Stomatobaculum,IFNB,0.14962031317061417,0.001549756978696541,0.018907802346522895,True
Stomatobaculum,ICAM1,-0.15434213122638024,0.0010896818363685702,0.014975167602689576,True
Stomatobaculum,VCAM1,-0.16983643961379793,0.0003196829527478827,0.006511228405348404,True
Stomatobaculum,VEGF,0.21560563372228597,4.443047964015708e-06,0.0003619798911509657,True
Stomatobaculum,LEPTIN,-0.14345555794888978,0.002418221857835797,0.025128506777937647,True
Stomatobaculum,CD40L,0.16223023222490954,0.0005916599087401904,0.010108463397505716,True
Streptococcus,LIF,0.16413695060847946,0.0005083089307105417,0.009094209508066279,True
Streptococcus,IL1B,0.15090777823357532,0.0014092378338879195,0.017680241822283227,True
Streptococcus,IL6,0.17211341996284696,0.0002645143729377483,0.005805472061273603,True
Streptococcus,IL10,0.16764403568380243,0.0003827872923930027,0.007428960688339556,True
Streptococcus,IL17A,0.16282293372491352,0.0005644821071437627,0.009814223301980974,True
Streptococcus,IL31,0.23496968156237866,5.35585023569117e-07,7.436334031470923e-05,True
Streptococcus,IL1RA,0.17705455309535714,0.0001739197801021909,0.0045965179416820314,True
Streptococcus,RANTES,0.19976207169211196,2.1859934501579135e-05,0.0010668080906760748,True
Streptococcus,GROA,0.23037405933238198,9.001177971236787e-07,0.0001109170155505653,True
Streptococcus,IL15,0.15086920812423366,0.001413271511052869,0.017680241822283227,True
Streptococcus,IL18,0.1962690673058881,3.055695275214105e-05,0.0013183322522969992,True
Streptococcus,MCSF,0.16671260954138803,0.00041295929254410836,0.007871888950697856,True
Streptococcus,PDGFBB,0.2034637792683139,1.5230582465423046e-05,0.0008270630824344806,True
Streptococcus,ENA78,0.16444753868702555,0.0004958131085476989,0.008902961063867424,True
Streptomyces,SDF1A,-0.1528036972898005,0.0012235234999405365,0.016247707154419335,True
Streptomyces,IL4,-0.13068556831562173,0.00576404010979557,0.04586110363386984,True
Streptomyces,IL8,-0.1396834979001202,0.0031487742868033125,0.030313102460260793,True
Streptomyces,IL17A,-0.16328995423957132,0.0005438884955645781,0.009625947557047775,True
Streptomyces,MIP1B,-0.19615425795862396,3.089214346526748e-05,0.0013183322522969992,True
Streptomyces,TNFB,-0.1809748503204425,0.00012370077412206758,0.003656724941685457,True
Streptomyces,EGF,-0.14544616314495395,0.0020984525682984857,0.022908688170859882,True
Streptomyces,BDNF,-0.2095856487520402,8.25773068739595e-06,0.0005614117870093054,True
Streptomyces,TRAIL,-0.15044817623008191,0.001457998403600163,0.01805646766669649,True
Streptomyces,IL1A,-0.15680967075121643,0.000902900394562601,0.013264965856331029,True
Streptomyces,MCSF,-0.14369555348355476,0.002377442271340795,0.024906297461081355,True
Streptomyces,MCP3,-0.1300480044962532,0.006008344576362615,0.04704548120236907,True
Streptomyces,ENA78,-0.17872929897817266,0.00015049205104530642,0.004153704222062774,True
Sulfuricella,IL1B,0.13584553061835214,0.004092737993047679,0.036380713377334555,True
Sulfuricella,IL2,0.13367032106652177,0.004734952473438545,0.040276448808719105,True
Sulfuricella,IL5,0.1745763766757541,0.00021492758948659692,0.005155124518634727,True
Sulfuricella,GMCSF,0.14760202200718786,0.001796102023188986,0.02063633303566087,True
Sulfuricella,TNFA,0.22312174953234298,1.9984961598551002e-06,0.00020310489839022247,True
Sulfuricella,MIP1B,0.14236772740088116,0.0026111836671602203,0.026374025195558867,True
Sulfuricella,LEPTIN,0.13810836506854754,0.0035092435094249445,0.03275958571582491,True
Sulfuritalea,TNFB,0.15580814296984036,0.000974826121054569,0.013867007072663695,True
Sulfuritalea,MCP3,0.15443311179414732,0.001082205891664826,0.014913039682548715,True
Sutterella,SCF,0.14718362908480875,0.0018514585747428586,0.021100206508456763,True
Sutterella,MIP1B,0.15157125336517016,0.0013414869344831719,0.017124981098588284,True
Sutterella,EGF,0.15465689896717344,0.0010640178429548455,0.014794200135188812,True
Sutterella,BDNF,0.15457201863567369,0.0010708829611346927,0.014868682015303943,True
Sutterella,MCP3,0.1422482863067445,0.002633203586311943,0.026501715981178914,True
Sutterella,VEGF,0.13026047314820058,0.005925916070209691,0.04654795268536027,True
TM7a,VEGFD,0.15921921366867886,0.0007494658027596896,0.011840118403213173,True
TM7a,TNFB,-0.13519529451110038,0.004275926849249961,0.03726974967277287,True
TM7a,GCSF,-0.15164113885879893,0.0013345277107985314,0.017085421003963538,True
TM7a,IL1A,-0.13270135823025683,0.00504924955768246,0.04196922608738085,True
TM7a,MCP3,-0.1950795646821015,3.420316807572781e-05,0.0013990656883424266,True
TM7a,RESISTIN,0.19835842137596504,2.5026906974626388e-05,0.0011625336680199077,True
TM7a,ICAM1,-0.1499739833948683,0.0015099270905255134,0.018559677379551758,True
TM7a,FGFB,-0.1436257884465224,0.002389231446849576,0.024953549477211096,True
TM7a,CD40L,0.13696553065716122,0.003793777921073098,0.034628761801795,True
TM7x,TGFA,0.1325064675873066,0.005114690764465019,0.042370270215206854,True
TM7x,LIF,0.17970407098147811,0.00013825471382878813,0.003894042768354838,True
TM7x,IFNB,0.20163359946973852,1.8224883672810524e-05,0.0009406330012909222,True
TM7x,TNFB,-0.13532725094913853,0.00423816268329176,0.037071701625457115,True
TM7x,GCSF,-0.14930677572471926,0.0015858711190308242,0.019088543945550505,True
TM7x,IL1A,-0.15071431684061373,0.001429577175520268,0.01780433055333767,True
TM7x,MCP3,-0.17319395590514342,0.00024157146137856835,0.005538166200627736,True
TM7x,RESISTIN,0.2059926352121862,1.1853690971320496e-05,0.0007072249774277773,True
TM7x,FGFB,-0.14223132827995041,0.0026363436112564424,0.026501715981178914,True
TM7x,CD40L,0.13066510072276177,0.005771742154942338,0.04588535013179159,True
Tannerella,IL6,-0.14566593687302895,0.002065627258237922,0.02262550390189937,True
Tannerella,IL8,-0.15823082871422395,0.00080922482876925,0.01241324060467238,True
Tannerella,IL31,-0.24924356140499634,9.967591348304344e-08,2.233193534354187e-05,True
Tannerella,HGF,0.1565464973486146,0.000921309983396808,0.013431057104750448,True
Tannerella,MIP1B,0.13493872458286207,0.0043502254075035215,0.03781703885993802,True
Tannerella,IL9,-0.16143948431009114,0.0006298109774059358,0.010595011288852756,True
Tannerella,VEGFD,-0.15302375800824003,0.0012034933016512345,0.016089900481158038,True
Tannerella,GROA,-0.24451884402821433,1.7593672565499592e-07,3.40075341471951e-05,True
Tannerella,IL23,-0.1715838042556344,0.0002764886832204852,0.0059381817847223165,True
Tannerella,IL12P40,0.21030230819357382,7.677505285175e-06,0.0005367719652571287,True
Tannerella,MCSF,-0.15589378634270942,0.0009684747906240155,0.013864157667941471,True
Tannerella,VCAM1,0.15615454104891516,0.0009493715783755386,0.013783365271908776,True
Tannerella,PDGFBB,-0.1650973225106109,0.0004705883805042792,0.008622788578087704,True
Tannerella,PAI1,0.1596626571192144,0.0007240050781649818,0.011531552233148062,True
Tannerella,ENA78,-0.14311085994032874,0.0024779091659479836,0.02552940459761144,True
Tetrasphaera,LIF,0.14476751948181385,0.002202846791553152,0.0235783536060054,True
Tetrasphaera,TGFB,0.14942945332926436,0.0015716497874620904,0.019022413532158635,True
Tetrasphaera,PDGFBB,0.1711853903259745,0.0002858282357469172,0.006059558597834643,True
Treponema,FASL,-0.14228612738469135,0.0026262090418028815,0.026471542672896527,True
Treponema,LIF,-0.13894676953287258,0.0033129653250506814,0.03137292235768455,True
Treponema,IL1B,-0.20043683237553298,2.047652828185807e-05,0.0010196246809871256,True
Treponema,IL2,-0.1294417011930039,0.006249253858228343,0.048172866630843435,True
Treponema,IL31,-0.2303865830265787,8.988582745724917e-07,0.0001109170155505653,True
Treponema,IL1RA,-0.17849065135375017,0.00015363920608654958,0.004218872684125922,True
Treponema,MCP1,0.14716133674576828,0.0018544513985734783,0.02110990980038955,True
Treponema,IL9,-0.1709002898223882,0.0002926914388745156,0.006139047243457393,True
Treponema,VEGFD,-0.14130726490802867,0.002812693478709171,0.0277993704853227,True
Treponema,GROA,-0.17009256967687206,0.00031298016084792426,0.006441249322836821,True
Treponema,IL15,-0.18700020953903326,7.225317079571408e-05,0.0024646081581458455,True
Treponema,IL18,-0.14039546444462667,0.002997161160038479,0.029200047088960072,True
Treponema,MCSF,-0.16090886203955368,0.0006566772290653572,0.01090366959438134,True
Treponema,IL21,-0.15159605996257894,0.0013390128732959296,0.017120608177628113,True
Treponema,PDGFBB,-0.24087604336754612,2.705138041460898e-07,4.9383797801336175e-05,True
Tyzzerella,FASL,-0.1663747941754125,0.0004244388482401043,0.008015552042051625,True
Tyzzerella,SDF1A,-0.1558676817626199,0.0009704066535686362,0.013864157667941471,True
Tyzzerella,IL27,-0.13012610482284187,0.005977926168212641,0.04684451205583482,True
Tyzzerella,IL4,-0.1949187715148317,3.472654547920941e-05,0.0014099112392799752,True
Tyzzerella,IL6,-0.1409518121366206,0.0028833404058187496,0.028254443062188106,True
Tyzzerella,IL8,-0.2086464582894579,9.081576156317158e-06,0.0006008468305300304,True
Tyzzerella,IL13,-0.2003889223569905,2.057194793404013e-05,0.0010196246809871256,True
Tyzzerella,IL17A,-0.2170699640869956,3.8109578856960485e-06,0.0003157010322453079,True
Tyzzerella,IL31,-0.138329608007815,0.003456449450111707,0.03248205784480573,True
Tyzzerella,SCF,-0.12908960630760324,0.006393100211644344,0.048704159108493,True
Tyzzerella,RANTES,-0.17970654827809085,0.00013822483922433079,0.003894042768354838,True
Tyzzerella,IFNG,-0.1882134038152653,6.470573675646526e-05,0.0022781041176615515,True
Tyzzerella,GMCSF,-0.15490156294837032,0.0010444558268042606,0.014646152973878238,True
Tyzzerella,TNFA,-0.1601830115177407,0.0006951504978423939,0.011142753833707835,True
Tyzzerella,MIP1B,-0.2192312975716933,3.0326556103739133e-06,0.0002820369717647739,True
Tyzzerella,IFNA,-0.12927656462745638,0.006316353902429047,0.048306141792199796,True
Tyzzerella,IL9,-0.1666167231704697,0.00041618795486736106,0.007905165431758083,True
Tyzzerella,TNFB,-0.2582821900081665,3.253782924963153e-08,1.0023685023214613e-05,True
Tyzzerella,EGF,-0.14869561727118183,0.0016584946568943366,0.01960364547681579,True
Tyzzerella,BDNF,-0.14942071877777766,0.0015726584529021392,0.019022413532158635,True
Tyzzerella,GROA,-0.17774423099113446,0.0001638857618495866,0.004378683465993476,True
Tyzzerella,IL12P40,-0.16925794492422827,0.00033531771928492894,0.006691421207916659,True
Tyzzerella,IL15,-0.15424359290958609,0.0010978324839637974,0.014989518873843649,True
Tyzzerella,MCSF,-0.20564813070227217,1.2267699473351154e-05,0.0007155916059662466,True
Tyzzerella,VCAM1,-0.16248227359609926,0.0005799577169465724,0.009950545782049567,True
Tyzzerella,FGFB,-0.15683434937002336,0.0009011916088540403,0.013259622209079296,True
Tyzzerella,LEPTIN,-0.18845850498868752,6.327411728715233e-05,0.0022356854774793823,True
Tyzzerella,ENA78,-0.24186078972410252,2.4097748511243226e-07,4.4821812230912394e-05,True
UCG-004,GROA,0.15715058090116962,0.0008795580281531072,0.01307795330548014,True
UCG-004,IL15,0.1353975469827083,0.004218168217893085,0.037071701625457115,True
UCG-004,PDGFBB,0.13730351650373024,0.0037075265365650633,0.03399888055577525,True
UCG-005,FASL,-0.20459808256994233,1.3616111213777968e-05,0.0007803931647989722,True
UCG-005,SDF1A,-0.2728109814023491,4.9127790858120705e-09,2.8488338957609053e-06,True
UCG-005,IL4,-0.17241135481667386,0.0002579929773103494,0.005741071716310214,True
UCG-005,IP10,-0.1758165618808243,0.00019339010969662872,0.004863366585176954,True
UCG-005,IL6,-0.1766248415571533,0.00018045973685143583,0.004681505489161722,True
UCG-005,IL8,-0.1908780637582089,5.065755496875773e-05,0.0018736951121713884,True
UCG-005,IL13,-0.188555794601424,6.271418312258332e-05,0.00222492868615805,True
UCG-005,IL17A,-0.1699696617114292,0.00031618006449106076,0.006488509753801043,True
UCG-005,IL31,-0.1558980048614064,0.0009681629335625209,0.013864157667941471,True
UCG-005,RANTES,-0.21161981284253611,6.710696889449016e-06,0.0004936869398223015,True
UCG-005,IFNG,-0.1860423756127897,7.879034542703831e-05,0.0026240379230396747,True
UCG-005,TNFA,-0.18028211325096535,0.00013144580750753417,0.0037888677497347136,True
UCG-005,MIP1B,-0.27347694905550846,4.49268548875826e-09,2.7680558467611827e-06,True
UCG-005,IFNA,-0.16914398235784248,0.0003384806205293751,0.00674089284278501,True
UCG-005,IL9,-0.13537680251377343,0.004224059728542312,0.037071701625457115,True
UCG-005,TNFB,-0.21487914377407988,4.792649725875733e-06,0.0003841133414445771,True
UCG-005,BDNF,-0.2096450218814164,8.208116724989092e-06,0.0005614117870093054,True
UCG-005,TRAIL,-0.1983203221686133,2.5118651987040002e-05,0.0011625336680199077,True
UCG-005,GROA,-0.19834237496905446,2.506550882599331e-05,0.0011625336680199077,True
UCG-005,IL1A,-0.1989006424836185,2.375515719879253e-05,0.0011288698037274748,True
UCG-005,MCSF,-0.184061278500419,9.411963867599875e-05,0.0030124396041168694,True
UCG-005,IL22,-0.1629626759825352,0.0005582454260100678,0.009774748507295289,True
UCG-005,PDGFBB,-0.13897910713683337,0.003305598391651046,0.03133325860086155,True
UCG-005,ENA78,-0.1959900658926256,3.1377564874133195e-05,0.0013252809339001543,True
Veillonella,MIP1B,-0.17264975858374504,0.0002528831824704184,0.005678638753515683,True
Veillonella,VCAM1,-0.12868268753986553,0.00656303792475786,0.049407310394797135,True
Veillonella,PAI1,-0.1722688257424483,0.00026109377244496585,0.005770991947897922,True
ZOR0006,PDGFBB,0.13742805042497636,0.003676197033483732,0.03380592383962932,True
hgcI clade,IL8,0.13303081009831913,0.004940338540252096,0.04129955390894586,True
hgcI clade,RANTES,0.15469241481640572,0.0010611573818796452,0.01477526761379879,True
hgcI clade,PDGFBB,0.1327628286196073,0.005028765826482304,0.04186957222758662,True
