Microbe,Cytokine,Correlation,P-value,Corrected_P-value,Exceeds_Perm_Threshold
Agathobacter,IL17F,0.07239913016867594,0.1087336790570815,0.23632522865173802,False
Agathobacter,FASL,-0.06982379583863817,0.12193187852491125,0.25549643825466983,False
Agathobacter,TGFA,0.029242672703920728,0.5175527428612582,0.6764794797121355,False
Agathobacter,MIP1A,-0.008023407470364029,0.8591015585069207,0.9156495235658472,False
Agathobacter,SDF1A,-0.010825912564968803,0.8106972923714864,0.8848750617684604,False
Agathobacter,IL27,-0.07910933836687314,0.07959945945215773,0.1876301415400536,False
Agathobacter,LIF,0.09745595026327303,0.030670158139725838,0.09158288032597474,True
Agathobacter,IL1B,0.03164345982218937,0.4837549964522184,0.6462867999100803,False
Agathobacter,IL2,0.07688024940305327,0.08848001319877463,0.20176722634302632,False
Agathobacter,IL4,-0.12314201382322149,0.006240108237603414,0.027250593156244007,True
Agathobacter,IL5,0.10486316369932994,0.019993040603307397,0.06551234860456932,True
Agathobacter,IP10,-0.038633928277072044,0.39250602670360923,0.5604510296446688,False
Agathobacter,IL6,-0.029743057519868468,0.5104093368341032,0.670303454616024,False
Agathobacter,IL7,-0.049584445221059766,0.27232941990111786,0.44355901367924905,False
Agathobacter,IL8,-0.09280086251734818,0.03962577410252812,0.11247990817536899,True
Agathobacter,IL10,-0.1194378677298246,0.008001164907435142,0.03269860281338629,True
Agathobacter,IFNB,0.038309346696599376,0.39649797070297454,0.5646647872447919,False
Agathobacter,EOTAXIN,-0.03433728446505774,0.44729965347415024,0.6126965020843593,False
Agathobacter,IL12P70,-0.06326850011584513,0.16115496679559346,0.3094385507501371,False
Agathobacter,IL13,-0.08752673253285234,0.05235253305672054,0.1381989556096735,False
Agathobacter,IL17A,0.044094034688526025,0.32904465410243955,0.500309264320973,False
Agathobacter,IL31,-0.02845853758582296,0.5288497742561699,0.6868633231243308,False
Agathobacter,IL1RA,0.12168836803459411,0.006884869074892819,0.02941206081676787,True
Agathobacter,SCF,-0.13810120981867335,0.0021394084554403527,0.012043349354720224,True
Agathobacter,RANTES,-0.06885525460888145,0.12720693208030665,0.26287974096279204,False
Agathobacter,IFNG,-0.09993597381775025,0.02665041920427294,0.08229146480375761,True
Agathobacter,GMCSF,0.22835051859849284,3.055748248357625e-07,8.420284062141011e-06,True
Agathobacter,TNFA,0.07385288292638338,0.1017968181879928,0.22424806325470875,False
Agathobacter,HGF,0.03838299006446878,0.39559011398249866,0.5638295877451704,False
Agathobacter,MIP1B,-0.029801233252129043,0.5095821781039958,0.6695904136157356,False
Agathobacter,IFNA,-0.051560458462821895,0.2536549964589039,0.4238377103951613,False
Agathobacter,TGFB,0.09276076454152879,0.03971163377218069,0.11265576058670405,True
Agathobacter,MCP1,-0.08818809770343619,0.05058999910060584,0.1345260021230557,False
Agathobacter,IL9,-0.036517454831013985,0.4189722371583562,0.5855138168074919,False
Agathobacter,VEGFD,-0.051063150834746183,0.25826893095614856,0.4292932249635707,False
Agathobacter,TNFB,-0.061143221511607726,0.17572372699036343,0.32988454246159066,False
Agathobacter,NGF,0.025175799821323355,0.5774631163344622,0.7232146149033782,False
Agathobacter,EGF,-0.03388128946137989,0.45335886939133674,0.6183001425678665,False
Agathobacter,BDNF,-0.041810528736149204,0.3547328426632568,0.5248041301818731,False
Agathobacter,TRAIL,0.006632640954607257,0.8833321208532903,0.9313629343165594,False
Agathobacter,GCSF,-0.025758907443161966,0.5686767034165208,0.7153242462623187,False
Agathobacter,GROA,-0.07654104581603946,0.08989863497000215,0.20404738341938833,False
Agathobacter,IL1A,-0.08060430025197948,0.07405886997883006,0.17840766632936977,False
Agathobacter,IL23,-0.05057562643935267,0.26284809020358796,0.43381443118714763,False
Agathobacter,IL12P40,0.0320603294621417,0.47801049326851197,0.6400797129108645,False
Agathobacter,IL15,0.051207220264892564,0.25692635146236237,0.42778691451966483,False
Agathobacter,IL18,-0.02314654729962315,0.6085264784955153,0.7440001989286114,False
Agathobacter,MCSF,-0.0676628564567058,0.13394234467218127,0.2713397799206011,False
Agathobacter,MCP3,-0.11128460887974036,0.013518516399915154,0.04899942252030785,True
Agathobacter,MIG,-0.03254344681511021,0.47139987176217735,0.6339144394244804,False
Agathobacter,RESISTIN,0.02489389665684926,0.5817336336552302,0.7265117629958772,False
Agathobacter,IL21,0.05026602309901619,0.26578493876082526,0.43667316298500997,False
Agathobacter,ICAM1,-0.05858635979019979,0.1945220058204113,0.35389486155435446,False
Agathobacter,VCAM1,0.05562819226323118,0.21805805522401644,0.38324862223631684,False
Agathobacter,FGFB,0.01527837922791998,0.7353265895295904,0.8348605972485356,False
Agathobacter,IL22,-0.19219993801810126,1.7671949463188647e-05,0.000233869013835098,True
Agathobacter,PDGFBB,-0.015925468643523004,0.7245624400522895,0.8272687709053522,False
Agathobacter,VEGF,0.06355097688809648,0.15928916265223447,0.3079547832887103,False
Agathobacter,LEPTIN,0.26872121789110076,1.3857409679068499e-09,8.162014300971346e-08,True
Agathobacter,PAI1,0.030040158368390992,0.5061924252060501,0.6661590030250919,False
Agathobacter,CD40L,-0.1323605563330709,0.003267505217251047,0.016699007140658282,True
Agathobacter,ENA78,0.0010329407490114564,0.9817671631211395,0.9901727039012862,False
Akkermansia,IL17F,0.18122574469081093,5.2753031750875103e-05,0.0005807763682479521,True
Akkermansia,FASL,0.10927112893166763,0.01531468487150275,0.05377257460098432,True
Akkermansia,TGFA,0.17087108210807433,0.00013980793903951055,0.0013426450539645053,True
Akkermansia,MIP1A,0.16087124178733536,0.00034021653570607337,0.0027450347880942083,True
Akkermansia,SDF1A,0.09743099636343641,0.030713107660354705,0.09165304831893056,True
Akkermansia,IL27,0.0674367906944903,0.13524976816316148,0.2730492320414811,False
Akkermansia,LIF,0.11049342117305831,0.014200896728121533,0.0508469797742467,True
Akkermansia,IL1B,0.09147463465918329,0.04255022385043492,0.11842684866110417,False
Akkermansia,IL2,0.21854548401508123,9.853995695766193e-07,2.082153709347547e-05,True
Akkermansia,IL4,0.1435252305511335,0.0014129774905120675,0.008824096721410515,True
Akkermansia,IL5,0.16371835277692035,0.000265477929364222,0.0022671289949921917,True
Akkermansia,IP10,0.16464804370449626,0.00024460591285986106,0.0021148313053131473,True
Akkermansia,IL6,0.1054805832269928,0.019270673731832073,0.063856128427843,True
Akkermansia,IL7,0.003151775735443625,0.9444068786298037,0.9688345119555964,False
Akkermansia,IL8,0.09645021972613872,0.03244243806381222,0.09620438524649666,True
Akkermansia,IL10,0.07793263813786826,0.08419286797408707,0.19542699206595973,False
Akkermansia,IFNB,0.20938469543330604,2.8052042541471053e-06,4.9879707341664755e-05,True
Akkermansia,EOTAXIN,-0.021742622539528723,0.6304419821560581,0.7615079774210063,False
Akkermansia,IL12P70,-0.0017402519105256802,0.9692870396720024,0.9830103409675578,False
Akkermansia,IL13,0.015535255178552212,0.7310471895848809,0.8318714654172908,False
Akkermansia,IL17A,0.12368941340696997,0.006011718120197556,0.0266483685629077,True
Akkermansia,IL31,0.056078651599888625,0.21434801581711715,0.37828009383155653,False
Akkermansia,IL1RA,0.13145427889291583,0.003488361591686649,0.01734135595383995,True
Akkermansia,SCF,-0.05419247681862844,0.2301892169361025,0.3978955684816905,False
Akkermansia,RANTES,0.07152992692058964,0.11305608852578287,0.2432512735769356,False
Akkermansia,IFNG,0.06731564106471828,0.1359544559498935,0.2737681181349992,False
Akkermansia,GMCSF,0.2085049107699289,3.0942588841227144e-06,5.440353679845608e-05,True
Akkermansia,TNFA,0.16307739750370212,0.0002808246017306729,0.0023587264230925677,True
Akkermansia,HGF,0.0564447112353575,0.21136669423155569,0.3754089194191822,False
Akkermansia,MIP1B,0.07597944395090286,0.09228744690511628,0.2080662439315349,False
Akkermansia,IFNA,0.0495573939892846,0.2725914135996429,0.44383232235021325,False
Akkermansia,TGFB,0.18339259482487502,4.2719726324112896e-05,0.00048484911631159434,True
Akkermansia,MCP1,0.10249838122813912,0.022982079851504796,0.07287453584137994,True
Akkermansia,IL9,0.14804908434935332,0.0009887702181963286,0.006538312421114348,True
Akkermansia,VEGFD,0.2772299090732526,3.93298916914125e-10,2.7253301419108192e-08,True
Akkermansia,TNFB,0.07767521242851279,0.08522574586103708,0.19724151006739032,False
Akkermansia,NGF,0.060083279170304725,0.18334570011013107,0.340395957020858,False
Akkermansia,EGF,-0.004547347000548107,0.9198608574610936,0.9548034384929689,False
Akkermansia,BDNF,-0.07252527474332376,0.10811735874812159,0.2353113138203921,False
Akkermansia,TRAIL,0.16286626899710305,0.0002860585569487153,0.0023860201115836325,True
Akkermansia,GCSF,0.15413629472854243,0.0006019475571000989,0.0044318388891494784,True
Akkermansia,GROA,0.09905789835524509,0.02801847612030276,0.08526630658229246,True
Akkermansia,IL1A,0.13831677690624555,0.002105001099611972,0.011921592766071649,True
Akkermansia,IL23,0.14520600568819628,0.0012389158155382525,0.007899555240617383,True
Akkermansia,IL12P40,-0.1301789835641779,0.0038221056024470585,0.018591111410954153,True
Akkermansia,IL15,0.12350496167319958,0.006087823670925739,0.026857652457684008,True
Akkermansia,IL18,0.11272122025464866,0.01235301449533435,0.0458326018126106,True
Akkermansia,MCSF,0.09955031049866807,0.027244039866601847,0.08368573393183044,True
Akkermansia,MCP3,0.20426619737990698,4.93422541342077e-06,8.157919350189006e-05,True
Akkermansia,MIG,0.13719078188835065,0.0022904686382627074,0.012667474440720512,True
Akkermansia,RESISTIN,0.05635945597200977,0.2120583595687525,0.37621196923492534,False
Akkermansia,IL21,0.18521825442318052,3.569544683717031e-05,0.00041882326538269734,True
Akkermansia,ICAM1,0.0908035425882943,0.04409808004483914,0.12158581227108367,False
Akkermansia,VCAM1,0.12713614811547466,0.004738222045620492,0.022029311331109087,True
Akkermansia,FGFB,0.09732964526279139,0.030888078209292905,0.092000394767502,True
Akkermansia,IL22,-0.08001662946001321,0.07619818750423415,0.18189008251357278,False
Akkermansia,PDGFBB,0.013918279317672576,0.7581188470709019,0.8501323197044479,False
Akkermansia,VEGF,0.18693665099652232,3.0094786585823436e-05,0.00036242085914849574,True
Akkermansia,LEPTIN,0.1417127677498513,0.001625657724485739,0.009833246723718617,True
Akkermansia,PAI1,-0.0957133557722319,0.03379579674050243,0.09940180577797023,True
Akkermansia,CD40L,0.03692303553399118,0.4138209906279079,0.580853293964463,False
Akkermansia,ENA78,0.0917288464788138,0.04197597623823647,0.11730113177209374,False
Alistipes,IL17F,0.11859887989584814,0.00845699457575062,0.034176122162038525,True
Alistipes,FASL,0.055127841210211,0.22223269374593427,0.38841263090906614,False
Alistipes,TGFA,0.08245239375513351,0.06764820862075686,0.16732722258320543,False
Alistipes,MIP1A,0.05318723598323987,0.23896298502386584,0.40833959600997666,False
Alistipes,SDF1A,-0.028402497136559728,0.529661913066953,0.6869821502693013,False
Alistipes,IL27,0.013835701712167005,0.7595096655983051,0.8514893039017877,False
Alistipes,LIF,0.016437413425781002,0.7160845560532783,0.8221711569500603,False
Alistipes,IL1B,-0.01348043270090706,0.7655021022602786,0.8548727015928924,False
Alistipes,IL2,-0.009433446575439784,0.8346696576671848,0.8986106662367592,False
Alistipes,IL4,0.031021800268493133,0.4923904278341653,0.6541143772073829,False
Alistipes,IL5,-0.013329053011543203,0.768059752636376,0.8561858420682763,False
Alistipes,IP10,0.06884673328444448,0.1272541158778335,0.26287974096279204,False
Alistipes,IL6,0.06483923462470247,0.15098612295092143,0.2969853849226211,False
Alistipes,IL7,0.09360401121920342,0.037938834769034264,0.10867342822595104,True
Alistipes,IL8,0.02363139658454487,0.6010372545581801,0.738930412954176,False
Alistipes,IL10,0.008435208409170282,0.8519512322077007,0.9117406782109212,False
Alistipes,IFNB,0.07422659169673274,0.10007157434357213,0.22137899451028725,False
Alistipes,EOTAXIN,0.03144954990085235,0.4864397632909868,0.6482195035710209,False
Alistipes,IL12P70,0.04830546736805357,0.28490476438074464,0.4561574073265609,False
Alistipes,IL13,-0.0754157276136462,0.09473609777516602,0.21208374830990287,False
Alistipes,IL17A,0.1046639467598347,0.0202310943357292,0.06610881866155062,True
Alistipes,IL31,0.029883117027649637,0.5084191182738316,0.6686215141798199,False
Alistipes,IL1RA,-0.01656788993891409,0.713929364966046,0.8212976483691428,False
Alistipes,SCF,0.01985837948749767,0.6603694943476058,0.7824141456791347,False
Alistipes,RANTES,-0.009984805150827796,0.8251579533997708,0.8928000634718072,False
Alistipes,IFNG,-0.043661292512529155,0.3338181269802335,0.5052638262740622,False
Alistipes,GMCSF,-0.03556041074667446,0.4312756185367048,0.5964424554219256,False
Alistipes,TNFA,0.07049414062794129,0.11838187439451202,0.25059092189889515,False
Alistipes,HGF,0.019781446065293834,0.6616034402319322,0.7826527393040574,False
Alistipes,MIP1B,0.01418212220224889,0.7536803046869257,0.8467671901966604,False
Alistipes,IFNA,0.011953446824966131,0.7914136886212517,0.8723137545692019,False
Alistipes,TGFB,0.003118409820354566,0.9449944735202446,0.9690563567415436,False
Alistipes,MCP1,0.14773673586319003,0.0010137724852238193,0.006671642388791392,True
Alistipes,IL9,0.020412386013198263,0.6515110475311489,0.7764087142050514,False
Alistipes,VEGFD,0.16847221977097285,0.00017385639827265388,0.00159927186427498,True
Alistipes,TNFB,0.004275284705779383,0.9246407937583888,0.9577725698372231,False
Alistipes,NGF,-0.03407196214949763,0.45081962945135934,0.6151931925788605,False
Alistipes,EGF,0.115803815537562,0.01014716743018845,0.03947525985734389,True
Alistipes,BDNF,-0.0956037289834348,0.03400119889544211,0.09963535397719106,True
Alistipes,TRAIL,0.07275168600816044,0.10701807036842836,0.23324197390195858,False
Alistipes,GCSF,0.057279975392724954,0.20467616928942597,0.3672303437596739,False
Alistipes,GROA,0.04546420825102179,0.31422306169876413,0.48640573808297516,False
Alistipes,IL1A,0.034529658074125114,0.4447572465052999,0.6111683130746495,False
Alistipes,IL23,0.08906995569647123,0.04831720617830358,0.13042823635596093,False
Alistipes,IL12P40,-0.20046303263215046,7.438570316336965e-06,0.00011417115091394063,True
Alistipes,IL15,0.05950267477724238,0.18762294306967794,0.34629036731074125,False
Alistipes,IL18,0.04571135647586376,0.31159692331885314,0.4834523222517076,False
Alistipes,MCSF,0.024480996023108964,0.5880150429788438,0.7310625019831958,False
Alistipes,MCP3,0.06483419490352477,0.1510179514715724,0.2969853849226211,False
Alistipes,MIG,0.06682596527359475,0.13883156722648682,0.277899041958881,False
Alistipes,RESISTIN,-0.01139871770408467,0.8008858103975309,0.8792576744159286,False
Alistipes,IL21,0.0750472021609681,0.09636475033038965,0.21479219657369727,False
Alistipes,ICAM1,0.08658986291082461,0.05493664812716571,0.14254487113172074,False
Alistipes,VCAM1,0.0936720653496625,0.03779873450217271,0.10846993725593045,True
Alistipes,FGFB,0.037972788544539296,0.40066290660569914,0.5688230237800707,False
Alistipes,IL22,-0.046439660536113904,0.3039422693671454,0.475557839886084,False
Alistipes,PDGFBB,-0.11440787713371657,0.011098624638746259,0.04217477362723578,True
Alistipes,VEGF,0.12015168204669867,0.0076307486926887975,0.03167893294075347,True
Alistipes,LEPTIN,-0.06806643876093867,0.131632533616927,0.26897332974976584,False
Alistipes,PAI1,0.03379250802666126,0.45454393600215104,0.6195577166451072,False
Alistipes,CD40L,0.12847439564616725,0.004313332954681987,0.02032442488246152,True
Alistipes,ENA78,0.09371553064681445,0.03770948406458359,0.1083600589895326,True
Alloprevotella,IL17F,-0.0728319450318543,0.10663051723512362,0.23272023956086266,False
Alloprevotella,FASL,-0.10421918355599684,0.02077147636269381,0.0673607684934709,True
Alloprevotella,TGFA,-0.06272126141468505,0.16481631601471644,0.3144188182434591,False
Alloprevotella,MIP1A,0.02457941559759547,0.5865149623218838,0.7299679087323604,False
Alloprevotella,SDF1A,-0.043414939744278576,0.3365553745667158,0.5077966458400144,False
Alloprevotella,IL27,-0.06231930106468977,0.1675451919100203,0.31833586462903857,False
Alloprevotella,LIF,-0.03847343412773511,0.39447685740826666,0.5627535428724652,False
Alloprevotella,IL1B,0.0006170271122456553,0.9891080077841694,0.9929397132204464,False
Alloprevotella,IL2,-0.10359213382222074,0.021554622937876737,0.06932790667800355,True
Alloprevotella,IL4,-0.10810436225994288,0.016448665155610685,0.056760565568127065,True
Alloprevotella,IL5,-0.23032129826261824,2.3994469152589336e-07,6.729877300416722e-06,True
Alloprevotella,IP10,0.05567845064881454,0.21764185498567432,0.38308868908946486,False
Alloprevotella,IL6,-0.09185759342176682,0.04168764858594431,0.11678489901127799,False
Alloprevotella,IL7,-0.11920846094621065,0.008123572805661283,0.03309769063752156,True
Alloprevotella,IL8,-0.0714150226933949,0.11363745265126758,0.24383409694570712,False
Alloprevotella,IL10,-0.023923141971984443,0.5965509040192052,0.7370078289823007,False
Alloprevotella,IFNB,-0.06550386674311484,0.14683311307524635,0.29070488605485745,False
Alloprevotella,EOTAXIN,-0.02950135304469955,0.513853438411257,0.6729509176747757,False
Alloprevotella,IL12P70,-0.008422553236577562,0.8521707934760897,0.9117685692232822,False
Alloprevotella,IL13,-0.03100985154750192,0.49255721006134023,0.6541515146023211,False
Alloprevotella,IL17A,0.006635471433385645,0.8832826883500329,0.9313629343165594,False
Alloprevotella,IL31,-0.2031009936588721,5.600083978199788e-06,8.944947696704205e-05,True
Alloprevotella,IL1RA,-0.01014341792632322,0.8224263299231535,0.8907627721214281,False
Alloprevotella,SCF,-0.03895879017620141,0.3885350568682252,0.5566553605764751,False
Alloprevotella,RANTES,-0.08265019570979151,0.06698989137841063,0.16622241610061658,False
Alloprevotella,IFNG,0.0024852248174830876,0.9561505567548678,0.9756752902258758,False
Alloprevotella,GMCSF,-0.048463438932772905,0.28333067991408084,0.45440917758854626,False
Alloprevotella,TNFA,-0.13183809147262907,0.0033932252292354025,0.017137060321711917,True
Alloprevotella,HGF,0.13475252410688696,0.0027442331586735856,0.014578158561070954,True
Alloprevotella,MIP1B,-0.005898440461796491,0.8961692072251318,0.9414385581309228,False
Alloprevotella,IFNA,-0.07931639574509526,0.07881259667625194,0.18614784738771886,False
Alloprevotella,TGFB,-0.09903219567466215,0.028059414078477646,0.08530061879857204,True
Alloprevotella,MCP1,-0.058133010968617775,0.19800316029000606,0.35898072000250425,False
Alloprevotella,IL9,-0.07866497804712651,0.08130962219577316,0.1903283357111193,False
Alloprevotella,VEGFD,-0.13170977599399225,0.003424765727586438,0.0171773604272441,True
Alloprevotella,TNFB,-0.08367466716122936,0.06366390852750702,0.15990636299659544,False
Alloprevotella,NGF,-0.065434136063863,0.14726469765107528,0.29143689850141397,False
Alloprevotella,EGF,-0.08705443193656291,0.05364229935269983,0.14018996924565813,False
Alloprevotella,BDNF,0.09614077933664114,0.03300502698964423,0.09774964624462829,True
Alloprevotella,TRAIL,-0.08938452495660575,0.04752744477845305,0.12885461438208903,False
Alloprevotella,GCSF,-0.10470312112498506,0.020184089240081405,0.06600099132495738,True
Alloprevotella,GROA,-0.10342666168033832,0.02176551300701407,0.0698631452922686,True
Alloprevotella,IL1A,-0.07058628410572904,0.11790028461257883,0.24990829558905597,False
Alloprevotella,IL23,-0.22698210278108982,3.609733039607326e-07,9.719464047216985e-06,True
Alloprevotella,IL12P40,0.157228063421106,0.0004645409825045571,0.003547677649208222,True
Alloprevotella,IL15,-0.18060205288446654,5.60302271242917e-05,0.0006136906024129208,True
Alloprevotella,IL18,-0.09584890023568839,0.03354329727568838,0.09884678972047758,True
Alloprevotella,MCSF,-0.09938979886859911,0.027494434844191517,0.08423522560847232,True
Alloprevotella,MCP3,-0.07728220152447347,0.08682231259008012,0.19917562654550028,False
Alloprevotella,MIG,0.07007235997088476,0.12060597861657713,0.2534769720077214,False
Alloprevotella,RESISTIN,0.056862953285813325,0.20799709961731172,0.3711027388855634,False
Alloprevotella,IL21,-0.07128256683482087,0.11431052984690832,0.24460999847349318,False
Alloprevotella,ICAM1,0.010334644144504506,0.8191358924829648,0.8891733786186378,False
Alloprevotella,VCAM1,0.029551323123868493,0.5131404163167229,0.6725779253642276,False
Alloprevotella,FGFB,-0.12673324910215295,0.00487334210438911,0.022468872794404588,True
Alloprevotella,IL22,-0.012858258164400059,0.776030101636372,0.8624183582336284,False
Alloprevotella,PDGFBB,-0.020553374857539216,0.6492644092099769,0.7745149104297243,False
Alloprevotella,VEGF,-0.06438164209737111,0.15389689192909273,0.30114707423998544,False
Alloprevotella,LEPTIN,-0.011804140996377253,0.7939601633671289,0.8744938968283654,False
Alloprevotella,PAI1,-0.02311472780993361,0.6090194240515276,0.7444097344048763,False
Alloprevotella,CD40L,0.0106460459384347,0.8137844027032816,0.886300805125099,False
Alloprevotella,ENA78,0.019288378738966404,0.6695334658546845,0.7889076496892407,False
Anaerostipes,IL17F,0.15786003958329972,0.0004403177480354497,0.003395707412018067,True
Anaerostipes,FASL,0.02764236445844654,0.5407398304560952,0.6948366733321846,False
Anaerostipes,TGFA,0.04011560275716831,0.37459388721033116,0.5438518105060398,False
Anaerostipes,MIP1A,-0.07030180994195077,0.11939204913282249,0.25148651565215,False
Anaerostipes,SDF1A,0.061537946112084456,0.17294632919978567,0.3255785470193328,False
Anaerostipes,IL27,0.04858975189495395,0.2820762862146524,0.45332041293495945,False
Anaerostipes,LIF,-0.003250916362594006,0.9426611285567853,0.9685836469037864,False
Anaerostipes,IL1B,0.08615133363421687,0.05618216284678419,0.14510361130842014,False
Anaerostipes,IL2,-0.04277271980600635,0.34375859020970745,0.5134042716539277,False
Anaerostipes,IL4,0.06395966905788404,0.15661858869810144,0.3045119282350474,False
Anaerostipes,IL5,0.07589450980493864,0.0926531046155673,0.20869093161976726,False
Anaerostipes,IP10,-0.05371070732137647,0.23436519678952972,0.40289266956302955,False
Anaerostipes,IL6,0.018622989806076018,0.6802933073107789,0.797099887746712,False
Anaerostipes,IL7,0.034871305177802694,0.4402623615543384,0.6062291781543082,False
Anaerostipes,IL8,0.05876832431165873,0.19313740893046333,0.3524645510768177,False
Anaerostipes,IL10,-0.04304792190519109,0.34065995684024286,0.5107706526834267,False
Anaerostipes,IFNB,0.04902239134905652,0.27780830093729736,0.4495304649782092,False
Anaerostipes,EOTAXIN,0.12255830843138119,0.006492197737726246,0.028040088586080373,True
Anaerostipes,IL12P70,-0.009868531178908567,0.8271617630509178,0.8939417952972305,False
Anaerostipes,IL13,0.08906516891991358,0.04832930829318926,0.13042823635596093,False
Anaerostipes,IL17A,0.13216451674874444,0.0033141734656442125,0.016863243777369998,True
Anaerostipes,IL31,0.06190010542929343,0.17042697271733567,0.3222519644639188,False
Anaerostipes,IL1RA,0.04319843658301082,0.33897280887267656,0.5095788674987035,False
Anaerostipes,SCF,0.05917149299782455,0.19009537406757343,0.34941951494653223,False
Anaerostipes,RANTES,0.0106362180909368,0.8139531648807419,0.886300805125099,False
Anaerostipes,IFNG,0.06969204377744019,0.12263926722593495,0.2563678087640992,False
Anaerostipes,GMCSF,0.11021214821060815,0.014450688212489201,0.051613562832513164,True
Anaerostipes,TNFA,0.048573898565403735,0.282233516691968,0.45332041293495945,False
Anaerostipes,HGF,0.024000628743827475,0.5953619014045938,0.7359247847372627,False
Anaerostipes,MIP1B,0.08889677615841828,0.0487566635375138,0.13121966863226028,False
Anaerostipes,IFNA,0.055377158037414796,0.22014546133974824,0.3859097521699753,False
Anaerostipes,TGFB,0.07087385731393367,0.11640712722862276,0.24741108863386127,False
Anaerostipes,MCP1,0.05105638641247954,0.25833208740287156,0.4292932249635707,False
Anaerostipes,IL9,0.09788877727427336,0.029933336518494127,0.08978095587214789,True
Anaerostipes,VEGFD,0.039428913826746535,0.3828318437436121,0.5509785118264815,False
Anaerostipes,TNFB,0.09884552955001703,0.028358271618753768,0.08598724315802302,True
Anaerostipes,NGF,0.13091205314836946,0.0036268902634069324,0.017932745982343616,True
Anaerostipes,EGF,0.07976601120975628,0.07712567882252522,0.18345088269143808,False
Anaerostipes,BDNF,0.1390300941153051,0.001994721857892117,0.01147090223896374,True
Anaerostipes,TRAIL,-0.007717576412917554,0.8644193703125731,0.9184090356060529,False
Anaerostipes,GCSF,0.032531800063605794,0.47155864381539603,0.6339470270066038,False
Anaerostipes,GROA,0.06766391421660739,0.13393625023758776,0.2713397799206011,False
Anaerostipes,IL1A,0.006799287193287157,0.8804225288227212,0.9298107428221817,False
Anaerostipes,IL23,0.010511648492858367,0.816092997154137,0.8873640959822668,False
Anaerostipes,IL12P40,0.12347829057196702,0.006098899580227059,0.026857957777598036,True
Anaerostipes,IL15,0.09563156948483247,0.03394893503020254,0.09960268704340917,True
Anaerostipes,IL18,3.8188057289682304e-05,0.9993258694065945,0.9995379954667529,False
Anaerostipes,MCSF,0.028391867431571766,0.529816030152513,0.6869821502693013,False
Anaerostipes,MCP3,0.02738412329209279,0.5445294521055946,0.697803312026533,False
Anaerostipes,MIG,-0.10815646213879714,0.01639650279368414,0.05664246419636339,True
Anaerostipes,RESISTIN,-0.01249931829617516,0.7821226823874818,0.8671282166995409,False
Anaerostipes,IL21,-0.04515360761863352,0.31754394912675066,0.48913602101511905,False
Anaerostipes,ICAM1,-0.04180051049516956,0.35484825328936587,0.5248100971435945,False
Anaerostipes,VCAM1,0.0018566526889145618,0.9672338477748768,0.9820310042480542,False
Anaerostipes,FGFB,0.02304082423832431,0.6101650164523406,0.7456165864946651,False
Anaerostipes,IL22,0.16021467761980115,0.0003600366485033445,0.0028767083663493397,True
Anaerostipes,PDGFBB,0.09826587527761092,0.02930380228556968,0.0883968934952344,True
Anaerostipes,VEGF,0.10913755912597874,0.015440925963715393,0.05409490196358879,True
Anaerostipes,LEPTIN,0.13337734196606965,0.0030348921124062275,0.01581903941776343,True
Anaerostipes,PAI1,0.11749830458846182,0.009089992292108502,0.03620629220660631,True
Anaerostipes,CD40L,-0.05808978201514884,0.19833746245509407,0.3593103126060758,False
Anaerostipes,ENA78,0.13465309403113543,0.0027643660625681367,0.014652072988550124,True
Anaerotruncus,IL17F,0.0688264301311607,0.12736659206111403,0.2629935941244388,False
Anaerotruncus,FASL,0.037806763281633,0.40272709887349945,0.5710653294889947,False
Anaerotruncus,TGFA,0.12668279710155161,0.00489050474882117,0.02250396325824742,True
Anaerotruncus,MIP1A,-0.06651598605753437,0.14067688427484273,0.28123439911033477,False
Anaerotruncus,SDF1A,-0.10404463469075699,0.020986953823522322,0.06801274168943411,True
Anaerotruncus,IL27,-0.005891843961631197,0.8962846714293973,0.9414385581309228,False
Anaerotruncus,LIF,-0.03898162439459217,0.38825686181757824,0.556604883685898,False
Anaerotruncus,IL1B,-0.08831332166726052,0.05026192174810935,0.133729065656178,False
Anaerotruncus,IL2,-0.005142768271859253,0.9094100416645953,0.9486694966401534,False
Anaerotruncus,IL4,0.03829658324630332,0.3966554426528568,0.5646647872447919,False
Anaerotruncus,IL5,0.02241844061351157,0.6198502733055036,0.754127159260401,False
Anaerotruncus,IP10,0.023597654779269225,0.6015571018871433,0.738930412954176,False
Anaerotruncus,IL6,0.0435234875733982,0.3353475209779394,0.5066231224264349,False
Anaerotruncus,IL7,-0.08353077273737358,0.06412269136171919,0.16085561517134925,False
Anaerotruncus,IL8,0.03450948978633471,0.44502340409819774,0.6112220263091351,False
Anaerotruncus,IL10,-0.07815264850107964,0.08331813912747088,0.19387410941661373,False
Anaerotruncus,IFNB,0.15093118331011376,0.0007834995913085489,0.005526721668032758,True
Anaerotruncus,EOTAXIN,0.04705940793819643,0.29752746733662105,0.4688794067191165,False
Anaerotruncus,IL12P70,-0.058932783041908215,0.19189223836119498,0.35132707885327813,False
Anaerotruncus,IL13,0.008926669320430725,0.8434336261694853,0.9056574387912075,False
Anaerotruncus,IL17A,-0.013053300532272048,0.7727252136624057,0.8597594348942752,False
Anaerotruncus,IL31,0.05728099161048992,0.20466812393022876,0.3672303437596739,False
Anaerotruncus,IL1RA,-0.020926325671696572,0.6433368466688973,0.7705651300213127,False
Anaerotruncus,SCF,-0.10286717253055648,0.02249188196859416,0.07175473787137149,True
Anaerotruncus,RANTES,0.005766793008702025,0.8984739571409038,0.9428973911019909,False
Anaerotruncus,IFNG,-0.016478891019499852,0.7153991900150174,0.8219719297404529,False
Anaerotruncus,GMCSF,0.1119591162957635,0.012959750457201113,0.04733647309322377,True
Anaerotruncus,TNFA,-0.05466646806854164,0.22613240509769778,0.39260718232142666,False
Anaerotruncus,HGF,-0.15023503578695774,0.000829108660319729,0.005728387107663582,True
Anaerotruncus,MIP1B,-0.08236369878908713,0.06794511816834221,0.16779737778261453,False
Anaerotruncus,IFNA,-0.0550425834462842,0.22294968664416587,0.3889444366780117,False
Anaerotruncus,TGFB,0.028702247636146486,0.5253252896703435,0.6836047403829492,False
Anaerotruncus,MCP1,0.0017310058955921643,0.9694501388956369,0.9830103409675578,False
Anaerotruncus,IL9,0.012356879129706769,0.7845441405633098,0.868485489948769,False
Anaerotruncus,VEGFD,0.07781455556570133,0.08466539384440525,0.19633038178879797,False
Anaerotruncus,TNFB,0.008821313932049673,0.8452580600335213,0.9068433467390602,False
Anaerotruncus,NGF,-0.025795384391948728,0.5681291832972698,0.7153242462623187,False
Anaerotruncus,EGF,-0.12841054803540883,0.004332794578025892,0.020375377297063874,True
Anaerotruncus,BDNF,-0.17371976843557782,0.00010751433055366844,0.0010755998419721565,True
Anaerotruncus,TRAIL,-0.03777771967289574,0.40308885005085227,0.5712220255862677,False
Anaerotruncus,GCSF,0.005646285525726188,0.9005844289538647,0.9446914134529409,False
Anaerotruncus,GROA,0.04736079010390924,0.2944407981065788,0.4653802780868495,False
Anaerotruncus,IL1A,-0.044469988233030784,0.32493358613676915,0.4963873657628733,False
Anaerotruncus,IL23,0.06154926230162868,0.17286719043848323,0.3255596328321874,False
Anaerotruncus,IL12P40,-0.1352769875533722,0.002640231087615151,0.014152670878236675,True
Anaerotruncus,IL15,-0.009191225556226885,0.8388560310943068,0.9022846238792482,False
Anaerotruncus,IL18,-0.004594708460258992,0.9190290411432642,0.9544713229069439,False
Anaerotruncus,MCSF,0.037216883506875624,0.41011230759493045,0.5776908653726239,False
Anaerotruncus,MCP3,-0.0363127232863366,0.4215867351232885,0.5869882525261026,False
Anaerotruncus,MIG,-0.041418460568940385,0.3592671114942628,0.5292413567356675,False
Anaerotruncus,RESISTIN,0.015558842847903775,0.7306546487099168,0.8318714654172908,False
Anaerotruncus,IL21,-0.07748647667231745,0.08598948705376956,0.19832719676816554,False
Anaerotruncus,ICAM1,0.01925723857476285,0.6700355416448365,0.788932194460898,False
Anaerotruncus,VCAM1,0.04212716889509073,0.351097312885002,0.5212817951234956,False
Anaerotruncus,FGFB,-0.006002107055300466,0.894354931378823,0.9398306058557123,False
Anaerotruncus,IL22,0.007810878587718368,0.8627963650118361,0.9170982341384551,False
Anaerotruncus,PDGFBB,-0.0203128103879994,0.6530996760664489,0.7775153293646052,False
Anaerotruncus,VEGF,-0.07933961108264936,0.07872476807529086,0.18603925715261063,False
Anaerotruncus,LEPTIN,0.13891269625051433,0.002012500336596893,0.011526043859907234,True
Anaerotruncus,PAI1,-0.08538687500324418,0.058409403535321265,0.14933538223463583,False
Anaerotruncus,CD40L,-0.07121064381915734,0.11467731644227572,0.2451721937731412,False
Anaerotruncus,ENA78,0.02260736150266565,0.6169033089139996,0.7513945017855713,False
Bacillus,IL17F,-0.04676390533628303,0.3005747804109531,0.4724177335878622,False
Bacillus,FASL,-0.009668041184704821,0.8306195403166197,0.8964819025020978,False
Bacillus,TGFA,-0.02361528967606078,0.6012853824220754,0.738930412954176,False
Bacillus,MIP1A,-0.170249928362293,0.00014796692575064945,0.0014028574529920729,True
Bacillus,SDF1A,-0.05241261143124215,0.24588251445712597,0.41541714167155885,False
Bacillus,IL27,0.02978997037344346,0.5097422622145299,0.6696140338876121,False
Bacillus,LIF,0.02236566171673013,0.6206746596445392,0.7549352081169511,False
Bacillus,IL1B,0.0627766517752823,0.16444290598563846,0.3138335249106231,False
Bacillus,IL2,0.04865628692452618,0.2814170496674109,0.45303626171262046,False
Bacillus,IL4,-0.008410660156821587,0.8523771432046041,0.9117823152735742,False
Bacillus,IL5,-0.0012430870475900978,0.978058642983856,0.987700884213444,False
Bacillus,IP10,0.034564027694252736,0.44430388489241857,0.6109705186902432,False
Bacillus,IL6,-0.015120208780934959,0.7379657044487562,0.8358403057875325,False
Bacillus,IL7,-0.024382683209100517,0.5895152594332,0.7318265610181593,False
Bacillus,IL8,0.026439148622248592,0.5585078701251034,0.7080490519815397,False
Bacillus,IL10,-0.07239988382418033,0.10872998861791873,0.23632522865173802,False
Bacillus,IFNB,0.024349147800501115,0.5900273992589107,0.7318265610181593,False
Bacillus,EOTAXIN,0.03815523642652211,0.3984018554587966,0.5666704827383454,False
Bacillus,IL12P70,-0.01929703687618517,0.6693938960403238,0.7889076496892407,False
Bacillus,IL13,-0.045373545298731555,0.3151900522494488,0.48708941797645666,False
Bacillus,IL17A,0.08458452695581889,0.060825177822389026,0.15425631749144086,False
Bacillus,IL31,0.08802812677599581,0.05101171105269062,0.135265718897174,False
Bacillus,IL1RA,0.008312964597265512,0.8540725805481824,0.9128433051731779,False
Bacillus,SCF,-0.08608983922843877,0.056358679434839666,0.14519524193382424,False
Bacillus,RANTES,0.09110244234259024,0.043402919548658,0.12037348847161654,False
Bacillus,IFNG,0.039903403255985063,0.3771278238096094,0.5462730727915399,False
Bacillus,GMCSF,0.11236146055324152,0.012636233022781761,0.04648081967474446,True
Bacillus,TNFA,-0.031179353680092885,0.49019409757077415,0.6520711989684106,False
Bacillus,HGF,-0.010045289195706384,0.8241160484858007,0.89208243061454,False
Bacillus,MIP1B,-0.11530814047664424,0.010476386677125794,0.04039667268626575,True
Bacillus,IFNA,-0.04446476667866198,0.32499045487658407,0.4963873657628733,False
Bacillus,TGFB,0.05269934752777299,0.24330502396109302,0.4123932636347735,False
Bacillus,MCP1,-0.04293044753423085,0.3419804691216881,0.5118843616586386,False
Bacillus,IL9,0.006354243803151383,0.8881963321586728,0.9352360038283052,False
Bacillus,VEGFD,0.1672141771157552,0.0001946815226452249,0.0017473130184843806,True
Bacillus,TNFB,0.03367872404427349,0.45606528123432777,0.6202883194785618,False
Bacillus,NGF,-0.001367539728822177,0.9758626037694085,0.98675205771705,False
Bacillus,EGF,-0.05217098399549741,0.24806928969611916,0.41756496148601535,False
Bacillus,BDNF,-0.0361168377729584,0.4240971735241591,0.5894768395909783,False
Bacillus,TRAIL,-0.09599429334571159,0.033274241322507246,0.09823823628549759,True
Bacillus,GCSF,-0.0815382514557215,0.07075988923293633,0.17338564641996673,False
Bacillus,GROA,0.045685984139357844,0.31186585728793076,0.4836454976993856,False
Bacillus,IL1A,-0.08859255586377268,0.04953674734128166,0.13254807125049356,False
Bacillus,IL23,0.05656826260265568,0.2103672253865222,0.3743128688208712,False
Bacillus,IL12P40,0.014203335046097136,0.75332379791509,0.8467671901966604,False
Bacillus,IL15,0.08554416983813959,0.0579452475556105,0.14847091162699114,False
Bacillus,IL18,0.06810028899247604,0.13144020730056388,0.2688134795140004,False
Bacillus,MCSF,0.016696786528343232,0.7118025026139229,0.8202168118522694,False
Bacillus,MCP3,-0.09057071233623354,0.04464605145699679,0.12273756969974846,False
Bacillus,MIG,-0.07032169122506536,0.11928731603764607,0.25142677759268617,False
Bacillus,RESISTIN,0.05780561270532285,0.2005452747471392,0.3623348675646165,False
Bacillus,IL21,-0.12646245571371728,0.0049661006018796175,0.022785069168507067,True
Bacillus,ICAM1,0.0871971934126527,0.05324968395559697,0.1396285535886327,False
Bacillus,VCAM1,-0.030534185775702386,0.49922108796552955,0.6597429728723095,False
Bacillus,FGFB,-0.02450779772439266,0.5876063645765031,0.7307472129544689,False
Bacillus,IL22,0.09973655495901983,0.026955963287855378,0.0829089419140826,True
Bacillus,PDGFBB,0.13911820602490377,0.0019814729121568845,0.011442034757454951,True
Bacillus,VEGF,-0.09853438575111353,0.02886249848272599,0.08729145882580544,True
Bacillus,LEPTIN,0.13890846432827855,0.0020131439084685172,0.011526043859907234,True
Bacillus,PAI1,-0.016257259814935456,0.7190640128802734,0.8235852281701139,False
Bacillus,CD40L,-0.14242274865779847,0.0015390712488317078,0.009467498334849878,True
Bacillus,ENA78,0.09263543423565235,0.03998101237755067,0.11307955001381678,True
Bacteroides,IL17F,-0.027873458556805092,0.537359764265611,0.6923815174239977,False
Bacteroides,FASL,0.03248180105223386,0.4722405793695319,0.6342875560174869,False
Bacteroides,TGFA,-0.07051300315295678,0.11828316402923553,0.2504945028789923,False
Bacteroides,MIP1A,-0.02443724253216433,0.5886824874482808,0.7314311972884212,False
Bacteroides,SDF1A,0.01242683875142674,0.7833545693216436,0.8678971856674311,False
Bacteroides,IL27,0.0036031407354500367,0.9364611485548999,0.9647146768672253,False
Bacteroides,LIF,-0.1317257183370754,0.003420832608638314,0.0171773604272441,True
Bacteroides,IL1B,0.002145513152199006,0.9621396059230689,0.9793911909936273,False
Bacteroides,IL2,-0.15334596582798335,0.0006426778719744084,0.004635378503284875,True
Bacteroides,IL4,0.04934183761935936,0.2746852401705639,0.4458549265186693,False
Bacteroides,IL5,-0.18775642386809774,2.7726493688963345e-05,0.0003420084771266892,True
Bacteroides,IP10,0.03341848650475796,0.45955548886151354,0.6227855805336359,False
Bacteroides,IL6,0.024051731091106785,0.5945783473297221,0.735562762968141,False
Bacteroides,IL7,-0.12584839999039643,0.005182364583048914,0.02348009799550623,True
Bacteroides,IL8,0.04735332681125933,0.2945169756483415,0.4653802780868495,False
Bacteroides,IL10,0.06996526032928899,0.1211758874841278,0.25453490687648544,False
Bacteroides,IFNB,-0.08499258592655737,0.05958644344687431,0.15160438527088108,False
Bacteroides,EOTAXIN,0.056140866875182396,0.2138391911418243,0.37809015709578836,False
Bacteroides,IL12P70,0.06386264031562597,0.15724953226824329,0.30542448311952286,False
Bacteroides,IL13,0.0201488010022475,0.6557196987462695,0.7791046250318163,False
Bacteroides,IL17A,0.09781310009960086,0.03006106017016191,0.09004940592613028,True
Bacteroides,IL31,-0.004705772585910206,0.9170787535172398,0.9530955198082255,False
Bacteroides,IL1RA,-0.14904480842428874,0.0009128158576785096,0.006145303057570628,True
Bacteroides,SCF,-0.10699380757935746,0.01759564194736679,0.059534828743602615,True
Bacteroides,RANTES,0.07669729911247675,0.0892428991039323,0.20275435900565522,False
Bacteroides,IFNG,-0.006222861071196629,0.8904933479744912,0.9370830223906234,False
Bacteroides,GMCSF,-0.16305371336111713,0.00028140725400340014,0.0023594145566975472,True
Bacteroides,TNFA,-0.13685937795791625,0.002347831091879462,0.012879757820718101,True
Bacteroides,HGF,-0.032749033268909086,0.46860209852057433,0.6315941327886002,False
Bacteroides,MIP1B,0.044508012813675064,0.32451964937427535,0.4963117779459868,False
Bacteroides,IFNA,-0.0819335438944782,0.06940026995498721,0.1709051396335677,False
Bacteroides,TGFB,-0.09225020724279906,0.04081869416565467,0.11503450173957225,True
Bacteroides,MCP1,0.002761478103410847,0.9512820695466118,0.9728538326510543,False
Bacteroides,IL9,-0.02713078314330707,0.5482598925912407,0.7004882358703706,False
Bacteroides,VEGFD,-0.01710149057991189,0.70513925252334,0.8154140433672971,False
Bacteroides,TNFB,0.004379572230419535,0.9228082078331314,0.956505119953743,False
Bacteroides,NGF,-0.05565882665832553,0.21780429755651354,0.3831970631722797,False
Bacteroides,EGF,0.05721920871598491,0.20515767374377625,0.36756766489759457,False
Bacteroides,BDNF,0.04543526596058536,0.31453154204292944,0.48672335832718666,False
Bacteroides,TRAIL,-0.05694447614217574,0.20734485300267846,0.37032391205312815,False
Bacteroides,GCSF,-0.07031732137058198,0.11931032994423732,0.25142677759268617,False
Bacteroides,GROA,0.05072193921575373,0.26146799101832446,0.43244548040657943,False
Bacteroides,IL1A,-0.009507968846718427,0.8333826017384115,0.8983982657038194,False
Bacteroides,IL23,0.004442333509898485,0.9217055354618922,0.955782676737772,False
Bacteroides,IL12P40,0.0036370339653518133,0.9358647442782517,0.9646782276059455,False
Bacteroides,IL15,-0.11798443254474769,0.008805371775275461,0.03534149216788584,True
Bacteroides,IL18,-0.011755825662462187,0.7947846725952008,0.8745972389697773,False
Bacteroides,MCSF,0.04554852532189535,0.3133255023830011,0.4853352292007565,False
Bacteroides,MCP3,-0.04948021922868895,0.2733398030385396,0.4447377754478805,False
Bacteroides,MIG,-0.052013854938603755,0.2494985973715306,0.4192715373804038,False
Bacteroides,RESISTIN,-0.0033575220113191695,0.940784234792891,0.9676872548229868,False
Bacteroides,IL21,-0.06062048318421515,0.17945272919299995,0.33559242275022955,False
Bacteroides,ICAM1,0.033742385918156176,0.4552137405163815,0.6197347701870092,False
Bacteroides,VCAM1,-0.04008461415146977,0.37496327549563213,0.544141347131327,False
Bacteroides,FGFB,-0.05078127371536398,0.2609097424901654,0.4321748373765402,False
Bacteroides,IL22,0.109138990932071,0.015439567891148864,0.05409490196358879,True
Bacteroides,PDGFBB,-0.036831100416459574,0.4149853639606341,0.5821408261335242,False
Bacteroides,VEGF,0.00323797208062168,0.9428890467630875,0.9685836469037864,False
Bacteroides,LEPTIN,-0.19881248231683774,8.867743737660776e-06,0.00013265018568843674,True
Bacteroides,PAI1,-0.055417349336091035,0.219810304183403,0.38546563204770934,False
Bacteroides,CD40L,-0.02360594369931659,0.6014293788695401,0.738930412954176,False
Bacteroides,ENA78,0.11253920444168089,0.012495596910771435,0.04621605388034144,True
Barnesiella,IL17F,0.05163923150606922,0.25292943565795906,0.42277527521117525,False
Barnesiella,FASL,0.04502712448761739,0.3189028325933417,0.4904275937270972,False
Barnesiella,TGFA,-0.016359851440403896,0.7173667838897124,0.8225573278932253,False
Barnesiella,MIP1A,0.2013991300777065,6.728565576009947e-06,0.0001060367926226049,True
Barnesiella,SDF1A,0.13884892213204056,0.002022218803544335,0.011563950245510808,True
Barnesiella,IL27,-0.08904429940617152,0.04838210107256697,0.1304845740486038,False
Barnesiella,LIF,-0.010530576938481553,0.8157677594875093,0.8873640959822668,False
Barnesiella,IL1B,0.08091967728281745,0.07293112896731081,0.17659377168240933,False
Barnesiella,IL2,0.16185260775277244,0.00031248083286175945,0.002568727337427209,True
Barnesiella,IL4,0.10724200043642039,0.01733341482788688,0.0590137649342507,True
Barnesiella,IL5,0.14280573322061152,0.0014941420168633108,0.009239366382493334,True
Barnesiella,IP10,-0.026831397955014703,0.5526845110887192,0.7038511935810932,False
Barnesiella,IL6,0.04573797912993927,0.3113149005588225,0.4831738509331922,False
Barnesiella,IL7,-0.008297694488155946,0.8543376434239632,0.9128433051731779,False
Barnesiella,IL8,0.003495545739929255,0.9383546843477045,0.9660349521512729,False
Barnesiella,IL10,0.15030990124918348,0.0008240884743791372,0.005710448369521315,True
Barnesiella,IFNB,0.026912088713763653,0.5514902638249084,0.7029002226516009,False
Barnesiella,EOTAXIN,0.07760277172961974,0.0855182364605543,0.19772420520222367,False
Barnesiella,IL12P70,0.0445626309751156,0.3239256735188568,0.4958862162510895,False
Barnesiella,IL13,-0.028794192802735766,0.5239987172548448,0.6824438794098476,False
Barnesiella,IL17A,-0.11290563877389276,0.012210017116299498,0.04541542579461399,True
Barnesiella,IL31,-0.14182044803138744,0.0016122441801782856,0.009777213097812204,True
Barnesiella,IL1RA,-0.0622373276772966,0.16810583262997794,0.3190835389061134,False
Barnesiella,SCF,0.12605754154585966,0.005107772580763113,0.0232764259192996,True
Barnesiella,RANTES,-0.10691610861830059,0.017678443880267326,0.05975669122225226,True
Barnesiella,IFNG,0.03954509639993812,0.3814303183779495,0.5498399614262443,False
Barnesiella,GMCSF,-0.20627569384523192,3.959720691569902e-06,6.711584136214884e-05,True
Barnesiella,TNFA,0.0638158013896383,0.15755479569169617,0.30576532013973323,False
Barnesiella,HGF,0.043697486612323116,0.33341718061356906,0.5051645514633882,False
Barnesiella,MIP1B,0.018106472596184926,0.6886908891953323,0.8026493865665115,False
Barnesiella,IFNA,0.020300077789636918,0.6533029251183865,0.7775608444450208,False
Barnesiella,TGFB,-0.052762827120865496,0.2427369701427678,0.4115784826602094,False
Barnesiella,MCP1,0.0760470251815713,0.09199732304490166,0.20751143426882557,False
Barnesiella,IL9,0.05042858550148397,0.26424010077821386,0.4351853200116641,False
Barnesiella,VEGFD,-0.14264614720326238,0.0015127151435558556,0.009341957741068404,True
Barnesiella,TNFB,-0.002714649608785181,0.9521072183176469,0.9729232202062299,False
Barnesiella,NGF,-0.042499430766456424,0.34685338101534435,0.5165528228016127,False
Barnesiella,EGF,0.06683810636584087,0.13875967093966102,0.277899041958881,False
Barnesiella,BDNF,-0.030089026927735282,0.5055005615169589,0.6657123101922611,False
Barnesiella,TRAIL,0.1200141144894087,0.007700920597430725,0.03183047180271366,True
Barnesiella,GCSF,0.024431030545054796,0.5887772774437567,0.7314311972884212,False
Barnesiella,GROA,-0.0404454329969618,0.37067617814514375,0.5405837670751833,False
Barnesiella,IL1A,0.1138623666785159,0.011491395344414148,0.043317963890303575,True
Barnesiella,IL23,-0.04522221554793309,0.3168084386962524,0.48837599142584803,False
Barnesiella,IL12P40,0.14148184044852258,0.0016547698497656508,0.009958206298972856,True
Barnesiella,IL15,0.02840465797338867,0.5296305864839934,0.6869821502693013,False
Barnesiella,IL18,0.025712250721248015,0.5693773884599302,0.7160144794297281,False
Barnesiella,MCSF,0.010332999161061502,0.8191641843343604,0.8891733786186378,False
Barnesiella,MCP3,0.1789139852860167,6.589132960939851e-05,0.0007088583221906068,True
Barnesiella,MIG,0.22565345041546742,4.239324928448519e-07,1.0682192012218942e-05,True
Barnesiella,RESISTIN,-0.19340020013439155,1.5619712189351923e-05,0.00020909114726200644,True
Barnesiella,IL21,0.16749281933627802,0.00018987692490434559,0.0017205770579793776,True
Barnesiella,ICAM1,-0.09350088601988914,0.03815197342625689,0.1091512439493154,True
Barnesiella,VCAM1,-0.0488445809450303,0.2795570637794622,0.451861663109302,False
Barnesiella,FGFB,-0.0414190023758814,0.35926082054871566,0.5292413567356675,False
Barnesiella,IL22,0.03882420631285712,0.39017718333172746,0.5579711344033688,False
Barnesiella,PDGFBB,0.09809931901870021,0.029580440167156184,0.08906264157676673,True
Barnesiella,VEGF,0.12303638966544302,0.006285063425473755,0.027396132156181623,True
Barnesiella,LEPTIN,-0.2898597702190449,5.5912648314119893e-11,5.7273999751333244e-09,True
Barnesiella,PAI1,-0.12101835225999341,0.007201659194705062,0.030298409040580582,True
Barnesiella,CD40L,0.110791979113892,0.013939917790522977,0.0501028929282565,True
Barnesiella,ENA78,-0.18525343699790287,3.557148241891337e-05,0.00041882326538269734,True
Bilophila,IL17F,0.07902032600073462,0.07993967686133577,0.18814972895635074,False
Bilophila,FASL,0.14617017037280894,0.0011482036609840988,0.007361000885111666,True
Bilophila,TGFA,0.10315144182054543,0.022120239542965908,0.07090514879350705,True
Bilophila,MIP1A,0.04805646094547485,0.2873979053585799,0.45843565675342873,False
Bilophila,SDF1A,0.1509063241296738,0.0007850874752540791,0.0055296445192783575,True
Bilophila,IL27,0.13094498008205194,0.003618337870252105,0.0179092521477184,True
Bilophila,LIF,0.1516437841834328,0.0007392263085972767,0.005253747158537507,True
Bilophila,IL1B,0.1833722253571763,4.2805015361974375e-05,0.00048484911631159434,True
Bilophila,IL2,0.13815545824827596,0.0021307016146450194,0.012009409100726473,True
Bilophila,IL4,0.08603380416418513,0.05651992582095298,0.1454516059357348,False
Bilophila,IL5,0.10773182611684555,0.016825900986991625,0.05778691359380796,True
Bilophila,IP10,0.1749633554535091,9.574266677964572e-05,0.0009764923070685944,True
Bilophila,IL6,0.1836048527175224,4.184049243329571e-05,0.00047756040591870807,True
Bilophila,IL7,0.03581240445430664,0.4280159919392179,0.593005396653218,False
Bilophila,IL8,0.1742061743823089,0.00010275658642126738,0.0010345919555919058,True
Bilophila,IL10,0.14200875457037854,0.0015890310067219954,0.009654807988246946,True
Bilophila,IFNB,0.11687387408281863,0.00946758574361883,0.03733160169366688,True
Bilophila,EOTAXIN,-0.0030726797583852912,0.945799857271477,0.9694602844166194,False
Bilophila,IL12P70,0.037696591049165416,0.40410037125365905,0.5721517275682817,False
Bilophila,IL13,0.13993841270189047,0.0018619507677074083,0.010898772692468707,True
Bilophila,IL17A,0.19156314024718907,1.886227283105996e-05,0.0002475738985514054,True
Bilophila,IL31,0.203964860647716,5.098785078565127e-06,8.336208382660601e-05,True
Bilophila,IL1RA,0.20510080423448696,4.504501641476497e-06,7.526670827885551e-05,True
Bilophila,SCF,0.05426729128630601,0.22954548624967974,0.3975076557179313,False
Bilophila,RANTES,0.17898011354183652,6.547601434048828e-05,0.0007060022415843953,True
Bilophila,IFNG,0.16708762601626595,0.0001969010310882247,0.0017605268662005972,True
Bilophila,GMCSF,0.17745915929104883,7.568211384133212e-05,0.0007910440311013993,True
Bilophila,TNFA,0.10216706841101966,0.023430322983510936,0.07404673500892256,True
Bilophila,HGF,-0.016369302293556022,0.7172105030947511,0.8225573278932253,False
Bilophila,MIP1B,0.018324517252516596,0.6851411601909767,0.8004874947066952,False
Bilophila,IFNA,0.1436943206440698,0.0013945005620917188,0.008747246570438098,True
Bilophila,TGFB,0.2315499270862499,2.0614367141514392e-07,5.9228596323668175e-06,True
Bilophila,MCP1,-0.11339864510590669,0.01183489678470471,0.04432912054811494,True
Bilophila,IL9,0.1925526211490072,1.70437674978306e-05,0.00022686506341745136,True
Bilophila,VEGFD,0.14923138662123345,0.0008991977062278783,0.00609643106726009,True
Bilophila,TNFB,0.16165372406370582,0.00031792525663768104,0.0026001555059863898,True
Bilophila,NGF,0.1305669942181196,0.0037176241002188208,0.018295568997650745,True
Bilophila,EGF,0.010909632631232659,0.8092613745472775,0.8840375458107896,False
Bilophila,BDNF,0.048178353918500796,0.2861756414820925,0.45723080810655026,False
Bilophila,TRAIL,0.13437173773166636,0.002822066890744008,0.014860903536582619,True
Bilophila,GCSF,0.10837872589241705,0.016175596466344443,0.05600250591433873,True
Bilophila,GROA,0.23556256980882376,1.248082056549129e-07,3.818806915882789e-06,True
Bilophila,IL1A,0.12193309437933854,0.006772309267347765,0.02898376136943022,True
Bilophila,IL23,0.08029582305928083,0.07517564543645397,0.18017682670222335,False
Bilophila,IL12P40,0.1359391320764027,0.0025140599639527387,0.01361616121607104,True
Bilophila,IL15,0.19462736884738907,1.3756824747760048e-05,0.00019196927972216907,True
Bilophila,IL18,0.18133583889998797,5.2193680731258424e-05,0.0005759639897088752,True
Bilophila,MCSF,0.16730279350587376,0.00019314130563484567,0.0017401182259108848,True
Bilophila,MCP3,0.061062682362366845,0.17629447540668458,0.33069250323101024,False
Bilophila,MIG,0.0793910715132719,0.07853036525977046,0.18583058733886687,False
Bilophila,RESISTIN,0.10457786317181052,0.02033472016700669,0.06635540265023236,True
Bilophila,IL21,0.126750582010894,0.004867458384365162,0.022463725668098573,True
Bilophila,ICAM1,0.020645055524896257,0.647805193169094,0.7735613813775617,False
Bilophila,VCAM1,-0.004583518437705423,0.919225565227443,0.9544713229069439,False
Bilophila,FGFB,0.15391744972076551,0.0006129793306215275,0.00447807535796688,True
Bilophila,IL22,0.1137732537805792,0.011556712656707553,0.0434945926824329,True
Bilophila,PDGFBB,0.10784129838517434,0.016714269889924797,0.05744539731679479,True
Bilophila,VEGF,0.06279356417847523,0.16432901895284643,0.3137432485031655,False
Bilophila,LEPTIN,0.1961525176715222,1.173514428020974e-05,0.00016858536539130577,True
Bilophila,PAI1,-0.07287445823282405,0.1064256801178904,0.23248855109666183,False
Bilophila,CD40L,-0.05398648360496645,0.23196826639616872,0.3995009032378461,False
Bilophila,ENA78,0.16885188154621664,0.00016799409446300743,0.0015521336727641,True
Blautia,IL17F,0.014109381651364047,0.7549031922653341,0.8479389372954121,False
Blautia,FASL,0.029250438261233493,0.5174414904085372,0.6764794797121355,False
Blautia,TGFA,0.028975452997216263,0.5213885435385589,0.6794200268677238,False
Blautia,MIP1A,-0.19781039373119466,9.85924372182163e-06,0.00014563246525775399,True
Blautia,SDF1A,0.005594853377748473,0.9014853847837884,0.9450053688767989,False
Blautia,IL27,0.09988395014857228,0.026729839535673976,0.08242866746864906,True
Blautia,LIF,0.0616272013609166,0.17232286363263535,0.32492410301599756,False
Blautia,IL1B,0.04711171033265406,0.29699026083324365,0.46834608736487415,False
Blautia,IL2,-0.10381612672702574,0.02127197615275612,0.06870017246866816,True
Blautia,IL4,-0.012776527476025418,0.7774161909240307,0.8634573628858138,False
Blautia,IL5,-0.09052045617706643,0.0447650789301181,0.12292135892699096,False
Blautia,IP10,-0.02778856820126377,0.5386001706947128,0.693227846313989,False
Blautia,IL6,0.02349744065531871,0.6031022542078435,0.7406353457981127,False
Blautia,IL7,-0.11607421746709588,0.009971469993903269,0.038927561401219724,True
Blautia,IL8,0.0762019701304489,0.09133490691354094,0.20631355770690554,False
Blautia,IL10,-0.07386534328035001,0.10173891641007776,0.2242253386923697,False
Blautia,IFNB,-0.006993021966217313,0.8770420038418976,0.9279051394519872,False
Blautia,EOTAXIN,0.10971018443232478,0.014906079526025632,0.05277043330325528,True
Blautia,IL12P70,0.014430608968322075,0.7495074965828992,0.8451015371855997,False
Blautia,IL13,0.11101987941568381,0.013743553070748978,0.049548295385898375,True
Blautia,IL17A,0.14671949900889122,0.0010992983874058104,0.007095745207474218,True
Blautia,IL31,0.015168105691903461,0.7371662053610658,0.8357861308136049,False
Blautia,IL1RA,0.029663551181766088,0.5115409109100204,0.6711882252065813,False
Blautia,SCF,0.024632701267923433,0.5857035372709012,0.7296594443221279,False
Blautia,RANTES,0.06611231744536755,0.1431080513557081,0.2853682344426985,False
Blautia,IFNG,0.1071855915996101,0.017392711431726646,0.059130199326331866,True
Blautia,GMCSF,0.24433143501121882,4.038520663922652e-08,1.4983865644412234e-06,True
Blautia,TNFA,-0.03930647422691418,0.3843122482291491,0.5529402484445041,False
Blautia,HGF,0.10536389424157291,0.019405428121392707,0.06416728232140521,True
Blautia,MIP1B,0.04683174010772354,0.299873420467167,0.4716880404887259,False
Blautia,IFNA,-0.0066377865803071995,0.883242256125221,0.9313629343165594,False
Blautia,TGFB,0.02844525604538072,0.5290421933426386,0.6869238950208082,False
Blautia,MCP1,-0.03360909237813324,0.4569976957170593,0.6203419836665959,False
Blautia,IL9,0.05534782941369342,0.22039026469710118,0.3861952128124733,False
Blautia,VEGFD,0.02632508792552277,0.5602067843335805,0.7084525946805773,False
Blautia,TNFB,0.094787636471688,0.035563968149340736,0.10344285056771206,True
Blautia,NGF,0.03323327095196952,0.4620485850296203,0.6250855390926129,False
Blautia,EGF,-0.014475124282364272,0.7487607237608647,0.8444615917571073,False
Blautia,BDNF,0.09539021872106253,0.034404297276701815,0.10069133463839687,True
Blautia,TRAIL,-0.10791220985455229,0.016642306464016817,0.05728162750799652,True
Blautia,GCSF,-0.037560824605319794,0.4057965070670698,0.5735192385423014,False
Blautia,GROA,0.046400382616551196,0.3043518855891769,0.4758148921354352,False
Blautia,IL1A,-0.08703178291439483,0.05370480847080865,0.14027553077297691,False
Blautia,IL23,-0.009160398412689303,0.8393891540763432,0.9026019383860632,False
Blautia,IL12P40,0.23455765667661346,1.41641235842264e-07,4.251041422221324e-06,True
Blautia,IL15,0.04638940286422458,0.30446645505807707,0.4758361314207825,False
Blautia,IL18,0.04739984294032775,0.29404240203215054,0.4652544655391179,False
Blautia,MCSF,0.025101177493965458,0.578592127929836,0.7241237999483101,False
Blautia,MCP3,-0.07245727520128147,0.10844924923891809,0.23592468255483937,False
Blautia,MIG,-0.10808673604144699,0.016466345383006835,0.056760565568127065,True
Blautia,RESISTIN,0.14681939351345658,0.001090614143864187,0.00706873981552689,True
Blautia,IL21,-0.16960179904009273,0.00015695536509675233,0.0014674080959045574,True
Blautia,ICAM1,-0.002039985622565135,0.9640004847668292,0.9804382223659182,False
Blautia,VCAM1,0.020593363085051563,0.6486277795833579,0.7739514047598842,False
Blautia,FGFB,0.008305897273410691,0.8541952551164672,0.9128433051731779,False
Blautia,IL22,0.1234921774714823,0.006093130406889686,0.026857652457684008,True
Blautia,PDGFBB,0.10136222968555166,0.024550842253618817,0.07712237913270124,True
Blautia,VEGF,-0.01734109346334219,0.7012048727897973,0.8122921189938933,False
Blautia,LEPTIN,0.2662429236217655,1.9835420704578973e-09,1.1126726471425728e-07,True
Blautia,PAI1,0.0932776863185627,0.03861675925890524,0.11014659178448032,True
Blautia,CD40L,-0.0570696377555962,0.2063463436106195,0.3692760999214732,False
Blautia,ENA78,0.18886079477244647,2.481413744955483e-05,0.0003126315926799528,True
Butyricicoccus,IL17F,0.03257421791237722,0.47098053226117,0.6335313354309543,False
Butyricicoccus,FASL,-0.014697717977731554,0.745030108345774,0.8412609323089593,False
Butyricicoccus,TGFA,-0.05318216275943915,0.23900785272803113,0.40833959600997666,False
Butyricicoccus,MIP1A,-0.062268981364841325,0.16788917732284564,0.3188608639843808,False
Butyricicoccus,SDF1A,-0.00873891985722358,0.8466854512566306,0.9079612759037878,False
Butyricicoccus,IL27,-0.0075715933290721165,0.8669599098937761,0.9194497176276104,False
Butyricicoccus,LIF,-0.015460430610782274,0.7322928680245477,0.832866037685655,False
Butyricicoccus,IL1B,-0.027999185950215413,0.5355252854154026,0.6907940978177132,False
Butyricicoccus,IL2,-0.010415065504189424,0.8177530231696785,0.8884602824937803,False
Butyricicoccus,IL4,-0.0027797402356051527,0.9509602928709673,0.9728451802014758,False
Butyricicoccus,IL5,0.05611232662594303,0.21407249826320823,0.37821882707770427,False
Butyricicoccus,IP10,-0.006045805475597253,0.8935903269534787,0.9392365872417558,False
Butyricicoccus,IL6,0.014293962357836932,0.7518012907169069,0.8467671901966604,False
Butyricicoccus,IL7,-0.007657162571588965,0.865470582816161,0.9191114235361169,False
Butyricicoccus,IL8,-0.007920056325693306,0.8608979351901528,0.9165025755396677,False
Butyricicoccus,IL10,-0.06427844334312559,0.15455918258600432,0.30172186164061954,False
Butyricicoccus,IFNB,-0.05122969851670812,0.25671731354105426,0.42759756728200055,False
Butyricicoccus,EOTAXIN,0.10730090928220996,0.017271678974922818,0.05893131884854187,True
Butyricicoccus,IL12P70,-0.04781632065392891,0.2898161383546636,0.46073334815356776,False
Butyricicoccus,IL13,0.044168228553773045,0.32823069070172395,0.49955523726954887,False
Butyricicoccus,IL17A,-0.0330185084908458,0.46494879692752444,0.6279274093214374,False
Butyricicoccus,IL31,0.0507323094994467,0.2613703629088254,0.4324357970598263,False
Butyricicoccus,IL1RA,-0.012333241056002104,0.7849461884792234,0.868485489948769,False
Butyricicoccus,SCF,-0.04585930386194457,0.3100317925633927,0.4822944227661626,False
Butyricicoccus,RANTES,-0.012770716424002402,0.7775147688294796,0.8634573628858138,False
Butyricicoccus,IFNG,0.016375963445413252,0.717100360329173,0.8225573278932253,False
Butyricicoccus,GMCSF,0.02588530599866982,0.5667805319843463,0.7142738343702165,False
Butyricicoccus,TNFA,-0.04784424318788623,0.2895342564714392,0.46073334815356776,False
Butyricicoccus,HGF,0.05144987645562974,0.25467597792258656,0.42519147681294056,False
Butyricicoccus,MIP1B,0.005144755605345074,0.9093751851861517,0.9486694966401534,False
Butyricicoccus,IFNA,-0.017218172735694478,0.7032222927746694,0.8143483518196712,False
Butyricicoccus,TGFB,-0.0497137410466183,0.2710795512433938,0.442192365839656,False
Butyricicoccus,MCP1,-0.11731432865965127,0.009199825055163953,0.036581920388128734,True
Butyricicoccus,IL9,-0.026090215515335483,0.5637130121308762,0.7113040300118837,False
Butyricicoccus,VEGFD,-0.09037825590901437,0.045103314806833,0.12367022701842197,False
Butyricicoccus,TNFB,-0.004776469389412346,0.9158375749693293,0.9524225674807943,False
Butyricicoccus,NGF,0.058736496381074164,0.19337907043581254,0.35249600769576356,False
Butyricicoccus,EGF,-0.007625865805076005,0.866015246037632,0.9191650891931578,False
Butyricicoccus,BDNF,-0.004505429271753223,0.9205971376909693,0.9550536575957391,False
Butyricicoccus,TRAIL,-0.001999636557965824,0.9647120548298811,0.980738554985631,False
Butyricicoccus,GCSF,-0.0229770010592912,0.6111551177404986,0.7464393247260832,False
Butyricicoccus,GROA,-0.015325409137828047,0.7345424820625095,0.8346188028643705,False
Butyricicoccus,IL1A,-0.026893558786287724,0.5517644003949218,0.7030594523150003,False
Butyricicoccus,IL23,-0.04091344021865905,0.36516091689553576,0.5345194588782578,False
Butyricicoccus,IL12P40,0.0673568694988393,0.13571432706802533,0.2734014147689335,False
Butyricicoccus,IL15,-0.004411496058211937,0.9222473095918222,0.9561340644217088,False
Butyricicoccus,IL18,0.04749627030398534,0.29306024590479385,0.464480282106757,False
Butyricicoccus,MCSF,-0.027727351298298234,0.5394955513248447,0.6936161085518877,False
Butyricicoccus,MCP3,-0.02527946210578672,0.5758964580303981,0.7220926317826599,False
Butyricicoccus,MIG,-0.034490638767843994,0.4452722597514066,0.6112220263091351,False
Butyricicoccus,RESISTIN,0.008923802200722713,0.8434832648959828,0.9056574387912075,False
Butyricicoccus,IL21,-0.02328104816061686,0.6064447596309221,0.7426111505667633,False
Butyricicoccus,ICAM1,0.05922381751227618,0.18970316304895038,0.34930883324996254,False
Butyricicoccus,VCAM1,-0.13590180784458583,0.002521023155259701,0.013622776499522605,True
Butyricicoccus,FGFB,-0.0051090659118823885,0.9100011845692912,0.9490760472975875,False
Butyricicoccus,IL22,0.09272188329472267,0.0397950383759049,0.11275659700977986,True
Butyricicoccus,PDGFBB,0.027242880790516427,0.5466077001785312,0.699158691579325,False
Butyricicoccus,VEGF,0.0024817684906646015,0.9562114792578724,0.9756752902258758,False
Butyricicoccus,LEPTIN,0.045371597030773966,0.3152108534061582,0.48708941797645666,False
Butyricicoccus,PAI1,-0.015333241003663657,0.7344119318330862,0.8346188028643705,False
Butyricicoccus,CD40L,-0.01821981980239468,0.6868447574184473,0.8011089654108369,False
Butyricicoccus,ENA78,-0.04366563935169017,0.33376995774647134,0.5052638262740622,False
Butyricimonas,IL17F,-0.12120675192210406,0.0071112894579836855,0.030093357885607845,True
Butyricimonas,FASL,0.016469027544696393,0.7155621510601311,0.8219719297404529,False
Butyricimonas,TGFA,0.016546361122572063,0.7142848184957259,0.8214293092606021,False
Butyricimonas,MIP1A,0.10976012552533997,0.014860214108609009,0.05268723015783721,True
Butyricimonas,SDF1A,0.006414486072070912,0.8871434046749727,0.934544986100709,False
Butyricimonas,IL27,-0.04321955170377005,0.3387365536758612,0.5095788674987035,False
Butyricimonas,LIF,-4.71059680292807e-05,0.9991684423228171,0.9995379954667529,False
Butyricimonas,IL1B,0.014199634303528658,0.753385989470212,0.8467671901966604,False
Butyricimonas,IL2,-0.05100529034030076,0.25880949386648644,0.4295562997882649,False
Butyricimonas,IL4,0.008084346110495993,0.8580427060976148,0.9155564382092303,False
Butyricimonas,IL5,-0.13788784628900305,0.002173969599676923,0.012151535888111105,True
Butyricimonas,IP10,0.004315553623543054,0.9239331229594766,0.9572499726000558,False
Butyricimonas,IL6,0.05943603644555649,0.18811851880989214,0.3470690918685246,False
Butyricimonas,IL7,-0.09312318405137936,0.03894129326669526,0.11087092076898372,True
Butyricimonas,IL8,-0.006389498702369858,0.8875801153668115,0.9347960446152024,False
Butyricimonas,IL10,0.130527609236684,0.0037281101868218525,0.018295568997650745,True
Butyricimonas,IFNB,-0.07354147152297395,0.10325242264518597,0.22681837552639453,False
Butyricimonas,EOTAXIN,0.15549749589734152,0.0005373639203278122,0.004019140940610557,True
Butyricimonas,IL12P70,0.17752524260511393,7.520914065028228e-05,0.0007892772176929401,True
Butyricimonas,IL13,0.005792160600971647,0.8980297800746752,0.9427397254459906,False
Butyricimonas,IL17A,0.10458822536429017,0.020322221961782287,0.06635540265023236,True
Butyricimonas,IL31,-0.12011313223321755,0.007650354731865804,0.031704900172868665,True
Butyricimonas,IL1RA,-0.03669531936380707,0.41670857970312636,0.5835249346887323,False
Butyricimonas,SCF,0.11080828744854215,0.013925784531888703,0.0501028929282565,True
Butyricimonas,RANTES,-0.08069852626765055,0.07372045301048011,0.17786521996179327,False
Butyricimonas,IFNG,0.023258306623704157,0.6067965156531111,0.7428488391159936,False
Butyricimonas,GMCSF,-0.10936619749343893,0.015225385215851114,0.053538817266485406,True
Butyricimonas,TNFA,-0.04844512696111355,0.28351284532905546,0.4545466237463455,False
Butyricimonas,HGF,0.1478204181001539,0.0010070174520662482,0.0066364562715191065,True
Butyricimonas,MIP1B,0.04230947982900371,0.3490148131281603,0.5192793809472344,False
Butyricimonas,IFNA,0.013546416859141437,0.7643880557284521,0.8545187469970265,False
Butyricimonas,TGFB,-0.10075823603922501,0.025421865152754172,0.07938225884677115,True
Butyricimonas,MCP1,0.10726543614396092,0.017308831380674006,0.0590137649342507,True
Butyricimonas,IL9,0.005174272155299995,0.9088575054742019,0.9486694966401534,False
Butyricimonas,VEGFD,-0.15027541441123285,0.0008263975245443164,0.005718039846773596,True
Butyricimonas,TNFB,-0.05656026341791656,0.21043183138932253,0.3743128688208712,False
Butyricimonas,NGF,-0.107343707003284,0.017226948074437084,0.058826860943415486,True
Butyricimonas,EGF,0.035552141360574205,0.4313828285394573,0.5964424554219256,False
Butyricimonas,BDNF,-0.06859014659711422,0.12868124156372887,0.26477991713899146,False
Butyricimonas,TRAIL,0.04885454040850724,0.2794589158024505,0.451861663109302,False
Butyricimonas,GCSF,0.03412775121048286,0.4500781921641812,0.6145373635113364,False
Butyricimonas,GROA,0.0023183187818427028,0.9590927896128962,0.977512381945047,False
Butyricimonas,IL1A,0.007304094970974898,0.8716187152176728,0.9235591153824317,False
Butyricimonas,IL23,-0.0555424692734613,0.21876926065444033,0.38406883614147647,False
Butyricimonas,IL12P40,0.08097408346292037,0.07273800484207066,0.17628359850553613,False
Butyricimonas,IL15,-0.07837477711441163,0.0824424485748681,0.1925973315244316,False
Butyricimonas,IL18,-0.034319073057995704,0.44754076131891674,0.6127800471495279,False
Butyricimonas,MCSF,-0.016625044983704755,0.7129860016771801,0.8207810089893187,False
Butyricimonas,MCP3,-0.012132571942613283,0.7883615610376685,0.8705819987939946,False
Butyricimonas,MIG,0.1784737199125859,6.872040209845557e-05,0.0007326030196559336,True
Butyricimonas,RESISTIN,0.003644536639770122,0.9357327278508053,0.9646782276059455,False
Butyricimonas,IL21,0.04916319312083833,0.2764287966534565,0.4480675919611582,False
Butyricimonas,ICAM1,-0.1317018486349581,0.0034267230054349437,0.0171773604272441,True
Butyricimonas,VCAM1,0.05128740447581719,0.2561812124394431,0.42714999045104596,False
Butyricimonas,FGFB,-0.04245265492803691,0.3473848485164063,0.5171808550424348,False
Butyricimonas,IL22,0.03366382419699335,0.45626471038045313,0.6202883194785618,False
Butyricimonas,PDGFBB,-0.08700216820381737,0.05378663367380076,0.14041133709585688,False
Butyricimonas,VEGF,-0.05022118829057523,0.26621209451979555,0.4369179343006885,False
Butyricimonas,LEPTIN,-0.11241506935125785,0.012593669787540654,0.04643299846548636,True
Butyricimonas,PAI1,-0.011679384163453273,0.7960896261187058,0.8758286991060803,False
Butyricimonas,CD40L,0.12245202295405103,0.006539070742505246,0.028138905332132164,True
Butyricimonas,ENA78,0.07008953630972152,0.12051477316384,0.25339830930299606,False
Butyrivibrio,IL17F,-0.11887466019628326,0.008304668928060624,0.03368598839067027,True
Butyrivibrio,FASL,-0.2755098265935214,5.091262460920655e-10,3.427146959408304e-08,True
Butyrivibrio,TGFA,-0.14118586455051635,0.0016927815865688581,0.010096692197357544,True
Butyrivibrio,MIP1A,0.04084891124321568,0.3659183114495004,0.5353017955759223,False
Butyrivibrio,SDF1A,-0.2627057551881409,3.2885132231786757e-09,1.6661800330771958e-07,True
Butyrivibrio,IL27,-0.2733105026076112,7.063629181255914e-10,4.6878620707151925e-08,True
Butyrivibrio,LIF,-0.11075167271543061,0.013974902610924555,0.050190351450210745,True
Butyrivibrio,IL1B,-0.19013075552777364,2.1823959678176283e-05,0.00028251235715265566,True
Butyrivibrio,IL2,-0.1326229947180571,0.0032059647083655866,0.01649181845613389,True
Butyrivibrio,IL4,-0.2011550015993773,6.907232752070903e-06,0.000107062107657099,True
Butyrivibrio,IL5,-0.0671984423205246,0.1366388489737743,0.2749106274511283,False
Butyrivibrio,IP10,-0.1860088250202433,3.3006190837427914e-05,0.000392961748618371,True
Butyrivibrio,IL6,-0.22164972193522714,6.841056866403223e-07,1.5572492731638642e-05,True
Butyrivibrio,IL7,0.002169818240885893,0.9617110372809845,0.9791664666525495,False
Butyrivibrio,IL8,-0.3053866005816744,4.433426387332708e-12,8.240793748175965e-10,True
Butyrivibrio,IL10,-0.11548810989483262,0.010355774358960193,0.03999705637657412,True
Butyrivibrio,IFNB,-0.030660979247607273,0.4974401102376965,0.6584094942247264,False
Butyrivibrio,EOTAXIN,-0.10091574068772315,0.025192195401964584,0.07887416925850971,True
Butyrivibrio,IL12P70,-0.05358174268753517,0.23549208490191953,0.40438728281991426,False
Butyrivibrio,IL13,-0.24057898537416295,6.580258417221303e-08,2.263224646857429e-06,True
Butyrivibrio,IL17A,-0.23757625637223012,9.66925444787115e-08,3.078481551241139e-06,True
Butyrivibrio,IL31,-0.22680272067559934,3.6891528494104846e-07,9.876868310467161e-06,True
Butyrivibrio,IL1RA,-0.12444467848211743,0.005708928111122536,0.025570788269590673,True
Butyrivibrio,SCF,-0.10398016998505666,0.021067023962638157,0.06822530371955396,True
Butyrivibrio,RANTES,-0.3192991461780081,4.0120182052049744e-13,1.350330698780417e-10,True
Butyrivibrio,IFNG,-0.3103284999534525,1.9159339769042358e-12,4.29899090436798e-10,True
Butyrivibrio,GMCSF,-0.2928297881150952,3.483814209346821e-11,4.103933138610555e-09,True
Butyrivibrio,TNFA,-0.18155405713414163,5.110150701830348e-05,0.0005668815337136524,True
Butyrivibrio,HGF,-0.09934604104362953,0.027563038541298567,0.08439053775607462,True
Butyrivibrio,MIP1B,-0.2396553604703206,7.411301580704714e-08,2.51237791714249e-06,True
Butyrivibrio,IFNA,-0.22639313905131322,3.8768425985449857e-07,1.0197536446350166e-05,True
Butyrivibrio,TGFB,-0.22599203680785396,4.069529819785404e-07,1.0478483339250724e-05,True
Butyrivibrio,MCP1,0.06991557951909136,0.12144096585707524,0.2547773068203645,False
Butyrivibrio,IL9,-0.26081655796153125,4.29483308136568e-09,2.0863147916902148e-07,True
Butyrivibrio,VEGFD,-0.07749902470391654,0.08593853949169757,0.19830675714244805,False
Butyrivibrio,TNFB,-0.3052359819011205,4.547127280402697e-12,8.240793748175965e-10,True
Butyrivibrio,NGF,-0.14768562519432482,0.0010179188052311522,0.0066865606248455185,True
Butyrivibrio,EGF,-0.062209143804409464,0.16829891466555777,0.31925301364899683,False
Butyrivibrio,BDNF,-0.12335573041543506,0.00615002902453017,0.02698225024542473,True
Butyrivibrio,TRAIL,-0.14820853149781477,0.0009762276996017533,0.0064879900148426825,True
Butyrivibrio,GCSF,-0.09012957518593805,0.045699986897909425,0.12483381928286912,False
Butyrivibrio,GROA,-0.3003716106750335,1.0221764894911345e-11,1.6608605580973194e-09,True
Butyrivibrio,IL1A,-0.20961704662329103,2.7332888608741537e-06,4.8785064819844745e-05,True
Butyrivibrio,IL23,-0.19628095130075485,1.157846429713659e-05,0.00016684319195139942,True
Butyrivibrio,IL12P40,-0.2528345685087319,1.2964967419037172e-08,5.451289501952047e-07,True
Butyrivibrio,IL15,-0.2659391071567243,2.0721758930249183e-09,1.148716800933343e-07,True
Butyrivibrio,IL18,-0.312383397011905,1.3454117065818816e-12,3.3366210323230664e-10,True
Butyrivibrio,MCSF,-0.2774326139647017,3.814700868752633e-10,2.6828164915764787e-08,True
Butyrivibrio,MCP3,-0.1060126530243857,0.01866651371191241,0.06220411075709426,True
Butyrivibrio,MIG,-0.0805037670234421,0.07442133435603661,0.17909771577407788,False
Butyrivibrio,RESISTIN,-0.2199202107393734,8.38897606989968e-07,1.8612463966895997e-05,True
Butyrivibrio,IL21,-0.0599417061949054,0.18438195112852332,0.34164677692394885,False
Butyrivibrio,ICAM1,0.08105532125932517,0.07245041416234045,0.17597234615100424,False
Butyrivibrio,VCAM1,-0.05630625615328358,0.2124907883479686,0.3765538152296458,False
Butyrivibrio,FGFB,-0.18746725123704347,2.8540980339747695e-05,0.0003502216129189873,True
Butyrivibrio,IL22,-0.2624362304589622,3.4166250246638525e-09,1.7126741612995822e-07,True
Butyrivibrio,PDGFBB,-0.24135891165922313,5.9492620003792484e-08,2.1077385372772196e-06,True
Butyrivibrio,VEGF,-0.13430598949520178,0.0028357076825740453,0.014912784152108149,True
Butyrivibrio,LEPTIN,-0.2395465978975322,7.515586929740059e-08,2.5295318294953684e-06,True
Butyrivibrio,PAI1,0.0018831524533301695,0.9667664485275715,0.9819796304078287,False
Butyrivibrio,CD40L,0.07450519237509516,0.0988005880223834,0.2188755856894549,False
Butyrivibrio,ENA78,-0.29159726404465686,4.2423545142865296e-11,4.543176016208666e-09,True
CAG-352,IL17F,-0.020041429012532627,0.6574372414129738,0.7799205139823596,False
CAG-352,FASL,-0.11729693771848901,0.009210268202657924,0.03659256641730534,True
CAG-352,TGFA,-0.0001322999528291738,0.9976645230040588,0.9987242898651212,False
CAG-352,MIP1A,-0.004930815825611862,0.9131285281098365,0.95128490480954,False
CAG-352,SDF1A,-0.11861433760226181,0.008448391153760506,0.03417066018585365,True
CAG-352,IL27,-0.09102583032518471,0.04358021292588889,0.12076040414016466,False
CAG-352,LIF,-0.09480481630644223,0.03553045081136897,0.10340919346706028,True
CAG-352,IL1B,-0.1288563408232702,0.004198552037229863,0.019843106518984063,True
CAG-352,IL2,-0.10878493019899933,0.015778603964742927,0.05499170257534665,True
CAG-352,IL4,-0.05819816306162116,0.1975000967143097,0.35875884954426657,False
CAG-352,IL5,-0.047385023266944194,0.29419354193552455,0.4653373513260126,False
CAG-352,IP10,-0.06612943582659463,0.14300430443740034,0.2852820840427732,False
CAG-352,IL6,-0.047795181580814985,0.29002966272529185,0.4609172919937859,False
CAG-352,IL7,-0.0550536527348709,0.2228565040441588,0.3889444366780117,False
CAG-352,IL8,-0.10702507308807394,0.01756241878588112,0.059533468798064954,True
CAG-352,IL10,-0.037157417742828096,0.4108612369097059,0.5780764850159851,False
CAG-352,IFNB,-0.00028847695528662755,0.9949075742089436,0.9968115010998388,False
CAG-352,EOTAXIN,0.027439196496573188,0.5437201647155492,0.6974960387194424,False
CAG-352,IL12P70,-0.047555398743077994,0.292459083093368,0.4638395151585156,False
CAG-352,IL13,-0.0798122821641206,0.07695375168052579,0.18313438278719066,False
CAG-352,IL17A,-0.05620396653711792,0.21332402146121596,0.37788826658843966,False
CAG-352,IL31,-0.06953872306871989,0.12346647955201413,0.25719454095892597,False
CAG-352,IL1RA,-0.01581262389641976,0.7264357467404992,0.828604511895723,False
CAG-352,SCF,-0.04344251946533815,0.33624822031811097,0.5076583191730019,False
CAG-352,RANTES,-0.1504332135356614,0.0008158808831916794,0.0056717848244610585,True
CAG-352,IFNG,-0.09432055168965796,0.03648559509099455,0.10553721551182708,True
CAG-352,GMCSF,-0.08013134784160493,0.07577667267633395,0.18124856936593178,False
CAG-352,TNFA,-0.1320495872452465,0.0033418136434668535,0.01693185579356539,True
CAG-352,HGF,-0.03272243257331084,0.4689635836884768,0.6317199560720705,False
CAG-352,MIP1B,-0.04998104452360821,0.2685080387418789,0.43946157643339123,False
CAG-352,IFNA,-0.06772130294312445,0.13360591731789556,0.27112449715845127,False
CAG-352,TGFB,-0.07039826417203426,0.11888460597781172,0.25109110863623885,False
CAG-352,MCP1,0.07079758191188892,0.11680171881441834,0.24802600227739485,False
CAG-352,IL9,-0.11886618536298732,0.008309313262920394,0.03368598839067027,True
CAG-352,VEGFD,-0.0792283736359978,0.07914632536285302,0.1867488658536622,False
CAG-352,TNFB,-0.10754940666084148,0.01701336760170032,0.058345697335670965,True
CAG-352,NGF,-0.03630544915429223,0.42167980365043667,0.5869882525261026,False
CAG-352,EGF,-0.09802190078007585,0.02970978667222566,0.08933791627283172,True
CAG-352,BDNF,-0.0620755645968555,0.16921629673862632,0.3205732141871804,False
CAG-352,TRAIL,-0.06848746394515408,0.12925582044865447,0.2656142285015525,False
CAG-352,GCSF,-0.011578530351587304,0.7978121984771872,0.8773141375086362,False
CAG-352,GROA,-0.07211177525744066,0.11014798942077073,0.23819060401591174,False
CAG-352,IL1A,-0.08335933152172538,0.06467285161509068,0.16166497443517627,False
CAG-352,IL23,-0.026119617195987113,0.563273520612561,0.7109951323671009,False
CAG-352,IL12P40,-0.09580822666338601,0.03361889668489408,0.09900765073701308,True
CAG-352,IL15,-0.18560008249120588,3.4371686971453254e-05,0.00040795815871407485,True
CAG-352,IL18,-0.14227066541319042,0.0015572542265067406,0.009534220331082411,True
CAG-352,MCSF,-0.1125081231960109,0.012520089152436624,0.046270321636299114,True
CAG-352,MCP3,-0.036675213704899665,0.4169641005354835,0.5837001906486031,False
CAG-352,MIG,-0.06416302284033086,0.15530246246971827,0.3028912264723976,False
CAG-352,RESISTIN,-0.05101328582503246,0.25873474937335966,0.4295562997882649,False
CAG-352,IL21,-0.09191697418942504,0.04155523017870795,0.11648921573569385,False
CAG-352,ICAM1,0.17209665729171975,0.0001249334989022363,0.0012162947248498706,True
CAG-352,VCAM1,0.03570684747295701,0.4293796649696707,0.5947198651784504,False
CAG-352,FGFB,-0.07416297104273074,0.10036362918170652,0.22160891316972872,False
CAG-352,IL22,-0.07183485265853713,0.11152462517700927,0.2407256224617809,False
CAG-352,PDGFBB,-0.06693425496480919,0.13819131410104613,0.27728340417184794,False
CAG-352,VEGF,-0.10571368489699319,0.019003923279350615,0.06315252985247818,True
CAG-352,LEPTIN,-0.0437028594091446,0.33335768895040585,0.5051645514633882,False
CAG-352,PAI1,-0.010853757410325184,0.810219643057947,0.8845586093811506,False
CAG-352,CD40L,0.0431628986092616,0.33937067802000986,0.5095788674987035,False
CAG-352,ENA78,-0.07036833912418913,0.1190418602008479,0.25131059375734555,False
Candidatus Soleaferrea,IL17F,0.06793127770548811,0.13240264422102072,0.2698448354539142,False
Candidatus Soleaferrea,FASL,0.1182684928037996,0.008642758112942262,0.03483719095653032,True
Candidatus Soleaferrea,TGFA,0.11714405111183113,0.009302530517883663,0.036865873675582694,True
Candidatus Soleaferrea,MIP1A,0.003605664110503671,0.9364167446038982,0.9647146768672253,False
Candidatus Soleaferrea,SDF1A,0.06206819591894067,0.16926701122616825,0.3205732141871804,False
Candidatus Soleaferrea,IL27,0.05230519164183214,0.24685301518055494,0.4167579389218111,False
Candidatus Soleaferrea,LIF,0.04792354626369692,0.28873468488736614,0.46010072207956354,False
Candidatus Soleaferrea,IL1B,0.07745934772265936,0.08609971926923417,0.19848428434277465,False
Candidatus Soleaferrea,IL2,0.12993739737583127,0.003888495064870514,0.018869813332306758,True
Candidatus Soleaferrea,IL4,0.14888893267063452,0.0009243388893468376,0.006204394368379344,True
Candidatus Soleaferrea,IL5,0.2033110329438094,5.474040811724716e-06,8.773360647907095e-05,True
Candidatus Soleaferrea,IP10,0.08740834958877806,0.05267336257448363,0.13851814924550085,False
Candidatus Soleaferrea,IL6,0.135338106104988,0.002628347788533011,0.014105666035953927,True
Candidatus Soleaferrea,IL7,0.030462194611325398,0.50023379757303,0.6604920923703608,False
Candidatus Soleaferrea,IL8,0.12161030985790228,0.006921122108118184,0.02951341843751392,True
Candidatus Soleaferrea,IL10,0.013663918174660174,0.7624054214357453,0.8531119320363885,False
Candidatus Soleaferrea,IFNB,0.15714688935891621,0.0004677406329744649,0.0035663331109638814,True
Candidatus Soleaferrea,EOTAXIN,0.10873004039724714,0.015831744826563753,0.05513612832429299,True
Candidatus Soleaferrea,IL12P70,0.005628789436149662,0.9008909001109341,0.9447720729312633,False
Candidatus Soleaferrea,IL13,0.07024617628930879,0.1196855047484373,0.25199200106105296,False
Candidatus Soleaferrea,IL17A,0.031121795849820933,0.49099585725201633,0.6526297544066293,False
Candidatus Soleaferrea,IL31,0.14049472004366736,0.001784682344246092,0.010524935176580206,True
Candidatus Soleaferrea,IL1RA,0.12134703473875665,0.007044660597832726,0.029931867210989907,True
Candidatus Soleaferrea,SCF,0.001945125779503813,0.965673416128047,0.9812924599515543,False
Candidatus Soleaferrea,RANTES,0.05398968888382162,0.2319405098510435,0.3995009032378461,False
Candidatus Soleaferrea,IFNG,0.08192742689789927,0.0694211454284059,0.1709051396335677,False
Candidatus Soleaferrea,GMCSF,0.1075034534123301,0.01706087942709388,0.0584660828076119,True
Candidatus Soleaferrea,TNFA,0.10343831015243368,0.02175060896609646,0.06986289669273792,True
Candidatus Soleaferrea,HGF,-0.02805738596287489,0.5346771598957065,0.6900571836287508,False
Candidatus Soleaferrea,MIP1B,0.03916591873354923,0.38601598817060523,0.555052589642933,False
Candidatus Soleaferrea,IFNA,0.051803038895933455,0.2514252612006561,0.42041015996362374,False
Candidatus Soleaferrea,TGFB,0.11952360984744037,0.007955838659228234,0.03262655505855826,True
Candidatus Soleaferrea,MCP1,0.012210949560695655,0.7870270933989895,0.8699206343176257,False
Candidatus Soleaferrea,IL9,0.12282169255807329,0.006377338480554144,0.027698779137361164,True
Candidatus Soleaferrea,VEGFD,0.080451754749956,0.07460942683095399,0.17927568548059927,False
Candidatus Soleaferrea,TNFB,0.11159712288893991,0.013257042423722434,0.04822469914407735,True
Candidatus Soleaferrea,NGF,0.09460111247365131,0.03592960503329834,0.10431318479168317,True
Candidatus Soleaferrea,EGF,0.007428023639897773,0.8694597863762046,0.9218934548615383,False
Candidatus Soleaferrea,BDNF,-0.09052114691183807,0.04476344117633463,0.12292135892699096,False
Candidatus Soleaferrea,TRAIL,0.08240758639707196,0.0677980695711538,0.1676099180583823,False
Candidatus Soleaferrea,GCSF,0.15415392787777554,0.000601066754141394,0.0044318388891494784,True
Candidatus Soleaferrea,GROA,0.12900036383898733,0.00415599289938286,0.019681445770745765,True
Candidatus Soleaferrea,IL1A,0.07796816582408415,0.08405111554442375,0.19519411357581307,False
Candidatus Soleaferrea,IL23,0.14704428214788115,0.0010712946395584069,0.006953085869971368,True
Candidatus Soleaferrea,IL12P40,-0.03361294073131573,0.4569461358433541,0.6203419836665959,False
Candidatus Soleaferrea,IL15,0.11098376519930682,0.013774506689648915,0.04962192318167101,True
Candidatus Soleaferrea,IL18,0.11120236332698462,0.013588080210006938,0.049175909331453674,True
Candidatus Soleaferrea,MCSF,0.12386399355145092,0.005940473946284774,0.02638219909038064,True
Candidatus Soleaferrea,MCP3,0.10299539261058116,0.022323587458792347,0.07131440278361324,True
Candidatus Soleaferrea,MIG,0.04648735640180983,0.303445356256763,0.475094450418898,False
Candidatus Soleaferrea,RESISTIN,0.00910466625481064,0.8403531693929971,0.9032263079789695,False
Candidatus Soleaferrea,IL21,0.058343081341659095,0.19638447390132127,0.35700757755517976,False
Candidatus Soleaferrea,ICAM1,0.09466113665921728,0.035811594428804695,0.10403466889551648,True
Candidatus Soleaferrea,VCAM1,0.08680749343473718,0.05432710510906558,0.14143056313476077,False
Candidatus Soleaferrea,FGFB,0.09889979759697665,0.02827110641160395,0.08582109779275356,True
Candidatus Soleaferrea,IL22,0.04514312895080355,0.31765638370874566,0.4891493072011796,False
Candidatus Soleaferrea,PDGFBB,0.016766411497043124,0.7106545815477507,0.8195311767628491,False
Candidatus Soleaferrea,VEGF,0.048638803310098094,0.2815901782355411,0.4531601502205839,False
Candidatus Soleaferrea,LEPTIN,0.10008355023625558,0.02642623101042323,0.0818674559639147,True
Candidatus Soleaferrea,PAI1,-0.06893827210749469,0.12674796214155265,0.26229090804171984,False
Candidatus Soleaferrea,CD40L,-0.016847771367180284,0.7093140134840413,0.818913363374179,False
Candidatus Soleaferrea,ENA78,-0.011793953535754862,0.7941339950187979,0.8744938968283654,False
Christensenellaceae R-7 group,IL17F,0.2140961971970059,1.6472828732303823e-06,3.1942374068566094e-05,True
Christensenellaceae R-7 group,FASL,-0.06116323168364483,0.17558213630198824,0.3297501101056073,False
Christensenellaceae R-7 group,TGFA,0.1056894244647657,0.019031534887631374,0.06315252985247818,True
Christensenellaceae R-7 group,MIP1A,0.20869751537067172,3.0286411112861085e-06,5.344927684037507e-05,True
Christensenellaceae R-7 group,SDF1A,0.07644181975697431,0.09031705264265072,0.20460286156354335,False
Christensenellaceae R-7 group,IL27,-0.10500657862950138,0.019823179800041536,0.06518270985191606,True
Christensenellaceae R-7 group,LIF,0.07634653166184785,0.0907203337045228,0.20530444034966508,False
Christensenellaceae R-7 group,IL1B,-0.03635230321173911,0.4210805422162095,0.5866740138742694,False
Christensenellaceae R-7 group,IL2,0.11542617372223407,0.010397143134139182,0.04012394631291059,True
Christensenellaceae R-7 group,IL4,-0.024823495942503063,0.5828024177324588,0.7274609251272439,False
Christensenellaceae R-7 group,IL5,0.16848927995665156,0.0001735889101201813,0.00159927186427498,True
Christensenellaceae R-7 group,IP10,-0.0869914044359828,0.0538163995745156,0.14041133709585688,False
Christensenellaceae R-7 group,IL6,-0.08348852324985513,0.0642579123138068,0.1609693156951928,False
Christensenellaceae R-7 group,IL7,0.04173271490825784,0.355629882718441,0.5257762060694346,False
Christensenellaceae R-7 group,IL8,-0.0874228518137757,0.05263397225907528,0.13851814924550085,False
Christensenellaceae R-7 group,IL10,0.005794529868358484,0.8979882967117138,0.9427397254459906,False
Christensenellaceae R-7 group,IFNB,0.10422678440128388,0.020762137098958012,0.0673607684934709,True
Christensenellaceae R-7 group,EOTAXIN,-0.060132176617407614,0.1829887939435922,0.34000126067121705,False
Christensenellaceae R-7 group,IL12P70,0.018739170817322022,0.6784098136295573,0.7958407174192689,False
Christensenellaceae R-7 group,IL13,-0.012137454981532807,0.7882784036406405,0.8705819987939946,False
Christensenellaceae R-7 group,IL17A,-0.0470767926547361,0.2973488342591741,0.4687546694644457,False
Christensenellaceae R-7 group,IL31,-0.17872665353698533,6.708139226964408e-05,0.0007183807281240066,True
Christensenellaceae R-7 group,IL1RA,-0.004798062941561452,0.9154585114256675,0.9524225674807943,False
Christensenellaceae R-7 group,SCF,0.042123870389922234,0.35113506318378074,0.5212817951234956,False
Christensenellaceae R-7 group,RANTES,-0.06819482365513907,0.1309042413152764,0.2680663994252857,False
Christensenellaceae R-7 group,IFNG,-0.018720777519392003,0.6787078675345477,0.7958407174192689,False
Christensenellaceae R-7 group,GMCSF,0.0754138034842959,0.09474454375898674,0.21208374830990287,False
Christensenellaceae R-7 group,TNFA,0.13779811086196123,0.002188656991643797,0.012219137138181955,True
Christensenellaceae R-7 group,HGF,0.02677183681594255,0.5535668442599513,0.7045939951790627,False
Christensenellaceae R-7 group,MIP1B,0.18938659574516198,2.353180123720519e-05,0.00030049281146263105,True
Christensenellaceae R-7 group,IFNA,0.0325039643514665,0.47193822774859795,0.6342763631350238,False
Christensenellaceae R-7 group,TGFB,0.05638675617700592,0.21183669918056672,0.375960273649277,False
Christensenellaceae R-7 group,MCP1,0.12968901317074347,0.003957839799628071,0.019023251157307648,True
Christensenellaceae R-7 group,IL9,-0.09982738489297766,0.026816424286936112,0.082641590085051,True
Christensenellaceae R-7 group,VEGFD,-0.12486397045480914,0.005546816650968293,0.024987189349295023,True
Christensenellaceae R-7 group,TNFB,-0.05529919045691769,0.22079667863705513,0.3863661188452489,False
Christensenellaceae R-7 group,NGF,0.0013117680489000522,0.9768467056095438,0.9873233970038975,False
Christensenellaceae R-7 group,EGF,-0.04040927483264789,0.3711044213003023,0.5407062563905456,False
Christensenellaceae R-7 group,BDNF,-0.03454654485934787,0.44453446400889696,0.6110403717648548,False
Christensenellaceae R-7 group,TRAIL,0.1609211437075789,0.0003387525083043964,0.0027379104959353614,True
Christensenellaceae R-7 group,GCSF,0.06442865561353989,0.15359589089613293,0.3006829405494717,False
Christensenellaceae R-7 group,GROA,-0.13477565584435447,0.002739568562894475,0.014569804817560685,True
Christensenellaceae R-7 group,IL1A,0.11956966698743364,0.007931586027213123,0.03258381286855121,True
Christensenellaceae R-7 group,IL23,0.007243881343985254,0.8726680263400743,0.9244630710688917,False
Christensenellaceae R-7 group,IL12P40,0.005717678160485132,0.8993340298036724,0.9435898348775116,False
Christensenellaceae R-7 group,IL15,0.050377397719127706,0.2647258734159207,0.43568110068596,False
Christensenellaceae R-7 group,IL18,-0.06939127707697224,0.12426608593792912,0.25863153575067227,False
Christensenellaceae R-7 group,MCSF,-0.06812554911538542,0.13129682881678012,0.2686368464544802,False
Christensenellaceae R-7 group,MCP3,0.053860383159236795,0.23306211632780904,0.4010915603128693,False
Christensenellaceae R-7 group,MIG,0.2779890328523935,3.5075202303217183e-10,2.504156867466051e-08,True
Christensenellaceae R-7 group,RESISTIN,-0.05135380397031945,0.25556530632742486,0.4264248312375446,False
Christensenellaceae R-7 group,IL21,0.10665378537794978,0.01796051574988054,0.060493173848060834,True
Christensenellaceae R-7 group,ICAM1,-0.1295894669998565,0.0039859442738871004,0.01910658130066736,True
Christensenellaceae R-7 group,VCAM1,0.0757186625813236,0.09341384613792951,0.2101031231512763,False
Christensenellaceae R-7 group,FGFB,-0.01398375673765628,0.7570165937382988,0.8495027839235209,False
Christensenellaceae R-7 group,IL22,-0.030583484807483113,0.49852821855073515,0.6594792155561662,False
Christensenellaceae R-7 group,PDGFBB,-0.08849694261454957,0.049784064706565684,0.13278291965917524,False
Christensenellaceae R-7 group,VEGF,0.10091987808851977,0.02518618655069343,0.07887416925850971,True
Christensenellaceae R-7 group,LEPTIN,0.0015738216514832525,0.9722230501682991,0.9844939218680592,False
Christensenellaceae R-7 group,PAI1,0.16622771448851711,0.0002126218912448399,0.001883222465311439,True
Christensenellaceae R-7 group,CD40L,0.05255896680935068,0.2445645410228867,0.4140812494789228,False
Christensenellaceae R-7 group,ENA78,-0.05880220386220053,0.1928804130885545,0.3522602173236924,False
Clostridium sensu stricto 1,IL17F,0.06859110499719422,0.1286758880030569,0.26477991713899146,False
Clostridium sensu stricto 1,FASL,-0.014853799581874483,0.7424177647399082,0.8397197569501793,False
Clostridium sensu stricto 1,TGFA,-0.010397788828901829,0.818050053238606,0.8885781122315148,False
Clostridium sensu stricto 1,MIP1A,0.04267257553183243,0.3448906015364607,0.5146056093856246,False
Clostridium sensu stricto 1,SDF1A,0.01861783901416614,0.6803768566462809,0.797099887746712,False
Clostridium sensu stricto 1,IL27,-0.02095255709725059,0.6429207775000858,0.7703598787017744,False
Clostridium sensu stricto 1,LIF,0.05190034796037209,0.25053466427912224,0.4200300861909306,False
Clostridium sensu stricto 1,IL1B,0.015135931507249838,0.7377032282333452,0.8358403057875325,False
Clostridium sensu stricto 1,IL2,0.11202516944158468,0.012906142305458827,0.0472156386205916,True
Clostridium sensu stricto 1,IL4,-0.018918808763646787,0.6755015161079001,0.7939177318484194,False
Clostridium sensu stricto 1,IL5,0.17271090916767579,0.00011805072622899462,0.0011588646291479639,True
Clostridium sensu stricto 1,IP10,-0.0925435863486163,0.040179405455540544,0.11350441157464451,True
Clostridium sensu stricto 1,IL6,-0.04604051631107974,0.30812181567934727,0.4802745601988371,False
Clostridium sensu stricto 1,IL7,0.10453345859847357,0.020388353816574598,0.0664383977757258,True
Clostridium sensu stricto 1,IL8,-0.05436084231301394,0.2287423373881747,0.39640819925453447,False
Clostridium sensu stricto 1,IL10,-0.031500425839106,0.4857345877844912,0.6476461170459883,False
Clostridium sensu stricto 1,IFNB,0.06603386631866763,0.14358424552822252,0.28595476117032315,False
Clostridium sensu stricto 1,EOTAXIN,0.007957177554986851,0.8602526370959009,0.9160475538973752,False
Clostridium sensu stricto 1,IL12P70,-0.04101023382199545,0.36402665503085274,0.5340266495969421,False
Clostridium sensu stricto 1,IL13,-0.017869359821470743,0.6925588138570512,0.8047687129209433,False
Clostridium sensu stricto 1,IL17A,-0.05287454262097976,0.2417395312338108,0.41107061392050404,False
Clostridium sensu stricto 1,IL31,0.034130253126948056,0.45004495781188103,0.6145373635113364,False
Clostridium sensu stricto 1,IL1RA,0.03216997038982763,0.47650582991553514,0.6391390465590667,False
Clostridium sensu stricto 1,SCF,0.03759212885317828,0.40540504621281537,0.5731378871151472,False
Clostridium sensu stricto 1,RANTES,-0.02088854085289985,0.643936365709296,0.7709750081214383,False
Clostridium sensu stricto 1,IFNG,-0.01566247333077084,0.7289308870084729,0.8304454399380862,False
Clostridium sensu stricto 1,GMCSF,-0.06406150861214358,0.15595842264229595,0.3035423740150758,False
Clostridium sensu stricto 1,TNFA,0.06984373318999675,0.1218251106616662,0.2554694799456035,False
Clostridium sensu stricto 1,HGF,-0.05279089409849705,0.24248610646013646,0.4115478555472848,False
Clostridium sensu stricto 1,MIP1B,0.020180970011565946,0.6552054698064754,0.7791046250318163,False
Clostridium sensu stricto 1,IFNA,0.053342908249631164,0.23758909504401501,0.40709811485359954,False
Clostridium sensu stricto 1,TGFB,0.040499980393017894,0.3700307191778752,0.5398942229018193,False
Clostridium sensu stricto 1,MCP1,0.07703986354079116,0.08781872538571314,0.20087467670751472,False
Clostridium sensu stricto 1,IL9,-0.03990602547542867,0.37709644696177114,0.5462730727915399,False
Clostridium sensu stricto 1,VEGFD,0.02368612543611681,0.600194498066206,0.7387974072330101,False
Clostridium sensu stricto 1,TNFB,-0.024283274541789426,0.5910339846868069,0.7326766303679209,False
Clostridium sensu stricto 1,NGF,0.05985943673679615,0.18498610903587384,0.342362351051468,False
Clostridium sensu stricto 1,EGF,0.03765087039469562,0.4046710883582266,0.5726156661693586,False
Clostridium sensu stricto 1,BDNF,0.04829387516239405,0.2850205050048139,0.4561877104560744,False
Clostridium sensu stricto 1,TRAIL,0.02453369816597549,0.5872115533051178,0.730462907030383,False
Clostridium sensu stricto 1,GCSF,0.06956554464813425,0.1233214563304884,0.25700606025177414,False
Clostridium sensu stricto 1,GROA,-0.006912586167860999,0.8784452797740029,0.928704096543662,False
Clostridium sensu stricto 1,IL1A,0.016475071879075234,0.7154622870474376,0.8219719297404529,False
Clostridium sensu stricto 1,IL23,0.053119428648364136,0.23956316427281316,0.40882433859623857,False
Clostridium sensu stricto 1,IL12P40,0.02537339021373265,0.5744786432446753,0.720698456959899,False
Clostridium sensu stricto 1,IL15,0.08037570190511027,0.07488515423344795,0.1797548888171201,False
Clostridium sensu stricto 1,IL18,-0.01762137019809352,0.6966127346011286,0.8082711859135439,False
Clostridium sensu stricto 1,MCSF,-0.009869450037312467,0.8271459234708535,0.8939417952972305,False
Clostridium sensu stricto 1,MCP3,0.026334941503826505,0.5600599185191522,0.7084525946805773,False
Clostridium sensu stricto 1,MIG,-0.034450082764688736,0.445807914779493,0.6116933354748036,False
Clostridium sensu stricto 1,RESISTIN,-0.0991575337246612,0.027860266586173067,0.08496930495407604,True
Clostridium sensu stricto 1,IL21,0.042805824164404795,0.3433849057733228,0.5130087748902654,False
Clostridium sensu stricto 1,ICAM1,-0.060137004793581514,0.18295358058609196,0.34000126067121705,False
Clostridium sensu stricto 1,VCAM1,0.07731354099483047,0.08669412224780126,0.19917245442790812,False
Clostridium sensu stricto 1,FGFB,-0.011136363115648897,0.8053758518688099,0.8806987732666123,False
Clostridium sensu stricto 1,IL22,-0.011769040644508476,0.7945591339746971,0.8745532911209467,False
Clostridium sensu stricto 1,PDGFBB,0.042107749808332165,0.3513195947891282,0.521334995081667,False
Clostridium sensu stricto 1,VEGF,-0.004224412206628316,0.9255348928388916,0.9584880033091994,False
Clostridium sensu stricto 1,LEPTIN,-0.07118138542663084,0.11482678969955754,0.24538042315841954,False
Clostridium sensu stricto 1,PAI1,0.06736883565317164,0.1356446931603057,0.2734014147689335,False
Clostridium sensu stricto 1,CD40L,-0.02797283017636546,0.5359095797531617,0.6910798959487953,False
Clostridium sensu stricto 1,ENA78,-0.06521164579609974,0.148648223305766,0.29355843596679354,False
Colidextribacter,IL17F,0.10635774100682177,0.018283560926402934,0.061361922425363695,True
Colidextribacter,FASL,0.03098622893506704,0.4928870272322742,0.6544050922283674,False
Colidextribacter,TGFA,0.18012265759850835,5.8678914665874436e-05,0.0006385566880036959,True
Colidextribacter,MIP1A,0.07873541340761613,0.08103657919799755,0.18987785240226973,False
Colidextribacter,SDF1A,0.07090636443359956,0.11623927745801563,0.24733824072937877,False
Colidextribacter,IL27,0.03510137606200886,0.4372501239436607,0.6033155443697011,False
Colidextribacter,LIF,0.11473769408285373,0.010866963995628998,0.04149524663484914,True
Colidextribacter,IL1B,0.0867546568700413,0.05447457109346232,0.14165793542626626,False
Colidextribacter,IL2,0.12228853844636613,0.006611761591746719,0.02837397142104785,True
Colidextribacter,IL4,-0.023899266950710103,0.5969174734922875,0.7371158636782522,False
Colidextribacter,IL5,0.16239833479305443,0.00029798528173315846,0.0024676742487287216,True
Colidextribacter,IP10,0.04596669169468899,0.30889898735688853,0.4810086015947319,False
Colidextribacter,IL6,-0.005377856596779004,0.9052879766457472,0.9472087787722197,False
Colidextribacter,IL7,0.0369835894051036,0.41305511999441835,0.5802968769867917,False
Colidextribacter,IL8,0.03965116586808327,0.380153533825189,0.5494734513448744,False
Colidextribacter,IL10,-0.045274575906302586,0.3162478603644323,0.48793710479279795,False
Colidextribacter,IFNB,0.17755817054117273,7.497450950223014e-05,0.000788571180300242,True
Colidextribacter,EOTAXIN,-0.07350934160913174,0.10340353897138703,0.2270444900434183,False
Colidextribacter,IL12P70,0.076728171245604,0.08911379597143619,0.2026564703751966,False
Colidextribacter,IL13,0.05041961261780676,0.26432520922609987,0.4351853200116641,False
Colidextribacter,IL17A,0.04819397292499551,0.2860192776143149,0.45723080810655026,False
Colidextribacter,IL31,-0.0016136164733291884,0.9715209906669326,0.9844746038758251,False
Colidextribacter,IL1RA,0.07823233187348484,0.08300314591431553,0.1934277069971586,False
Colidextribacter,SCF,0.0745969767301159,0.09838468927189371,0.21826207902502975,False
Colidextribacter,RANTES,0.02769739304591855,0.539934002264199,0.6939904579020474,False
Colidextribacter,IFNG,0.08935136156979319,0.047610191675375196,0.12893058803124594,False
Colidextribacter,GMCSF,0.27913728653622427,2.94781381445433e-10,2.2403384989852912e-08,True
Colidextribacter,TNFA,0.13802985944558208,0.002150909666409374,0.012073724078358126,True
Colidextribacter,HGF,0.030564249622482467,0.49879849730528625,0.6596515630936034,False
Colidextribacter,MIP1B,0.1192782862940104,0.008086139345549548,0.03301723448546748,True
Colidextribacter,IFNA,0.01578626804828088,0.7268735089342664,0.8287026310424058,False
Colidextribacter,TGFB,0.12249410213976351,0.006520477217441176,0.02811023664097239,True
Colidextribacter,MCP1,0.006942160376874121,0.8779292862004109,0.9285752629800978,False
Colidextribacter,IL9,0.07357479165589567,0.10309589331661358,0.22666779773772666,False
Colidextribacter,VEGFD,0.023856863754907913,0.5975687704146713,0.7374326395154861,False
Colidextribacter,TNFB,0.07365409707626461,0.10272409370343938,0.22597382331027374,False
Colidextribacter,NGF,0.01977310095970739,0.6617373437310066,0.7826527393040574,False
Colidextribacter,EGF,-0.10605342615072738,0.018620905255420563,0.06209604073852916,True
Colidextribacter,BDNF,0.06748979793253829,0.13494232857741664,0.27279156065671706,False
Colidextribacter,TRAIL,0.1385435123107628,0.0020693577012628785,0.011770752989640705,True
Colidextribacter,GCSF,0.03975287695712929,0.3789316746826169,0.548043600707333,False
Colidextribacter,GROA,0.06824223439430151,0.13063608228580295,0.26780585841702026,False
Colidextribacter,IL1A,0.09003085499004088,0.04593868269960625,0.12541313608374546,False
Colidextribacter,IL23,0.02290731875962532,0.61223692247017,0.7473731550983008,False
Colidextribacter,IL12P40,0.12332488342956208,0.006162958185785814,0.026990598019902723,True
Colidextribacter,IL15,0.0756131522679481,0.09387269249871036,0.21083323501140286,False
Colidextribacter,IL18,0.04156281349760665,0.3575934635786615,0.5275455229751574,False
Colidextribacter,MCSF,0.023765948450739652,0.5989662788851144,0.7380476408672679,False
Colidextribacter,MCP3,0.01973005875425044,0.662428159528921,0.782992488327297,False
Colidextribacter,MIG,0.226736723930802,3.7187932263374957e-07,9.899973831922192e-06,True
Colidextribacter,RESISTIN,0.08426965117546023,0.06179551201814559,0.1562126891789174,False
Colidextribacter,IL21,0.11228995693202534,0.012693201598920659,0.0465812818801512,True
Colidextribacter,ICAM1,0.024363449747080018,0.5898089604574359,0.7318265610181593,False
Colidextribacter,VCAM1,0.08606388521591161,0.05643331712035143,0.14530808211535298,False
Colidextribacter,FGFB,0.09847489017265147,0.028959785947538508,0.08741736795951406,True
Colidextribacter,IL22,-0.008044239159047593,0.8587395645135454,0.9156289210263331,False
Colidextribacter,PDGFBB,0.06031387038307985,0.18166709481570653,0.33861366723560493,False
Colidextribacter,VEGF,0.040603397062010535,0.3688089029360313,0.5384831155709944,False
Colidextribacter,LEPTIN,0.25077570127010496,1.7136284788524305e-08,7.021406428132741e-07,True
Colidextribacter,PAI1,0.20657233758421187,3.832470015205483e-06,6.519349715396475e-05,True
Colidextribacter,CD40L,0.05615871729745156,0.21369336281854648,0.37809015709578836,False
Colidextribacter,ENA78,0.06837752379775218,0.12987320996635104,0.26665035527731856,False
Collinsella,IL17F,-0.08194639831517987,0.06935641842252149,0.1709051396335677,False
Collinsella,FASL,0.129788000376706,0.003930071142600417,0.018954447516820027,True
Collinsella,TGFA,0.026374292843152954,0.5594735794845485,0.7084525946805773,False
Collinsella,MIP1A,-0.21901453410142485,9.328512192654016e-07,2.0163279565039324e-05,True
Collinsella,SDF1A,0.03148253059897885,0.48598256523382377,0.6477934504616061,False
Collinsella,IL27,0.20572277075644133,4.20775962113807e-06,7.081058333858067e-05,True
Collinsella,LIF,0.07104219813889295,0.11553995367648501,0.24632950450624114,False
Collinsella,IL1B,0.07231283677990655,0.10915688713036178,0.23691720504756553,False
Collinsella,IL2,-0.06884930271154556,0.1272398871614932,0.26287974096279204,False
Collinsella,IL4,0.08855322871701055,0.04963834796992974,0.13274454916816625,False
Collinsella,IL5,-0.10725074326779643,0.017324240257792847,0.0590137649342507,True
Collinsella,IP10,0.06690423035352047,0.13836860422326341,0.27744377153192223,False
Collinsella,IL6,0.07281639193531661,0.10670553295367784,0.23275028573042522,False
Collinsella,IL7,-0.12272780950399757,0.006418069186122148,0.02784709208564232,True
Collinsella,IL8,0.18971558985662196,2.276168817523896e-05,0.00029224271030443047,True
Collinsella,IL10,0.05049598054180263,0.26360145606033225,0.4346011409924022,False
Collinsella,IFNB,0.006831452703974173,0.8798611129056702,0.929706376902964,False
Collinsella,EOTAXIN,0.10260427872317225,0.022840382754659282,0.07266973905466208,True
Collinsella,IL12P70,0.030822238299254928,0.49517990124037925,0.6561551447257219,False
Collinsella,IL13,0.19173564532781234,1.853251141888978e-05,0.00024392512236259397,True
Collinsella,IL17A,0.14596142859055555,0.0011673072950567547,0.0074733043129177005,True
Collinsella,IL31,0.08590982375027838,0.05687805240271055,0.14621352041547853,False
Collinsella,IL1RA,-0.039695928726683295,0.3796154987984298,0.5488641394103103,False
Collinsella,SCF,0.03474681121612378,0.4418972524577015,0.6081249572373509,False
Collinsella,RANTES,0.20659997182249387,3.820816858704505e-06,6.519349715396475e-05,True
Collinsella,IFNG,0.2154255988615102,1.4144389767420958e-06,2.8361006205994704e-05,True
Collinsella,GMCSF,0.2271724046344475,3.5272777263009566e-07,9.607244304237057e-06,True
Collinsella,TNFA,-0.016743885546731927,0.7110259000402503,0.8197587572766478,False
Collinsella,HGF,-0.050599208377644374,0.262625314662896,0.43375060732266596,False
Collinsella,MIP1B,0.016286243059848715,0.71858438688807,0.823436194313372,False
Collinsella,IFNA,0.10443140544612098,0.02051208422134043,0.06674926854347797,True
Collinsella,TGFB,0.056323981912725564,0.21234663601414897,0.37643993562779154,False
Collinsella,MCP1,-0.11157660257789405,0.013274073597170696,0.04822469914407735,True
Collinsella,IL9,0.1353415539806283,0.002627678871668473,0.014105666035953927,True
Collinsella,VEGFD,-0.02411662379376508,0.5935840228649424,0.734883845438678,False
Collinsella,TNFB,0.1722094352533699,0.00012364219039900828,0.0012062153233128924,True
Collinsella,NGF,0.014544971990530595,0.7475894574136779,0.8435444260855484,False
Collinsella,EGF,-0.13051552418653614,0.003731333150836665,0.018295568997650745,True
Collinsella,BDNF,0.04522266253745865,0.31680365040675346,0.48837599142584803,False
Collinsella,TRAIL,-0.06251837929058884,0.1661894667929777,0.31639788587010537,False
Collinsella,GCSF,-0.06354377380459522,0.1593365368543879,0.3079547832887103,False
Collinsella,GROA,0.15875390165774542,0.0004080583763983123,0.0031939718763934343,True
Collinsella,IL1A,-0.009896096503335828,0.8266866135414104,0.8938637038696468,False
Collinsella,IL23,0.015787977522204996,0.7268451124221718,0.8287026310424058,False
Collinsella,IL12P40,0.11578113128431214,0.010162031028641369,0.03947525985734389,True
Collinsella,IL15,0.07143698503684243,0.11352615191518388,0.24383409694570712,False
Collinsella,IL18,0.16749856259514687,0.0001897790732066101,0.0017205770579793776,True
Collinsella,MCSF,0.11816698943086176,0.008700555058531437,0.03501026083330498,True
Collinsella,MCP3,-0.05196389576160377,0.24995424545870193,0.4197378491095522,False
Collinsella,MIG,-0.04315073089501538,0.33950697155031273,0.5095788674987035,False
Collinsella,RESISTIN,0.19804029515099497,9.622849564623626e-06,0.00014258763254247335,True
Collinsella,IL21,-0.18186830130582188,4.9566605330030926e-05,0.0005521462040546235,True
Collinsella,ICAM1,0.0033332393746951126,0.9412117252310005,0.967915680770073,False
Collinsella,VCAM1,-0.05062495837355856,0.2623822062554692,0.43350103642207954,False
Collinsella,FGFB,0.02380957718921094,0.5982954535243199,0.7376159542141798,False
Collinsella,IL22,0.18737176220779556,2.8814879611123968e-05,0.00035263114371944385,True
Collinsella,PDGFBB,0.25493284372049685,9.732076558113409e-09,4.3261834662104133e-07,True
Collinsella,VEGF,-0.09512406373836371,0.034912480242229406,0.1019885969630409,True
Collinsella,LEPTIN,0.2714492459523757,9.297820469020403e-10,5.728620069270228e-08,True
Collinsella,PAI1,-0.03084472629903876,0.49486514423373784,0.6561070792429299,False
Collinsella,CD40L,-0.11329717410873194,0.011911260875694045,0.04454433432243678,True
Collinsella,ENA78,0.2369941812130058,1.0412084269582675e-07,3.2707827385515704e-06,True
Coprobacter,IL17F,0.07618030278258882,0.0914273079807304,0.20642332304992891,False
Coprobacter,FASL,0.005484772057785636,0.9034141434609317,0.9463956078230126,False
Coprobacter,TGFA,0.1520160716943964,0.0007170287106685187,0.005126918489635903,True
Coprobacter,MIP1A,-0.004542232957550064,0.9199506814002715,0.9548034384929689,False
Coprobacter,SDF1A,-0.012066168122706208,0.7894926461239253,0.8712429859050238,False
Coprobacter,IL27,0.0755874116316125,0.09398490712727575,0.21098469861063524,False
Coprobacter,LIF,0.15379952457488186,0.0006190013044600639,0.004510844158908734,True
Coprobacter,IL1B,-0.05433209136778606,0.22898895575133324,0.3966896909927508,False
Coprobacter,IL2,0.0425144679773895,0.34668263774517205,0.5165528228016127,False
Coprobacter,IL4,0.00918853399891934,0.8389025758096321,0.9022846238792482,False
Coprobacter,IL5,0.0460542238683022,0.3079776546043124,0.4802087056570219,False
Coprobacter,IP10,-0.1326755649058197,0.00319376458518377,0.016447015000421776,True
Coprobacter,IL6,0.014205997342304667,0.7532790585995353,0.8467671901966604,False
Coprobacter,IL7,-0.22498086565859135,4.597048057039871e-07,1.1281922106652017e-05,True
Coprobacter,IL8,0.020653308295213214,0.6476739057386502,0.7735613813775617,False
Coprobacter,IL10,-0.006219789194181099,0.8905470658457579,0.9370830223906234,False
Coprobacter,IFNB,0.11993008741473493,0.007744065103950726,0.03195274498232559,True
Coprobacter,EOTAXIN,0.055097798147233396,0.22248515906734154,0.388709703198114,False
Coprobacter,IL12P70,0.06825911657560002,0.1305406979234431,0.26778744824347583,False
Coprobacter,IL13,0.07381537289020501,0.10197128073234357,0.22444453819787397,False
Coprobacter,IL17A,0.05276436118913952,0.24272325388570923,0.4115784826602094,False
Coprobacter,IL31,0.023338163258912168,0.6055617296461424,0.7421098634850916,False
Coprobacter,IL1RA,0.11268467583792913,0.012381525811966493,0.04588375199165006,True
Coprobacter,SCF,-0.10965181195659701,0.014959845807742494,0.05288131541341533,True
Coprobacter,RANTES,0.01061541116562628,0.8143104863739968,0.8863550500795272,False
Coprobacter,IFNG,0.011215226268927207,0.8040254763105229,0.8798730272816316,False
Coprobacter,GMCSF,0.23932606286240318,7.731410030820941e-08,2.580115125134459e-06,True
Coprobacter,TNFA,0.09980912733293146,0.026844422728337803,0.08267380385354754,True
Coprobacter,HGF,0.030201462484219357,0.5039106257707632,0.6638074849013831,False
Coprobacter,MIP1B,0.12147606357862514,0.006983870924173307,0.02970036082554569,True
Coprobacter,IFNA,0.06429605715155891,0.15444599129788786,0.30172186164061954,False
Coprobacter,TGFB,0.1306515825165564,0.0036951931190482034,0.018251310248380646,True
Coprobacter,MCP1,0.08912390591993331,0.04818098252160195,0.13025174391382008,False
Coprobacter,IL9,0.012330580286780404,0.7849914477274633,0.868485489948769,False
Coprobacter,VEGFD,-0.06826046445459334,0.1305330847267552,0.26778744824347583,False
Coprobacter,TNFB,-0.052163763357410506,0.24813484598569235,0.41756496148601535,False
Coprobacter,NGF,0.04562143569998327,0.3125507256291788,0.48429431738398243,False
Coprobacter,EGF,-0.11989164677834675,0.007763874708333987,0.032006454615634075,True
Coprobacter,BDNF,-0.10948839505222588,0.015111274339004924,0.05325678734883411,True
Coprobacter,TRAIL,0.026504920347415334,0.5575293477647028,0.7071543167341264,False
Coprobacter,GCSF,0.05372583783329602,0.23423323698486498,0.4028127783476948,False
Coprobacter,GROA,-0.0394401866771142,0.38269572024140974,0.5509508810808197,False
Coprobacter,IL1A,0.03302813202560163,0.4648186224228139,0.6279274093214374,False
Coprobacter,IL23,0.12003666174869285,0.007689380096427994,0.031810675166258746,True
Coprobacter,IL12P40,-0.07179066338443212,0.11174554543993596,0.24106340744045718,False
Coprobacter,IL15,0.04536465691189276,0.3152849585798372,0.48708941797645666,False
Coprobacter,IL18,0.03962801910162649,0.3804319336110502,0.5496258591047591,False
Coprobacter,MCSF,0.04330660205194295,0.33776366800847835,0.5088051162582959,False
Coprobacter,MCP3,-0.19907082045939817,8.62797461115904e-06,0.00012947457441968597,True
Coprobacter,MIG,0.047995636678160265,0.2880091233202176,0.45925515705071585,False
Coprobacter,RESISTIN,0.18787130187483014,2.7409082545442732e-05,0.00033898056943340197,True
Coprobacter,IL21,-0.050125562158899246,0.26712472875996296,0.4378058163189375,False
Coprobacter,ICAM1,-0.20341349970008635,5.413538281713292e-06,8.755990071882021e-05,True
Coprobacter,VCAM1,0.0671885291681345,0.13669685910823295,0.2749106274511283,False
Coprobacter,FGFB,0.04316795438387861,0.3393140573476483,0.5095788674987035,False
Coprobacter,IL22,-0.1601185524103676,0.00036302718080962897,0.0028943892994500366,True
Coprobacter,PDGFBB,-0.11920223884665625,0.008126915973601963,0.03309769063752156,True
Coprobacter,VEGF,-0.05456061800525632,0.2270339171489707,0.3937371430275855,False
Coprobacter,LEPTIN,0.22512299779723938,4.519114271043926e-07,1.124000385659058e-05,True
Coprobacter,PAI1,0.00023592934372094449,0.9958351773146688,0.9975287745549999,False
Coprobacter,CD40L,-0.036237313596277174,0.4225521437588978,0.5878552410368841,False
Coprobacter,ENA78,0.05089894511374059,0.25980506373568085,0.43090512506952766,False
Coprococcus,IL17F,-0.2104247019148518,2.4967838487310735e-06,4.5600176338065186e-05,True
Coprococcus,FASL,-0.29645886976236163,1.9397696636807748e-11,2.6114841872182317e-09,True
Coprococcus,TGFA,-0.3067139128058137,3.544463028637285e-12,7.261525996060385e-10,True
Coprococcus,MIP1A,-0.06967442468900464,0.12273410752026792,0.2563678087640992,False
Coprococcus,SDF1A,-0.19917074472035284,8.536899858809368e-06,0.00012851716336967969,True
Coprococcus,IL27,-0.2863392031690128,9.726614842210655e-11,8.647511157829549e-09,True
Coprococcus,LIF,-0.11236214263417282,0.012635690681509824,0.04648081967474446,True
Coprococcus,IL1B,-0.11766566465027531,0.008991094440454367,0.03590342118933981,True
Coprococcus,IL2,-0.16433612782527876,0.00025143118128304753,0.002158003144272714,True
Coprococcus,IL4,-0.2392818531763783,7.775389383894168e-08,2.580115125134459e-06,True
Coprococcus,IL5,-0.1338432539542547,0.0029334217217134775,0.015358092391904339,True
Coprococcus,IP10,-0.16084853275858516,0.00034088472736184573,0.0027457245048359267,True
Coprococcus,IL6,-0.16197785259293151,0.0003090970542260227,0.0025462680411066766,True
Coprococcus,IL7,0.07729190924673424,0.08678258801850586,0.19917562654550028,False
Coprococcus,IL8,-0.30091165918021096,9.349606976431113e-12,1.5734052883194074e-09,True
Coprococcus,IL10,-0.06300447905310351,0.16291370314750284,0.3119257900166735,False
Coprococcus,IFNB,-0.27219221452588993,8.333873492151714e-10,5.3066502560836325e-08,True
Coprococcus,EOTAXIN,0.040656152902764184,0.36818658394257153,0.5379519948953169,False
Coprococcus,IL12P70,-0.03408449270578492,0.45065303820368385,0.6151440081158048,False
Coprococcus,IL13,-0.19695865096858517,1.0784144691310295e-05,0.00015737774006251002,True
Coprococcus,IL17A,-0.2484896591827764,2.3290511255818766e-08,9.069825540282482e-07,True
Coprococcus,IL31,-0.23159621007170303,2.0496456758796178e-07,5.9228596323668175e-06,True
Coprococcus,IL1RA,-0.09905064004167212,0.02803003159931473,0.08526630658229246,True
Coprococcus,SCF,-0.013738606411585646,0.7611459913994091,0.8526481038765898,False
Coprococcus,RANTES,-0.27876428325521435,3.119349835963054e-10,2.3330756233425257e-08,True
Coprococcus,IFNG,-0.2612121467755416,4.0620326087206855e-09,1.9937810054470698e-07,True
Coprococcus,GMCSF,-0.36218318675637967,1.0721165949329003e-16,2.473662906380934e-13,True
Coprococcus,TNFA,-0.1634032057841969,0.00027292294640528334,0.002320338488002905,True
Coprococcus,HGF,0.045375144118802994,0.31517298272980926,0.48708941797645666,False
Coprococcus,MIP1B,-0.16930814904127509,0.0001611942209181838,0.0014985766692404848,True
Coprococcus,IFNA,-0.15726461769538047,0.00046310677552231707,0.0035424661140603213,True
Coprococcus,TGFB,-0.24540888253533846,3.505077704073286e-08,1.3212740913274658e-06,True
Coprococcus,MCP1,0.0719820153530651,0.11079137531509527,0.23936220104756023,False
Coprococcus,IL9,-0.2884773484373774,6.955472632946434e-11,6.68860960131502e-09,True
Coprococcus,VEGFD,-0.21191154445364394,2.1116495474525495e-06,3.964180345655941e-05,True
Coprococcus,TNFB,-0.24149333086229857,5.846587886298194e-08,2.096203204397109e-06,True
Coprococcus,NGF,-0.08004873448768392,0.07608003090047706,0.18178960730377683,False
Coprococcus,EGF,0.03648009013582703,0.41944868753343945,0.5856125083429827,False
Coprococcus,BDNF,-0.028759449453863953,0.5244997882731314,0.6829077099593797,False
Coprococcus,TRAIL,-0.2391840600194746,7.87353275976832e-08,2.5944116338481344e-06,True
Coprococcus,GCSF,-0.11656312691875945,0.009660641552127858,0.03793411916135539,True
Coprococcus,GROA,-0.2823411100396072,1.8071421841594044e-10,1.576898883659095e-08,True
Coprococcus,IL1A,-0.24895698879059233,2.187979623903245e-08,8.591466656526741e-07,True
Coprococcus,IL23,-0.19662509914377468,1.1168382202059707e-05,0.00016192435980340105,True
Coprococcus,IL12P40,0.010319842052618924,0.819390480135069,0.8892141737439994,False
Coprococcus,IL15,-0.2432603305488428,4.646204278302022e-08,1.6971251596402425e-06,True
Coprococcus,IL18,-0.2812478375952484,2.13705218976559e-10,1.83087089421372e-08,True
Coprococcus,MCSF,-0.2922453788615137,3.8253524242897595e-11,4.291681100774606e-09,True
Coprococcus,MCP3,-0.09067706637008852,0.044395038365249447,0.12226149665520479,False
Coprococcus,MIG,-0.14728529702401455,0.0010509405043417212,0.0068587696072828115,True
Coprococcus,RESISTIN,-0.23828390744446137,8.834889839839352e-08,2.871034546574002e-06,True
Coprococcus,IL21,-0.1934540617412569,1.5533148004978948e-05,0.00020909114726200644,True
Coprococcus,ICAM1,0.04592259939268708,0.30936377462251896,0.48157320978569845,False
Coprococcus,VCAM1,-0.11723265697564698,0.009248959974852847,0.03671533226748662,True
Coprococcus,FGFB,-0.19454412116679606,1.3876204302498109e-05,0.00019230786668638554,True
Coprococcus,IL22,-0.07771032975485148,0.08508424467789241,0.19701079160797497,False
Coprococcus,PDGFBB,-0.15363867740632703,0.000627303637201726,0.004547468828453128,True
Coprococcus,VEGF,-0.08926094172690303,0.0478364143476013,0.12946880207116448,False
Coprococcus,LEPTIN,-0.3126548682021771,1.2837600564807103e-12,3.3366210323230664e-10,True
Coprococcus,PAI1,0.12464782520048973,0.0056298606429790515,0.02531288487568444,True
Coprococcus,CD40L,-0.028988137957626968,0.5212061282963609,0.6793702009771653,False
Coprococcus,ENA78,-0.2930544042331004,3.360620339527837e-11,4.060318728167992e-09,True
Dialister,IL17F,-0.07725495926570576,0.0869338676835172,0.19933449368600148,False
Dialister,FASL,0.11684345465880838,0.009486331567422195,0.03737424276395768,True
Dialister,TGFA,0.017449990960326844,0.6994193594968143,0.8109409502827236,False
Dialister,MIP1A,-0.17648267060777428,8.300621932492648e-05,0.0008634112703290365,True
Dialister,SDF1A,-0.047330677130320575,0.29474824069768696,0.4655895776625883,False
Dialister,IL27,0.1337116468440872,0.0029617668454720593,0.015472112390093508,True
Dialister,LIF,0.014515993737331048,0.7480753193102636,0.8438905684917314,False
Dialister,IL1B,-0.05460934295582295,0.2266186158522691,0.39316160452720617,False
Dialister,IL2,-0.10707006953913582,0.01751470116208448,0.059416322444738705,True
Dialister,IL4,0.08915552675990424,0.04810128990906462,0.1301109518091346,False
Dialister,IL5,-0.025831161433674723,0.5675924131285479,0.7151057354710475,False
Dialister,IP10,0.06466367914759204,0.15209785551152857,0.29837014786441407,False
Dialister,IL6,0.13915717829136137,0.001975638573871855,0.011430595825193719,True
Dialister,IL7,-0.10251956660281142,0.022953671817374052,0.07283346909324345,True
Dialister,IL8,0.12534435657837179,0.00536618376703873,0.024243008542940075,True
Dialister,IL10,-0.04443856675422339,0.3252758996973293,0.4966623588379182,False
Dialister,IFNB,-0.00408502714677976,0.9279851032336569,0.9601813365035115,False
Dialister,EOTAXIN,0.07076534135138107,0.11696882178950778,0.24826895868115345,False
Dialister,IL12P70,-0.048758692606519466,0.2804044408677891,0.4521785507765305,False
Dialister,IL13,0.11502925543476689,0.010665752428522409,0.040826178264173514,True
Dialister,IL17A,0.03609547737499883,0.4243714510696661,0.5894768395909783,False
Dialister,IL31,0.22064526259163955,7.702982217549363e-07,1.7202110051702654e-05,True
Dialister,IL1RA,-0.018340203249758304,0.684886060767322,0.8004874947066952,False
Dialister,SCF,-0.009903269175654485,0.8265629869884082,0.8938637038696468,False
Dialister,RANTES,0.11968425566411696,0.007871532445344059,0.0323653236321651,True
Dialister,IFNG,0.09511157755394269,0.034936476823547266,0.10199546393590751,True
Dialister,GMCSF,0.08571041070666179,0.05745801889279585,0.14741086816195742,False
Dialister,TNFA,-0.10231135709438707,0.0232341889412754,0.07352551933599039,True
Dialister,HGF,-0.0808056081121831,0.07333739515801481,0.17730415904800706,False
Dialister,MIP1B,-0.12624060129549167,0.005043278356836986,0.0230941959352924,True
Dialister,IFNA,0.010893801082570445,0.8095328591261292,0.8840375458107896,False
Dialister,TGFB,0.027078026523678824,0.5490383156730569,0.7011025863012044,False
Dialister,MCP1,-0.06195206571163602,0.17006777208282223,0.3218310610659672,False
Dialister,IL9,0.09924165625722683,0.0277272880875262,0.08461851131374577,True
Dialister,VEGFD,0.05500625381403898,0.2232557091694814,0.38913478289514736,False
Dialister,TNFB,0.0904784457252889,0.04486478179292994,0.12312338486213506,False
Dialister,NGF,0.053596886690689766,0.2353595594276665,0.40430705214114643,False
Dialister,EGF,-0.060653057490210306,0.17921865736352985,0.3353766137795682,False
Dialister,BDNF,-0.06074019342780418,0.17859363017979546,0.3344726492079476,False
Dialister,TRAIL,-0.0948188248472999,0.03550314046118349,0.10339357098460854,True
Dialister,GCSF,-0.0015363007220427257,0.9728850133655023,0.9844939218680592,False
Dialister,GROA,0.1678849016582055,0.0001833041910368837,0.0016771443653704776,True
Dialister,IL1A,-0.0552969059440072,0.22081578057093704,0.3863661188452489,False
Dialister,IL23,0.1298191561305827,0.003921367657888012,0.018951266055352113,True
Dialister,IL12P40,0.01983682820331179,0.660715065761884,0.7825958400915549,False
Dialister,IL15,0.035138911523552724,0.43675980998334274,0.6029921548905687,False
Dialister,IL18,0.09356290670070244,0.03802366806661446,0.10885025755157189,True
Dialister,MCSF,0.12208048061483104,0.006705318415728654,0.028723145795375833,True
Dialister,MCP3,-0.05077490703636563,0.2609696039873783,0.4321748373765402,False
Dialister,MIG,-0.1662062594699786,0.00021302875827331703,0.0018832861331779921,True
Dialister,RESISTIN,0.09889097335970878,0.028285264191881637,0.08582109779275356,True
Dialister,IL21,-0.1093698001848739,0.01522201014878119,0.053538817266485406,True
Dialister,ICAM1,0.0848828384899668,0.059917531934401115,0.1522002212802685,False
Dialister,VCAM1,-0.019235169726561138,0.6703914487736493,0.788932194460898,False
Dialister,FGFB,0.038524402415648654,0.3938503329554295,0.5622001723374686,False
Dialister,IL22,0.15506487532258573,0.000557156851994088,0.004140888149205272,True
Dialister,PDGFBB,0.050179582006279734,0.26660891225551586,0.43741685046935613,False
Dialister,VEGF,-0.14319115496726043,0.0014501459463238837,0.009014627571343194,True
Dialister,LEPTIN,0.1271289591649169,0.0047406030750731356,0.022029311331109087,True
Dialister,PAI1,-0.2078030695803167,3.3450597618500463e-06,5.763270870514907e-05,True
Dialister,CD40L,-0.13026424527376004,0.0037989213759776503,0.01853055644265703,True
Dialister,ENA78,0.08296998451421662,0.06593671004509082,0.1638680262302046,False
Dorea,IL17F,-0.10988323495345144,0.01474768068556974,0.05244609161539972,True
Dorea,FASL,-0.09171975758393618,0.0419963941637356,0.11730113177209374,False
Dorea,TGFA,-0.16111055988364176,0.0003332487137201753,0.0026980548780918662,True
Dorea,MIP1A,-0.1429862026657476,0.0014733909164806702,0.009147059286504503,True
Dorea,SDF1A,-0.052789605189408895,0.24249762279356626,0.4115478555472848,False
Dorea,IL27,-0.028129516888181536,0.5336269630860464,0.6890792683095234,False
Dorea,LIF,-0.003638595960439263,0.9358372593991694,0.9646782276059455,False
Dorea,IL1B,0.05683017704644012,0.2082597527885994,0.3713547067528634,False
Dorea,IL2,-0.1302834628871011,0.0037937133798722476,0.018524328959542,True
Dorea,IL4,-0.06807942797562107,0.13155870730932123,0.268939101449684,False
Dorea,IL5,-0.02109973252116048,0.6405884311020809,0.7690325318096828,False
Dorea,IP10,-0.163648453470493,0.0002671126575895097,0.002276012373529421,True
Dorea,IL6,-0.0409297791371828,0.3649692974256935,0.5345194588782578,False
Dorea,IL7,0.09297199353056626,0.039261103899880335,0.11157920481075762,True
Dorea,IL8,-0.052618989144192836,0.24402545426929534,0.4133170167206756,False
Dorea,IL10,-0.02834007546487869,0.5305672721380015,0.6872954094176486,False
Dorea,IFNB,-0.10611453003778229,0.018552736983634775,0.062054464613082616,True
Dorea,EOTAXIN,0.011432192459305327,0.8003133781707896,0.8789436442977185,False
Dorea,IL12P70,0.02288006552608025,0.6126602534031211,0.7475026188595305,False
Dorea,IL13,0.034359688964835634,0.4470031327006011,0.6126465274244423,False
Dorea,IL17A,0.010205712562233606,0.8213540785928931,0.890537455390969,False
Dorea,IL31,0.047500491699412326,0.29301729930415615,0.464480282106757,False
Dorea,IL1RA,-0.07867160641317587,0.08128389561707745,0.1903283357111193,False
Dorea,SCF,0.04457833911098847,0.3237549773861994,0.4957859777197828,False
Dorea,RANTES,-0.06578565375598884,0.1450988650182567,0.28805291911295694,False
Dorea,IFNG,-0.011553632786371991,0.798237597686833,0.8775771255950437,False
Dorea,GMCSF,-0.11885715895806237,0.008314262414760085,0.03368598839067027,True
Dorea,TNFA,-0.049777782077187076,0.2704619367663878,0.4418894184847355,False
Dorea,HGF,-0.08057940143938747,0.0741485063274287,0.1785323259145856,False
Dorea,MIP1B,-0.054652731893520205,0.22624925040517857,0.39266536571241306,False
Dorea,IFNA,-0.023897069520242384,0.5969512172742382,0.7371158636782522,False
Dorea,TGFB,-0.07356629891238575,0.1031357721455191,0.22666779773772666,False
Dorea,MCP1,0.06801010773635359,0.1319530706263029,0.2692912932712617,False
Dorea,IL9,-0.03909287734356747,0.38690317029946575,0.5555736795169977,False
Dorea,VEGFD,0.050586151601251295,0.2627486442859779,0.43380224662772526,False
Dorea,TNFB,-0.023435220482722917,0.6040624912596899,0.7414280955497939,False
Dorea,NGF,0.05888688343127069,0.19223916564140303,0.3516424489527527,False
Dorea,EGF,0.0685311254544109,0.12901126247614822,0.2652273424029714,False
Dorea,BDNF,0.07221861193844882,0.10962047532583998,0.23759506887550966,False
Dorea,TRAIL,-0.12851565564190212,0.004300798410692171,0.020285647758940453,True
Dorea,GCSF,-0.049506174841382505,0.27308794663738745,0.44448718637491175,False
Dorea,GROA,-0.007065441244010834,0.8757789127977269,0.927295334909127,False
Dorea,IL1A,-0.13902023309385572,0.0019962096426040465,0.01147090223896374,True
Dorea,IL23,-0.03711159148819419,0.4114389382735095,0.578716500640232,False
Dorea,IL12P40,0.013452622458584569,0.7659717827886854,0.8548727015928924,False
Dorea,IL15,0.011201168514352638,0.804266144986808,0.8798936789361131,False
Dorea,IL18,-0.07142154161617659,0.11360440712514308,0.24383409694570712,False
Dorea,MCSF,-0.08765154204981217,0.052016052593318526,0.1374647447110022,False
Dorea,MCP3,-0.02175738529253785,0.6302097926549373,0.7614227033307858,False
Dorea,MIG,-0.1596603190402075,0.0003776041444415193,0.002990370972451158,True
Dorea,RESISTIN,-0.07877934396476548,0.08086665826468566,0.1895739769866661,False
Dorea,IL21,-0.13035097678295904,0.0037754682712907144,0.018454363583321417,True
Dorea,ICAM1,-0.07729052708756168,0.086788243001987,0.19917562654550028,False
Dorea,VCAM1,-0.0660138700062011,0.1437058156361079,0.28607596251683165,False
Dorea,FGFB,-0.0471165101559305,0.2969409934721683,0.46834608736487415,False
Dorea,IL22,0.19455802845455109,1.3856192553619915e-05,0.00019230786668638554,True
Dorea,PDGFBB,0.037386690986110895,0.40797816007379606,0.5754005600567923,False
Dorea,VEGF,-0.06582764845572874,0.1448417549394378,0.2878508432200046,False
Dorea,LEPTIN,-0.06395285920764764,0.15666280820152323,0.3045119282350474,False
Dorea,PAI1,0.12149096664680663,0.006976879949674913,0.02969743299265419,True
Dorea,CD40L,-0.040423184797284135,0.37093964090584486,0.5407061659778717,False
Dorea,ENA78,0.01190045681544126,0.7923172034129389,0.8729012537951294,False
Erysipelotrichaceae UCG-003,IL17F,0.02133146013656302,0.6369233219360988,0.7659986454729192,False
Erysipelotrichaceae UCG-003,FASL,0.10256894051413062,0.02288758301199256,0.07272170677849558,True
Erysipelotrichaceae UCG-003,TGFA,0.08962465330757602,0.046931883052763926,0.1276261109514979,False
Erysipelotrichaceae UCG-003,MIP1A,-0.011255250126048754,0.8033403695999709,0.8798730272816316,False
Erysipelotrichaceae UCG-003,SDF1A,0.10312182369672514,0.022158710997471222,0.07098018097898327,True
Erysipelotrichaceae UCG-003,IL27,0.06744404554314244,0.13520765853003774,0.2730492320414811,False
Erysipelotrichaceae UCG-003,LIF,0.18659767197902077,3.1129049979924936e-05,0.00037228447590204646,True
Erysipelotrichaceae UCG-003,IL1B,0.08570666299710737,0.05746896536789384,0.14741086816195742,False
Erysipelotrichaceae UCG-003,IL2,0.04643550256919442,0.3039856141207311,0.475557839886084,False
Erysipelotrichaceae UCG-003,IL4,0.10960549755781496,0.015002626629216117,0.05299278611459246,True
Erysipelotrichaceae UCG-003,IL5,0.24572103785692062,3.363712069805848e-08,1.2782105865262221e-06,True
Erysipelotrichaceae UCG-003,IP10,0.027088890303484568,0.5488779763371031,0.7010878353213418,False
Erysipelotrichaceae UCG-003,IL6,0.16067792514117693,0.0003459439724908655,0.002776981257882382,True
Erysipelotrichaceae UCG-003,IL7,0.07739015033823225,0.08638140226701572,0.19883611124257172,False
Erysipelotrichaceae UCG-003,IL8,0.09034234765689521,0.04518906465424363,0.12379701898302092,False
Erysipelotrichaceae UCG-003,IL10,-0.03620533259422061,0.42296195998632313,0.5882516987767281,False
Erysipelotrichaceae UCG-003,IFNB,0.17943770420706134,6.26691032752835e-05,0.0006788432520301974,True
Erysipelotrichaceae UCG-003,EOTAXIN,0.09163734610267146,0.04218191176808378,0.11767979174139181,False
Erysipelotrichaceae UCG-003,IL12P70,0.019895812105083253,0.6597694399113805,0.7820965033616163,False
Erysipelotrichaceae UCG-003,IL13,0.08861803691391514,0.04947101061830696,0.13253875310730936,False
Erysipelotrichaceae UCG-003,IL17A,0.1883229899923316,2.6194140221020688e-05,0.0003265258960884907,True
Erysipelotrichaceae UCG-003,IL31,0.29993219006578853,1.09896011833712e-11,1.7261000258681696e-09,True
Erysipelotrichaceae UCG-003,IL1RA,0.15314423390262097,0.0006534761176573085,0.004701037353284333,True
Erysipelotrichaceae UCG-003,SCF,-0.04019128925853406,0.3736926374266838,0.542966298968404,False
Erysipelotrichaceae UCG-003,RANTES,0.0073766847721346025,0.8703540305825557,0.922634013971879,False
Erysipelotrichaceae UCG-003,IFNG,0.02655904227904325,0.5567247702782783,0.706929882727697,False
Erysipelotrichaceae UCG-003,GMCSF,0.2124744454614758,1.9812532860845078e-06,3.764381243560565e-05,True
Erysipelotrichaceae UCG-003,TNFA,0.1293847304342413,0.004044315309511305,0.01926877021073536,True
Erysipelotrichaceae UCG-003,HGF,-0.01742048319063418,0.6999030138513336,0.8113020913327144,False
Erysipelotrichaceae UCG-003,MIP1B,0.05800340518448751,0.19900667199517733,0.3602456544146276,False
Erysipelotrichaceae UCG-003,IFNA,0.05314264714441446,0.23935753251898567,0.40864228015560167,False
Erysipelotrichaceae UCG-003,TGFB,0.19745826199654976,1.0232070844316937e-05,0.00015066724318256688,True
Erysipelotrichaceae UCG-003,MCP1,-0.021363481387938255,0.636417552337565,0.7657812836094501,False
Erysipelotrichaceae UCG-003,IL9,0.1673803460898372,0.00019180276002248522,0.001734692140548849,True
Erysipelotrichaceae UCG-003,VEGFD,0.16724354874156078,0.00019416975220405778,0.001746045557987634,True
Erysipelotrichaceae UCG-003,TNFB,0.07469717384445287,0.09793226273745247,0.21766831227305472,False
Erysipelotrichaceae UCG-003,NGF,0.25014857968106347,1.8646819630448396e-08,7.472622066690016e-07,True
Erysipelotrichaceae UCG-003,EGF,0.10389308240613666,0.021175614747667913,0.06852987410096924,True
Erysipelotrichaceae UCG-003,BDNF,-0.026557845285466498,0.5567425587011494,0.706929882727697,False
Erysipelotrichaceae UCG-003,TRAIL,0.1252694138840092,0.005394010170633075,0.024345379237569967,True
Erysipelotrichaceae UCG-003,GCSF,0.14208040983700118,0.0015802786881915058,0.00963295365945456,True
Erysipelotrichaceae UCG-003,GROA,0.23109611828575602,2.1805645993947204e-07,6.1896508387638085e-06,True
Erysipelotrichaceae UCG-003,IL1A,0.10021255581390681,0.02623158692377761,0.08142505769752312,True
Erysipelotrichaceae UCG-003,IL23,0.1728906365857744,0.0001161052781259806,0.001142146285030523,True
Erysipelotrichaceae UCG-003,IL12P40,-0.009621323159533778,0.8314257414488573,0.8971097077414737,False
Erysipelotrichaceae UCG-003,IL15,0.21490816939366109,1.5010464840437306e-06,2.9718197616865792e-05,True
Erysipelotrichaceae UCG-003,IL18,0.14226436791033922,0.0015580113868704278,0.009534220331082411,True
Erysipelotrichaceae UCG-003,MCSF,0.12111373307264865,0.007155780211959558,0.03013229343945794,True
Erysipelotrichaceae UCG-003,MCP3,-0.0649268957193908,0.15043331144330593,0.29630911051873304,False
Erysipelotrichaceae UCG-003,MIG,0.007346279145453614,0.8708837278958459,0.9229878825562811,False
Erysipelotrichaceae UCG-003,RESISTIN,0.1298436143086662,0.0039145473996510275,0.01893772828250066,True
Erysipelotrichaceae UCG-003,IL21,0.09283198552170764,0.03955924038170405,0.11235873458625045,True
Erysipelotrichaceae UCG-003,ICAM1,-0.027761729659133906,0.5389926294724856,0.6932317022275644,False
Erysipelotrichaceae UCG-003,VCAM1,0.005435242052032331,0.9042821555092819,0.9466146722425309,False
Erysipelotrichaceae UCG-003,FGFB,0.14748590101441597,0.001034271797310993,0.00675934633693398,True
Erysipelotrichaceae UCG-003,IL22,-0.13726956997597958,0.0022770209353518795,0.012607899703146953,True
Erysipelotrichaceae UCG-003,PDGFBB,-0.1051813858619715,0.01961783775182755,0.06473246565935552,True
Erysipelotrichaceae UCG-003,VEGF,-0.04274343810759326,0.34408933985729906,0.5137354148946746,False
Erysipelotrichaceae UCG-003,LEPTIN,0.2639738072229433,2.745745823891071e-09,1.487121186456865e-07,True
Erysipelotrichaceae UCG-003,PAI1,-0.06580075945771692,0.14500634114297764,0.28805291911295694,False
Erysipelotrichaceae UCG-003,CD40L,-0.013140913036923805,0.771241999423959,0.8586036522243884,False
Erysipelotrichaceae UCG-003,ENA78,0.12927755006588537,0.004075180251840156,0.01935710619624074,True
Escherichia-Shigella,IL17F,-0.04747411266095133,0.2932857369894181,0.4646813694331332,False
Escherichia-Shigella,FASL,0.06783771032639853,0.1329378000802023,0.27045915290759565,False
Escherichia-Shigella,TGFA,0.04906111495231014,0.27742844168496444,0.4490700162210761,False
Escherichia-Shigella,MIP1A,-0.13802087636890248,0.002152361677805778,0.012073724078358126,True
Escherichia-Shigella,SDF1A,-0.01626735875394035,0.718896879183294,0.8235852281701139,False
Escherichia-Shigella,IL27,0.1038715978625865,0.021202478777223793,0.0685697185986812,True
Escherichia-Shigella,LIF,-0.003888131639208276,0.9314474283760787,0.963129313694993,False
Escherichia-Shigella,IL1B,-0.005426986972300583,0.9044268366799394,0.9466146722425309,False
Escherichia-Shigella,IL2,-0.03071121072803648,0.4967354783572645,0.6580313674499383,False
Escherichia-Shigella,IL4,0.020136100717841467,0.6559227605053513,0.7791046250318163,False
Escherichia-Shigella,IL5,0.04133292142480658,0.36026117588617634,0.5299877180067633,False
Escherichia-Shigella,IP10,0.036164097541132575,0.4234907033032277,0.5888132764723544,False
Escherichia-Shigella,IL6,0.06286939261880553,0.16381912316263944,0.31317634313570347,False
Escherichia-Shigella,IL7,-0.06305526368726594,0.1625742928090258,0.31152910439858866,False
Escherichia-Shigella,IL8,0.08954165139924282,0.04713703096858633,0.12801711234811458,False
Escherichia-Shigella,IL10,-0.02231188219725883,0.6215151641899677,0.7555674545054508,False
Escherichia-Shigella,IFNB,0.0333836757363525,0.46002348576693053,0.6231694667180476,False
Escherichia-Shigella,EOTAXIN,0.05783398949594079,0.20032400499081185,0.3620739207965882,False
Escherichia-Shigella,IL12P70,-0.03416898122567234,0.44953068773607874,0.614145723575646,False
Escherichia-Shigella,IL13,0.07208992196722643,0.11025613759371777,0.2383151010741276,False
Escherichia-Shigella,IL17A,0.07964999082274883,0.07755814363405762,0.18429348099025694,False
Escherichia-Shigella,IL31,0.19688307596995416,1.0870085237258987e-05,0.00015808593098137145,True
Escherichia-Shigella,IL1RA,0.022603317566197694,0.6169663258506739,0.7513945017855713,False
Escherichia-Shigella,SCF,-0.07704937986655264,0.08777942473528863,0.20087467670751472,False
Escherichia-Shigella,RANTES,0.11244384869577158,0.01257087238225811,0.04638523936194222,True
Escherichia-Shigella,IFNG,0.05184325375305108,0.2510569381745326,0.42009243347954467,False
Escherichia-Shigella,GMCSF,0.07944767496732784,0.07831698356215278,0.18562858478111866,False
Escherichia-Shigella,TNFA,-0.05491887250418084,0.22399299194436842,0.38946678156526343,False
Escherichia-Shigella,HGF,-0.13748332733455168,0.002240898805950257,0.012466487808308868,True
Escherichia-Shigella,MIP1B,-0.09654199211104923,0.03227717086476385,0.09577457752819098,True
Escherichia-Shigella,IFNA,0.05036050399639388,0.26488632962347886,0.43568110068596,False
Escherichia-Shigella,TGFB,0.09340362137316398,0.038353928805833264,0.10952952274732505,True
Escherichia-Shigella,MCP1,0.01042326618227392,0.8176120417446984,0.8884602824937803,False
Escherichia-Shigella,IL9,0.059892894194841326,0.1847402333300985,0.3420416422205989,False
Escherichia-Shigella,VEGFD,0.08514723484722649,0.05912246486996929,0.15091281390427697,False
Escherichia-Shigella,TNFB,0.04855113266689292,0.28245940839920225,0.45332041293495945,False
Escherichia-Shigella,NGF,0.07959515505287011,0.0777632276383873,0.18468766564116987,False
Escherichia-Shigella,EGF,-0.10287485271415366,0.02248177052062124,0.07175473787137149,True
Escherichia-Shigella,BDNF,0.01981252307716978,0.6611048811354847,0.7825958400915549,False
Escherichia-Shigella,TRAIL,-0.07887982063913085,0.08047910419470947,0.18911486042277434,False
Escherichia-Shigella,GCSF,-0.007967059866937513,0.8600808632653574,0.9160475538973752,False
Escherichia-Shigella,GROA,0.14580641168247374,0.0011816831386933574,0.007555075915228087,True
Escherichia-Shigella,IL1A,-0.030637449044102986,0.4977703671670395,0.6586616035077478,False
Escherichia-Shigella,IL23,0.1169384746963802,0.009427885135810995,0.03723738035200454,True
Escherichia-Shigella,IL12P40,-0.0871323348451891,0.05342775706878603,0.13978433720606318,False
Escherichia-Shigella,IL15,0.05868806724020929,0.19374720540674126,0.3528940208258851,False
Escherichia-Shigella,IL18,0.04711574999170438,0.29694879574741245,0.46834608736487415,False
Escherichia-Shigella,MCSF,0.0787879346660862,0.0808334636508787,0.1895739769866661,False
Escherichia-Shigella,MCP3,-0.04682816980086964,0.29991030757729686,0.4716880404887259,False
Escherichia-Shigella,MIG,-0.10621128539118908,0.01844524075610769,0.06186048003044799,True
Escherichia-Shigella,RESISTIN,0.06470605497839114,0.1518289367564009,0.2981770163005374,False
Escherichia-Shigella,IL21,-0.09061111064285719,0.044550564551130926,0.12261814261970148,False
Escherichia-Shigella,ICAM1,0.02094743608665255,0.6430019955293036,0.7703598787017744,False
Escherichia-Shigella,VCAM1,-0.021345233617419645,0.6367057517289163,0.7659324743800494,False
Escherichia-Shigella,FGFB,0.028275588991052238,0.5315034007356559,0.6876562395020348,False
Escherichia-Shigella,IL22,0.1490432959687466,0.0009129270246815449,0.006145303057570628,True
Escherichia-Shigella,PDGFBB,0.14909671946142808,0.0009090079166353314,0.006140244827656127,True
Escherichia-Shigella,VEGF,-0.1439775865488214,0.001364044373857914,0.008581277823255663,True
Escherichia-Shigella,LEPTIN,0.15870056006486116,0.0004099199737819071,0.0031979187358615008,True
Escherichia-Shigella,PAI1,-0.07456364784751966,0.09853554962673708,0.21839111469481895,False
Escherichia-Shigella,CD40L,-0.14261152245109907,0.001516772771256764,0.009344850528118924,True
Escherichia-Shigella,ENA78,0.12665612851814537,0.00489959881003123,0.022523814236943565,True
Faecalibacterium,IL17F,-0.000964979151358203,0.9829665914836768,0.9904002066164858,False
Faecalibacterium,FASL,-0.08137962840721501,0.07131156523934472,0.1737287395568569,False
Faecalibacterium,TGFA,-0.07472675161248703,0.0977990255788288,0.21747475626589963,False
Faecalibacterium,MIP1A,-0.09924486051093281,0.027722233701211293,0.08461851131374577,True
Faecalibacterium,SDF1A,-0.018537785147838874,0.6816758868491875,0.7980265289027009,False
Faecalibacterium,IL27,-0.08410833213535512,0.06229756648805096,0.1572744524683119,False
Faecalibacterium,LIF,-0.08651708801472807,0.055141741250458426,0.1429024947608569,False
Faecalibacterium,IL1B,-0.04909438918855374,0.27710231987793377,0.4486962650394584,False
Faecalibacterium,IL2,-0.08580036630978898,0.05719579081464735,0.14687483781434063,False
Faecalibacterium,IL4,-0.08020932263018762,0.07549125076531334,0.18065757928194842,False
Faecalibacterium,IL5,0.0007863379524514164,0.9861195380594341,0.9913525419438723,False
Faecalibacterium,IP10,-0.028667901296586206,0.5258212731184452,0.6840612476350397,False
Faecalibacterium,IL6,-0.06482487607405715,0.1510768182639055,0.2969853849226211,False
Faecalibacterium,IL7,0.02518231531384734,0.5773645881580352,0.7232146149033782,False
Faecalibacterium,IL8,-0.08139170914743941,0.0712694262925508,0.1737287395568569,False
Faecalibacterium,IL10,-0.04199673888975585,0.3525919948788956,0.522292826114227,False
Faecalibacterium,IFNB,-0.13478886734025902,0.00273690765963008,0.014569804817560685,True
Faecalibacterium,EOTAXIN,0.012839962429604725,0.7763403215539277,0.8625596781801715,False
Faecalibacterium,IL12P70,-0.07567017546883834,0.09362448505767763,0.2104097298130377,False
Faecalibacterium,IL13,-0.013484241774135675,0.7654377784214753,0.8548727015928924,False
Faecalibacterium,IL17A,-0.09152197712832223,0.04244278124999411,0.11819762721629565,False
Faecalibacterium,IL31,-0.1169685274133353,0.009409466604471355,0.03719581093982301,True
Faecalibacterium,IL1RA,-0.061559951121940966,0.17279246392086633,0.32554901639149225,False
Faecalibacterium,SCF,-0.03669480866206371,0.4167150690211342,0.5835249346887323,False
Faecalibacterium,RANTES,-0.06873847385132749,0.12785474640043212,0.2636251319121746,False
Faecalibacterium,IFNG,-0.04568024483947309,0.31192671211978623,0.4836454976993856,False
Faecalibacterium,GMCSF,-0.039459462140423764,0.3824630309922996,0.5509508810808197,False
Faecalibacterium,TNFA,0.002842497138363243,0.949854584525582,0.972136142981004,False
Faecalibacterium,HGF,0.05724424350646368,0.20495920312748697,0.36735175547231597,False
Faecalibacterium,MIP1B,0.02187192445821938,0.6284095520523205,0.7596372009416456,False
Faecalibacterium,IFNA,-0.04862198570235165,0.2817567797516013,0.4532734538031906,False
Faecalibacterium,TGFB,-0.0843970762484441,0.061401305989694205,0.15546639109265936,False
Faecalibacterium,MCP1,-0.08149511673107324,0.07090956119450041,0.17357187134986282,False
Faecalibacterium,IL9,-0.07108340452648622,0.11532846068779375,0.24600620496192127,False
Faecalibacterium,VEGFD,-0.2409387715731356,6.281533251533767e-08,2.20884960307665e-06,True
Faecalibacterium,TNFB,-0.01071939726094713,0.8125250985734318,0.8858871375239248,False
Faecalibacterium,NGF,0.013429739915773458,0.766358304908811,0.8548727015928924,False
Faecalibacterium,EGF,-0.03417142774232245,0.4494982116234385,0.614145723575646,False
Faecalibacterium,BDNF,0.07543381048359657,0.09465675223285323,0.21208374830990287,False
Faecalibacterium,TRAIL,-0.0768697554004188,0.08852363008631974,0.20176722634302632,False
Faecalibacterium,GCSF,-0.1074563610462454,0.017109689378116272,0.05859073862622375,True
Faecalibacterium,GROA,-0.09209558642596026,0.041159065343358094,0.11571689492714995,True
Faecalibacterium,IL1A,-0.06967274324417098,0.12274316141167399,0.2563678087640992,False
Faecalibacterium,IL23,-0.14167424575679877,0.0016304811557721509,0.009846768376210987,True
Faecalibacterium,IL12P40,0.08424263800641682,0.06187934848394394,0.15634074533852216,False
Faecalibacterium,IL15,-0.06749695272602092,0.13490087237417195,0.27279156065671706,False
Faecalibacterium,IL18,-0.06627406354565057,0.14213007530695004,0.28377835374845284,False
Faecalibacterium,MCSF,-0.0910200191678411,0.043593685789987284,0.12076040414016466,False
Faecalibacterium,MCP3,-0.08751163579353291,0.052393355876310166,0.13822927933324383,False
Faecalibacterium,MIG,-0.02951917810280345,0.5135990340498495,0.672804739628271,False
Faecalibacterium,RESISTIN,-0.05996116964632733,0.18423923163869055,0.34151662450098735,False
Faecalibacterium,IL21,-0.10592286453174585,0.018767293981874468,0.06249575211490635,True
Faecalibacterium,ICAM1,-0.029141687334419925,0.5190006222515633,0.677807907995944,False
Faecalibacterium,VCAM1,-0.05411387140676376,0.23086694378264289,0.3983979355776329,False
Faecalibacterium,FGFB,-0.02334658226040511,0.6054316159380158,0.7421098634850916,False
Faecalibacterium,IL22,0.07035317424688071,0.11912161269485969,0.25136634080527487,False
Faecalibacterium,PDGFBB,0.06179746043522822,0.17113822101296883,0.3233373285537727,False
Faecalibacterium,VEGF,-0.017973614187653395,0.6908571628139368,0.8040972328851748,False
Faecalibacterium,LEPTIN,-0.026083049660226586,0.5638201511235962,0.7113040300118837,False
Faecalibacterium,PAI1,0.10162025471804645,0.024186674609902595,0.07615818393241834,True
Faecalibacterium,CD40L,-0.09368988959656989,0.03776211304178997,0.10843088156789417,True
Faecalibacterium,ENA78,-0.06727863565370312,0.1361702668624332,0.2740855606389514,False
Family XIII AD3011 group,IL17F,-0.01114204808992274,0.8052784885167114,0.8806987732666123,False
Family XIII AD3011 group,FASL,-0.018449520720570673,0.6831092405010903,0.7995058969799149,False
Family XIII AD3011 group,TGFA,-0.02017599471039575,0.6552849904815683,0.7791046250318163,False
Family XIII AD3011 group,MIP1A,0.07556372477040228,0.09408826317527721,0.21111614099138393,False
Family XIII AD3011 group,SDF1A,0.04489863160289287,0.3202871884518019,0.49191435201593564,False
Family XIII AD3011 group,IL27,-0.04510732378013283,0.3180407642676969,0.4895812091569382,False
Family XIII AD3011 group,LIF,0.016616113820005447,0.7131333847409103,0.8207810089893187,False
Family XIII AD3011 group,IL1B,0.06294991512459339,0.1632789651702761,0.3123712886245802,False
Family XIII AD3011 group,IL2,-0.05560984084292205,0.21821016923495232,0.38331768452313986,False
Family XIII AD3011 group,IL4,0.04342913995210324,0.3363972049569506,0.5077205732726301,False
Family XIII AD3011 group,IL5,0.033476695923181206,0.4587735140109629,0.6220836828833546,False
Family XIII AD3011 group,IP10,-0.00791021935542982,0.8610689520191234,0.9165025755396677,False
Family XIII AD3011 group,IL6,0.03560719036516834,0.4306694254937097,0.5961044454113293,False
Family XIII AD3011 group,IL7,-0.040957668266408974,0.3646423641561183,0.5344307371395426,False
Family XIII AD3011 group,IL8,0.021434809607029977,0.6352915440367379,0.7657120199656978,False
Family XIII AD3011 group,IL10,0.022435212943570138,0.6195883955256597,0.7540032333979619,False
Family XIII AD3011 group,IFNB,0.035008587933149496,0.4384635408737232,0.604282013628834,False
Family XIII AD3011 group,EOTAXIN,0.020079274533251486,0.6568316508847729,0.7796165790244397,False
Family XIII AD3011 group,IL12P70,0.07142368270540864,0.11359355522663254,0.24383409694570712,False
Family XIII AD3011 group,IL13,0.04417971543798348,0.3281047872999242,0.4995249621186568,False
Family XIII AD3011 group,IL17A,0.06067626461022719,0.1790520341945265,0.33519792813850174,False
Family XIII AD3011 group,IL31,0.04239906138205509,0.3479944134067221,0.5179247239331884,False
Family XIII AD3011 group,IL1RA,0.04378734357858925,0.3324231144972779,0.5043070558632239,False
Family XIII AD3011 group,SCF,0.047817830751483555,0.28980088899880907,0.46073334815356776,False
Family XIII AD3011 group,RANTES,-0.01062926565584515,0.8140725561505578,0.886300805125099,False
Family XIII AD3011 group,IFNG,0.02412283778930674,0.5934888481658384,0.734883845438678,False
Family XIII AD3011 group,GMCSF,-0.033166195394324006,0.46295330931811574,0.6259500698728727,False
Family XIII AD3011 group,TNFA,0.0042126350688310955,0.9257418928952036,0.9584917159574158,False
Family XIII AD3011 group,HGF,-0.015680203213266783,0.7286361094299556,0.8303103621847523,False
Family XIII AD3011 group,MIP1B,0.0421014104134192,0.3513921783487637,0.521334995081667,False
Family XIII AD3011 group,IFNA,0.0015538750360248263,0.9725749560915644,0.9844939218680592,False
Family XIII AD3011 group,TGFB,-0.019538514947578512,0.6655058528121771,0.7857337956529638,False
Family XIII AD3011 group,MCP1,0.13187862806740014,0.0033833161003402686,0.01710534921116239,True
Family XIII AD3011 group,IL9,0.04756523600171941,0.29235914719048267,0.4638371385729139,False
Family XIII AD3011 group,VEGFD,0.15702378474577094,0.00047263220108781313,0.0035862205016518123,True
Family XIII AD3011 group,TNFB,-0.020078119417797045,0.6568501313087916,0.7796165790244397,False
Family XIII AD3011 group,NGF,-0.03506481896632266,0.43772796132525404,0.6037303623183335,False
Family XIII AD3011 group,EGF,0.0560461613582029,0.21461408140453148,0.37840416102698154,False
Family XIII AD3011 group,BDNF,-0.050816147764014614,0.26058201379874724,0.43188971122746994,False
Family XIII AD3011 group,TRAIL,0.0623542409240611,0.16730665371662948,0.31801087225202024,False
Family XIII AD3011 group,GCSF,0.10569284460122726,0.019027640199940677,0.06315252985247818,True
Family XIII AD3011 group,GROA,0.031328186930512564,0.488124163106024,0.6497291120213518,False
Family XIII AD3011 group,IL1A,0.06410076366288492,0.15570451800085722,0.303214460631612,False
Family XIII AD3011 group,IL23,0.010495677937121682,0.8163674355015125,0.8873640959822668,False
Family XIII AD3011 group,IL12P40,-0.015547322677603266,0.7308463561057341,0.8318714654172908,False
Family XIII AD3011 group,IL15,0.015280050375057464,0.7352987225652495,0.8348605972485356,False
Family XIII AD3011 group,IL18,-0.032059478654962004,0.4780221794850026,0.6400797129108645,False
Family XIII AD3011 group,MCSF,-0.0037533825962859234,0.9338176835499057,0.9643105248492561,False
Family XIII AD3011 group,MCP3,0.04141796881576696,0.3592728213229335,0.5292413567356675,False
Family XIII AD3011 group,MIG,0.1344479365718517,0.00280633265919819,0.014824483733342903,True
Family XIII AD3011 group,RESISTIN,-0.07737545601735206,0.0864413141058587,0.19883611124257172,False
Family XIII AD3011 group,IL21,0.061900400753681056,0.17042492954428246,0.3222519644639188,False
Family XIII AD3011 group,ICAM1,-0.03815335354628193,0.3984251505331363,0.5666704827383454,False
Family XIII AD3011 group,VCAM1,0.01878749339644704,0.6776270101969253,0.7954605062401375,False
Family XIII AD3011 group,FGFB,-0.05920647153190984,0.18983311810837677,0.34935405681999293,False
Family XIII AD3011 group,IL22,0.0383978396213288,0.395407204234003,0.5637394088806723,False
Family XIII AD3011 group,PDGFBB,-0.07671366666654367,0.08917443348861943,0.2026965415332247,False
Family XIII AD3011 group,VEGF,-0.03503817190780609,0.43807645337150447,0.6039251750399441,False
Family XIII AD3011 group,LEPTIN,-0.060492758979603524,0.18037271348022485,0.33681723551085757,False
Family XIII AD3011 group,PAI1,-0.011363300306416075,0.8014915786855495,0.8794381160771886,False
Family XIII AD3011 group,CD40L,0.10191104623179024,0.023781865910684433,0.0751073405972822,True
Family XIII AD3011 group,ENA78,0.023954219912853056,0.5960738963507686,0.7366116442708684,False
Frisingicoccus,IL17F,-0.11315874317652258,0.01201614222313334,0.04486534243692892,True
Frisingicoccus,FASL,-0.27246250708849074,8.007889996207763e-10,5.168928446867257e-08,True
Frisingicoccus,TGFA,-0.06007208836837262,0.18342745487661136,0.34041361456423497,False
Frisingicoccus,MIP1A,0.035570119031022356,0.4311497733254016,0.5964424554219256,False
Frisingicoccus,SDF1A,-0.2782471377219579,3.373336259771324e-10,2.4454093009296122e-08,True
Frisingicoccus,IL27,-0.23467062449640727,1.3964494079948367e-07,4.217993340045942e-06,True
Frisingicoccus,LIF,-0.08049115151842197,0.07446692040631843,0.17911594127339073,False
Frisingicoccus,IL1B,-0.22554459511415142,4.2953468069753237e-07,1.0765784124716874e-05,True
Frisingicoccus,IL2,-0.06742262005786395,0.13533204853942613,0.27309833521103893,False
Frisingicoccus,IL4,-0.22076215818067832,7.597553550385839e-07,1.7047463014008608e-05,True
Frisingicoccus,IL5,-0.09018935590646734,0.04555595001741226,0.1245848151375778,False
Frisingicoccus,IP10,-0.07887694442692417,0.08049017724165926,0.18911486042277434,False
Frisingicoccus,IL6,-0.18255854261295532,4.634674833953806e-05,0.0005212073464818695,True
Frisingicoccus,IL7,-0.09698395818715702,0.03149129711957945,0.0936786565829914,True
Frisingicoccus,IL8,-0.27943075147491436,2.819344098429618e-10,2.1983429119315288e-08,True
Frisingicoccus,IL10,-0.11185922359711875,0.01304119555761838,0.047525223099379586,True
Frisingicoccus,IFNB,0.004675936369370897,0.9176026295269766,0.953206258891339,False
Frisingicoccus,EOTAXIN,-0.034271236208569075,0.4481744425307096,0.6130037658068807,False
Frisingicoccus,IL12P70,-0.042505181854565324,0.3467880727383319,0.5165528228016127,False
Frisingicoccus,IL13,-0.25125941977952954,1.6052784133193405e-08,6.635150775053274e-07,True
Frisingicoccus,IL17A,-0.18666442441500533,3.092275484691286e-05,0.00037075832274466514,True
Frisingicoccus,IL31,-0.2634003806638941,2.9794591514295783e-09,1.559912391281797e-07,True
Frisingicoccus,IL1RA,-0.06798140025663513,0.13211665482244567,0.2693784844324379,False
Frisingicoccus,SCF,-0.20041082966980964,7.480197616491248e-06,0.00011443730898995701,True
Frisingicoccus,RANTES,-0.2809229639712075,2.245916646448805e-10,1.889778435369066e-08,True
Frisingicoccus,IFNG,-0.2630669590944708,3.1241137920789493e-09,1.6176729877226386e-07,True
Frisingicoccus,GMCSF,-0.15533627087367147,0.0005446625470756295,0.0040608384838929845,True
Frisingicoccus,TNFA,-0.2154666838375347,1.4077713771820195e-06,2.834794328752853e-05,True
Frisingicoccus,HGF,-0.0036346726968465672,0.9359062933239639,0.9646782276059455,False
Frisingicoccus,MIP1B,-0.2436514016096263,4.414737971146882e-08,1.625175415628446e-06,True
Frisingicoccus,IFNA,-0.2231617560856279,5.715959689447719e-07,1.3333466364691906e-05,True
Frisingicoccus,TGFB,-0.19600190914137117,1.1921446236973896e-05,0.00017022380202612425,True
Frisingicoccus,MCP1,0.08112049116456596,0.07222037703815196,0.17573208697166154,False
Frisingicoccus,IL9,-0.2979974288148716,1.509557030155265e-11,2.222822726903628e-09,True
Frisingicoccus,VEGFD,-0.11141897019688625,0.013405547471773312,0.04866482256317091,True
Frisingicoccus,TNFB,-0.32652731285556463,1.0951148568086307e-13,5.733534672535853e-11,True
Frisingicoccus,NGF,-0.16718646765511697,0.00019516548971010194,0.0017483265922319398,True
Frisingicoccus,EGF,-0.2399838562405678,7.104741765130837e-08,2.4259089273403266e-06,True
Frisingicoccus,BDNF,-0.2527736308075085,1.30729141281957e-08,5.451289501952047e-07,True
Frisingicoccus,TRAIL,-0.19583253795836617,1.2134318785230775e-05,0.00017273990971603448,True
Frisingicoccus,GCSF,-0.10612168279057688,0.01854477153310561,0.062054464613082616,True
Frisingicoccus,GROA,-0.2865768179078409,9.372120199903695e-11,8.492582765758886e-09,True
Frisingicoccus,IL1A,-0.2574332252541504,6.89144146917278e-09,3.2668549089050963e-07,True
Frisingicoccus,IL23,-0.17849816572052465,6.856035935066224e-05,0.0007325542250800919,True
Frisingicoccus,IL12P40,-0.14351704187109451,0.0014138779763720158,0.008824096721410515,True
Frisingicoccus,IL15,-0.2799120774439108,2.620345506453132e-10,2.092723394306298e-08,True
Frisingicoccus,IL18,-0.22711032154443217,3.553976279647382e-07,9.62433116649337e-06,True
Frisingicoccus,MCSF,-0.2964616052573738,1.9389076231587317e-11,2.6114841872182317e-09,True
Frisingicoccus,MCP3,-0.09037271548495447,0.045116536554471,0.12367022701842197,False
Frisingicoccus,MIG,-0.018045456579091932,0.6896854485426416,0.8034110836917001,False
Frisingicoccus,RESISTIN,-0.07575196182710597,0.09326940640029684,0.20987843503256862,False
Frisingicoccus,IL21,-0.13334876993926406,0.003041217436516981,0.01583449343742322,True
Frisingicoccus,ICAM1,0.16124128580860927,0.00032949903467674436,0.0026722882123869527,True
Frisingicoccus,VCAM1,0.0031745420789049566,0.9440059661944593,0.9688345119555964,False
Frisingicoccus,FGFB,-0.18411393867324413,3.980095109581663e-05,0.00045966196461639207,True
Frisingicoccus,IL22,-0.18406138733281702,4.000704997395185e-05,0.0004609125170593181,True
Frisingicoccus,PDGFBB,-0.21314430155174674,1.8361191612571804e-06,3.5169892227007454e-05,True
Frisingicoccus,VEGF,-0.1781981416637285,7.05491149212149e-05,0.0007487104268215418,True
Frisingicoccus,LEPTIN,-0.11569954480651568,0.010215649507368503,0.03961822261623077,True
Frisingicoccus,PAI1,-0.023761606471769385,0.5990330587404886,0.7380476408672679,False
Frisingicoccus,CD40L,0.03669879423322231,0.4166644272654553,0.5835249346887323,False
Frisingicoccus,ENA78,-0.2228216376375944,5.952371966536583e-07,1.3748812110941362e-05,True
Fusicatenibacter,IL17F,0.09978823508858234,0.02687649239547988,0.08271850566133324,True
Fusicatenibacter,FASL,-0.00935643217191463,0.8360002186238278,0.8997791297751203,False
Fusicatenibacter,TGFA,-0.05329461268126501,0.2380147324690269,0.40753169981484333,False
Fusicatenibacter,MIP1A,-0.05633705959196432,0.21224032871743537,0.3763930857796596,False
Fusicatenibacter,SDF1A,0.0535123570876663,0.2360999528617049,0.4052834163513127,False
Fusicatenibacter,IL27,-0.038883318588198455,0.38945540693413805,0.557446499840115,False
Fusicatenibacter,LIF,-0.030674449147092667,0.49725110654357474,0.6583442579469863,False
Fusicatenibacter,IL1B,0.08961498839968306,0.046955732296515895,0.1276261109514979,False
Fusicatenibacter,IL2,0.020781866230420408,0.6456301820587085,0.7725833309830183,False
Fusicatenibacter,IL4,0.03778355932570219,0.4030160989699966,0.5712220255862677,False
Fusicatenibacter,IL5,0.12413338081779175,0.005832027641124078,0.025998594366108473,True
Fusicatenibacter,IP10,-0.09091238164136581,0.043843872582818896,0.12109749566837201,False
Fusicatenibacter,IL6,-0.021382753620982336,0.6361132324689311,0.7657120199656978,False
Fusicatenibacter,IL7,0.18917173590733463,2.404802057855733e-05,0.0003046082606617262,True
Fusicatenibacter,IL8,-0.015833512814367012,0.7260888517534902,0.8284093630659676,False
Fusicatenibacter,IL10,-0.07798714952165453,0.0839754512009803,0.19517664531163137,False
Fusicatenibacter,IFNB,0.025081423830031525,0.5788911674816315,0.7242591530216524,False
Fusicatenibacter,EOTAXIN,-0.08429913794449592,0.06170410564711964,0.15606534933399233,False
Fusicatenibacter,IL12P70,-0.20126092443008992,6.82916370457406e-06,0.00010690704111612282,True
Fusicatenibacter,IL13,0.007826094822285816,0.8625317308928071,0.9170982341384551,False
Fusicatenibacter,IL17A,0.06492195267857313,0.1504644424376696,0.29630911051873304,False
Fusicatenibacter,IL31,0.07333382285494781,0.10423215108375625,0.22854439083604441,False
Fusicatenibacter,IL1RA,0.010634282915451513,0.8139863964100633,0.886300805125099,False
Fusicatenibacter,SCF,0.04426522670922681,0.327168512375441,0.49848428904069575,False
Fusicatenibacter,RANTES,-0.08860480522589696,0.04950513698405443,0.13253875310730936,False
Fusicatenibacter,IFNG,-0.05285882596961383,0.24187968145554395,0.4111605552014874,False
Fusicatenibacter,GMCSF,-0.02549868067536825,0.5725899914060618,0.719286600774557,False
Fusicatenibacter,TNFA,0.0832932622404317,0.06488590400259239,0.16202563839969017,False
Fusicatenibacter,HGF,-0.1507747074749281,0.0007935442435666337,0.005569122256561671,True
Fusicatenibacter,MIP1B,-0.013673989484189464,0.7622355573560855,0.8531119320363885,False
Fusicatenibacter,IFNA,0.009430308039692475,0.8347238722661916,0.8986106662367592,False
Fusicatenibacter,TGFB,0.08399649986377863,0.06264757959334076,0.1579429615001721,False
Fusicatenibacter,MCP1,-0.08332053471806328,0.06479788908908805,0.16189165078885628,False
Fusicatenibacter,IL9,0.06525216510727852,0.1483955252342541,0.2933052495401868,False
Fusicatenibacter,VEGFD,0.07485754320715159,0.09721158685171274,0.21657730366206643,False
Fusicatenibacter,TNFB,0.04741162772374753,0.2939222508123314,0.4652205730022525,False
Fusicatenibacter,NGF,0.08887914971351096,0.04880157908373078,0.13125173552656358,False
Fusicatenibacter,EGF,0.12092186690458298,0.0072483370873171055,0.03041332533876955,True
Fusicatenibacter,BDNF,0.14786915700173522,0.0010031022962488617,0.00661991319317176,True
Fusicatenibacter,TRAIL,0.012431088209715934,0.7832823291104863,0.8678971856674311,False
Fusicatenibacter,GCSF,-0.007737828926906872,0.8640670260956886,0.9182417291301048,False
Fusicatenibacter,GROA,0.07517391485150357,0.09580225833545353,0.21374064454387168,False
Fusicatenibacter,IL1A,0.032971101845527526,0.46559034651979747,0.6286136712897668,False
Fusicatenibacter,IL23,-0.020598087236765282,0.648552585968098,0.7739514047598842,False
Fusicatenibacter,IL12P40,-0.027861759861569756,0.5375306189758897,0.6924123227486038,False
Fusicatenibacter,IL15,0.17086338929883763,0.00013990635006293976,0.0013426450539645053,True
Fusicatenibacter,IL18,-0.043278303654296586,0.33807973795145363,0.5091184804177851,False
Fusicatenibacter,MCSF,-0.016451938279085514,0.7158445247996659,0.8220958812712712,False
Fusicatenibacter,MCP3,0.08900175102770107,0.048489883607012764,0.13063712496068847,False
Fusicatenibacter,MIG,-0.13452340600381016,0.0027908278069569328,0.014759125282133634,True
Fusicatenibacter,RESISTIN,-0.20972144290722922,2.7015544097129216e-06,4.849598510993521e-05,True
Fusicatenibacter,IL21,0.05106888735357273,0.25821537995666705,0.4292932249635707,False
Fusicatenibacter,ICAM1,-0.04477307968632363,0.3216436365104813,0.49319388715827783,False
Fusicatenibacter,VCAM1,-0.06013407518161342,0.1829749465399459,0.34000126067121705,False
Fusicatenibacter,FGFB,-0.01930023833200805,0.6693422912174655,0.7889076496892407,False
Fusicatenibacter,IL22,0.11021012200008279,0.014452501564720313,0.051613562832513164,True
Fusicatenibacter,PDGFBB,0.04669953356692219,0.3012413425356135,0.47330750451077386,False
Fusicatenibacter,VEGF,0.1260687106431863,0.005103816381984876,0.0232764259192996,True
Fusicatenibacter,LEPTIN,0.021954759139163425,0.6271089894155166,0.759210221651693,False
Fusicatenibacter,PAI1,0.027828629348250422,0.5380146242810728,0.6928463814190804,False
Fusicatenibacter,CD40L,-0.05615403195910703,0.21373163258037192,0.37809015709578836,False
Fusicatenibacter,ENA78,0.08579972728310291,0.05719765012506686,0.14687483781434063,False
GCA-900066575,IL17F,0.05218368852229184,0.2479539744255986,0.41756496148601535,False
GCA-900066575,FASL,-0.025772156186209726,0.5684778103058991,0.7153242462623187,False
GCA-900066575,TGFA,-0.03982153008974109,0.37810830559317843,0.5475249956837913,False
GCA-900066575,MIP1A,-0.05863213187960274,0.19417303714518167,0.3533964275890676,False
GCA-900066575,SDF1A,0.055190918899052074,0.22170328930749514,0.3876311314348487,False
GCA-900066575,IL27,-0.06963979602096787,0.12292067367982058,0.25647445591448526,False
GCA-900066575,LIF,-0.015310850269521382,0.734785185755024,0.834693296836469,False
GCA-900066575,IL1B,-0.030891409221675704,0.49421207945861145,0.6556101684709958,False
GCA-900066575,IL2,0.027006309640867983,0.5500973681970376,0.7018843214038563,False
GCA-900066575,IL4,-0.035825977330329765,0.42784082875735796,0.5929370544425502,False
GCA-900066575,IL5,0.08996999945817329,0.0460863463809657,0.1256706389740222,False
GCA-900066575,IP10,-0.06550683937924762,0.14681473597329583,0.29070488605485745,False
GCA-900066575,IL6,-0.07483837815145174,0.09729748870857106,0.2166662413964021,False
GCA-900066575,IL7,-0.10664100710136382,0.017974355851748374,0.060496546266741676,True
GCA-900066575,IL8,-0.034500169405810854,0.44514643421867073,0.6112220263091351,False
GCA-900066575,IL10,-0.1569665372167573,0.000474923102899144,0.0035978097441491425,True
GCA-900066575,IFNB,-0.08101098930531087,0.07260723887148145,0.176080962204025,False
GCA-900066575,EOTAXIN,0.07461130462528458,0.09831989181700188,0.21826207902502975,False
GCA-900066575,IL12P70,-0.12596386880519095,0.0051410612659975805,0.023372374063627074,True
GCA-900066575,IL13,-0.01318502859288218,0.7704954711170684,0.8582918817739069,False
GCA-900066575,IL17A,-0.1369514893638172,0.002331757409788109,0.012835561816497162,True
GCA-900066575,IL31,-0.04134192518936164,0.3601564606815829,0.5299877180067633,False
GCA-900066575,IL1RA,-0.06237114040552453,0.16719137044255497,0.31791999093031437,False
GCA-900066575,SCF,-0.08465183966552917,0.06061938544346362,0.1538172020514812,False
GCA-900066575,RANTES,0.0502391524316627,0.266040887799023,0.43678908129233324,False
GCA-900066575,IFNG,-0.016688121668144814,0.7119454075712609,0.8202168118522694,False
GCA-900066575,GMCSF,0.11680553576083971,0.00950974510928863,0.037435187096882226,True
GCA-900066575,TNFA,0.05713892317501465,0.20579510032035256,0.36842952610543356,False
GCA-900066575,HGF,-0.016082437973979555,0.7219593662343404,0.8251921969483631,False
GCA-900066575,MIP1B,0.06237926117224157,0.16713599414075436,0.31791999093031437,False
GCA-900066575,IFNA,-0.0504849933526179,0.2637054996891443,0.43462060669298636,False
GCA-900066575,TGFB,0.010138043681279043,0.8225188500637379,0.8907627721214281,False
GCA-900066575,MCP1,0.06876923334637666,0.1276838675906587,0.2634178564304657,False
GCA-900066575,IL9,-0.03895770532139996,0.38854827693888516,0.5566553605764751,False
GCA-900066575,VEGFD,-0.16845579584299233,0.00017411427554606636,0.00159927186427498,True
GCA-900066575,TNFB,0.01964006143386172,0.6638735173396361,0.7840030109534749,False
GCA-900066575,NGF,-0.01831432138234053,0.6853069935583209,0.8004874947066952,False
GCA-900066575,EGF,-0.021378994653478155,0.6361725839669697,0.7657120199656978,False
GCA-900066575,BDNF,-0.011772234426207426,0.794504628627662,0.8745532911209467,False
GCA-900066575,TRAIL,-0.011294865809378246,0.8026623981014509,0.8795686557800085,False
GCA-900066575,GCSF,-0.0973975058759953,0.030770830881717302,0.09176718678142527,True
GCA-900066575,GROA,-0.05658695926681066,0.2102162762176912,0.3742119733803404,False
GCA-900066575,IL1A,0.0013362292103405106,0.9764150793759281,0.9870988744946091,False
GCA-900066575,IL23,0.016605649823802394,0.7133060763606239,0.8207810089893187,False
GCA-900066575,IL12P40,0.03565438927561456,0.43005829888593017,0.5954847794153697,False
GCA-900066575,IL15,-0.003645354873496602,0.9357183303855088,0.9646782276059455,False
GCA-900066575,IL18,-0.027399427305118955,0.5443045034854812,0.697803312026533,False
GCA-900066575,MCSF,0.03929305559574615,0.3844747035306053,0.553005129131933,False
GCA-900066575,MCP3,-0.1310083700242173,0.003601924527668048,0.01784675959450246,True
GCA-900066575,MIG,-0.01795754325548209,0.6911193730671283,0.8040972328851748,False
GCA-900066575,RESISTIN,0.021443423620518327,0.6351556174967979,0.7657120199656978,False
GCA-900066575,IL21,-0.08310682873744153,0.06549020716672684,0.16318871294004064,False
GCA-900066575,ICAM1,-0.19447347380125626,1.3978286715714434e-05,0.00019315450734441763,True
GCA-900066575,VCAM1,0.0026814734042677007,0.9526918358199709,0.9731376393634734,False
GCA-900066575,FGFB,-0.006771917992422672,0.8809002772812238,0.9298391815746252,False
GCA-900066575,IL22,-0.029130724566798855,0.5191579265008519,0.6778254778808573,False
GCA-900066575,PDGFBB,0.008394868717044802,0.8526511466166797,0.911868407366726,False
GCA-900066575,VEGF,0.024688309102581407,0.5848573050850967,0.7290602173441735,False
GCA-900066575,LEPTIN,0.12788455880411617,0.004496168144847494,0.021021273350934573,True
GCA-900066575,PAI1,0.037889255078413564,0.4017006850784989,0.5701245867740623,False
GCA-900066575,CD40L,-0.17745482193992296,7.57132550990516e-05,0.0007910440311013993,True
GCA-900066575,ENA78,-0.07941880041841017,0.07842577495352611,0.18579298722021872,False
Incertae Sedis,IL17F,0.11080398043586882,0.013929515883406919,0.0501028929282565,True
Incertae Sedis,FASL,0.00943628670469918,0.834620598372587,0.8986106662367592,False
Incertae Sedis,TGFA,0.013136186253150465,0.7713219991226308,0.8586036522243884,False
Incertae Sedis,MIP1A,0.06347463112700738,0.1597918243608364,0.30820342654629485,False
Incertae Sedis,SDF1A,0.09990999607803656,0.02669005188534863,0.08235987196055189,True
Incertae Sedis,IL27,0.020258661052208034,0.6539642332345508,0.7779549272913918,False
Incertae Sedis,LIF,0.07773799661478978,0.08497289772220501,0.19684970209785152,False
Incertae Sedis,IL1B,0.18935850178591837,2.359869699913662e-05,0.0003005325952971128,True
Incertae Sedis,IL2,0.07218768369469775,0.10977298068886067,0.23770693244756963,False
Incertae Sedis,IL4,0.013936133837655209,0.7578182336056497,0.8499975045821998,False
Incertae Sedis,IL5,0.11364951293738268,0.011647955927252766,0.04376807681755585,True
Incertae Sedis,IP10,-0.02415213742205133,0.5930401834771799,0.7345965679664752,False
Incertae Sedis,IL6,0.04788853735044917,0.28908747842353005,0.460351537117835,False
Incertae Sedis,IL7,0.07085701699352119,0.1164941564525626,0.247484429758555,False
Incertae Sedis,IL8,0.008927513889669572,0.8434190041771038,0.9056574387912075,False
Incertae Sedis,IL10,0.007958359751557316,0.8602320878695245,0.9160475538973752,False
Incertae Sedis,IFNB,0.08745537102649302,0.05254573421391587,0.13847623021027494,False
Incertae Sedis,EOTAXIN,-0.04881747045415991,0.27982434909867215,0.451861663109302,False
Incertae Sedis,IL12P70,-0.0012743811034898697,0.9775064250949165,0.987700884213444,False
Incertae Sedis,IL13,0.034303463689489805,0.44774747837765294,0.6127800471495279,False
Incertae Sedis,IL17A,0.1434780892497832,0.0014181687121868859,0.00883916795214895,True
Incertae Sedis,IL31,0.10000945707355874,0.026538584498403364,0.08210755755513897,True
Incertae Sedis,IL1RA,0.08814374392123517,0.05070663080854284,0.13468412873159746,False
Incertae Sedis,SCF,0.06400198860414963,0.15634399983365047,0.3041671871247568,False
Incertae Sedis,RANTES,-0.06076901841768302,0.17838722445096392,0.3342189270826807,False
Incertae Sedis,IFNG,0.03360189806185687,0.457094093228018,0.6203419836665959,False
Incertae Sedis,GMCSF,0.14823730798862997,0.0009739797745971858,0.0064879900148426825,True
Incertae Sedis,TNFA,0.15822518672420438,0.00042686306743743577,0.0033136388365159757,True
Incertae Sedis,HGF,0.01980739181952318,0.6611871900264177,0.7825958400915549,False
Incertae Sedis,MIP1B,0.10455493171122289,0.02036240237676737,0.06639975086458674,True
Incertae Sedis,IFNA,0.07135456838335409,0.1139442654588453,0.244214159763913,False
Incertae Sedis,TGFB,0.12087884877933591,0.007269235591859208,0.03047387732103255,True
Incertae Sedis,MCP1,0.0019579173468493925,0.9654478173668865,0.9812748307663436,False
Incertae Sedis,IL9,0.05649278631856814,0.21097738480169517,0.3748587621363452,False
Incertae Sedis,VEGFD,0.13827184054426078,0.0021121315157584166,0.011933289810855705,True
Incertae Sedis,TNFB,0.02333808698151218,0.6055629085526691,0.7421098634850916,False
Incertae Sedis,NGF,0.10253908005888168,0.022927532611644916,0.07279955098791836,True
Incertae Sedis,EGF,0.05144339638421551,0.2547358953826255,0.42519147681294056,False
Incertae Sedis,BDNF,0.0878051129914153,0.0516045093318249,0.13653029083186913,False
Incertae Sedis,TRAIL,0.10495056528282116,0.019889371987199887,0.06530921310361384,True
Incertae Sedis,GCSF,0.05324188345748626,0.23848005711718864,0.40798870979031876,False
Incertae Sedis,GROA,0.04627659721045359,0.30564519149016695,0.47704542640002207,False
Incertae Sedis,IL1A,0.08163648605529947,0.07041999157053155,0.1727840819601736,False
Incertae Sedis,IL23,-0.05342951940722625,0.23682711869001688,0.40621549002749735,False
Incertae Sedis,IL12P40,0.0714016289168949,0.1137053716610524,0.24386878073139687,False
Incertae Sedis,IL15,0.17356173583084056,0.00010910419527744858,0.0010879089103112566,True
Incertae Sedis,IL18,-0.007611313086029845,0.8662685312327519,0.9191650891931578,False
Incertae Sedis,MCSF,-0.03639628920977485,0.42051841684540836,0.5860641171770375,False
Incertae Sedis,MCP3,0.1176141097491405,0.00902145712361598,0.035994162545705755,True
Incertae Sedis,MIG,0.08611293935051897,0.056292317799616305,0.14510361130842014,False
Incertae Sedis,RESISTIN,-0.0687310106912582,0.12789623335127998,0.2636251319121746,False
Incertae Sedis,IL21,0.1659743499190884,0.0002174733928081907,0.001915391826004102,True
Incertae Sedis,ICAM1,-0.08863967262694898,0.04941525148933435,0.13253875310730936,False
Incertae Sedis,VCAM1,-0.04677764230046683,0.30043266272045505,0.47235192083376176,False
Incertae Sedis,FGFB,0.021075388094409942,0.6409739833633888,0.7691034911149194,False
Incertae Sedis,IL22,0.16752885891202407,0.00018926367638138054,0.0017205770579793776,True
Incertae Sedis,PDGFBB,6.312613200699231e-05,0.9988856398805115,0.9995220078821342,False
Incertae Sedis,VEGF,0.1579056374801694,0.0004386162850832845,0.0033881310414957976,True
Incertae Sedis,LEPTIN,0.13055807567659167,0.0037199962807392007,0.018295568997650745,True
Incertae Sedis,PAI1,0.06377296614471928,0.15783435760075157,0.3059298613799841,False
Incertae Sedis,CD40L,0.0026621286393906157,0.9530327330863282,0.9732748674258297,False
Incertae Sedis,ENA78,0.1069895472623361,0.017600173268216987,0.059534828743602615,True
Intestinimonas,IL17F,0.062402169847951314,0.16697985169491034,0.31777425734507975,False
Intestinimonas,FASL,0.05886024711070182,0.19244070409386976,0.3518745043423804,False
Intestinimonas,TGFA,0.09155685734066986,0.04236376788409203,0.11804735320511038,False
Intestinimonas,MIP1A,-0.026524445908403436,0.5572390154151553,0.7069763706613387,False
Intestinimonas,SDF1A,-0.01805312926736792,0.6895603545179855,0.8034110836917001,False
Intestinimonas,IL27,-0.031161892482101973,0.49043725151613904,0.6520711989684106,False
Intestinimonas,LIF,-0.028198337792330004,0.5326259284722453,0.6882087659014483,False
Intestinimonas,IL1B,-0.07938323090288413,0.07855995967296749,0.18583058733886687,False
Intestinimonas,IL2,-0.011961150583509323,0.791282357655922,0.8723137545692019,False
Intestinimonas,IL4,0.04715144765608967,0.29658254477522716,0.4681731829081643,False
Intestinimonas,IL5,0.058174549294298605,0.19768231955620008,0.3588132086859841,False
Intestinimonas,IP10,0.04691615379589484,0.29900216767107235,0.47057388579361825,False
Intestinimonas,IL6,0.06603663698676164,0.1435674071062473,0.28595476117032315,False
Intestinimonas,IL7,-0.09942935528470655,0.027432544556996025,0.08410029274727733,True
Intestinimonas,IL8,0.044834355428489445,0.3209811541862071,0.4923387020949007,False
Intestinimonas,IL10,-0.03906163842024989,0.38728298571737485,0.5556874021620799,False
Intestinimonas,IFNB,0.0885077123890545,0.04975615565428207,0.13278291965917524,False
Intestinimonas,EOTAXIN,0.0015011745984687085,0.9735047430727001,0.9847905430138606,False
Intestinimonas,IL12P70,-0.10681082011614845,0.01779119047664911,0.06000865391980716,True
Intestinimonas,IL13,0.015184552542636134,0.736891738546381,0.8357861308136049,False
Intestinimonas,IL17A,-0.008141939277412564,0.8570422176138919,0.9151105663713253,False
Intestinimonas,IL31,0.058475270340430124,0.1953708647126616,0.355302012553478,False
Intestinimonas,IL1RA,0.021179239789055088,0.6393299171460243,0.7679129670130171,False
Intestinimonas,SCF,-0.15686009372193183,0.00047921017674602227,0.0036244596353567525,True
Intestinimonas,RANTES,0.03650512070775124,0.41912947879704376,0.5855138168074919,False
Intestinimonas,IFNG,-0.039999479067920035,0.375979251660322,0.5454477320884967,False
Intestinimonas,GMCSF,0.14504298881045827,0.0012548897648338444,0.00797981183791778,True
Intestinimonas,TNFA,0.036529924674629136,0.41881330046539966,0.5855138168074919,False
Intestinimonas,HGF,-0.09783881943337851,0.030017600250432524,0.08997642008908273,True
Intestinimonas,MIP1B,0.006704268622153472,0.8820813292020254,0.9308773176259673,False
Intestinimonas,IFNA,-0.01121366466924235,0.8040522099741205,0.8798730272816316,False
Intestinimonas,TGFB,0.06800896282091362,0.13195959171548033,0.2692912932712617,False
Intestinimonas,MCP1,-0.057272470449318325,0.2047355927539608,0.3672303437596739,False
Intestinimonas,IL9,0.04200343377019411,0.3525151763084824,0.522292826114227,False
Intestinimonas,VEGFD,-0.021391158591652026,0.6359805322194243,0.7657120199656978,False
Intestinimonas,TNFB,-0.015511081545258671,0.731449554800563,0.8321077504153194,False
Intestinimonas,NGF,0.035058773255761996,0.43780701359120233,0.6037303623183335,False
Intestinimonas,EGF,-0.065089518163904,0.14941185215308053,0.29494287697750965,False
Intestinimonas,BDNF,-0.1657989810451976,0.00022089188051380615,0.0019418704122780867,True
Intestinimonas,TRAIL,0.01788191277328335,0.6923538410839599,0.8047687129209433,False
Intestinimonas,GCSF,0.02791513931181503,0.5367512549011575,0.6917866283080564,False
Intestinimonas,GROA,0.04090727297160437,0.3652332613788356,0.5345194588782578,False
Intestinimonas,IL1A,0.031861834615075565,0.4807411238880518,0.6431721112323964,False
Intestinimonas,IL23,0.08870097036456122,0.04925756152707405,0.13225164097753445,False
Intestinimonas,IL12P40,-0.13062635808784148,0.0037018692202191563,0.01825810674111224,True
Intestinimonas,IL15,0.052513645402056594,0.2449721441828969,0.41458563598397424,False
Intestinimonas,IL18,0.05598142488564782,0.21514492182583347,0.37897677444610367,False
Intestinimonas,MCSF,0.06668366498086771,0.13967636494733698,0.2794713510114021,False
Intestinimonas,MCP3,-0.08111291159750238,0.07224710075954323,0.17573208697166154,False
Intestinimonas,MIG,0.02407550449667691,0.5942139890489687,0.7354705322823064,False
Intestinimonas,RESISTIN,0.0027080739552613788,0.9522230897620101,0.9729232202062299,False
Intestinimonas,IL21,0.010743045175271406,0.8121192112430764,0.8858563661229456,False
Intestinimonas,ICAM1,0.003637584755163254,0.935855052567262,0.9646782276059455,False
Intestinimonas,VCAM1,0.04284986943025691,0.3428881207996277,0.5129170873675701,False
Intestinimonas,FGFB,0.0428182143625761,0.34324511085981646,0.5130087748902654,False
Intestinimonas,IL22,-0.11811888910034275,0.008728063888882032,0.0350909872392595,True
Intestinimonas,PDGFBB,-0.10656411516689082,0.018057834007112226,0.06073412836653305,True
Intestinimonas,VEGF,-0.006539574083569529,0.8849577254306968,0.932450984398355,False
Intestinimonas,LEPTIN,0.1848627567469028,3.697118468752391e-05,0.0004301437586360806,True
Intestinimonas,PAI1,-0.18812873872817926,2.671024013797929e-05,0.0003312069777109432,True
Intestinimonas,CD40L,-0.11450785546096215,0.011027943024030108,0.04197388330309359,True
Intestinimonas,ENA78,0.026956060696596833,0.5508399980743791,0.702261382826427,False
Klebsiella,IL17F,-0.03909349493775334,0.38689566362487904,0.5555736795169977,False
Klebsiella,FASL,0.05910525190119474,0.19059275383437077,0.3498943027949274,False
Klebsiella,TGFA,0.07154434829171002,0.11298328814680024,0.24320568924062255,False
Klebsiella,MIP1A,-0.16684089836744406,0.0002012965659987902,0.0017930234763446115,True
Klebsiella,SDF1A,-0.06980415015574683,0.12203715577474727,0.2555729235602707,False
Klebsiella,IL27,0.09371753031781438,0.03770538229991737,0.1083600589895326,True
Klebsiella,LIF,-0.04280683052142764,0.3433735499942344,0.5130087748902654,False
Klebsiella,IL1B,-0.07156486711318008,0.11287977077470204,0.24309391219853566,False
Klebsiella,IL2,-0.048611699942800485,0.2818587071829807,0.453282671756384,False
Klebsiella,IL4,0.017336863255753687,0.7012742657188366,0.8122921189938933,False
Klebsiella,IL5,-0.0053015340041300965,0.9066259521169973,0.94799874726347,False
Klebsiella,IP10,0.06348418181588074,0.15972887710882544,0.30820342654629485,False
Klebsiella,IL6,0.046633146596134746,0.3019297990676296,0.47359960492898495,False
Klebsiella,IL7,-0.09373016285669625,0.03767947893197192,0.1083600589895326,True
Klebsiella,IL8,0.07939493097618196,0.07851580102484358,0.18583058733886687,False
Klebsiella,IL10,-0.038196408748211313,0.3978926742413532,0.5662549927590627,False
Klebsiella,IFNB,0.044908042932982874,0.3201856599864735,0.49191435201593564,False
Klebsiella,EOTAXIN,0.04917370784670857,0.2763259658669045,0.4480675919611582,False
Klebsiella,IL12P70,-0.07067643540250443,0.11743059140749483,0.24902472849330137,False
Klebsiella,IL13,0.04486877734739653,0.3206093919378578,0.4920884217626013,False
Klebsiella,IL17A,0.05893512593423327,0.19187454218232164,0.35132707885327813,False
Klebsiella,IL31,0.13581363512978173,0.002537542517157445,0.013680664005544487,True
Klebsiella,IL1RA,-0.013700186440896787,0.761793769405909,0.8530352284792404,False
Klebsiella,SCF,-0.0817800220890818,0.06992575029329105,0.17187800489409882,False
Klebsiella,RANTES,0.11009407677468698,0.01455669035310505,0.051923637353392116,True
Klebsiella,IFNG,0.04533327361933876,0.31562020543151587,0.4871282043869318,False
Klebsiella,GMCSF,0.08786622222400273,0.051441504562536045,0.13625203456923543,False
Klebsiella,TNFA,-0.09092489423944627,0.04381472703545414,0.12108797289798234,False
Klebsiella,HGF,-0.11287854036797025,0.012230937040187849,0.04541542579461399,True
Klebsiella,MIP1B,-0.106054895563571,0.018619263399515577,0.06209604073852916,True
Klebsiella,IFNA,0.017191773535912454,0.7036558385670941,0.8146501993435252,False
Klebsiella,TGFB,0.054132676435298184,0.23070468048623616,0.3983979355776329,False
Klebsiella,MCP1,-0.00888869184717286,0.8440911841247637,0.9060040226869901,False
Klebsiella,IL9,0.04029199374297445,0.37249555800253653,0.5418953594652524,False
Klebsiella,VEGFD,0.03993281605883523,0.37677596923518786,0.5460991593467257,False
Klebsiella,TNFB,0.02910614432259964,0.5195107164757836,0.6778491947431454,False
Klebsiella,NGF,0.037184445088891425,0.41052074624076196,0.5777809606582012,False
Klebsiella,EGF,-0.12165786797183248,0.006899014110616839,0.029445792109806655,True
Klebsiella,BDNF,-0.014717950575548368,0.7446913089077514,0.8412609323089593,False
Klebsiella,TRAIL,-0.10366849249233681,0.021457905254126525,0.06913551642756142,True
Klebsiella,GCSF,-0.04838324551779064,0.2841290199650543,0.45507000070541664,False
Klebsiella,GROA,0.10971885977710205,0.014898103260537678,0.05277043330325528,True
Klebsiella,IL1A,-0.05870954758522597,0.1935838589278178,0.35273284735803456,False
Klebsiella,IL23,0.08666288562711075,0.05473149431988532,0.1421462769620688,False
Klebsiella,IL12P40,-0.09933099875715345,0.02758665587279051,0.08440800160557721,True
Klebsiella,IL15,0.01296328820111555,0.7742499176013071,0.8612525051315768,False
Klebsiella,IL18,0.045876854850793326,0.309846465203983,0.4821653051655112,False
Klebsiella,MCSF,0.059506286177935165,0.1875961132863656,0.34629036731074125,False
Klebsiella,MCP3,-0.08850131776465911,0.049772725259490884,0.13278291965917524,False
Klebsiella,MIG,-0.11289128734194917,0.012221092457202447,0.04541542579461399,True
Klebsiella,RESISTIN,0.09390829461948477,0.03731581896693958,0.10762719818889863,True
Klebsiella,IL21,-0.1471140428318006,0.0010653661535087846,0.0069327714546594844,True
Klebsiella,ICAM1,0.06762261142594335,0.13417438104378693,0.27165485095058023,False
Klebsiella,VCAM1,-0.011095077968531087,0.8060830094936381,0.8810631270549809,False
Klebsiella,FGFB,0.009666064529983028,0.8306536473523257,0.8964819025020978,False
Klebsiella,IL22,0.08260107763544884,0.0671528716528272,0.16653912169901147,False
Klebsiella,PDGFBB,0.132511172141484,0.003232056643260914,0.016589815798524428,True
Klebsiella,VEGF,-0.1488478197960666,0.0009274004513581313,0.006207259839203856,True
Klebsiella,LEPTIN,0.1696062740465804,0.00015689158463871655,0.0014674080959045574,True
Klebsiella,PAI1,-0.11563867957555825,0.010255813393523583,0.039708621783305774,True
Klebsiella,CD40L,-0.12019237999245022,0.007610098871328768,0.031621504304851104,True
Klebsiella,ENA78,0.12676993689506663,0.004860895869352969,0.02245543268273646,True
Lachnoclostridium,IL17F,0.13175295536218273,0.003414122473756072,0.0171773604272441,True
Lachnoclostridium,FASL,0.058929420784842645,0.1919176360289342,0.35132707885327813,False
Lachnoclostridium,TGFA,0.16639631077892947,0.00020944990552499758,0.0018621282166675255,True
Lachnoclostridium,MIP1A,-0.12124420274677788,0.007093446812676114,0.03008489773297016,True
Lachnoclostridium,SDF1A,0.011218221851998665,0.8039741943385629,0.8798730272816316,False
Lachnoclostridium,IL27,0.14260830805093933,0.0015171499690176096,0.009344850528118924,True
Lachnoclostridium,LIF,0.13985993659180002,0.0018730939838996106,0.010936826334739734,True
Lachnoclostridium,IL1B,0.14429809045506733,0.0013303226982043547,0.008380321596175026,True
Lachnoclostridium,IL2,0.06100385801632486,0.1767122095714158,0.33130445897696514,False
Lachnoclostridium,IL4,-0.021055543568766603,0.6412883403830041,0.7692847912130131,False
Lachnoclostridium,IL5,0.030459260057844665,0.5002751013730513,0.6604920923703608,False
Lachnoclostridium,IP10,-0.013454038182591596,0.76594787089123,0.8548727015928924,False
Lachnoclostridium,IL6,0.04910337149680055,0.27701432865430914,0.4486962650394584,False
Lachnoclostridium,IL7,-0.12906430952557182,0.00413722219622241,0.019612264576056335,True
Lachnoclostridium,IL8,0.08096629675206934,0.07276561950196685,0.17628359850553613,False
Lachnoclostridium,IL10,-0.016881097422187786,0.7087651581266741,0.8185542708561001,False
Lachnoclostridium,IFNB,0.15528367887387165,0.0005470632218292123,0.00407229368287401,True
Lachnoclostridium,EOTAXIN,0.027608271972374813,0.5412393748355411,0.695099464220515,False
Lachnoclostridium,IL12P70,0.05639510460020886,0.21176894860859097,0.375960273649277,False
Lachnoclostridium,IL13,0.11516886138278062,0.01057058258619792,0.04058606443168059,True
Lachnoclostridium,IL17A,0.2210442050998718,7.348849021440489e-07,1.6568314157429466e-05,True
Lachnoclostridium,IL31,0.0540915459169304,0.23105968910156652,0.3983979355776329,False
Lachnoclostridium,IL1RA,0.024727997677202358,0.5842536767145765,0.7286933098674125,False
Lachnoclostridium,SCF,-0.07234407884081932,0.10900351719098278,0.23669335161470548,False
Lachnoclostridium,RANTES,0.09996049958889075,0.026613048220141374,0.08222995620544667,True
Lachnoclostridium,IFNG,0.12332385935508669,0.0061633878330677695,0.026990598019902723,True
Lachnoclostridium,GMCSF,0.29373004976509204,3.015122565923914e-11,3.738751981745653e-09,True
Lachnoclostridium,TNFA,0.04141523519748313,0.35930456286022927,0.5292413567356675,False
Lachnoclostridium,HGF,0.03050268513380624,0.49966407817948066,0.6600552667176094,False
Lachnoclostridium,MIP1B,0.015041202026594449,0.7392851088585252,0.8367791095223086,False
Lachnoclostridium,IFNA,0.031736170831088505,0.4824742100809587,0.6449414121706318,False
Lachnoclostridium,TGFB,0.17453406798944548,9.966187842680476e-05,0.0010120835585066897,True
Lachnoclostridium,MCP1,-0.05067521144795641,0.26190820812419524,0.4329412000438377,False
Lachnoclostridium,IL9,0.06854390361356204,0.12893975695162913,0.26519604310610057,False
Lachnoclostridium,VEGFD,0.08841811552270411,0.04998873783532095,0.13315259054835066,False
Lachnoclostridium,TNFB,0.09307853019830997,0.03903551839387508,0.11100504687503886,True
Lachnoclostridium,NGF,0.06924993666514738,0.12503635676762784,0.2595185294755714,False
Lachnoclostridium,EGF,-0.02829762635751723,0.5311833977827678,0.6876562395020348,False
Lachnoclostridium,BDNF,0.0420512441758884,0.351966895898155,0.5220232966547391,False
Lachnoclostridium,TRAIL,-0.02753846810349779,0.5422629010493208,0.6962241933908446,False
Lachnoclostridium,GCSF,-0.01801342069144528,0.6902078467731269,0.8038209031129445,False
Lachnoclostridium,GROA,0.04782817195672467,0.28969647530504006,0.46073334815356776,False
Lachnoclostridium,IL1A,-0.06477419335992604,0.15139728483893714,0.2974912452715062,False
Lachnoclostridium,IL23,0.05192108278479076,0.25034517811523255,0.4200300861909306,False
Lachnoclostridium,IL12P40,0.11521889032889705,0.010536661405581531,0.04052296113868915,True
Lachnoclostridium,IL15,0.16314046246605018,0.0002792786350255093,0.0023499302290003565,True
Lachnoclostridium,IL18,0.09633078515386227,0.032658602213663915,0.09678448656024174,True
Lachnoclostridium,MCSF,0.05797069468876328,0.1992605274850404,0.360566668782454,False
Lachnoclostridium,MCP3,-0.06342725849924509,0.16010432718383433,0.30865806726767797,False
Lachnoclostridium,MIG,-0.009018345218397509,0.8418467602076318,0.9046252985401052,False
Lachnoclostridium,RESISTIN,0.13827888204351407,0.0021110127270294638,0.011933289810855705,True
Lachnoclostridium,IL21,-0.050358672908512266,0.2649037252685219,0.43568110068596,False
Lachnoclostridium,ICAM1,-0.16183667625826537,0.0003129137291348085,0.002568727337427209,True
Lachnoclostridium,VCAM1,-0.04414987393422542,0.32843193359201095,0.49970011982097373,False
Lachnoclostridium,FGFB,0.06369087214213134,0.15837118637966924,0.3066291960877787,False
Lachnoclostridium,IL22,0.10966762920386668,0.014945259907703111,0.05286941793175455,True
Lachnoclostridium,PDGFBB,0.1349849305882576,0.002697694618322048,0.014379566789065035,True
Lachnoclostridium,VEGF,0.000973391709630961,0.9828181193089174,0.9904002066164858,False
Lachnoclostridium,LEPTIN,0.26804416071339715,1.5289485814355042e-09,8.785860628931823e-08,True
Lachnoclostridium,PAI1,0.01880840013253981,0.6772884381948479,0.7952611813541298,False
Lachnoclostridium,CD40L,-0.07834681715773463,0.08255226328634838,0.19275830753482337,False
Lachnoclostridium,ENA78,0.23879934630971505,8.271359822543164e-08,2.70657274193218e-06,True
Lachnospira,IL17F,0.0854768295050398,0.05814358439578855,0.1487364656204971,False
Lachnospira,FASL,0.09443214148395,0.036263587225756434,0.10502398463906842,True
Lachnospira,TGFA,-0.008093472285679915,0.8578841541533998,0.9155564382092303,False
Lachnospira,MIP1A,-0.08000691015650031,0.07623398700945887,0.18189008251357278,False
Lachnospira,SDF1A,0.16219825196432622,0.00030322537280553916,0.0025066630818591238,True
Lachnospira,IL27,0.10366952009908796,0.021456606236475634,0.06913551642756142,True
Lachnospira,LIF,0.1066666028633598,0.017946642531399305,0.06048968498422999,True
Lachnospira,IL1B,0.06031398457134929,0.18166626639968336,0.33861366723560493,False
Lachnospira,IL2,0.023382320070819786,0.6048794354384317,0.7421098634850916,False
Lachnospira,IL4,0.027919020714524585,0.5366946067727456,0.6917866283080564,False
Lachnospira,IL5,0.13245416438320204,0.0032454325566354646,0.01664034625339098,True
Lachnospira,IP10,-0.06982108312193365,0.12194641121280825,0.25549643825466983,False
Lachnospira,IL6,0.03068805167584711,0.49706028056056695,0.6582765716698683,False
Lachnospira,IL7,-0.004178319571527373,0.926345065410545,0.9586949150482073,False
Lachnospira,IL8,0.08836708193149553,0.05012162033070423,0.13343111581823633,False
Lachnospira,IL10,-0.014186814341312576,0.7536014432635219,0.8467671901966604,False
Lachnospira,IFNB,-0.030540117177098605,0.4991376985664612,0.6597429728723095,False
Lachnospira,EOTAXIN,0.05293281590002744,0.24122038772954413,0.4104840978626262,False
Lachnospira,IL12P70,-0.099316431460302,0.027609544023962124,0.08442321313491857,True
Lachnospira,IL13,0.13742817583441186,0.002250168221983109,0.01250329323347218,True
Lachnospira,IL17A,0.028643141864860715,0.5261789633819862,0.684337641583196,False
Lachnospira,IL31,0.14469268233093316,0.0012898595221326457,0.00816911030684009,True
Lachnospira,IL1RA,0.0677981130934976,0.13316477740150387,0.27057888362047705,False
Lachnospira,SCF,0.04022061048425011,0.3733438498132441,0.5426268415545978,False
Lachnospira,RANTES,0.1996723236733439,8.09341163085638e-06,0.00012223126796344634,True
Lachnospira,IFNG,0.14200075536834583,0.001590010823191772,0.009654807988246946,True
Lachnospira,GMCSF,0.11639165420872576,0.009768662384295931,0.038262624401332025,True
Lachnospira,TNFA,0.13604065051608535,0.002495209368266983,0.013545422284877907,True
Lachnospira,HGF,-0.014568112768881293,0.7472015409041499,0.8433086612551747,False
Lachnospira,MIP1B,0.14674722765144946,0.001096881451424437,0.007089856514556854,True
Lachnospira,IFNA,0.16020943835503496,0.0003601990526625871,0.0028767083663493397,True
Lachnospira,TGFB,0.07327525001611956,0.1045098366657451,0.22894019078056296,False
Lachnospira,MCP1,-0.09182482728168982,0.04176086904037842,0.11689964166323703,False
Lachnospira,IL9,0.10024000466992583,0.026190331736683403,0.0813505887562638,True
Lachnospira,VEGFD,-0.1796928861507765,6.115351312647816e-05,0.0006639524282303343,True
Lachnospira,TNFB,0.10741398402014934,0.017153716369846545,0.05869884643044075,True
Lachnospira,NGF,0.14761781247420272,0.0010234442237530936,0.006707189405180218,True
Lachnospira,EGF,0.04393557086256517,0.33078748683529546,0.5023108726934941,False
Lachnospira,BDNF,0.1629957897972845,0.00028283698999614313,0.002367189870092054,True
Lachnospira,TRAIL,0.08628161458384832,0.055809713752605634,0.1444126146086094,False
Lachnospira,GCSF,-0.054098249945099645,0.23100179844323185,0.3983979355776329,False
Lachnospira,GROA,0.09073933769492747,0.0442486195851342,0.1219295295234809,False
Lachnospira,IL1A,0.12603765518410656,0.005114823356679313,0.02328603638325886,True
Lachnospira,IL23,0.05308466623997829,0.2398712653602014,0.40907470227190335,False
Lachnospira,IL12P40,0.005786799539591718,0.8981236476076087,0.9427397254459906,False
Lachnospira,IL15,0.1592234541916208,0.0003920075777055432,0.0030837056863915187,True
Lachnospira,IL18,0.14639396800001994,0.0011280424573614947,0.007251481663147834,True
Lachnospira,MCSF,0.1445419320042476,0.0013051825256582604,0.008243994719707404,True
Lachnospira,MCP3,-0.1289547950483939,0.004169416193311875,0.019725189862334895,True
Lachnospira,MIG,-0.0741741588639178,0.10031222171747588,0.22160891316972872,False
Lachnospira,RESISTIN,0.08528959345262181,0.05869800626017344,0.1499918684912892,False
Lachnospira,IL21,0.019766854489175995,0.6618375801106332,0.7826527393040574,False
Lachnospira,ICAM1,-0.2637304113557192,2.842688284069398e-09,1.5050277746668542e-07,True
Lachnospira,VCAM1,-0.04426146554700989,0.32720965747089814,0.49848428904069575,False
Lachnospira,FGFB,0.0646289532710067,0.1523184967234566,0.29855439124830596,False
Lachnospira,IL22,0.0918045122577335,0.041806320242269567,0.11690883144307075,False
Lachnospira,PDGFBB,0.11974840835750046,0.007838088923721752,0.03225596070618069,True
Lachnospira,VEGF,0.045090288995732544,0.3182237450245622,0.48967330667477504,False
Lachnospira,LEPTIN,0.16772216181116412,0.0001860059887786573,0.0016952808880561572,True
Lachnospira,PAI1,-0.023820954062395754,0.5981205812604602,0.737593347003216,False
Lachnospira,CD40L,-0.15932427546598535,0.0003886387829368892,0.0030674471443863016,True
Lachnospira,ENA78,0.1169061411887088,0.009447737300597383,0.03728453782279303,True
Lachnospiraceae FCS020 group,IL17F,0.08255992635659369,0.067289667405825,0.1667028984312552,False
Lachnospiraceae FCS020 group,FASL,0.12327610253981709,0.00618345394755804,0.027053328691637405,True
Lachnospiraceae FCS020 group,TGFA,0.05480467608040774,0.2249591419836288,0.39085821424294204,False
Lachnospiraceae FCS020 group,MIP1A,-0.13205797074229045,0.0033397903851183335,0.01693185579356539,True
Lachnospiraceae FCS020 group,SDF1A,0.06341898526064411,0.160158950439192,0.30865806726767797,False
Lachnospiraceae FCS020 group,IL27,0.21910781537698665,9.227264187393637e-07,2.0036345092626183e-05,True
Lachnospiraceae FCS020 group,LIF,0.07882158502160663,0.08070354432003261,0.18938003029680958,False
Lachnospiraceae FCS020 group,IL1B,0.10982815573910043,0.014797935297013315,0.052554377105767644,True
Lachnospiraceae FCS020 group,IL2,-0.014760759608950132,0.74397462432417,0.840875133081192,False
Lachnospiraceae FCS020 group,IL4,0.08814645712367523,0.05069948978994262,0.13468412873159746,False
Lachnospiraceae FCS020 group,IL5,0.023739818869335235,0.5993682039499422,0.7381659636727986,False
Lachnospiraceae FCS020 group,IP10,0.02141509099128029,0.6356027439823377,0.7657120199656978,False
Lachnospiraceae FCS020 group,IL6,0.09023623595907532,0.0454432632507189,0.12442106707576261,False
Lachnospiraceae FCS020 group,IL7,0.03837060247691464,0.39574273735460086,0.5638765583353127,False
Lachnospiraceae FCS020 group,IL8,0.14024648628601133,0.0018187903730370316,0.010712675297188117,True
Lachnospiraceae FCS020 group,IL10,-0.012096589940287282,0.7889744030507635,0.8710514028058101,False
Lachnospiraceae FCS020 group,IFNB,-0.0003035910116236845,0.9946407727064961,0.9968115010998388,False
Lachnospiraceae FCS020 group,EOTAXIN,0.051041750030036456,0.25846877742394947,0.4292932249635707,False
Lachnospiraceae FCS020 group,IL12P70,0.03333890796767278,0.460625735514676,0.6236978349842395,False
Lachnospiraceae FCS020 group,IL13,0.188246252343536,2.6396881927813544e-05,0.0003281849805906528,True
Lachnospiraceae FCS020 group,IL17A,0.003274761431663227,0.9422412855242022,0.9685516879123126,False
Lachnospiraceae FCS020 group,IL31,0.19701548250481254,1.0719944846012878e-05,0.00015735943960876224,True
Lachnospiraceae FCS020 group,IL1RA,0.08142947868094585,0.0711378132521838,0.1737287395568569,False
Lachnospiraceae FCS020 group,SCF,0.2059046802228758,4.124561692710937e-06,6.965926414356248e-05,True
Lachnospiraceae FCS020 group,RANTES,0.10689711537170962,0.01769873623984763,0.05978239796570756,True
Lachnospiraceae FCS020 group,IFNG,0.18840774042132807,2.597194460025606e-05,0.00032512535812500405,True
Lachnospiraceae FCS020 group,GMCSF,0.14083525180869896,0.0017388455519865853,0.010332207113443619,True
Lachnospiraceae FCS020 group,TNFA,0.13315815155698407,0.003083724528130771,0.016002764291357042,True
Lachnospiraceae FCS020 group,HGF,0.09601168415447443,0.03324218252822155,0.09820511854105327,True
Lachnospiraceae FCS020 group,MIP1B,0.08743998796930402,0.052587459418949434,0.13850872486422008,False
Lachnospiraceae FCS020 group,IFNA,0.08728411758465039,0.0530118037421319,0.1391596764528833,False
Lachnospiraceae FCS020 group,TGFB,0.12831618843893494,0.004361702012033773,0.020490867278866537,True
Lachnospiraceae FCS020 group,MCP1,-0.05497373250572044,0.22352990632836733,0.3893150715119436,False
Lachnospiraceae FCS020 group,IL9,0.13727356169813845,0.0022763415435412284,0.012607899703146953,True
Lachnospiraceae FCS020 group,VEGFD,0.04582235602440549,0.3104221768659389,0.48237154959268,False
Lachnospiraceae FCS020 group,TNFB,0.186003148131994,3.3024798907655967e-05,0.000392961748618371,True
Lachnospiraceae FCS020 group,NGF,0.12953086018986446,0.004002574863490258,0.019127923688403745,True
Lachnospiraceae FCS020 group,EGF,0.14143669383223936,0.0016605168965939375,0.00996733199586068,True
Lachnospiraceae FCS020 group,BDNF,0.20346046833310033,5.386019003730262e-06,8.751352257095515e-05,True
Lachnospiraceae FCS020 group,TRAIL,-0.004523226158254708,0.9202845290390982,0.9549395949861772,False
Lachnospiraceae FCS020 group,GCSF,0.04721875234243498,0.2958928317901613,0.4672409595828552,False
Lachnospiraceae FCS020 group,GROA,0.14472050584485555,0.001287049564331456,0.008162284720228561,True
Lachnospiraceae FCS020 group,IL1A,0.010251275628355644,0.8205700312474027,0.8901217080968501,False
Lachnospiraceae FCS020 group,IL23,0.04974460335772304,0.2707817936134997,0.4419684658489529,False
Lachnospiraceae FCS020 group,IL12P40,0.11194736336457897,0.0129693095847521,0.04733647309322377,True
Lachnospiraceae FCS020 group,IL15,0.1539577008881906,0.0006109363343750567,0.004470080757104452,True
Lachnospiraceae FCS020 group,IL18,0.1091791016109508,0.015401565356054032,0.05403736110031765,True
Lachnospiraceae FCS020 group,MCSF,0.11492184328282933,0.010739491904665213,0.0410417565732218,True
Lachnospiraceae FCS020 group,MCP3,0.023843153649523403,0.5977794212673218,0.7374326395154861,False
Lachnospiraceae FCS020 group,MIG,-0.12233196917457094,0.006592380471789286,0.02831658776943584,True
Lachnospiraceae FCS020 group,RESISTIN,0.12990260924107203,0.003898140610738745,0.01887773746947684,True
Lachnospiraceae FCS020 group,IL21,-0.06375193590799876,0.15797174733626188,0.30607026046400737,False
Lachnospiraceae FCS020 group,ICAM1,-0.01872583068315915,0.6786259786287405,0.7958407174192689,False
Lachnospiraceae FCS020 group,VCAM1,-0.053172471462524275,0.2390935792426837,0.40833959600997666,False
Lachnospiraceae FCS020 group,FGFB,0.09360457648793022,0.037937669262366774,0.10867342822595104,True
Lachnospiraceae FCS020 group,IL22,0.18360071180081475,4.185748039992072e-05,0.00047756040591870807,True
Lachnospiraceae FCS020 group,PDGFBB,0.09466879411307201,0.03579656321400742,0.10403466889551648,True
Lachnospiraceae FCS020 group,VEGF,0.09347225513716967,0.03821132730510442,0.10925471739177912,True
Lachnospiraceae FCS020 group,LEPTIN,0.12320042544938947,0.006215371515890504,0.02716774636630432,True
Lachnospiraceae FCS020 group,PAI1,0.07580198721729563,0.09305275074312849,0.20949095150579142,False
Lachnospiraceae FCS020 group,CD40L,-0.005440685417643701,0.9041867550735059,0.9466146722425309,False
Lachnospiraceae FCS020 group,ENA78,0.02320401161682176,0.6076366940517762,0.7432980535752777,False
Lachnospiraceae ND3007 group,IL17F,0.028334990038771914,0.5306410652507227,0.6872954094176486,False
Lachnospiraceae ND3007 group,FASL,-0.14138549837027514,0.0016670560940571081,0.009987741809469604,True
Lachnospiraceae ND3007 group,TGFA,-0.03456530233701158,0.4442870764364075,0.6109705186902432,False
Lachnospiraceae ND3007 group,MIP1A,-0.06252153755796899,0.16616802542653833,0.31639788587010537,False
Lachnospiraceae ND3007 group,SDF1A,-0.19380280299391842,1.4983601993542804e-05,0.00020464560172050346,True
Lachnospiraceae ND3007 group,IL27,-0.17307000687632154,0.00011419377886046447,0.0011280525911750703,True
Lachnospiraceae ND3007 group,LIF,-0.12233253640846446,0.006592127678899962,0.02831658776943584,True
Lachnospiraceae ND3007 group,IL1B,-0.1982686917003448,9.393354081297162e-06,0.00013962613385196286,True
Lachnospiraceae ND3007 group,IL2,-0.1436805661860293,0.001395995208185367,0.008747246570438098,True
Lachnospiraceae ND3007 group,IL4,-0.1580102087952533,0.000434737337653467,0.0033636819951118825,True
Lachnospiraceae ND3007 group,IL5,-0.15437504774284314,0.0005901225301177977,0.004365239186679848,True
Lachnospiraceae ND3007 group,IP10,-0.10648565591051284,0.018143362472690192,0.06093479969445202,True
Lachnospiraceae ND3007 group,IL6,-0.1421283402764701,0.001574448954885868,0.009609849061427735,True
Lachnospiraceae ND3007 group,IL7,0.05588305944734865,0.21595332491428723,0.3802586199537076,False
Lachnospiraceae ND3007 group,IL8,-0.16569606239880244,0.00022292143799411095,0.001956062971747208,True
Lachnospiraceae ND3007 group,IL10,-0.1295008606215596,0.004011111984709337,0.019149300579483684,True
Lachnospiraceae ND3007 group,IFNB,-0.06600071615510168,0.1437858290360125,0.2861143692642276,False
Lachnospiraceae ND3007 group,EOTAXIN,0.0034953684478893506,0.938357804753051,0.9660349521512729,False
Lachnospiraceae ND3007 group,IL12P70,0.004324028739641235,0.923784192085994,0.9572499726000558,False
Lachnospiraceae ND3007 group,IL13,-0.17431296408270014,0.00010173889573786604,0.0010287417955296668,True
Lachnospiraceae ND3007 group,IL17A,-0.24062415589827993,6.54201423453602e-08,2.263224646857429e-06,True
Lachnospiraceae ND3007 group,IL31,-0.15935217159612608,0.0003877114496689113,0.0030652623336240104,True
Lachnospiraceae ND3007 group,IL1RA,-0.08614043235778363,0.05621342090163033,0.14510361130842014,False
Lachnospiraceae ND3007 group,SCF,-0.10891686686940487,0.015651510504381856,0.05467006486037606,True
Lachnospiraceae ND3007 group,RANTES,-0.1104634122939398,0.014227364642716171,0.050903069245617764,True
Lachnospiraceae ND3007 group,IFNG,-0.16462240229859312,0.00024516038785428647,0.0021149307824614074,True
Lachnospiraceae ND3007 group,GMCSF,-0.1315803262627187,0.0034568544041862354,0.01729087905617657,True
Lachnospiraceae ND3007 group,TNFA,-0.07211224954288344,0.11014564319043198,0.23819060401591174,False
Lachnospiraceae ND3007 group,HGF,0.11776923947004356,0.00893037005341734,0.035797691040396463,True
Lachnospiraceae ND3007 group,MIP1B,-0.01666112066792726,0.7123907854616214,0.8203287832588367,False
Lachnospiraceae ND3007 group,IFNA,-0.15432196338227303,0.0005927329154920662,0.004377676328837956,True
Lachnospiraceae ND3007 group,TGFB,-0.10533022778013906,0.019444458967472836,0.06420623031165522,True
Lachnospiraceae ND3007 group,MCP1,0.13061711324957578,0.003704318770055879,0.01825810674111224,True
Lachnospiraceae ND3007 group,IL9,-0.22635348611520778,3.895493549115089e-07,1.0197536446350166e-05,True
Lachnospiraceae ND3007 group,VEGFD,-0.14437030698018416,0.0013228311047210953,0.008344284023354485,True
Lachnospiraceae ND3007 group,TNFB,-0.11313271890393115,0.012035950237257823,0.04487176869943511,True
Lachnospiraceae ND3007 group,NGF,-0.10083494539459456,0.025309784640020976,0.07913716338671456,True
Lachnospiraceae ND3007 group,EGF,-0.049963585353459156,0.268675487839117,0.4395829509367775,False
Lachnospiraceae ND3007 group,BDNF,-0.01828424704860372,0.6857962333695369,0.8008604341108445,False
Lachnospiraceae ND3007 group,TRAIL,-0.11378975386701164,0.01154459382587387,0.04348371391488223,True
Lachnospiraceae ND3007 group,GCSF,-0.09181706756754825,0.041778225076589806,0.11689964166323703,False
Lachnospiraceae ND3007 group,GROA,-0.2236426448082231,5.397044943995559e-07,1.2779334560857826e-05,True
Lachnospiraceae ND3007 group,IL1A,-0.16007782100593487,0.00036430133854361055,0.002899641735164684,True
Lachnospiraceae ND3007 group,IL23,-0.046483284887507005,0.30348775376928755,0.475094450418898,False
Lachnospiraceae ND3007 group,IL12P40,-0.13808612674987666,0.0021418350507757954,0.012043349354720224,True
Lachnospiraceae ND3007 group,IL15,-0.2158644981875236,1.3447502758146424e-06,2.7337657655127645e-05,True
Lachnospiraceae ND3007 group,IL18,-0.1729093770448987,0.00011590416784560584,0.001142146285030523,True
Lachnospiraceae ND3007 group,MCSF,-0.1123446391283481,0.012649614701761342,0.046493747640171175,True
Lachnospiraceae ND3007 group,MCP3,-0.15047977334985024,0.0008128016036114971,0.0056717848244610585,True
Lachnospiraceae ND3007 group,MIG,-0.0692713663135364,0.1249193323164719,0.25941819915170367,False
Lachnospiraceae ND3007 group,RESISTIN,-0.026222013145391302,0.5617442097855647,0.7098253463420705,False
Lachnospiraceae ND3007 group,IL21,-0.17333635718501691,0.00011140987775097926,0.0011029020248170148,True
Lachnospiraceae ND3007 group,ICAM1,0.03212387909926534,0.4771380509677453,0.6398049220717177,False
Lachnospiraceae ND3007 group,VCAM1,0.09914353059338424,0.027882455471930634,0.08498197295196451,True
Lachnospiraceae ND3007 group,FGFB,-0.06006132441025339,0.1835061167230691,0.34042552047208724,False
Lachnospiraceae ND3007 group,IL22,-0.1653398440535926,0.00023008160153931763,0.0020113998264439047,True
Lachnospiraceae ND3007 group,PDGFBB,-0.19099226873662897,1.9993734803430955e-05,0.0002609708542763619,True
Lachnospiraceae ND3007 group,VEGF,-0.003836234414448483,0.9323602374670077,0.9636228127946292,False
Lachnospiraceae ND3007 group,LEPTIN,-0.1315661800091945,0.0034603775360726877,0.01729087905617657,True
Lachnospiraceae ND3007 group,PAI1,0.22345309976043073,5.520649903756944e-07,1.3006651173251361e-05,True
Lachnospiraceae ND3007 group,CD40L,0.07134949105009848,0.11397006309865125,0.244214159763913,False
Lachnospiraceae ND3007 group,ENA78,-0.22934831378711817,2.7044018913930677e-07,7.540320539789429e-06,True
Lachnospiraceae NK3A20 group,IL17F,0.05133533914724116,0.2557364786119049,0.4265593937059455,False
Lachnospiraceae NK3A20 group,FASL,0.0913289489966745,0.042882293595475206,0.11924913370299481,False
Lachnospiraceae NK3A20 group,TGFA,0.04985980160585199,0.2696723424766912,0.4410607697848556,False
Lachnospiraceae NK3A20 group,MIP1A,-0.09371310906361201,0.0377144517705504,0.1083600589895326,True
Lachnospiraceae NK3A20 group,SDF1A,0.05765142914295235,0.20175063925533107,0.3638782274723406,False
Lachnospiraceae NK3A20 group,IL27,0.1203814166355804,0.007514836403706655,0.03125322959776325,True
Lachnospiraceae NK3A20 group,LIF,0.06335455453722882,0.16058482876010077,0.30884942768386486,False
Lachnospiraceae NK3A20 group,IL1B,0.0046935272923730705,0.9172937568612697,0.9530955198082255,False
Lachnospiraceae NK3A20 group,IL2,-0.024714135734004793,0.5844644718502805,0.7287633213438798,False
Lachnospiraceae NK3A20 group,IL4,0.06166786328864657,0.17203938839048238,0.32464941854062995,False
Lachnospiraceae NK3A20 group,IL5,0.05962842811489337,0.1866903594107841,0.3448392683432437,False
Lachnospiraceae NK3A20 group,IP10,-0.07131777314117503,0.11413132376964331,0.2443387850444443,False
Lachnospiraceae NK3A20 group,IL6,0.02685059046847189,0.5524003415713938,0.7036794835048412,False
Lachnospiraceae NK3A20 group,IL7,-0.08650868693088919,0.05516545797325949,0.1429024947608569,False
Lachnospiraceae NK3A20 group,IL8,0.1050508653518148,0.01977098103595233,0.06510193056702124,True
Lachnospiraceae NK3A20 group,IL10,-0.0788717251931145,0.08051027377081607,0.18911486042277434,False
Lachnospiraceae NK3A20 group,IFNB,0.011301636386409936,0.8025465431777634,0.8795686557800085,False
Lachnospiraceae NK3A20 group,EOTAXIN,0.13942474588393508,0.0019360049880207874,0.011234551112751172,True
Lachnospiraceae NK3A20 group,IL12P70,-0.04809694143852819,0.28699160427008463,0.45809770979696435,False
Lachnospiraceae NK3A20 group,IL13,0.1258878876886086,0.005168206279171581,0.023442998614191458,True
Lachnospiraceae NK3A20 group,IL17A,0.04665783116082506,0.3016736895189145,0.4735131329157645,False
Lachnospiraceae NK3A20 group,IL31,0.132135575062152,0.003321114224405636,0.016863243777369998,True
Lachnospiraceae NK3A20 group,IL1RA,0.0320702658005343,0.47787402475336804,0.6400797129108645,False
Lachnospiraceae NK3A20 group,SCF,0.05187877013304445,0.25073196023914546,0.4200300861909306,False
Lachnospiraceae NK3A20 group,RANTES,0.06714797837420132,0.13693435294843267,0.275153377864825,False
Lachnospiraceae NK3A20 group,IFNG,0.10010600835643958,0.026392256951070087,0.08181599654831727,True
Lachnospiraceae NK3A20 group,GMCSF,0.1331946406501606,0.003075546053571096,0.015977919519765165,True
Lachnospiraceae NK3A20 group,TNFA,0.0632563300807015,0.16123572003944742,0.30946750013273977,False
Lachnospiraceae NK3A20 group,HGF,0.04521896579237394,0.3168432525018713,0.48837599142584803,False
Lachnospiraceae NK3A20 group,MIP1B,0.07089751221026334,0.11628496691556933,0.24733824072937877,False
Lachnospiraceae NK3A20 group,IFNA,0.056981211705086375,0.20705142380036237,0.3699763959519674,False
Lachnospiraceae NK3A20 group,TGFB,0.08877439723720781,0.049069223397754984,0.13189628103264203,False
Lachnospiraceae NK3A20 group,MCP1,-0.06314617210988176,0.16196805054808655,0.3106200464723581,False
Lachnospiraceae NK3A20 group,IL9,0.10372319069176526,0.02138885501909826,0.06903033208903493,True
Lachnospiraceae NK3A20 group,VEGFD,-0.12637592905181114,0.0049960735591816,0.022900290477493868,True
Lachnospiraceae NK3A20 group,TNFB,0.08479356650168014,0.06018797015049842,0.15280480352863607,False
Lachnospiraceae NK3A20 group,NGF,0.06347457012838781,0.15979222645428656,0.30820342654629485,False
Lachnospiraceae NK3A20 group,EGF,0.06252255763419652,0.1661611006079613,0.31639788587010537,False
Lachnospiraceae NK3A20 group,BDNF,0.06047242395057232,0.18051950633032085,0.33687442131820666,False
Lachnospiraceae NK3A20 group,TRAIL,0.0038261167114639213,0.9325382059302864,0.9636228127946292,False
Lachnospiraceae NK3A20 group,GCSF,0.042285450610843656,0.34928884550151507,0.5195230555565464,False
Lachnospiraceae NK3A20 group,GROA,0.1145130882037396,0.011024254639748265,0.04197388330309359,True
Lachnospiraceae NK3A20 group,IL1A,0.02908937185919392,0.5197515154089525,0.6778491947431454,False
Lachnospiraceae NK3A20 group,IL23,0.09997149734657311,0.026596305118183783,0.08222995620544667,True
Lachnospiraceae NK3A20 group,IL12P40,0.0003667161213679611,0.9935264609035312,0.9960631242079657,False
Lachnospiraceae NK3A20 group,IL15,0.07596622107984294,0.09234429782855437,0.2080948500086792,False
Lachnospiraceae NK3A20 group,IL18,0.09928340715066493,0.027661492326000982,0.08452720612199521,True
Lachnospiraceae NK3A20 group,MCSF,0.11827928711555219,0.008636631904614474,0.03483719095653032,True
Lachnospiraceae NK3A20 group,MCP3,-0.07431300446846034,0.09967597321191911,0.22060741464281958,False
Lachnospiraceae NK3A20 group,MIG,-0.09874726788626487,0.028516686712916427,0.08641197928698534,True
Lachnospiraceae NK3A20 group,RESISTIN,0.08071277566496948,0.07366938556159208,0.17786521996179327,False
Lachnospiraceae NK3A20 group,IL21,-0.04227179046094727,0.3494446883552744,0.5195908398643273,False
Lachnospiraceae NK3A20 group,ICAM1,-0.06016300085653824,0.18276406944302137,0.34000126067121705,False
Lachnospiraceae NK3A20 group,VCAM1,-0.04808273518045847,0.2871341478643955,0.4581700320816226,False
Lachnospiraceae NK3A20 group,FGFB,0.05453566382303962,0.2272468205122653,0.39396137536931347,False
Lachnospiraceae NK3A20 group,IL22,0.05147651067423605,0.25442980939537907,0.42498165964942436,False
Lachnospiraceae NK3A20 group,PDGFBB,0.049457384797724074,0.2735615043972971,0.44479703544515664,False
Lachnospiraceae NK3A20 group,VEGF,-0.005164855405411047,0.9090226581420563,0.9486694966401534,False
Lachnospiraceae NK3A20 group,LEPTIN,0.16468333936568993,0.0002438445903247097,0.002112124466194912,True
Lachnospiraceae NK3A20 group,PAI1,-0.02225020772916244,0.6224796628754075,0.7559598380074536,False
Lachnospiraceae NK3A20 group,CD40L,-0.07686866848000862,0.08852814870968322,0.20176722634302632,False
Lachnospiraceae NK3A20 group,ENA78,0.09343642555246126,0.03828571485512591,0.10940102389166362,True
Lachnospiraceae NK4A136 group,IL17F,0.10340859463727983,0.021788647040122084,0.06988979227573537,True
Lachnospiraceae NK4A136 group,FASL,0.041071528946599406,0.36330951396899447,0.5333066759569788,False
Lachnospiraceae NK4A136 group,TGFA,0.03720837930781284,0.4102193623804753,0.5776908653726239,False
Lachnospiraceae NK4A136 group,MIP1A,-0.015112110162930762,0.7381009151914097,0.8358403057875325,False
Lachnospiraceae NK4A136 group,SDF1A,0.06409750349330344,0.15572559310876508,0.303214460631612,False
Lachnospiraceae NK4A136 group,IL27,-0.00803570211923635,0.8588879097912547,0.9156289210263331,False
Lachnospiraceae NK4A136 group,LIF,-0.06413142515435342,0.15550641479296246,0.3030381416478242,False
Lachnospiraceae NK4A136 group,IL1B,0.1245060654061098,0.005684930859467371,0.025529700938513582,True
Lachnospiraceae NK4A136 group,IL2,-0.012905487742228439,0.7752294482910335,0.8621385792653646,False
Lachnospiraceae NK4A136 group,IL4,0.03367286888539896,0.45614364461910484,0.6202883194785618,False
Lachnospiraceae NK4A136 group,IL5,-0.08032214464689406,0.07507982194450782,0.18009276055213866,False
Lachnospiraceae NK4A136 group,IP10,-0.020681759231482334,0.6472213838777283,0.7735613813775617,False
Lachnospiraceae NK4A136 group,IL6,-0.0037044053047287583,0.9346793472759936,0.9646782276059455,False
Lachnospiraceae NK4A136 group,IL7,0.06262073578256323,0.16549562732488254,0.31545930257073085,False
Lachnospiraceae NK4A136 group,IL8,0.05915645518493337,0.19020820370073327,0.34941951494653223,False
Lachnospiraceae NK4A136 group,IL10,0.00954976972479328,0.8326608635856245,0.8982367191427342,False
Lachnospiraceae NK4A136 group,IFNB,-0.05186680637150286,0.2508413969739556,0.4200300861909306,False
Lachnospiraceae NK4A136 group,EOTAXIN,0.04623503904351765,0.3060802033633666,0.477566198095425,False
Lachnospiraceae NK4A136 group,IL12P70,0.044380504559258085,0.32590905913726764,0.4969849471374774,False
Lachnospiraceae NK4A136 group,IL13,0.03348991015339257,0.4585961000320159,0.6220221138027803,False
Lachnospiraceae NK4A136 group,IL17A,0.11732095687470608,0.00919584762879599,0.036581920388128734,True
Lachnospiraceae NK4A136 group,IL31,-0.07647852844083829,0.09016207731266165,0.204469568667797,False
Lachnospiraceae NK4A136 group,IL1RA,-0.06335438182272947,0.16058597152492973,0.30884942768386486,False
Lachnospiraceae NK4A136 group,SCF,0.09019894199794562,0.045532888613330456,0.1245848151375778,False
Lachnospiraceae NK4A136 group,RANTES,0.0282798358147198,0.5314417253484632,0.6876562395020348,False
Lachnospiraceae NK4A136 group,IFNG,0.10714946870650188,0.0174307766554516,0.05921688507605475,True
Lachnospiraceae NK4A136 group,GMCSF,0.04118728536985137,0.3619575920532794,0.5316534207465874,False
Lachnospiraceae NK4A136 group,TNFA,0.08548368939666352,0.05812335433190447,0.1487364656204971,False
Lachnospiraceae NK4A136 group,HGF,0.05029330037826461,0.2655252895873744,0.4365509994890817,False
Lachnospiraceae NK4A136 group,MIP1B,0.1226123845637362,0.0064684654378789515,0.028030657156520727,True
Lachnospiraceae NK4A136 group,IFNA,0.016372743400690337,0.717153603336057,0.8225573278932253,False
Lachnospiraceae NK4A136 group,TGFB,0.01793091944282555,0.6915538433793824,0.8041958810472977,False
Lachnospiraceae NK4A136 group,MCP1,0.06311806007839829,0.16215533967788157,0.3108527097486485,False
Lachnospiraceae NK4A136 group,IL9,0.04583868169695586,0.3102496428317537,0.48237154959268,False
Lachnospiraceae NK4A136 group,VEGFD,-0.049411941510940215,0.2740030815263326,0.4450542985701756,False
Lachnospiraceae NK4A136 group,TNFB,0.128781943634003,0.004220690613620643,0.019927749670721914,True
Lachnospiraceae NK4A136 group,NGF,-0.07479964705523015,0.09747127438204808,0.21684827426261122,False
Lachnospiraceae NK4A136 group,EGF,0.050248534496888764,0.26595150234444465,0.43678908129233324,False
Lachnospiraceae NK4A136 group,BDNF,0.14643589757412107,0.0011243016436869183,0.007237307848432731,True
Lachnospiraceae NK4A136 group,TRAIL,0.048777458855165476,0.28021914412040855,0.4521785507765305,False
Lachnospiraceae NK4A136 group,GCSF,-0.02695992642764339,0.5507828489236232,0.702261382826427,False
Lachnospiraceae NK4A136 group,GROA,0.018266886929854436,0.686078702129984,0.8009267461781576,False
Lachnospiraceae NK4A136 group,IL1A,0.01138180322629106,0.8011750955618195,0.8793703820841589,False
Lachnospiraceae NK4A136 group,IL23,-0.03993641502180888,0.3767329300265707,0.5460991593467257,False
Lachnospiraceae NK4A136 group,IL12P40,0.03873200356633115,0.3913046200640842,0.5589049317192981,False
Lachnospiraceae NK4A136 group,IL15,0.08379197517362887,0.06329189516029292,0.15914162753217728,False
Lachnospiraceae NK4A136 group,IL18,-0.0062404726653804326,0.8901853839481225,0.9370830223906234,False
Lachnospiraceae NK4A136 group,MCSF,0.03654652325901076,0.41860179502731687,0.5855138168074919,False
Lachnospiraceae NK4A136 group,MCP3,0.07381322615683483,0.10198127255552805,0.22444453819787397,False
Lachnospiraceae NK4A136 group,MIG,0.04315244381937224,0.33948778255121637,0.5095788674987035,False
Lachnospiraceae NK4A136 group,RESISTIN,-0.021311125847249555,0.6372445857718955,0.7661894585754456,False
Lachnospiraceae NK4A136 group,IL21,-0.024924511692738377,0.5812691385160855,0.7263166748045068,False
Lachnospiraceae NK4A136 group,ICAM1,-0.01234112708903433,0.7848120526088161,0.868485489948769,False
Lachnospiraceae NK4A136 group,VCAM1,0.016841113997659286,0.7094236734493631,0.818913363374179,False
Lachnospiraceae NK4A136 group,FGFB,0.011318840551136895,0.8022521730886614,0.8795686557800085,False
Lachnospiraceae NK4A136 group,IL22,0.18839211014629528,2.6012788627573544e-05,0.00032512535812500405,True
Lachnospiraceae NK4A136 group,PDGFBB,0.057718041211762786,0.20122923996976544,0.363281642427246,False
Lachnospiraceae NK4A136 group,VEGF,0.12432173424842603,0.005757263274956009,0.025738353464509214,True
Lachnospiraceae NK4A136 group,LEPTIN,0.03125385407207188,0.4891573774192023,0.6509205203047955,False
Lachnospiraceae NK4A136 group,PAI1,0.19056667527996235,2.0878867740894502e-05,0.00027102265783772694,True
Lachnospiraceae NK4A136 group,CD40L,0.030427091009201972,0.5007279985097324,0.6609048540554227,False
Lachnospiraceae NK4A136 group,ENA78,0.14954848957293304,0.0008764825778469691,0.0059854868214708964,True
Lachnospiraceae UCG-001,IL17F,-0.0996692374507256,0.027059783723896363,0.08317397319438986,True
Lachnospiraceae UCG-001,FASL,-0.08503323778450392,0.05946418870393903,0.15137507140624568,False
Lachnospiraceae UCG-001,TGFA,-0.21879500188321005,9.571018681554997e-07,2.0406624446826764e-05,True
Lachnospiraceae UCG-001,MIP1A,-0.10232258998194219,0.02321897968543115,0.07352551933599039,True
Lachnospiraceae UCG-001,SDF1A,-0.12357742541440679,0.006057822251284987,0.02680230840192944,True
Lachnospiraceae UCG-001,IL27,-0.15834921362859167,0.00042238077639910585,0.003285357925095761,True
Lachnospiraceae UCG-001,LIF,-0.13676197607833637,0.002364937950352354,0.012957660025651501,True
Lachnospiraceae UCG-001,IL1B,-0.12759316586138372,0.00458905153603616,0.02140951568099246,True
Lachnospiraceae UCG-001,IL2,-0.08753598384702081,0.05232752985069233,0.1381989556096735,False
Lachnospiraceae UCG-001,IL4,-0.13974060225500493,0.0018901559505228535,0.011022790642158026,True
Lachnospiraceae UCG-001,IL5,-0.027442277616494037,0.5436749060333469,0.6974960387194424,False
Lachnospiraceae UCG-001,IP10,-0.16337297545025564,0.0002736472684464697,0.002320338488002905,True
Lachnospiraceae UCG-001,IL6,-0.097943805183714,0.029840755812973123,0.08961736226305249,True
Lachnospiraceae UCG-001,IL7,0.015882007511895623,0.7252837332179365,0.8276911966391176,False
Lachnospiraceae UCG-001,IL8,-0.16371359227115997,0.0002655889654574893,0.0022671289949921917,True
Lachnospiraceae UCG-001,IL10,-0.1336248835919645,0.002980589672588735,0.015553198823076545,True
Lachnospiraceae UCG-001,IFNB,-0.2186171167467973,9.771946069904238e-07,2.0741175622247193e-05,True
Lachnospiraceae UCG-001,EOTAXIN,-0.023150896310411558,0.6084591176543115,0.7440001989286114,False
Lachnospiraceae UCG-001,IL12P70,-0.1689518997799716,0.00016648086901911122,0.0015411745674224992,True
Lachnospiraceae UCG-001,IL13,-0.1278985962361464,0.004491736797602764,0.021021273350934573,True
Lachnospiraceae UCG-001,IL17A,-0.225704773868357,4.2131559725736787e-07,1.0682192012218942e-05,True
Lachnospiraceae UCG-001,IL31,-0.015331548157307022,0.7344401494262885,0.8346188028643705,False
Lachnospiraceae UCG-001,IL1RA,-0.1432360462579605,0.0014450997317691444,0.008995125410959324,True
Lachnospiraceae UCG-001,SCF,-0.035840764987942426,0.4276500357196964,0.5928470045046217,False
Lachnospiraceae UCG-001,RANTES,-0.1265189527788894,0.004946617523283733,0.022717798995821586,True
Lachnospiraceae UCG-001,IFNG,-0.1268908061222582,0.004820093865037279,0.022310689874317936,True
Lachnospiraceae UCG-001,GMCSF,-0.21889784684532484,9.456667006444441e-07,2.0346947458614705e-05,True
Lachnospiraceae UCG-001,TNFA,-0.06174492627447868,0.17150309718683257,0.3238679153720521,False
Lachnospiraceae UCG-001,HGF,-0.03153991074171639,0.48518768017782343,0.6474665389402163,False
Lachnospiraceae UCG-001,MIP1B,-0.157031096301717,0.0004723403522861433,0.0035862205016518123,True
Lachnospiraceae UCG-001,IFNA,-0.1317297901856074,0.0034198287045345195,0.0171773604272441,True
Lachnospiraceae UCG-001,TGFB,-0.1297071472371024,0.003952739439818979,0.019023251157307648,True
Lachnospiraceae UCG-001,MCP1,-0.010642116835973166,0.8138518715696803,0.886300805125099,False
Lachnospiraceae UCG-001,IL9,-0.13927902480451193,0.0019574988189864596,0.011345306808197045,True
Lachnospiraceae UCG-001,VEGFD,-0.17070204508513462,0.00014198541124322466,0.001354322384166143,True
Lachnospiraceae UCG-001,TNFB,-0.15585725215068738,0.0005214041302017895,0.003924690513595578,True
Lachnospiraceae UCG-001,NGF,-0.07321511669820148,0.10479552922534435,0.2294593558131146,False
Lachnospiraceae UCG-001,EGF,0.08374718804165834,0.06343371457892377,0.1594131536511407,False
Lachnospiraceae UCG-001,BDNF,-0.08157729371258719,0.0706246403956697,0.17314427967970636,False
Lachnospiraceae UCG-001,TRAIL,-0.13635066806844034,0.002438438465161766,0.013267808369332841,True
Lachnospiraceae UCG-001,GCSF,-0.12337939708631675,0.006140125924228955,0.02696390806613871,True
Lachnospiraceae UCG-001,GROA,-0.17224469721680083,0.00012324102168960517,0.0012047960460610364,True
Lachnospiraceae UCG-001,IL1A,-0.12405343818568024,0.005864022712488009,0.02609185554413928,True
Lachnospiraceae UCG-001,IL23,-0.06362130336263286,0.15882718816919986,0.30722237711546374,False
Lachnospiraceae UCG-001,IL12P40,-0.2150897109352685,1.4700966646682657e-06,2.9228250986991002e-05,True
Lachnospiraceae UCG-001,IL15,-0.08504383787881771,0.05943234453863696,0.15137507140624568,False
Lachnospiraceae UCG-001,IL18,-0.11192259613307078,0.012989474122296861,0.047373376210729734,True
Lachnospiraceae UCG-001,MCSF,-0.11117017361668223,0.013615392195751894,0.04923693632109204,True
Lachnospiraceae UCG-001,MCP3,-0.1379872300325833,0.002157808188320906,0.012089883690092876,True
Lachnospiraceae UCG-001,MIG,-0.19606656142043954,1.1841129559977303e-05,0.00016959088901706093,True
Lachnospiraceae UCG-001,RESISTIN,-0.18472824735048934,3.746504376936982e-05,0.0004348159759637207,True
Lachnospiraceae UCG-001,IL21,-0.0606072834832429,0.17954764383559607,0.33559242275022955,False
Lachnospiraceae UCG-001,ICAM1,-0.15379215427233398,0.0006193794929571204,0.004510844158908734,True
Lachnospiraceae UCG-001,VCAM1,-0.16322971216618948,0.0002771043627248129,0.002343767763103583,True
Lachnospiraceae UCG-001,FGFB,-0.10701369555877918,0.017574502355286153,0.059533468798064954,True
Lachnospiraceae UCG-001,IL22,-0.05469861963363412,0.22585907910123504,0.39227717682455565,False
Lachnospiraceae UCG-001,PDGFBB,-0.15569528950591954,0.0005285339446848457,0.003972012675207325,True
Lachnospiraceae UCG-001,VEGF,-0.019818680415168256,0.6610061186041856,0.7825958400915549,False
Lachnospiraceae UCG-001,LEPTIN,-0.2009058228027938,7.094256390923514e-06,0.00010924227488245619,True
Lachnospiraceae UCG-001,PAI1,-0.10002184978782343,0.026519763818148367,0.08210323726091662,True
Lachnospiraceae UCG-001,CD40L,-0.09209757987918037,0.041154661893080036,0.11571689492714995,True
Lachnospiraceae UCG-001,ENA78,-0.18518290502460064,3.5820410855099114e-05,0.00041882326538269734,True
Lachnospiraceae UCG-004,IL17F,0.02666831778831603,0.5551020003753335,0.7059758774004242,False
Lachnospiraceae UCG-004,FASL,-0.024970487211025003,0.5805719173232979,0.7256378977260954,False
Lachnospiraceae UCG-004,TGFA,0.030327572621751432,0.5021304550156465,0.6625703455709118,False
Lachnospiraceae UCG-004,MIP1A,-0.02550757094289594,0.572456089599034,0.719286600774557,False
Lachnospiraceae UCG-004,SDF1A,0.0033840265583402964,0.9403176475325259,0.9676297783737196,False
Lachnospiraceae UCG-004,IL27,0.04816418448825429,0.28631754325519215,0.45723080810655026,False
Lachnospiraceae UCG-004,LIF,0.02302096366983906,0.6104730411887904,0.7457995774129065,False
Lachnospiraceae UCG-004,IL1B,0.0023625583713999766,0.9583128748556761,0.9771846497121718,False
Lachnospiraceae UCG-004,IL2,-0.06351448294325879,0.15952929037519625,0.30820090867073585,False
Lachnospiraceae UCG-004,IL4,-0.1061118162460202,0.01855575989809707,0.062054464613082616,True
Lachnospiraceae UCG-004,IL5,-0.16150453535594264,0.000322067253952097,0.0026210378249089485,True
Lachnospiraceae UCG-004,IP10,0.05549526884896394,0.21916156990004307,0.38447107869285296,False
Lachnospiraceae UCG-004,IL6,-0.040161521106340005,0.37404694699166985,0.5433135678867905,False
Lachnospiraceae UCG-004,IL7,-0.1386262409111898,0.002056490589210914,0.011745677159226456,True
Lachnospiraceae UCG-004,IL8,-0.008589158886435858,0.8492811849942623,0.9097096939515716,False
Lachnospiraceae UCG-004,IL10,-0.05663390189989065,0.2098376251889363,0.37382037424962866,False
Lachnospiraceae UCG-004,IFNB,-0.003589638760238823,0.936698746799896,0.964748523480024,False
Lachnospiraceae UCG-004,EOTAXIN,-0.10071200373178102,0.025489622039343157,0.07954112519826818,True
Lachnospiraceae UCG-004,IL12P70,-0.04461729409024849,0.32333191614413426,0.4956213366529475,False
Lachnospiraceae UCG-004,IL13,0.023620459849497184,0.6012057305753526,0.738930412954176,False
Lachnospiraceae UCG-004,IL17A,-0.005259740130568339,0.9073587330556556,0.94799874726347,False
Lachnospiraceae UCG-004,IL31,-0.09776867296479687,0.030136259091811536,0.09021731438412703,True
Lachnospiraceae UCG-004,IL1RA,-0.020483574822424327,0.6503762675085505,0.7756448930651202,False
Lachnospiraceae UCG-004,SCF,-0.02622934780639982,0.5616347415157825,0.7098253463420705,False
Lachnospiraceae UCG-004,RANTES,0.06993691244524189,0.12132708594023583,0.2546517723609761,False
Lachnospiraceae UCG-004,IFNG,0.030237884367823323,0.5033961536770342,0.6636828976290389,False
Lachnospiraceae UCG-004,GMCSF,-0.012593989909693456,0.7805144321952977,0.8657683626422418,False
Lachnospiraceae UCG-004,TNFA,-0.11772903618128537,0.00895389714951753,0.03581558859807012,True
Lachnospiraceae UCG-004,HGF,0.13179304558126692,0.003404267546034462,0.017167938624114216,True
Lachnospiraceae UCG-004,MIP1B,-0.05740957608000938,0.20365197453993192,0.3662626351267783,False
Lachnospiraceae UCG-004,IFNA,-0.014994040154058839,0.7400730722343496,0.8373626771811765,False
Lachnospiraceae UCG-004,TGFB,-0.056100241537389205,0.21417134501692806,0.37825164082449964,False
Lachnospiraceae UCG-004,MCP1,-0.20416987576678336,4.986267115241931e-06,8.215136589867126e-05,True
Lachnospiraceae UCG-004,IL9,-0.009470001737898887,0.8340382669982741,0.8986106662367592,False
Lachnospiraceae UCG-004,VEGFD,-0.20336072359346719,5.444620312099814e-06,8.755990071882021e-05,True
Lachnospiraceae UCG-004,TNFB,0.02607097431199772,0.5640007156425806,0.7113413736905352,False
Lachnospiraceae UCG-004,NGF,-0.05280585584474823,0.24235245212135492,0.4115478555472848,False
Lachnospiraceae UCG-004,EGF,-0.06377666637312744,0.15781019348769554,0.3059298613799841,False
Lachnospiraceae UCG-004,BDNF,0.14365300944931697,0.0013989941286641147,0.008754396194243438,True
Lachnospiraceae UCG-004,TRAIL,-0.04983836300566923,0.2698785775052267,0.44124491922436787,False
Lachnospiraceae UCG-004,GCSF,-0.11126794258447799,0.01353258746088932,0.04901272261007723,True
Lachnospiraceae UCG-004,GROA,-0.04371635025600987,0.33320833821180706,0.5051645514633882,False
Lachnospiraceae UCG-004,IL1A,-0.059771054558866756,0.18563678216382343,0.34329690641912713,False
Lachnospiraceae UCG-004,IL23,-0.15349250738224673,0.0006349378459718252,0.004588691917514172,True
Lachnospiraceae UCG-004,IL12P40,0.13636816827499723,0.0024352692155750655,0.013265882709583478,True
Lachnospiraceae UCG-004,IL15,-0.09248775571042453,0.04030040693256849,0.11370989069836092,True
Lachnospiraceae UCG-004,IL18,0.06279990755272288,0.16428631835704313,0.3137432485031655,False
Lachnospiraceae UCG-004,MCSF,-0.0026072308122091358,0.9540001998844404,0.9738407586342034,False
Lachnospiraceae UCG-004,MCP3,-0.06995747678734647,0.12121738773999009,0.25453490687648544,False
Lachnospiraceae UCG-004,MIG,-0.03020127465773392,0.5039132796036179,0.6638074849013831,False
Lachnospiraceae UCG-004,RESISTIN,0.12282014417485058,0.006378008353997636,0.027698779137361164,True
Lachnospiraceae UCG-004,IL21,-0.030035113473750822,0.5062638772989928,0.6661590030250919,False
Lachnospiraceae UCG-004,ICAM1,-0.05744933431564501,0.20333852404794617,0.3659293924340564,False
Lachnospiraceae UCG-004,VCAM1,-0.06434125531344981,0.15415582247908252,0.301403417228812,False
Lachnospiraceae UCG-004,FGFB,0.01931676306940177,0.6690759508609232,0.7889076496892407,False
Lachnospiraceae UCG-004,IL22,-0.02064485354931603,0.6478084063913112,0.7735613813775617,False
Lachnospiraceae UCG-004,PDGFBB,0.12352267595960408,0.006080477311061769,0.026857652457684008,True
Lachnospiraceae UCG-004,VEGF,-0.014339302757118833,0.7510399486672654,0.8464243573595204,False
Lachnospiraceae UCG-004,LEPTIN,0.014003833718521425,0.7566787144276917,0.8493258938502343,False
Lachnospiraceae UCG-004,PAI1,-0.08219611073776857,0.06850904168029796,0.16910141665666004,False
Lachnospiraceae UCG-004,CD40L,-0.02070103392570779,0.6469148871282059,0.773474485701118,False
Lachnospiraceae UCG-004,ENA78,0.024263603375745284,0.5913347252311552,0.7326766303679209,False
Lachnospiraceae UCG-008,IL17F,-0.01773996834675287,0.694672907803817,0.8068273950139476,False
Lachnospiraceae UCG-008,FASL,-0.07712622835938977,0.08746257279219843,0.2004492427027427,False
Lachnospiraceae UCG-008,TGFA,-0.07798044375019217,0.08400217247283286,0.19517664531163137,False
Lachnospiraceae UCG-008,MIP1A,0.01907431530251175,0.672987792360648,0.7913946787130953,False
Lachnospiraceae UCG-008,SDF1A,-0.0015818321554081974,0.9720817272657682,0.9844939218680592,False
Lachnospiraceae UCG-008,IL27,-0.1451696726722973,0.0012424597725604223,0.00791144655176312,True
Lachnospiraceae UCG-008,LIF,-0.09520755973791396,0.034752373737427164,0.10158386169401787,True
Lachnospiraceae UCG-008,IL1B,0.0009060176826580891,0.9840072111916573,0.9904002066164858,False
Lachnospiraceae UCG-008,IL2,-0.035369064085647356,0.43376031066899234,0.5993778838335166,False
Lachnospiraceae UCG-008,IL4,-0.06319177054096345,0.16166460902329258,0.31016434760494893,False
Lachnospiraceae UCG-008,IL5,-0.04939036641528967,0.27421289886710715,0.44524161938725326,False
Lachnospiraceae UCG-008,IP10,-0.04336995365571771,0.33705676879763147,0.5080947156308808,False
Lachnospiraceae UCG-008,IL6,-0.06643530088590646,0.14116027629555578,0.28196151839960104,False
Lachnospiraceae UCG-008,IL7,-0.008478407716465347,0.8512018308906981,0.9113526532962893,False
Lachnospiraceae UCG-008,IL8,-0.05784218077019871,0.20026016608957778,0.3620739207965882,False
Lachnospiraceae UCG-008,IL10,-0.03747501456666244,0.40687071851779777,0.574348359992769,False
Lachnospiraceae UCG-008,IFNB,-0.02604842115447643,0.5643380307757753,0.7114523184142264,False
Lachnospiraceae UCG-008,EOTAXIN,-0.08299424405333446,0.06585737279000302,0.16375722458390196,False
Lachnospiraceae UCG-008,IL12P70,-0.05026613506540542,0.26578387260999164,0.43667316298500997,False
Lachnospiraceae UCG-008,IL13,-0.06904126259291905,0.12618035699403654,0.2614607925047934,False
Lachnospiraceae UCG-008,IL17A,0.04110014270474086,0.36297504050009377,0.5329817360038772,False
Lachnospiraceae UCG-008,IL31,-0.0402496216597842,0.37299894818978363,0.5422928243968714,False
Lachnospiraceae UCG-008,IL1RA,-0.032277433699055856,0.47503356488810766,0.6375272451588616,False
Lachnospiraceae UCG-008,SCF,-0.08397337068491381,0.06272017134129602,0.15804141570063468,False
Lachnospiraceae UCG-008,RANTES,-0.06302699804357208,0.16276313567499207,0.31176418508152953,False
Lachnospiraceae UCG-008,IFNG,-0.11424033720498097,0.01121797001277144,0.042525402011407094,True
Lachnospiraceae UCG-008,GMCSF,-0.05190835419618074,0.2504614870904105,0.4200300861909306,False
Lachnospiraceae UCG-008,TNFA,-0.010147111733838095,0.8223627407273848,0.8907627721214281,False
Lachnospiraceae UCG-008,HGF,-0.09574426655554365,0.03373807230639795,0.09929656259072277,True
Lachnospiraceae UCG-008,MIP1B,0.011213178199873322,0.8040605380888595,0.8798730272816316,False
Lachnospiraceae UCG-008,IFNA,-0.04126905286077374,0.36100452423214935,0.5304300778529296,False
Lachnospiraceae UCG-008,TGFB,-0.055043457454287306,0.22294232812927023,0.3889444366780117,False
Lachnospiraceae UCG-008,MCP1,-0.05223971149399149,0.2474459164035469,0.4171594784189916,False
Lachnospiraceae UCG-008,IL9,-0.060192711080386936,0.18254765977738596,0.3398714806731798,False
Lachnospiraceae UCG-008,VEGFD,0.021581444407548753,0.6329793652768796,0.7639853404673813,False
Lachnospiraceae UCG-008,TNFB,-0.03702282695395435,0.4125593002557655,0.5797731651670643,False
Lachnospiraceae UCG-008,NGF,-0.05054727914112687,0.2631160555888816,0.43395269651200913,False
Lachnospiraceae UCG-008,EGF,-0.00019502088653041428,0.9965573227808442,0.9980399797966711,False
Lachnospiraceae UCG-008,BDNF,-0.019692316497174442,0.6630341483230912,0.7832080488589634,False
Lachnospiraceae UCG-008,TRAIL,0.012489327605574153,0.7822924552609822,0.8671282166995409,False
Lachnospiraceae UCG-008,GCSF,-0.005268684230005383,0.9072019076113544,0.94799874726347,False
Lachnospiraceae UCG-008,GROA,-0.07699920799880365,0.08798678455520886,0.20116144047750809,False
Lachnospiraceae UCG-008,IL1A,-0.02948238637753145,0.5141242079083617,0.6731184405846624,False
Lachnospiraceae UCG-008,IL23,-0.08325375135080187,0.06501358964072805,0.16225849278978313,False
Lachnospiraceae UCG-008,IL12P40,-0.02743065808240426,0.5438455955550152,0.6974960387194424,False
Lachnospiraceae UCG-008,IL15,-0.02437993549807011,0.5895572137298808,0.7318265610181593,False
Lachnospiraceae UCG-008,IL18,-0.10359845610430778,0.021546600645281747,0.06932790667800355,True
Lachnospiraceae UCG-008,MCSF,-0.05608244111218315,0.21431699859967257,0.37828009383155653,False
Lachnospiraceae UCG-008,MCP3,0.023756246634649005,0.5991154979450976,0.7380476408672679,False
Lachnospiraceae UCG-008,MIG,-0.02460585610564013,0.5861122658657161,0.7296594443221279,False
Lachnospiraceae UCG-008,RESISTIN,-0.13500655254346583,0.0026934016661149317,0.014372942979313201,True
Lachnospiraceae UCG-008,IL21,0.036087932077599374,0.42446836093637297,0.5894768395909783,False
Lachnospiraceae UCG-008,ICAM1,-0.0015296365571550589,0.9730025878903972,0.9844939218680592,False
Lachnospiraceae UCG-008,VCAM1,0.07915130119851063,0.07943947928664087,0.18734675995928518,False
Lachnospiraceae UCG-008,FGFB,-0.04663835075774812,0.301875792377398,0.47359960492898495,False
Lachnospiraceae UCG-008,IL22,-0.05076856966639533,0.26102919931528723,0.4321748373765402,False
Lachnospiraceae UCG-008,PDGFBB,-0.11362048821341544,0.01166945003562421,0.04381390324132373,True
Lachnospiraceae UCG-008,VEGF,0.0034688635564893216,0.9388243112149027,0.9663040966458326,False
Lachnospiraceae UCG-008,LEPTIN,-0.03810070120940598,0.39907689864593787,0.5670654293059308,False
Lachnospiraceae UCG-008,PAI1,-0.007825065470015123,0.8625496324541462,0.9170982341384551,False
Lachnospiraceae UCG-008,CD40L,0.008479757083849113,0.851178424852167,0.9113526532962893,False
Lachnospiraceae UCG-008,ENA78,0.02460674142586073,0.5860987843995807,0.7296594443221279,False
Lactobacillus,IL17F,-0.05493141552005087,0.22388705327186975,0.38946678156526343,False
Lactobacillus,FASL,0.132697476347542,0.0031886919968210823,0.01643885852190475,True
Lactobacillus,TGFA,-0.004739723900328642,0.9164826666760041,0.9528831256348921,False
Lactobacillus,MIP1A,-0.13053230563227938,0.0037268583851499905,0.018295568997650745,True
Lactobacillus,SDF1A,0.02635328945068074,0.5597864952597255,0.7084525946805773,False
Lactobacillus,IL27,0.12344563295414085,0.006112486195440133,0.026887935942646917,True
Lactobacillus,LIF,-0.04172450163247252,0.35572464875835264,0.5257762060694346,False
Lactobacillus,IL1B,0.017088431605883633,0.7053539135749369,0.8154140433672971,False
Lactobacillus,IL2,-0.021545537946802418,0.6335452191354204,0.7644724897736493,False
Lactobacillus,IL4,0.07659518170981415,0.08967101077243482,0.20362882060709053,False
Lactobacillus,IL5,0.01615700803121279,0.7207238680498105,0.8247411014652419,False
Lactobacillus,IP10,0.06048656985462914,0.18041738167007737,0.33681723551085757,False
Lactobacillus,IL6,0.12668876710065596,0.004888471048899416,0.02250396325824742,True
Lactobacillus,IL7,0.02282024681390689,0.6135898834490281,0.7484430574195756,False
Lactobacillus,IL8,0.1377447450121018,0.0021974345548978745,0.012253623222105069,True
Lactobacillus,IL10,-0.021914936547672716,0.6277340881907887,0.759210221651693,False
Lactobacillus,IFNB,-0.05983886652704693,0.18513739733873702,0.3425078194974986,False
Lactobacillus,EOTAXIN,0.03651037790165703,0.41906245320033697,0.5855138168074919,False
Lactobacillus,IL12P70,-0.03725414729147228,0.4096434090980632,0.5773974704367555,False
Lactobacillus,IL13,0.06000138700573018,0.18394458846832998,0.34110464418054737,False
Lactobacillus,IL17A,0.09401710542887995,0.03709514795990995,0.10710314778621059,True
Lactobacillus,IL31,0.21030863508095513,2.5295239245534857e-06,4.6019755723922874e-05,True
Lactobacillus,IL1RA,0.03681346350827036,0.4152089587820115,0.5822811350538208,False
Lactobacillus,SCF,0.0426446999972291,0.34520612238510884,0.5149133424117229,False
Lactobacillus,RANTES,0.15801625464211047,0.00043451405342560763,0.0033636819951118825,True
Lactobacillus,IFNG,0.11457027978094432,0.010984013399976426,0.04187432940185188,True
Lactobacillus,GMCSF,0.05496835709706263,0.22357525116963484,0.3893150715119436,False
Lactobacillus,TNFA,-0.06790374564445602,0.13255994001454413,0.2699811684095724,False
Lactobacillus,HGF,-0.04167225675938063,0.35632782983781564,0.5263375342306543,False
Lactobacillus,MIP1B,-0.08666811593149037,0.05471682450933648,0.1421462769620688,False
Lactobacillus,IFNA,0.029604183547928677,0.5123867115023304,0.6719321168785042,False
Lactobacillus,TGFB,0.003247585754234869,0.9427197722502365,0.9685836469037864,False
Lactobacillus,MCP1,-0.0804333081727479,0.07467622829669651,0.1793447440030754,False
Lactobacillus,IL9,0.12120940219154153,0.0071100254742376265,0.030093357885607845,True
Lactobacillus,VEGFD,0.08143416761995498,0.07112148788045752,0.1737287395568569,False
Lactobacillus,TNFB,0.1162715214933663,0.009844979058705836,0.038497544667736014,True
Lactobacillus,NGF,0.05614656435780709,0.213792638006926,0.37809015709578836,False
Lactobacillus,EGF,-0.020052641029172754,0.6572578073248521,0.7799040010361881,False
Lactobacillus,BDNF,0.07995526058202143,0.07642445949724035,0.18224294187803466,False
Lactobacillus,TRAIL,-0.023618745165818845,0.6012321465170938,0.738930412954176,False
Lactobacillus,GCSF,-0.005001768731042231,0.9118835175550656,0.9501979510657826,False
Lactobacillus,GROA,0.1827479166335737,4.5498539667598604e-05,0.0005128926289802024,True
Lactobacillus,IL1A,0.000562744798081043,0.990066167654769,0.9934394765735246,False
Lactobacillus,IL23,0.10799325055356908,0.01656039579614228,0.0570413632978234,True
Lactobacillus,IL12P40,-0.04368214221465239,0.3335871229745585,0.5052595703812663,False
Lactobacillus,IL15,0.059900028333094935,0.18468783642091294,0.3420416422205989,False
Lactobacillus,IL18,0.10825004361031883,0.016303172837157796,0.05636137227343179,True
Lactobacillus,MCSF,0.13023775621777647,0.0038061105585236584,0.018546424975970505,True
Lactobacillus,MCP3,-0.034359708543376576,0.44700287362979974,0.6126465274244423,False
Lactobacillus,MIG,-0.13965754410262501,0.0019021151547224141,0.011078821519223752,True
Lactobacillus,RESISTIN,0.07630931531746105,0.09087823338756561,0.2053804487876303,False
Lactobacillus,IL21,-0.03175968967215221,0.4821495938125375,0.6446903762896359,False
Lactobacillus,ICAM1,0.05073282825905318,0.2613654798528063,0.4324357970598263,False
Lactobacillus,VCAM1,-0.029112765566627535,0.519415672391118,0.6778491947431454,False
Lactobacillus,FGFB,0.06057747055232257,0.1797621555665981,0.335860141566142,False
Lactobacillus,IL22,0.16974931094586782,0.00015486570227089244,0.0014536398189251894,True
Lactobacillus,PDGFBB,0.17349428935221675,0.0001097894413090938,0.0010914089608617089,True
Lactobacillus,VEGF,-0.039558818432152434,0.38126499526678725,0.5498399614262443,False
Lactobacillus,LEPTIN,0.13190478416808624,0.003376936218199061,0.0170914322880279,True
Lactobacillus,PAI1,-0.08184027709380082,0.06971912030140756,0.17145954846567454,False
Lactobacillus,CD40L,-0.15078093884460078,0.0007931419659250259,0.005569122256561671,True
Lactobacillus,ENA78,0.14064478516316162,0.001764348274620877,0.010418056478713751,True
Marvinbryantia,IL17F,-0.021983982323489585,0.6266504401747595,0.759210221651693,False
Marvinbryantia,FASL,0.1322358818810612,0.0032971150154508097,0.016832075788520275,True
Marvinbryantia,TGFA,-0.0719712247198599,0.11084501124850754,0.23936832859897686,False
Marvinbryantia,MIP1A,-0.10188246811815534,0.02382138796082733,0.07518176829967742,True
Marvinbryantia,SDF1A,0.010784953601265801,0.8114000283956235,0.8854369925428851,False
Marvinbryantia,IL27,0.17630456099552738,8.441215277509678e-05,0.0008736205518071928,True
Marvinbryantia,LIF,0.007598217833480212,0.8664964614168096,0.9191650891931578,False
Marvinbryantia,IL1B,0.03588984776442117,0.42701711501609907,0.5921438039893641,False
Marvinbryantia,IL2,-0.050554684730634535,0.26304603284295824,0.43395269651200913,False
Marvinbryantia,IL4,0.07214699276768366,0.10997387986589191,0.23803257782640452,False
Marvinbryantia,IL5,-0.012724034273012382,0.7783068079944891,0.863853936023663,False
Marvinbryantia,IP10,-0.0014263091131931757,0.9748256465296405,0.9859150990443586,False
Marvinbryantia,IL6,0.0874061908173262,0.052679228235979945,0.13851814924550085,False
Marvinbryantia,IL7,0.06331230268666224,0.16086457058822357,0.30913289421358464,False
Marvinbryantia,IL8,0.1361952947255543,0.0024667416950133,0.013406328566208386,True
Marvinbryantia,IL10,-0.04027041072263847,0.3727519168323372,0.542100935837646,False
Marvinbryantia,IFNB,-0.039761102187961486,0.3788329700843738,0.548043600707333,False
Marvinbryantia,EOTAXIN,0.018249420434148154,0.6863629458971563,0.8009267461781576,False
Marvinbryantia,IL12P70,-0.02966564739224497,0.5115110598423196,0.6711882252065813,False
Marvinbryantia,IL13,0.12114859071145166,0.007139078764166398,0.03010784579758768,True
Marvinbryantia,IL17A,-0.021434394476783667,0.6352980949765954,0.7657120199656978,False
Marvinbryantia,IL31,0.2573898394199826,6.9330537115982514e-09,3.2668549089050963e-07,True
Marvinbryantia,IL1RA,-0.002309025281406026,0.9592566328764638,0.977512381945047,False
Marvinbryantia,SCF,0.11766597803830824,0.008990910152597904,0.03590342118933981,True
Marvinbryantia,RANTES,0.1270502598837919,0.004766739507542503,0.022128942423192386,True
Marvinbryantia,IFNG,0.11996337230333705,0.007726948898588459,0.031910064163145326,True
Marvinbryantia,GMCSF,0.022181129083749106,0.6235607195218107,0.7570775857734532,False
Marvinbryantia,TNFA,-0.008918441199632697,0.8435760820998747,0.9056574387912075,False
Marvinbryantia,HGF,-0.03374867531826565,0.4551296620184364,0.6197347701870092,False
Marvinbryantia,MIP1B,-0.0774385496201907,0.08618430459813552,0.1985821238466575,False
Marvinbryantia,IFNA,0.028897551532389203,0.5225095182635459,0.6806925214425845,False
Marvinbryantia,TGFB,0.017954094532367258,0.6911756465887533,0.8040972328851748,False
Marvinbryantia,MCP1,-0.016527909692873582,0.7145895117400897,0.821455423107905,False
Marvinbryantia,IL9,0.1295585794877108,0.003994701271823209,0.019127923688403745,True
Marvinbryantia,VEGFD,0.22770642591645715,3.305457970101455e-07,9.055417415766311e-06,True
Marvinbryantia,TNFB,0.1254636858934721,0.005322143128385255,0.024090238636840847,True
Marvinbryantia,NGF,0.04651378257873726,0.30317027045788025,0.4750709392742041,False
Marvinbryantia,EGF,0.14767383560290281,0.0010188774466551532,0.0066865606248455185,True
Marvinbryantia,BDNF,0.06613588693891097,0.14296522203716752,0.2852820840427732,False
Marvinbryantia,TRAIL,-0.004824499157590467,0.9149944635471695,0.9523131196906185,False
Marvinbryantia,GCSF,0.06424773950240802,0.15475664430130812,0.3019516803096331,False
Marvinbryantia,GROA,0.14464125698698355,0.001295067944785423,0.008191087457488474,True
Marvinbryantia,IL1A,0.0425080392024426,0.34675562813418526,0.5165528228016127,False
Marvinbryantia,IL23,0.10090292837010563,0.02521081090089715,0.07888004048142587,True
Marvinbryantia,IL12P40,-0.0693088431384054,0.12471488102763076,0.25910781278756445,False
Marvinbryantia,IL15,0.11064616330026181,0.014066847924782248,0.05040531362857335,True
Marvinbryantia,IL18,0.10473845526044358,0.020141773533931286,0.06590835895269738,True
Marvinbryantia,MCSF,0.14886864239406292,0.0009258486813801149,0.00620568845898023,True
Marvinbryantia,MCP3,0.005525925862300638,0.9026930115996427,0.9460608253241807,False
Marvinbryantia,MIG,-0.17018659187405843,0.00014882351488121996,0.001408145385783752,True
Marvinbryantia,RESISTIN,0.05864590004742104,0.19406815762524474,0.35334202423885364,False
Marvinbryantia,IL21,0.017172861345438137,0.7039664866154139,0.8148096499464089,False
Marvinbryantia,ICAM1,-0.09612779825765934,0.03302880852956181,0.0977586342910146,True
Marvinbryantia,VCAM1,-0.08785484243617113,0.051471826784458545,0.13625575719571273,False
Marvinbryantia,FGFB,0.04495388552982397,0.3196914147429354,0.49131961717831424,False
Marvinbryantia,IL22,0.15349452795463842,0.0006348317302179688,0.004588691917514172,True
Marvinbryantia,PDGFBB,0.0030004812800801606,0.9470715067166207,0.9703415828764332,False
Marvinbryantia,VEGF,0.040111033458769325,0.37464833975012846,0.5438518105060398,False
Marvinbryantia,LEPTIN,0.01832774988293775,0.6850885853948949,0.8004874947066952,False
Marvinbryantia,PAI1,-0.09156109000666783,0.042354188165382355,0.11804735320511038,False
Marvinbryantia,CD40L,0.00951763509713588,0.8332156908231672,0.8983982657038194,False
Marvinbryantia,ENA78,0.017619793770558882,0.696638532480428,0.8082711859135439,False
Monoglobus,IL17F,0.10790002495589396,0.01665465278976288,0.057282280252089555,True
Monoglobus,FASL,0.10534556071023296,0.019426674430353275,0.06419248942203691,True
Monoglobus,TGFA,0.0012526175655718768,0.9778904654341286,0.987700884213444,False
Monoglobus,MIP1A,-0.011932612586970688,0.7917688929385718,0.8725011748191184,False
Monoglobus,SDF1A,0.166370725978942,0.00020992839161791427,0.0018628673847525651,True
Monoglobus,IL27,0.07222589766099397,0.10958457416278512,0.23759506887550966,False
Monoglobus,LIF,0.11020307711556875,0.014458807924218458,0.051613562832513164,True
Monoglobus,IL1B,0.09825341835302084,0.029324415279581777,0.0883968934952344,True
Monoglobus,IL2,0.1048515523184681,0.020006848396004938,0.06551234860456932,True
Monoglobus,IL4,0.1239041185906705,0.005924206962500165,0.02633477661066111,True
Monoglobus,IL5,0.14756013561507847,0.0010281655310548866,0.006728772197681425,True
Monoglobus,IP10,-0.016979532129221247,0.7071448925945529,0.8172520793522486,False
Monoglobus,IL6,0.07819822862157273,0.08313784019038736,0.19355816792959615,False
Monoglobus,IL7,0.10280839541181555,0.022569396343625526,0.07195331229442725,True
Monoglobus,IL8,0.12119981007137035,0.007114601163957373,0.030093357885607845,True
Monoglobus,IL10,0.037532851044099286,0.4061465079206169,0.5738417827052315,False
Monoglobus,IFNB,0.041529144498270415,0.3579833884453768,0.5279554699075478,False
Monoglobus,EOTAXIN,0.019417381326731303,0.6674551151636352,0.7876404965316928,False
Monoglobus,IL12P70,-0.0032013440782390507,0.9435340044976732,0.9688345119555964,False
Monoglobus,IL13,0.11400238844363898,0.011389422969605031,0.043002372622418995,True
Monoglobus,IL17A,0.050051691314422594,0.26783120231533164,0.43865854199160326,False
Monoglobus,IL31,0.09736520586770941,0.030826590173835485,0.09187532757692145,True
Monoglobus,IL1RA,0.14069904560184388,0.0017570483199698859,0.010387969490210919,True
Monoglobus,SCF,0.10151915184931161,0.02432880765088603,0.07652693034110479,True
Monoglobus,RANTES,0.13588201878865877,0.0025247221222664765,0.01362713704481058,True
Monoglobus,IFNG,0.13905701667334822,0.0019906650733998972,0.011467009567066401,True
Monoglobus,GMCSF,0.12930616930826086,0.00406691792291896,0.01934055547678156,True
Monoglobus,TNFA,0.21959039798243302,8.720085600608645e-07,1.911118295351997e-05,True
Monoglobus,HGF,0.04770517360880864,0.2909400087722722,0.4622081326146146,False
Monoglobus,MIP1B,0.1537592173366514,0.0006210721893291694,0.004516191598949146,True
Monoglobus,IFNA,0.12788220757768173,0.004496910767772082,0.021021273350934573,True
Monoglobus,TGFB,0.10838339468537077,0.016170984287295777,0.05600250591433873,True
Monoglobus,MCP1,0.028378188942834223,0.5300143841166065,0.6870502827943465,False
Monoglobus,IL9,0.11505758894562797,0.010646376168986085,0.04078514187663612,True
Monoglobus,VEGFD,0.09191600914137224,0.04155737938278892,0.11648921573569385,False
Monoglobus,TNFB,0.15197760509273367,0.0007192933423968099,0.005135318529354195,True
Monoglobus,NGF,0.1587595532282929,0.0004078616010775901,0.0031939718763934343,True
Monoglobus,EGF,0.10867781985290831,0.01588244707268531,0.05527185421454444,True
Monoglobus,BDNF,0.052105673171206866,0.24866268742081998,0.4181650903379385,False
Monoglobus,TRAIL,0.08141676096597894,0.07118210764822049,0.1737287395568569,False
Monoglobus,GCSF,0.13310891540931843,0.003094791398109834,0.01604252702738563,True
Monoglobus,GROA,0.062232067515826085,0.1681418563463242,0.3190835389061134,False
Monoglobus,IL1A,0.10850999359452933,0.016046358991593682,0.05567779349660488,True
Monoglobus,IL23,0.0917001601234272,0.042040447774535715,0.1173546148777324,False
Monoglobus,IL12P40,0.1284484300858169,0.004321238058919559,0.020341332401227735,True
Monoglobus,IL15,0.17073340677391058,0.00014157903084150792,0.0013531853819983475,True
Monoglobus,IL18,0.11576311565186993,0.010173849331642178,0.0394886145392899,True
Monoglobus,MCSF,0.1276671015020614,0.004565321472700519,0.021319915539509262,True
Monoglobus,MCP3,0.06768716327355805,0.13380235147378222,0.27128944928763415,False
Monoglobus,MIG,-0.012518303100632146,0.7818001000948184,0.8669903675327805,False
Monoglobus,RESISTIN,-0.01213240105218564,0.7883644713187552,0.8705819987939946,False
Monoglobus,IL21,0.030866996918231082,0.49455353491616494,0.6558784848086038,False
Monoglobus,ICAM1,-0.08151428275842545,0.07084302562036462,0.17349913551099694,False
Monoglobus,VCAM1,0.08717778614533123,0.05330291588482371,0.1396904002498828,False
Monoglobus,FGFB,0.0816303890343008,0.07044104869386535,0.1727840819601736,False
Monoglobus,IL22,0.0030984762214788224,0.945345531074927,0.9692054269854343,False
Monoglobus,PDGFBB,0.001896705999839782,0.9665273973036794,0.9819484898867912,False
Monoglobus,VEGF,0.11325657640188153,0.011941935300171612,0.04462363135163254,True
Monoglobus,LEPTIN,0.10032749032513429,0.026059215050827967,0.08099671590996134,True
Monoglobus,PAI1,0.061501686494287645,0.17320008948717097,0.32579593679183616,False
Monoglobus,CD40L,-0.024047826523186225,0.5946381996275933,0.735562762968141,False
Monoglobus,ENA78,0.010699700349951378,0.8128632101352696,0.8860077367932896,False
NK4A214 group,IL17F,0.13126986122610806,0.003534928766806207,0.01753324668335879,True
NK4A214 group,FASL,0.06365187174763581,0.1586267000091592,0.30696057923743664,False
NK4A214 group,TGFA,0.12363899133227234,0.006032437144298391,0.026715078781892873,True
NK4A214 group,MIP1A,0.12292574435021347,0.006332467171281811,0.02757084921536917,True
NK4A214 group,SDF1A,0.031693471781050774,0.4830638616432845,0.6455464878227898,False
NK4A214 group,IL27,0.11236954467893064,0.012629806433512114,0.04648081967474446,True
NK4A214 group,LIF,0.16286462729086534,0.0002860996101538099,0.0023860201115836325,True
NK4A214 group,IL1B,-0.005452228303502924,0.9039844589981842,0.9466146722425309,False
NK4A214 group,IL2,0.10544896749282208,0.019307103345185008,0.06393188402144186,True
NK4A214 group,IL4,0.06021307798654716,0.18239941642632004,0.33984422704658757,False
NK4A214 group,IL5,0.20110638476343562,6.943349425617745e-06,0.00010726905735577316,True
NK4A214 group,IP10,-0.12117284615992051,0.007127477768707714,0.03009379502343257,True
NK4A214 group,IL6,0.0429519164959563,0.34173889618200803,0.5116853126182465,False
NK4A214 group,IL7,0.0927424620367894,0.03975087624163002,0.11269923516880904,True
NK4A214 group,IL8,0.036103728279831986,0.4242654933232326,0.5894768395909783,False
NK4A214 group,IL10,0.03912914789739742,0.38646246261995654,0.5555250530400351,False
NK4A214 group,IFNB,0.08205839340946892,0.06897531776371309,0.17007414824836006,False
NK4A214 group,EOTAXIN,-0.02139525203724857,0.6359159078649883,0.7657120199656978,False
NK4A214 group,IL12P70,0.14137690242336684,0.0016681563675833145,0.009987741809469604,True
NK4A214 group,IL13,0.11359777806164761,0.011686292374700162,0.04384220515094519,True
NK4A214 group,IL17A,-0.04134428500867218,0.3601290187611733,0.5299877180067633,False
NK4A214 group,IL31,0.08304847217962515,0.06568031128768034,0.16348950173668766,False
NK4A214 group,IL1RA,0.13380683361603457,0.002941241017267724,0.015381939704068275,True
NK4A214 group,SCF,0.17936005366985902,6.313727918688877e-05,0.0006823460080931648,True
NK4A214 group,RANTES,0.03364585620636327,0.45650527054050083,0.6203419836665959,False
NK4A214 group,IFNG,0.06283735955077609,0.16403437903017173,0.31343470964727055,False
NK4A214 group,GMCSF,0.09000777586194644,0.04599463651203934,0.12549318311796723,False
NK4A214 group,TNFA,0.2147854437619432,1.5223219406102353e-06,2.988825410064762e-05,True
NK4A214 group,HGF,0.03961201273325487,0.38062452464152274,0.5496258591047591,False
NK4A214 group,MIP1B,0.16142156249056536,0.00032439260435648874,0.002635410261599612,True
NK4A214 group,IFNA,0.18154830450403367,5.11300194881796e-05,0.0005668815337136524,True
NK4A214 group,TGFB,0.13958583143803205,0.0019124964569653413,0.011125534944716898,True
NK4A214 group,MCP1,0.14951640882403852,0.0008787562769226353,0.005992329344224974,True
NK4A214 group,IL9,0.04260634230141983,0.3456405897889756,0.5153982465460928,False
NK4A214 group,VEGFD,0.10385701086554748,0.021220735057271876,0.0685816897049829,True
NK4A214 group,TNFB,0.05500295343040363,0.22328352477687138,0.38913478289514736,False
NK4A214 group,NGF,0.09094849567658354,0.04375979669301908,0.12108797289798234,False
NK4A214 group,EGF,0.10865152150551256,0.015908034657193763,0.055279247274850306,True
NK4A214 group,BDNF,-0.03326961444167734,0.4615587903401903,0.6246022458595568,False
NK4A214 group,TRAIL,0.12991712926991586,0.0038941120780001683,0.018877629744379416,True
NK4A214 group,GCSF,0.21985544496381526,8.453029051179422e-07,1.8612463966895997e-05,True
NK4A214 group,GROA,-0.037597864849610196,0.40533334174686786,0.5731378871151472,False
NK4A214 group,IL1A,0.15146717065506438,0.0007499778926859696,0.005322132274602845,True
NK4A214 group,IL23,0.2012712209752974,6.821619804968227e-06,0.00010690704111612282,True
NK4A214 group,IL12P40,-0.07691783740168961,0.08832392551118044,0.20176722634302632,False
NK4A214 group,IL15,0.13953543441600444,0.001919823062518796,0.011154385043882328,True
NK4A214 group,IL18,0.02627020947386442,0.5610250780260124,0.7092970667181568,False
NK4A214 group,MCSF,0.06552592572820466,0.14669678423625376,0.2906792461401294,False
NK4A214 group,MCP3,0.006883489005956018,0.8789530003522402,0.9290324220860825,False
NK4A214 group,MIG,0.11639210168636226,0.009768379100643942,0.038262624401332025,True
NK4A214 group,RESISTIN,0.05215469418420128,0.24821720227553673,0.41756496148601535,False
NK4A214 group,IL21,0.09080688941376625,0.04409024466384885,0.12158581227108367,False
NK4A214 group,ICAM1,-0.2379631238290091,9.204122373174013e-08,2.970535933040818e-06,True
NK4A214 group,VCAM1,0.024765075724607916,0.583690013460912,0.7281830403568487,False
NK4A214 group,FGFB,0.14204356943832785,0.0015847730098243991,0.009647868762651899,True
NK4A214 group,IL22,-0.08848239882206418,0.049821774608960485,0.13278291965917524,False
NK4A214 group,PDGFBB,-0.1056943045770259,0.01902597786097442,0.06315252985247818,True
NK4A214 group,VEGF,0.05906871991308705,0.19086746728354648,0.3499484458521677,False
NK4A214 group,LEPTIN,0.005209546652313638,0.9082388899108538,0.9484977059530015,False
NK4A214 group,PAI1,0.19695525700504576,1.0787990246220445e-05,0.00015737774006251002,True
NK4A214 group,CD40L,0.11108488833039844,0.013687988023193206,0.04938575770695742,True
NK4A214 group,ENA78,-0.08351056170959743,0.06418734820612379,0.1608780769932209,False
Negativibacillus,IL17F,-0.07637406438936148,0.0906036608347034,0.20515350785830008,False
Negativibacillus,FASL,-0.17232074131974093,0.00012238004216539458,0.0011988664421691043,True
Negativibacillus,TGFA,-0.007991048140934405,0.8596639278098228,0.916041706883737,False
Negativibacillus,MIP1A,0.11528119635966595,0.0104945509718984,0.04043362565787838,True
Negativibacillus,SDF1A,-0.17355164343454768,0.00010920647592895254,0.0010879089103112566,True
Negativibacillus,IL27,-0.06541943896025708,0.14735578578128894,0.2914947366084943,False
Negativibacillus,LIF,-0.017611535976500132,0.6967736751232629,0.8082711859135439,False
Negativibacillus,IL1B,-0.043646392964533834,0.3339832693347021,0.5052638262740622,False
Negativibacillus,IL2,0.0022843145066945908,0.9596922891069047,0.9777448791938886,False
Negativibacillus,IL4,-0.12733940898387772,0.0046713456807953545,0.021771890057277653,True
Negativibacillus,IL5,-0.06868748669024873,0.12813838680089368,0.2640087794516008,False
Negativibacillus,IP10,0.07909040462658505,0.07967172836087863,0.18770659201823003,False
Negativibacillus,IL6,-0.048932429172802286,0.27869214742589343,0.4508058354517026,False
Negativibacillus,IL7,0.1327459322144947,0.0031775002495322805,0.01639910314983144,True
Negativibacillus,IL8,-0.12255806660609056,0.006492304042320392,0.028040088586080373,True
Negativibacillus,IL10,0.05813372065711601,0.1979976754914251,0.35898072000250425,False
Negativibacillus,IFNB,-0.02799808404176899,0.535541349602739,0.6907940978177132,False
Negativibacillus,EOTAXIN,-0.027170973065951058,0.54766725590078,0.6999208326022446,False
Negativibacillus,IL12P70,0.16217145675043687,0.00030393362501284925,0.002508117760176087,True
Negativibacillus,IL13,-0.08849268880902228,0.04979509172526767,0.13278291965917524,False
Negativibacillus,IL17A,-0.0588038352111534,0.19286804469466762,0.3522602173236924,False
Negativibacillus,IL31,-0.06693991733259748,0.1381578983695827,0.27728340417184794,False
Negativibacillus,IL1RA,0.048776351640626554,0.2802300743837131,0.4521785507765305,False
Negativibacillus,SCF,-0.08435227951414141,0.061539653235856945,0.15573300002543392,False
Negativibacillus,RANTES,-0.13471002967607132,0.0027528211632668795,0.014607312298776504,True
Negativibacillus,IFNG,-0.11754258427844172,0.009063732402435055,0.03613223949261758,True
Negativibacillus,GMCSF,-0.12058085092914873,0.007415491094688258,0.030921941626700065,True
Negativibacillus,TNFA,-0.14559745830333967,0.0012013190282306437,0.0076702103807896925,True
Negativibacillus,HGF,-0.0012622231581785833,0.9777209640929762,0.987700884213444,False
Negativibacillus,MIP1B,-0.17764881056599532,7.433220457338367e-05,0.0007835645368004114,True
Negativibacillus,IFNA,-0.08277564813943346,0.06657509662289156,0.16536734596049815,False
Negativibacillus,TGFB,-0.04090413380237351,0.365270088622239,0.5345194588782578,False
Negativibacillus,MCP1,0.08611667425097345,0.0562815943347677,0.14510361130842014,False
Negativibacillus,IL9,-0.13710891683476037,0.0023045183193471167,0.012730234842630262,True
Negativibacillus,VEGFD,0.12444818310013726,0.00570755564538217,0.025570788269590673,True
Negativibacillus,TNFB,-0.17177545808561615,0.00012868102652418686,0.0012450615954455204,True
Negativibacillus,NGF,-0.008656500285365283,0.8481137861006153,0.9086657935666438,False
Negativibacillus,EGF,-0.1253541460402808,0.0053625584749801124,0.024243008542940075,True
Negativibacillus,BDNF,-0.06394481218175369,0.15671507342317273,0.3045119282350474,False
Negativibacillus,TRAIL,-0.04912210912079356,0.2768308348818555,0.44856495665863244,False
Negativibacillus,GCSF,0.016671286132672467,0.7122230959910902,0.8203287832588367,False
Negativibacillus,GROA,-0.07396865711032607,0.10125983570810497,0.2232739100873143,False
Negativibacillus,IL1A,-0.1480696430191656,0.0009871447096620185,0.006538312421114348,True
Negativibacillus,IL23,-0.0593499102174491,0.18876044760716681,0.3478448295365546,False
Negativibacillus,IL12P40,-0.1351864042883331,0.002657933291066536,0.014199752457489249,True
Negativibacillus,IL15,-0.15042988447618816,0.0008161014666775462,0.0056717848244610585,True
Negativibacillus,IL18,-0.08352403221559168,0.06414424891913524,0.16085561517134925,False
Negativibacillus,MCSF,-0.15175538310069217,0.0007325063462738964,0.005221739642424508,True
Negativibacillus,MCP3,0.10121840865601021,0.024755874697199122,0.0776629038436766,True
Negativibacillus,MIG,0.013105987295422302,0.771833166540837,0.8589697403732697,False
Negativibacillus,RESISTIN,0.024436698525693846,0.5886907882747874,0.7314311972884212,False
Negativibacillus,IL21,-0.010892524231701454,0.8095547559791081,0.8840375458107896,False
Negativibacillus,ICAM1,0.23690358274365483,1.0532547239368684e-07,3.286712754430811e-06,True
Negativibacillus,VCAM1,-0.033751097401493,0.4550972852429538,0.6197347701870092,False
Negativibacillus,FGFB,-0.046661525694336875,0.30163537006557173,0.4735131329157645,False
Negativibacillus,IL22,0.002712615121347017,0.9521430684865766,0.9729232202062299,False
Negativibacillus,PDGFBB,-0.013624211294907365,0.763075234178629,0.8534560891169475,False
Negativibacillus,VEGF,-0.03491307840255203,0.43971455936513604,0.605651857272295,False
Negativibacillus,LEPTIN,-0.11632068015467462,0.00981368626250821,0.03840705122004874,True
Negativibacillus,PAI1,0.07280861162760446,0.10674307458901716,0.23275028573042522,False
Negativibacillus,CD40L,0.09016011690374376,0.045626351342405426,0.12470496956230531,False
Negativibacillus,ENA78,-0.08903502889847713,0.048405567792224,0.1304845740486038,False
Odoribacter,IL17F,0.07021762436137921,0.11983632862281983,0.2521968648819683,False
Odoribacter,FASL,0.014200856525162944,0.7533654496688931,0.8467671901966604,False
Odoribacter,TGFA,0.017094050683579658,0.7052615453255628,0.8154140433672971,False
Odoribacter,MIP1A,0.2239927073620138,5.17572279067077e-07,1.231717464123266e-05,True
Odoribacter,SDF1A,0.06917178002979345,0.12546388189970517,0.26020502267227585,False
Odoribacter,IL27,-0.07255780698683004,0.10795885987637872,0.23507492963839952,False
Odoribacter,LIF,-0.0033664897215877703,0.9406263645342898,0.9676872548229868,False
Odoribacter,IL1B,0.0031563251839606277,0.9443267622899155,0.9688345119555964,False
Odoribacter,IL2,6.433624368780998e-05,0.9988642778984773,0.9995220078821342,False
Odoribacter,IL4,0.06336558302511094,0.1605118714971322,0.30884942768386486,False
Odoribacter,IL5,0.041852243030000666,0.35425254600242073,0.5242581648126277,False
Odoribacter,IP10,-0.028396957479315435,0.5297422281552385,0.6869821502693013,False
Odoribacter,IL6,0.04536606747778625,0.3152698959211237,0.48708941797645666,False
Odoribacter,IL7,0.07775575833874558,0.08490147653040472,0.19678099233215302,False
Odoribacter,IL8,-0.035329179468081666,0.4342792611474886,0.599919049700078,False
Odoribacter,IL10,0.1484127338007174,0.0009603791278701487,0.006409782507824562,True
Odoribacter,IFNB,0.02433725807618263,0.5902090235955268,0.7318591892584534,False
Odoribacter,EOTAXIN,-0.030825492118148317,0.4951343520300757,0.6561551447257219,False
Odoribacter,IL12P70,0.10485881790801581,0.01999820747432308,0.06551234860456932,True
Odoribacter,IL13,-0.03840755612223791,0.39528754859981563,0.5637393852912626,False
Odoribacter,IL17A,0.023228130050281574,0.6072634137833378,0.7432273261680747,False
Odoribacter,IL31,-0.053284762871767866,0.2381016064495466,0.40753169981484333,False
Odoribacter,IL1RA,0.0004444638134137147,0.9921540424681955,0.9950897882677167,False
Odoribacter,SCF,0.05731906662608283,0.2043668506250548,0.3672303437596739,False
Odoribacter,RANTES,-0.07968614088238446,0.07742318395979926,0.1840656119165359,False
Odoribacter,IFNG,-0.05564154825404815,0.21794739586199272,0.3831970631722797,False
Odoribacter,GMCSF,-0.21134459668634403,2.251267463616732e-06,4.176367042740961e-05,True
Odoribacter,TNFA,0.055318034249404284,0.2206391614905914,0.3863661188452489,False
Odoribacter,HGF,-0.036530916633441365,0.41880065879015216,0.5855138168074919,False
Odoribacter,MIP1B,0.08612355847070273,0.05626183314016531,0.14510361130842014,False
Odoribacter,IFNA,0.05909239198536456,0.19068942478297402,0.3498943027949274,False
Odoribacter,TGFB,-0.06570289026962535,0.14560659966696282,0.28888349373925426,False
Odoribacter,MCP1,0.18206167744445692,4.864383911958296e-05,0.0005431511135816941,True
Odoribacter,IL9,0.0007358134117616469,0.9870113175785193,0.9915935313117676,False
Odoribacter,VEGFD,0.012754741861417455,0.777785777557077,0.8635548029804304,False
Odoribacter,TNFB,-0.07346935197826682,0.10359186660554816,0.22735206122279597,False
Odoribacter,NGF,0.0020481859761102552,0.9638558721003856,0.9804382223659182,False
Odoribacter,EGF,0.15038422792386635,0.0008191322412452055,0.005684464095357007,True
Odoribacter,BDNF,-0.047606944433879195,0.2919356886720806,0.4633213085290817,False
Odoribacter,TRAIL,0.13592384785934794,0.0025169092570453896,0.01361616121607104,True
Odoribacter,GCSF,0.07115655851322604,0.11495374353004663,0.2455403624268267,False
Odoribacter,GROA,0.021023064468064376,0.6418029799949796,0.7694769334223496,False
Odoribacter,IL1A,0.13734217546319472,0.0022646923723385133,0.012569176040587838,True
Odoribacter,IL23,0.040322277754891715,0.3721360342056429,0.5415395284672605,False
Odoribacter,IL12P40,-0.17103213685683893,0.00013776249594881518,0.0013274782840712008,True
Odoribacter,IL15,-0.028552223405757398,0.5274934908595243,0.6852906889798949,False
Odoribacter,IL18,-0.03275900527167341,0.4684666254913592,0.6315922000902101,False
Odoribacter,MCSF,0.016810343720488688,0.7099305983576427,0.8190972035899149,False
Odoribacter,MCP3,0.07033971651015926,0.11919242224718152,0.25140317530381345,False
Odoribacter,MIG,0.1297552795359555,0.003939230667214489,0.018979197243266535,True
Odoribacter,RESISTIN,-0.0854899545509805,0.05810488326405741,0.1487364656204971,False
Odoribacter,IL21,0.1407025147969504,0.0017565825330068702,0.010387969490210919,True
Odoribacter,ICAM1,-0.06264199751128337,0.16535177435428727,0.315312651055201,False
Odoribacter,VCAM1,0.040389412913251266,0.3713397883005265,0.5408819420315552,False
Odoribacter,FGFB,0.015170615772782257,0.7371243146992321,0.8357861308136049,False
Odoribacter,IL22,-0.08556685270302412,0.05787856626727184,0.14838074224776113,False
Odoribacter,PDGFBB,-0.21484150277684774,1.5125680542085339e-06,2.9821006993433523e-05,True
Odoribacter,VEGF,0.09444030656828394,0.036247387958077366,0.10502398463906842,True
Odoribacter,LEPTIN,-0.25580246918585264,8.63480364744907e-09,3.912230267959617e-07,True
Odoribacter,PAI1,0.020748280418675828,0.6461638491405186,0.7727726033375949,False
Odoribacter,CD40L,0.24145956652513922,5.872216107394279e-08,2.096203204397109e-06,True
Odoribacter,ENA78,-0.021023868322049204,0.6417902406524243,0.7694769334223496,False
Oscillibacter,IL17F,-0.02013679841493009,0.6559116045379907,0.7791046250318163,False
Oscillibacter,FASL,0.0886144490774954,0.04948026220332077,0.13253875310730936,False
Oscillibacter,TGFA,0.03954186632806754,0.3814692406760909,0.5498399614262443,False
Oscillibacter,MIP1A,-0.047838163322330575,0.289595617882219,0.46073334815356776,False
Oscillibacter,SDF1A,0.036938939656609424,0.41361975806471396,0.5807438319430668,False
Oscillibacter,IL27,0.06413548189150595,0.1554802185986766,0.3030381416478242,False
Oscillibacter,LIF,0.015129378936001093,0.7378126135801395,0.8358403057875325,False
Oscillibacter,IL1B,0.07532486820625539,0.09513558288197571,0.21275693713330304,False
Oscillibacter,IL2,0.011509587739207178,0.7989902965363275,0.8781997381103743,False
Oscillibacter,IL4,0.0650053148864293,0.14994008660325286,0.29573783510863433,False
Oscillibacter,IL5,-0.02698109504238203,0.5504699536532149,0.702169578130468,False
Oscillibacter,IP10,0.10060242680128464,0.025650837598914684,0.07993832458074471,True
Oscillibacter,IL6,0.08102580510022844,0.07255479706489316,0.17604438917084275,False
Oscillibacter,IL7,-0.007005698184839901,0.8768208906573483,0.9279051394519872,False
Oscillibacter,IL8,0.09249616164487089,0.040282169114412014,0.11370989069836092,True
Oscillibacter,IL10,0.026655915530875113,0.5552860611609161,0.7060194064193839,False
Oscillibacter,IFNB,0.02200319435605092,0.626349057083939,0.759210221651693,False
Oscillibacter,EOTAXIN,0.039118402381937915,0.38659299483841547,0.5555432118568507,False
Oscillibacter,IL12P70,0.005281514917614154,0.9069769412010329,0.94799874726347,False
Oscillibacter,IL13,0.053030359722126705,0.24035314407354819,0.40945192150200976,False
Oscillibacter,IL17A,0.06491928252956193,0.15048126092345673,0.29630911051873304,False
Oscillibacter,IL31,0.04311334123163163,0.339926001233093,0.509943112960947,False
Oscillibacter,IL1RA,-0.017946574166307686,0.6912983638407986,0.8040972328851748,False
Oscillibacter,SCF,0.0253733896879878,0.5744786511760146,0.720698456959899,False
Oscillibacter,RANTES,0.05784068298505845,0.20027183800926276,0.3620739207965882,False
Oscillibacter,IFNG,0.06782841485280121,0.13299105630027572,0.27045915290759565,False
Oscillibacter,GMCSF,0.14979585038846502,0.0008591328172713043,0.0058755208054896745,True
Oscillibacter,TNFA,0.0518126857817586,0.2513368722927026,0.42041015996362374,False
Oscillibacter,HGF,0.05673711736651693,0.20900679505991,0.37248109618846287,False
Oscillibacter,MIP1B,0.03657230575928616,0.4182733889722745,0.5853591353838306,False
Oscillibacter,IFNA,0.0029551485908669143,0.9478700313647834,0.9707375761336361,False
Oscillibacter,TGFB,0.06963882656387838,0.12292589992370806,0.25647445591448526,False
Oscillibacter,MCP1,-0.08140538997825594,0.07122173062514561,0.1737287395568569,False
Oscillibacter,IL9,0.09132283282365725,0.042896282178814985,0.11924913370299481,False
Oscillibacter,VEGFD,0.08489896148192624,0.05986879663531527,0.15215845185847116,False
Oscillibacter,TNFB,0.10888388393266193,0.015683198221048758,0.054740170383393884,True
Oscillibacter,NGF,-0.025073728074690816,0.5790076887590333,0.7242591530216524,False
Oscillibacter,EGF,0.0029844593896086826,0.9473537225304269,0.9704197262094286,False
Oscillibacter,BDNF,-0.03776869583871162,0.4032012854626329,0.5712220255862677,False
Oscillibacter,TRAIL,0.04409916274842324,0.32898835344574995,0.500309264320973,False
Oscillibacter,GCSF,0.032696443297016806,0.46931690857549,0.6320152252665645,False
Oscillibacter,GROA,0.04789447297195643,0.2890276433132238,0.460351537117835,False
Oscillibacter,IL1A,0.055064905962345326,0.22276180151269037,0.3889444366780117,False
Oscillibacter,IL23,0.014716338118182919,0.744718308066979,0.8412609323089593,False
Oscillibacter,IL12P40,0.11135056171961058,0.013462959905168609,0.04883561745431446,True
Oscillibacter,IL15,0.12063128987501595,0.007390552464662345,0.030845246424702363,True
Oscillibacter,IL18,0.07019690402172066,0.11994587549253878,0.2523147166610905,False
Oscillibacter,MCSF,0.05500022192652366,0.22330654773949032,0.38913478289514736,False
Oscillibacter,MCP3,0.05003330050943743,0.26800728404056146,0.438794413620266,False
Oscillibacter,MIG,0.07143307685190384,0.11354595154631572,0.24383409694570712,False
Oscillibacter,RESISTIN,-0.008680366237114674,0.8477001367292267,0.9086358153476152,False
Oscillibacter,IL21,0.05732080984384241,0.20435306490095262,0.3672303437596739,False
Oscillibacter,ICAM1,0.03739060084635019,0.40792909860913273,0.5754005600567923,False
Oscillibacter,VCAM1,0.013383184640238483,0.7671448755824544,0.8553683515722965,False
Oscillibacter,FGFB,0.034560228751547815,0.4443539829268811,0.6109705186902432,False
Oscillibacter,IL22,0.04189089269830211,0.35380790100537785,0.523764633847735,False
Oscillibacter,PDGFBB,0.057308905283567434,0.20444722203288276,0.3672303437596739,False
Oscillibacter,VEGF,0.05124153414716422,0.25660729467067306,0.42759756728200055,False
Oscillibacter,LEPTIN,0.10617459621428393,0.018485938686646497,0.06195287559849096,True
Oscillibacter,PAI1,-0.03433817335270045,0.4472878870327419,0.6126965020843593,False
Oscillibacter,CD40L,-0.0181380027113031,0.6881771592629493,0.8022490782897124,False
Oscillibacter,ENA78,0.07786221014761044,0.08447443981080956,0.19598402776392645,False
Oscillospira,IL17F,-0.0192376659666535,0.6703511878902619,0.788932194460898,False
Oscillospira,FASL,0.07862270734191315,0.08147384187017602,0.19061804513022312,False
Oscillospira,TGFA,0.013671784424714421,0.7622727472138614,0.8531119320363885,False
Oscillospira,MIP1A,-0.14127861447307463,0.0016807845732420452,0.010037841456421441,True
Oscillospira,SDF1A,-0.07631758260507812,0.09084313832103737,0.2053804487876303,False
Oscillospira,IL27,0.05599695236880398,0.21501751023313526,0.3788939821310895,False
Oscillospira,LIF,-0.07841491189440626,0.08228502278769846,0.19232491437283492,False
Oscillospira,IL1B,-0.06457815732378952,0.15264168129253358,0.2989391530550367,False
Oscillospira,IL2,-0.06770167914461946,0.1337188022900132,0.2712367612529239,False
Oscillospira,IL4,0.08146157860293256,0.07102611294709806,0.17371704893319256,False
Oscillospira,IL5,0.019993579517314806,0.6582032329797227,0.7804362440363496,False
Oscillospira,IP10,0.04853103537246557,0.2826589227486062,0.4534861573004537,False
Oscillospira,IL6,0.07466829230240425,0.09806250312287654,0.21785502815416985,False
Oscillospira,IL7,-0.03311284002003537,0.46367367647787094,0.6267442236270017,False
Oscillospira,IL8,0.07566672838620307,0.09363947440957981,0.2104097298130377,False
Oscillospira,IL10,-0.029292815556174922,0.5168345939755765,0.6759157942861274,False
Oscillospira,IFNB,0.03750764676829408,0.40646201373994095,0.5741154102945448,False
Oscillospira,EOTAXIN,0.08107677903277134,0.07237460643774567,0.17587887856351603,False
Oscillospira,IL12P70,-0.03362436530439441,0.4567930896835757,0.6203419836665959,False
Oscillospira,IL13,0.03706646239066916,0.4120083204484787,0.5791716008213698,False
Oscillospira,IL17A,-0.036836972717396936,0.4149109326408993,0.5821408261335242,False
Oscillospira,IL31,0.09198414987742067,0.04140585739249458,0.11626617873151139,True
Oscillospira,IL1RA,-0.02435190128555269,0.5899853413982008,0.7318265610181593,False
Oscillospira,SCF,-0.05560382530180646,0.21826004829702553,0.38331768452313986,False
Oscillospira,RANTES,0.020629335935895915,0.6480552950960747,0.7736601344040295,False
Oscillospira,IFNG,-0.0018219137844805468,0.9678465848288993,0.9822298315127661,False
Oscillospira,GMCSF,0.00869090802000148,0.8475174377832053,0.9086358153476152,False
Oscillospira,TNFA,-0.04648443318342756,0.30347579593130336,0.475094450418898,False
Oscillospira,HGF,-0.029836206720796555,0.5090852525263341,0.6692527700326725,False
Oscillospira,MIP1B,-0.024839961620527026,0.5825523632497855,0.7273414773802304,False
Oscillospira,IFNA,-0.012261672596466953,0.7861638082487908,0.869578371940916,False
Oscillospira,TGFB,0.02199930641187239,0.6264100430424057,0.759210221651693,False
Oscillospira,MCP1,-0.08612206490934037,0.056266119927876966,0.14510361130842014,False
Oscillospira,IL9,0.07606174526389227,0.09193422723048261,0.20746842850097416,False
Oscillospira,VEGFD,-0.04488276627950904,0.32045838943105365,0.49201692114666823,False
Oscillospira,TNFB,0.0877085791469358,0.05186288478990099,0.13713687605500194,False
Oscillospira,NGF,0.02915548955972306,0.5188026096567693,0.677737149071998,False
Oscillospira,EGF,-0.014706670651388757,0.744880187725667,0.8412609323089593,False
Oscillospira,BDNF,-0.012375282524507598,0.7842311663009678,0.8684599895676053,False
Oscillospira,TRAIL,-0.06469913230885768,0.15187284361657252,0.2981770163005374,False
Oscillospira,GCSF,0.04361126191146923,0.33437285983449816,0.5055026847481668,False
Oscillospira,GROA,0.0717830915010789,0.1117834349018249,0.24106340744045718,False
Oscillospira,IL1A,-0.02009512805330203,0.6565780352459565,0.7796165790244397,False
Oscillospira,IL23,0.08961083861883411,0.04696597546474901,0.1276261109514979,False
Oscillospira,IL12P40,-0.09564136805726281,0.03393055685753826,0.09960268704340917,True
Oscillospira,IL15,0.01976298644115566,0.6618996532526886,0.7826527393040574,False
Oscillospira,IL18,0.058743358496116116,0.19332694940232537,0.35249600769576356,False
Oscillospira,MCSF,0.08311625722544397,0.06545953511516019,0.16318871294004064,False
Oscillospira,MCP3,-0.07954374876545715,0.07795588512989818,0.18505195502875577,False
Oscillospira,MIG,-0.08256995683885007,0.06725630285849095,0.1667028984312552,False
Oscillospira,RESISTIN,0.004776826226295516,0.9158313107287082,0.9524225674807943,False
Oscillospira,IL21,-0.09312691319152279,0.03893343304362259,0.11087092076898372,True
Oscillospira,ICAM1,0.04193668754589052,0.35328150967891014,0.523149740291334,False
Oscillospira,VCAM1,-0.032660119354157774,0.46981097931999816,0.6323191472595919,False
Oscillospira,FGFB,0.09389386015291423,0.03734517594203083,0.10762719818889863,True
Oscillospira,IL22,-0.03768400414309827,0.4042574418717524,0.5722021826673768,False
Oscillospira,PDGFBB,0.03156493006326014,0.4848413082804891,0.6473610724453938,False
Oscillospira,VEGF,-0.005225664048520854,0.9079562545099458,0.9484127402462568,False
Oscillospira,LEPTIN,0.023378448311328515,0.6049392466414869,0.7421098634850916,False
Oscillospira,PAI1,-0.060611623774766414,0.17951643014390567,0.33559242275022955,False
Oscillospira,CD40L,-0.018658830967278956,0.6797120477609198,0.7967172062312075,False
Oscillospira,ENA78,0.00968660931342641,0.8302991641226172,0.8964819025020978,False
Oxalobacter,IL17F,0.04314465414831071,0.3395750517712074,0.5095788674987035,False
Oxalobacter,FASL,0.09772758942681281,0.03020594189474457,0.09036850679875327,True
Oxalobacter,TGFA,0.015981491712396625,0.723633024985428,0.8264078559697859,False
Oxalobacter,MIP1A,0.06019124947559761,0.1825583016943587,0.3398714806731798,False
Oxalobacter,SDF1A,0.04858463605598813,0.2821270177141046,0.45332041293495945,False
Oxalobacter,IL27,0.06212921395382463,0.16884740068888107,0.3200357811930843,False
Oxalobacter,LIF,0.026420049713688807,0.5587921709677564,0.7081107181982657,False
Oxalobacter,IL1B,-0.08949820315871095,0.04724471734297284,0.12816183541743698,False
Oxalobacter,IL2,0.07828244700236348,0.08280553100506013,0.19306267298161472,False
Oxalobacter,IL4,0.0601123171261718,0.1831336879165944,0.3401363569030323,False
Oxalobacter,IL5,0.1533330290427821,0.0006433653525357191,0.004635378503284875,True
Oxalobacter,IP10,0.03633347521195153,0.4213212916414807,0.5868359226173978,False
Oxalobacter,IL6,0.06495339769755246,0.1502664869504366,0.29625760941860135,False
Oxalobacter,IL7,-0.0050251577802401595,0.9114731570367162,0.9499804282143345,False
Oxalobacter,IL8,0.06942585196786233,0.1240782241762479,0.2583546585587628,False
Oxalobacter,IL10,0.0178714211477766,0.6925251536379216,0.8047687129209433,False
Oxalobacter,IFNB,0.026437305824028905,0.5585352984328062,0.7080490519815397,False
Oxalobacter,EOTAXIN,-0.023366976380647903,0.605116481323039,0.7421098634850916,False
Oxalobacter,IL12P70,-0.08345369925624944,0.06436954407708816,0.1611414083708397,False
Oxalobacter,IL13,0.0612735594320363,0.17480298740392344,0.3286798390452064,False
Oxalobacter,IL17A,-0.01205904787686869,0.789613954664076,0.8712429859050238,False
Oxalobacter,IL31,0.14908905288846996,0.0009095693738760562,0.006140244827656127,True
Oxalobacter,IL1RA,-0.024268620999498187,0.5912580071590798,0.7326766303679209,False
Oxalobacter,SCF,-0.1001245295636211,0.02636426686600799,0.08178303191088192,True
Oxalobacter,RANTES,0.08363240349636267,0.06379837776988191,0.16015874057095553,False
Oxalobacter,IFNG,0.023704981059265495,0.5999042683012755,0.7386331100694044,False
Oxalobacter,GMCSF,0.028432629815642832,0.5292251514014374,0.686972152452775,False
Oxalobacter,TNFA,-0.004188906029073398,0.9261589799458975,0.9586949150482073,False
Oxalobacter,HGF,-0.16317017820275997,0.0002785529462171184,0.002348016963461649,True
Oxalobacter,MIP1B,-0.0199963272977361,0.6581592358521948,0.7804362440363496,False
Oxalobacter,IFNA,0.07405454150304551,0.10086294278606661,0.2226071130716374,False
Oxalobacter,TGFB,0.07833391863740947,0.08260296296898866,0.19278115973743168,False
Oxalobacter,MCP1,-0.04325338323639755,0.33835823538940313,0.5093250733832819,False
Oxalobacter,IL9,0.046607645757463775,0.3021945291519949,0.473857111934842,False
Oxalobacter,VEGFD,-0.008461144198197322,0.851501294275655,0.9114661741542223,False
Oxalobacter,TNFB,0.027038530790603574,0.5496214302073125,0.7016570520555016,False
Oxalobacter,NGF,0.10856232072862848,0.01599509397791654,0.055540812692662304,True
Oxalobacter,EGF,-0.0768639230806687,0.08854787879462461,0.20176722634302632,False
Oxalobacter,BDNF,-0.1124845919195699,0.012538660142132532,0.04630263839320414,True
Oxalobacter,TRAIL,0.0922715062198058,0.040771995006509756,0.11497165797167803,True
Oxalobacter,GCSF,0.05649655976251035,0.21094684955376047,0.3748587621363452,False
Oxalobacter,GROA,0.09595958541092654,0.03333830193332026,0.09836573494665314,True
Oxalobacter,IL1A,0.09222404830202494,0.040876110885810946,0.11505868249339378,True
Oxalobacter,IL23,0.14992165233649069,0.0008504314459256478,0.0058329446480373396,True
Oxalobacter,IL12P40,-0.16488426375743895,0.00023955272448435724,0.002078770603628529,True
Oxalobacter,IL15,0.10501363760091348,0.01981485168060514,0.06518270985191606,True
Oxalobacter,IL18,0.08623664378372937,0.05593804453081247,0.14466523920372576,False
Oxalobacter,MCSF,0.09330587405782494,0.038557798383572414,0.11004503088031085,True
Oxalobacter,MCP3,-0.05341038115526107,0.23699534230938163,0.4062284659737382,False
Oxalobacter,MIG,0.039580643874405436,0.38100213258636517,0.5496883186610388,False
Oxalobacter,RESISTIN,-0.007813075236801675,0.8627581608997508,0.9170982341384551,False
Oxalobacter,IL21,0.06789951370395549,0.13258413066633076,0.2699811684095724,False
Oxalobacter,ICAM1,-0.01842022580351675,0.6835852219982486,0.7998643074387254,False
Oxalobacter,VCAM1,-0.03261659106817775,0.47040341930304996,0.6329357258012482,False
Oxalobacter,FGFB,0.06748874044605938,0.13494845668310854,0.27279156065671706,False
Oxalobacter,IL22,0.06468254259163386,0.1519781027135141,0.29825940024409764,False
Oxalobacter,PDGFBB,0.04097092525227647,0.36448702172730896,0.5344116912683753,False
Oxalobacter,VEGF,-0.057039414076746536,0.2065871414733148,0.36956667069941507,False
Oxalobacter,LEPTIN,0.05187273642546335,0.2507871485308867,0.4200300861909306,False
Oxalobacter,PAI1,-0.13154887185923303,0.0034646925715662636,0.01729202977855678,True
Oxalobacter,CD40L,-0.20393957858206915,5.112827297514672e-06,8.336208382660601e-05,True
Oxalobacter,ENA78,-0.0031566584651422144,0.9443208931899666,0.9688345119555964,False
Parabacteroides,IL17F,0.05483488737689527,0.22470325339133213,0.3905576281740896,False
Parabacteroides,FASL,-0.06970650791919183,0.12256145209837543,0.2563291443797359,False
Parabacteroides,TGFA,0.06332779573765171,0.16076195132287827,0.3090617358765412,False
Parabacteroides,MIP1A,0.08215784454895855,0.06863834144965285,0.16933186644542628,False
Parabacteroides,SDF1A,0.01342023216630472,0.7665189227992297,0.8548727015928924,False
Parabacteroides,IL27,-0.04441574525618749,0.3255246694551168,0.496791056333172,False
Parabacteroides,LIF,0.06788488914378386,0.13266775393353364,0.2700347544426827,False
Parabacteroides,IL1B,0.2158564583033271,1.3459967266531438e-06,2.7337657655127645e-05,True
Parabacteroides,IL2,0.19461794324795015,1.3770292136267644e-05,0.00019196927972216907,True
Parabacteroides,IL4,-0.015155491389487588,0.7373767368468018,0.8358237151845394,False
Parabacteroides,IL5,0.08643822965148767,0.05536469661307152,0.14333980793450166,False
Parabacteroides,IP10,-0.04867230098489161,0.2812585363133702,0.45293582471244037,False
Parabacteroides,IL6,-0.04581667406365142,0.31048224014231907,0.48237154959268,False
Parabacteroides,IL7,0.01523336440777419,0.7360773579996249,0.8353556143772237,False
Parabacteroides,IL8,-0.11264289466350352,0.012414193936383511,0.04595104621228524,True
Parabacteroides,IL10,0.042199922263887184,0.3502653267737005,0.5204825669371418,False
Parabacteroides,IFNB,0.18148767404824417,5.14314451739833e-05,0.0005688849053047166,True
Parabacteroides,EOTAXIN,-0.04452644974484773,0.3243190676293555,0.4961660541134815,False
Parabacteroides,IL12P70,0.0601510903692295,0.18285087880930379,0.34000126067121705,False
Parabacteroides,IL13,-0.09523357535984821,0.034702615780839746,0.10150138147691923,True
Parabacteroides,IL17A,0.11470335438082249,0.010890882445280562,0.041552905329685835,True
Parabacteroides,IL31,-0.0745800464621479,0.09846129969459949,0.2183292443110366,False
Parabacteroides,IL1RA,0.08653894842716725,0.05508006780970895,0.14283834866227219,False
Parabacteroides,SCF,0.039533173843536044,0.38157399699996153,0.5498399614262443,False
Parabacteroides,RANTES,-0.17641632753184372,8.352730936434062e-05,0.0008669178011558878,True
Parabacteroides,IFNG,-0.09436518890485165,0.036396651196623754,0.10534460714895033,True
Parabacteroides,GMCSF,0.0448343300047846,0.3209814288700202,0.4923387020949007,False
Parabacteroides,TNFA,0.10510428018790623,0.019708182598103988,0.06494052895263355,True
Parabacteroides,HGF,0.03178062688483833,0.48186070982909757,0.6444869897004564,False
Parabacteroides,MIP1B,-0.052990695569032756,0.24070552594850841,0.40990402539550835,False
Parabacteroides,IFNA,-0.02101451872877604,0.6419384179293837,0.7694769334223496,False
Parabacteroides,TGFB,0.07544333002337579,0.09461500293024284,0.21208374830990287,False
Parabacteroides,MCP1,0.06924235178304554,0.12507779720692333,0.2595185294755714,False
Parabacteroides,IL9,0.004056923997405451,0.92847920374646,0.9602708533918612,False
Parabacteroides,VEGFD,0.20450787954474292,4.805919953452388e-06,8.001941632744754e-05,True
Parabacteroides,TNFB,-0.09943014425336211,0.027431311350045604,0.08410029274727733,True
Parabacteroides,NGF,0.0009068565840995868,0.9839924051012376,0.9904002066164858,False
Parabacteroides,EGF,0.05692891929511478,0.20746920558658152,0.37032391205312815,False
Parabacteroides,BDNF,0.022253683946270433,0.6224252827087531,0.7559598380074536,False
Parabacteroides,TRAIL,0.015187736153638134,0.7368386139671936,0.8357861308136049,False
Parabacteroides,GCSF,-0.012664430061789606,0.7793184247848906,0.8646452596153531,False
Parabacteroides,GROA,-0.02215144124477098,0.6240255724994077,0.7574468051564166,False
Parabacteroides,IL1A,-0.03438068436168772,0.4467253624340308,0.6126222083204753,False
Parabacteroides,IL23,-0.10066382345677345,0.02556039951457051,0.07970920086873345,True
Parabacteroides,IL12P40,0.06823741138223938,0.13066334221153006,0.26780585841702026,False
Parabacteroides,IL15,0.12113917895788012,0.007143584805115243,0.03010784579758768,True
Parabacteroides,IL18,-0.11112246061080859,0.013655964164154502,0.049307971755935646,True
Parabacteroides,MCSF,-0.09201024392898524,0.041347956670392254,0.11617863555807292,True
Parabacteroides,MCP3,0.08238145172939947,0.06788560419627614,0.16773831514045787,False
Parabacteroides,MIG,0.11601707201246443,0.010008374282264216,0.03903928776326903,True
Parabacteroides,RESISTIN,-0.09587623659184763,0.03349256906669288,0.09875906473232594,True
Parabacteroides,IL21,0.18962655150360824,2.296771634479121e-05,0.0002940866288496092,True
Parabacteroides,ICAM1,-0.10878641989854108,0.015777163913790873,0.05499170257534665,True
Parabacteroides,VCAM1,0.044401824117311244,0.3256764798415043,0.496791056333172,False
Parabacteroides,FGFB,-0.06464537724780657,0.15221411183674566,0.29847394713888703,False
Parabacteroides,IL22,-0.05900017237569624,0.1913837153501914,0.35075848569821155,False
Parabacteroides,PDGFBB,0.027614483623464213,0.5411483407309977,0.695099464220515,False
Parabacteroides,VEGF,0.13132419964342296,0.003521149557465903,0.017483305284277488,True
Parabacteroides,LEPTIN,-0.007625268928590789,0.8660256342031106,0.9191650891931578,False
Parabacteroides,PAI1,-0.03232166515031427,0.474428310595407,0.6368963531411846,False
Parabacteroides,CD40L,0.14232304667302614,0.0015509694091916247,0.009515843562644446,True
Parabacteroides,ENA78,0.022131371442837326,0.6243399105744241,0.757633185327501,False
Paraprevotella,IL17F,0.029097894877918685,0.5196291449453243,0.6778491947431454,False
Paraprevotella,FASL,-0.09807013262454288,0.029629146514916434,0.08915232335778177,True
Paraprevotella,TGFA,0.01697066813046517,0.7072907426991659,0.8172520793522486,False
Paraprevotella,MIP1A,0.3022251747341235,7.520571194667972e-12,1.3124789433064992e-09,True
Paraprevotella,SDF1A,0.008045388375876063,0.8587195953377024,0.9156289210263331,False
Paraprevotella,IL27,-0.17782596321495633,7.309179285723077e-05,0.0007722164303660793,True
Paraprevotella,LIF,-0.1225900322401197,0.006478265714426489,0.028030843017793954,True
Paraprevotella,IL1B,-0.1215585228099785,0.006945268119905786,0.029589605226940385,True
Paraprevotella,IL2,0.05348090063186819,0.23637589832553185,0.40560933463579973,False
Paraprevotella,IL4,-0.07686305445712203,0.08855149067856079,0.20176722634302632,False
Paraprevotella,IL5,0.059096511398979604,0.19065845428552156,0.3498943027949274,False
Paraprevotella,IP10,0.026413848241823894,0.5588844993589452,0.7081107181982657,False
Paraprevotella,IL6,-0.07329843618996307,0.10439984432716107,0.22880561231143393,False
Paraprevotella,IL7,0.011323772006529047,0.8021677990860611,0.8795686557800085,False
Paraprevotella,IL8,-0.1084029276121119,0.01615170070986395,0.056002070452449544,True
Paraprevotella,IL10,0.07520238358931891,0.09567624357571722,0.21356061569340573,False
Paraprevotella,IFNB,0.07528855567516216,0.09529561537570294,0.21288313940039946,False
Paraprevotella,EOTAXIN,-0.24077461153440635,6.416171276074916e-08,2.2394814113233336e-06,True
Paraprevotella,IL12P70,-0.04324668575182422,0.33843310797178605,0.5093250733832819,False
Paraprevotella,IL13,-0.12291555563701534,0.006336848408371139,0.02757084921536917,True
Paraprevotella,IL17A,-0.14280999781510856,0.0014936485756560228,0.009239366382493334,True
Paraprevotella,IL31,-0.24653658458493075,3.0199045769267e-08,1.1568935257299683e-06,True
Paraprevotella,IL1RA,-0.058100015462658854,0.1982582870548761,0.35930501869329856,False
Paraprevotella,SCF,-0.1546261891352039,0.0005779168414720019,0.004281673202855461,True
Paraprevotella,RANTES,-0.11158013458554507,0.013271140775514795,0.04822469914407735,True
Paraprevotella,IFNG,-0.21648757161440857,1.2514478989989668e-06,2.5638358696013614e-05,True
Paraprevotella,GMCSF,-0.14893282044473868,0.0009210809927881182,0.00619134613126621,True
Paraprevotella,TNFA,-0.08395571052869914,0.06277564503982086,0.15809665388970384,False
Paraprevotella,HGF,-0.1314624513302903,0.00348631091270282,0.01734135595383995,True
Paraprevotella,MIP1B,-0.013731422688491243,0.7612670995349774,0.8526481038765898,False
Paraprevotella,IFNA,-0.036969912948179556,0.4132280232785719,0.5803667498326768,False
Paraprevotella,TGFB,-0.19358056570992763,1.533162547074069e-05,0.00020747537562824128,True
Paraprevotella,MCP1,-0.021083016012905176,0.6408531666231609,0.7691034911149194,False
Paraprevotella,IL9,-0.1315358292760023,0.003467947398288658,0.01729202977855678,True
Paraprevotella,VEGFD,-0.006566447623073145,0.8844882738308381,0.9321647833350277,False
Paraprevotella,TNFB,-0.1884166234304899,2.5948759199696626e-05,0.00032512535812500405,True
Paraprevotella,NGF,-0.03904919413040687,0.38743435151992955,0.5557353620584196,False
Paraprevotella,EGF,-0.09677474447781276,0.03186124326971925,0.09465963321999818,True
Paraprevotella,BDNF,-0.13538883226461645,0.00261852212340639,0.014085018545080947,True
Paraprevotella,TRAIL,0.052784389746331074,0.2425442264123111,0.4115478555472848,False
Paraprevotella,GCSF,0.045744016501429056,0.31125096799810653,0.4831738509331922,False
Paraprevotella,GROA,-0.11907082957452762,0.008197810264161932,0.033300070659250884,True
Paraprevotella,IL1A,0.0731948102839065,0.10489214421160516,0.22956422829776288,False
Paraprevotella,IL23,-0.08186033295785174,0.06965045450754541,0.1713801261825347,False
Paraprevotella,IL12P40,-0.046322306844448796,0.3051671962226979,0.4764571996691028,False
Paraprevotella,IL15,-0.20710130810873084,3.6151953701952217e-06,6.194472939767231e-05,True
Paraprevotella,IL18,-0.15872629226349244,0.0004090209466137365,0.00319619684982409,True
Paraprevotella,MCSF,-0.12170892591559736,0.006875349591999293,0.02939804653130732,True
Paraprevotella,MCP3,0.02347431524030864,0.6034590662433739,0.7408804377641421,False
Paraprevotella,MIG,0.13697177947131228,0.0023282302629957213,0.012831135671620864,True
Paraprevotella,RESISTIN,-0.052802076661925476,0.24238620695206226,0.4115478555472848,False
Paraprevotella,IL21,0.10808625521666751,0.01646682791418287,0.056760565568127065,True
Paraprevotella,ICAM1,-0.021944153353194797,0.6272754433370427,0.759210221651693,False
Paraprevotella,VCAM1,-0.029073217297536876,0.5199834975055428,0.6779640952534913,False
Paraprevotella,FGFB,-0.038479966993754555,0.3943965189976245,0.5627535428724652,False
Paraprevotella,IL22,-0.22852020353742777,2.9930471426592127e-07,8.296022433064829e-06,True
Paraprevotella,PDGFBB,-0.16685481075290506,0.0002010462871722949,0.0017930234763446115,True
Paraprevotella,VEGF,0.08724297138741396,0.05312429552814195,0.13937732768853278,False
Paraprevotella,LEPTIN,-0.19355829896094157,1.5366915554808194e-05,0.00020747537562824128,True
Paraprevotella,PAI1,-0.04165021970951669,0.3565824461023709,0.5265485697381297,False
Paraprevotella,CD40L,0.13017507270526738,0.0038231721046720233,0.018591111410954153,True
Paraprevotella,ENA78,-0.1912931402517555,1.938961458840913e-05,0.0002537885109460662,True
Parasutterella,IL17F,0.08172966341337642,0.07009882738152863,0.17212385337246633,False
Parasutterella,FASL,0.11208719777077962,0.012855978830407126,0.047068665306043804,True
Parasutterella,TGFA,0.05104284330133359,0.2584585655732632,0.4292932249635707,False
Parasutterella,MIP1A,0.11589638959211798,0.010086709214028693,0.039285154720270124,True
Parasutterella,SDF1A,0.17438482835671285,0.00010105938642335415,0.0010240684490899887,True
Parasutterella,IL27,0.030216192731757557,0.5037025224620101,0.6638074849013831,False
Parasutterella,LIF,-0.05729718047509355,0.2045399881955121,0.3672303437596739,False
Parasutterella,IL1B,0.12094870030923371,0.007235328470209968,0.030398391330328595,True
Parasutterella,IL2,0.10491709770064336,0.019929013092863386,0.06539380897881078,True
Parasutterella,IL4,0.08805295104524691,0.050946078108222964,0.1351677477736186,False
Parasutterella,IL5,-0.024674779128278944,0.5850631501561884,0.7291239258227875,False
Parasutterella,IP10,0.19426006681879432,1.4291004780881223e-05,0.00019689828809214127,True
Parasutterella,IL6,0.05184711419203949,0.25102160063707724,0.42009243347954467,False
Parasutterella,IL7,0.06776065930969183,0.133379743242126,0.27078214138599643,False
Parasutterella,IL8,0.12615825251006338,0.005072199481624222,0.023196529696553603,True
Parasutterella,IL10,0.060379922178476195,0.1811883670998171,0.3379887512962542,False
Parasutterella,IFNB,0.08344576302083517,0.06439500678316876,0.1611414083708397,False
Parasutterella,EOTAXIN,-0.1205055729541651,0.007452850906307368,0.03103424933594587,True
Parasutterella,IL12P70,-0.1167291274773163,0.009557080572386372,0.03759011991409398,True
Parasutterella,IL13,-0.009130359990881623,0.8399087076313948,0.9029545586034982,False
Parasutterella,IL17A,0.20267635081204646,5.8634203434827625e-06,9.30250392541777e-05,True
Parasutterella,IL31,0.025289950455974,0.5757380580758544,0.7220861670623971,False
Parasutterella,IL1RA,-0.04105375509658955,0.3635173737807662,0.533445613595444,False
Parasutterella,SCF,-0.0948227280009838,0.035495534249392995,0.10339357098460854,True
Parasutterella,RANTES,0.16930479251251607,0.00016124328762837984,0.0014985766692404848,True
Parasutterella,IFNG,0.021878684162232064,0.6283033767805615,0.7596372009416456,False
Parasutterella,GMCSF,0.04599450826188502,0.30860600329055127,0.48080613969380076,False
Parasutterella,TNFA,-0.03770917230437104,0.40394340754443403,0.5721013935525618,False
Parasutterella,HGF,-0.18976906011720868,2.2638805907489247e-05,0.0002914591623936867,True
Parasutterella,MIP1B,0.009894733501121076,0.8267101064227336,0.8938637038696468,False
Parasutterella,IFNA,0.016135553643870156,0.7210792562161432,0.8248908607163066,False
Parasutterella,TGFB,0.007056663623561773,0.8759319897454423,0.927295334909127,False
Parasutterella,MCP1,-0.2121489066095378,2.0556926482802066e-06,3.8901300235728246e-05,True
Parasutterella,IL9,0.15116186980951718,0.0007689055652069167,0.005440064599481969,True
Parasutterella,VEGFD,0.21935747830602842,8.961441544093969e-07,1.9549218775819806e-05,True
Parasutterella,TNFB,0.09658062618879834,0.0322078125532488,0.09562899354184523,True
Parasutterella,NGF,-0.09562092308339265,0.03396891300482991,0.09960268704340917,True
Parasutterella,EGF,0.08302453766801013,0.06575841212332544,0.16359748570491522,False
Parasutterella,BDNF,0.01345814934362739,0.7658784337152109,0.8548727015928924,False
Parasutterella,TRAIL,0.15999601392717713,0.00036687302718026735,0.0029151866847781107,True
Parasutterella,GCSF,-0.02730563691346543,0.5456838206282497,0.6985227282804435,False
Parasutterella,GROA,0.17117289797816812,0.0001359978357478919,0.0013131594304181694,True
Parasutterella,IL1A,0.16460602737982225,0.00024551509719999786,0.0021149307824614074,True
Parasutterella,IL23,-0.017647967892055545,0.6961775221322436,0.8081765174395497,False
Parasutterella,IL12P40,-0.026339930780904557,0.5599855613373834,0.7084525946805773,False
Parasutterella,IL15,0.08110446051870318,0.07227690673834467,0.17573208697166154,False
Parasutterella,IL18,0.11987115309178813,0.007774454203745793,0.03202205262941449,True
Parasutterella,MCSF,0.09119378081633696,0.04319234086160199,0.11993064828513174,False
Parasutterella,MCP3,0.06123518648928275,0.17507368977166796,0.3289263262376792,False
Parasutterella,MIG,0.10304771562456644,0.022255225435513802,0.07114424847499393,True
Parasutterella,RESISTIN,-0.05187463199014145,0.2507698095283884,0.4200300861909306,False
Parasutterella,IL21,0.18340243907034878,4.2678565095188715e-05,0.00048484911631159434,True
Parasutterella,ICAM1,0.08987997703379307,0.046305513060736235,0.12612229915733478,False
Parasutterella,VCAM1,-0.09447859813930874,0.03617150071234374,0.1049508074855688,True
Parasutterella,FGFB,0.04074058129739398,0.36719200579262856,0.5368025343678341,False
Parasutterella,IL22,0.02180022012580418,0.6295362898751018,0.7608040517803231,False
Parasutterella,PDGFBB,0.1512846722043903,0.0007612396749567381,0.005393926839693458,True
Parasutterella,VEGF,0.10448038283955487,0.020452622234410953,0.06660176639153034,True
Parasutterella,LEPTIN,0.05879293688155156,0.19295068355527378,0.3522602173236924,False
Parasutterella,PAI1,-0.17043660732697086,0.00014546904505950537,0.0013847477582230087,True
Parasutterella,CD40L,-0.04976821807540538,0.2705541112751405,0.4418894184847355,False
Parasutterella,ENA78,0.23411300048358985,1.4976958972932802e-07,4.466546245598694e-06,True
Phascolarctobacterium,IL17F,0.09123027964935736,0.043108434688965615,0.11976824543302239,False
Phascolarctobacterium,FASL,0.2782820636070671,3.3555672171276296e-10,2.4454093009296122e-08,True
Phascolarctobacterium,TGFA,0.11412039765829125,0.011304104201123594,0.04272013816953635,True
Phascolarctobacterium,MIP1A,0.1138682318688503,0.011487107799801196,0.043317963890303575,True
Phascolarctobacterium,SDF1A,0.3799446676144425,2.4176062857095374e-18,1.1391760818263341e-14,True
Phascolarctobacterium,IL27,0.18733601179916948,2.8918064966715933e-05,0.00035263114371944385,True
Phascolarctobacterium,LIF,-0.029829312661861455,0.5091831877264709,0.6692527700326725,False
Phascolarctobacterium,IL1B,0.217928565029255,1.0588524286277435e-06,2.21747228608619e-05,True
Phascolarctobacterium,IL2,0.138983667731427,0.002001735320288841,0.011488644128137661,True
Phascolarctobacterium,IL4,0.29448555460893444,2.6697733771686864e-11,3.3999924738429327e-09,True
Phascolarctobacterium,IL5,0.08248185347222001,0.0675498269059067,0.1671716304520128,False
Phascolarctobacterium,IP10,0.23631434591370387,1.1349471224509899e-07,3.5183360795980687e-06,True
Phascolarctobacterium,IL6,0.18701765349195287,2.9852503709850145e-05,0.0003616066773285704,True
Phascolarctobacterium,IL7,0.17563078841581295,8.993623707810328e-05,0.0009252828583231936,True
Phascolarctobacterium,IL8,0.3533631837575859,6.467558155044107e-16,7.618783506641959e-13,True
Phascolarctobacterium,IL10,0.15554274219163314,0.0005353320147039131,0.004010309146716754,True
Phascolarctobacterium,IFNB,0.04220439015522233,0.3502142739484859,0.5204825669371418,False
Phascolarctobacterium,EOTAXIN,-0.0336991706460758,0.4557916903292625,0.6201820516406251,False
Phascolarctobacterium,IL12P70,0.01036740137802921,0.8185725541070582,0.8889407409431801,False
Phascolarctobacterium,IL13,0.1872929920972829,2.904269568799133e-05,0.0003527040775304514,True
Phascolarctobacterium,IL17A,0.19292305217661915,1.640684423843216e-05,0.00021900580751130973,True
Phascolarctobacterium,IL31,0.16336694128036863,0.00027379206267606434,0.002320338488002905,True
Phascolarctobacterium,IL1RA,0.0773959015594637,0.08635796243341733,0.19883611124257172,False
Phascolarctobacterium,SCF,0.020322430707550236,0.6529461249939386,0.7775153293646052,False
Phascolarctobacterium,RANTES,0.30631663238353246,3.790459729454902e-12,7.441935935496457e-10,True
Phascolarctobacterium,IFNG,0.248360105061436,2.3696922935206985e-08,9.152450891040599e-07,True
Phascolarctobacterium,GMCSF,0.13914763277629957,0.001977066128508676,0.011430595825193719,True
Phascolarctobacterium,TNFA,0.23104321146446705,2.1948771573770867e-07,6.1929707578208575e-06,True
Phascolarctobacterium,HGF,-0.06503114372190058,0.1497779031735931,0.29554165818843,False
Phascolarctobacterium,MIP1B,0.2986468182888138,1.357344432129341e-11,2.0631635368365985e-09,True
Phascolarctobacterium,IFNA,0.17333598702527678,0.00011141370199764411,0.0011029020248170148,True
Phascolarctobacterium,TGFB,0.17416034448027068,0.0001031962697500109,0.0010368034606866767,True
Phascolarctobacterium,MCP1,-0.2025154978279768,5.966223388331926e-06,9.43384047175169e-05,True
Phascolarctobacterium,IL9,0.31256592979665054,1.3036473942185927e-12,3.3366210323230664e-10,True
Phascolarctobacterium,VEGFD,0.15778543181082963,0.0004431149525490547,0.0034061299452057847,True
Phascolarctobacterium,TNFB,0.3364451068292898,1.7414096857374222e-14,1.3675870731991222e-11,True
Phascolarctobacterium,NGF,0.0926695079495192,0.039907623538967756,0.11293977304241205,True
Phascolarctobacterium,EGF,0.16249234980068722,0.0002955523751284822,0.0024561601262881975,True
Phascolarctobacterium,BDNF,0.18058297974579793,5.6133414609501035e-05,0.0006136906024129208,True
Phascolarctobacterium,TRAIL,0.29264762389691695,3.586950354716356e-11,4.122368310103285e-09,True
Phascolarctobacterium,GCSF,0.1321730989893032,0.003312117816964847,0.016863243777369998,True
Phascolarctobacterium,GROA,0.321230182122785,2.8457111905190407e-13,1.0314608561327477e-10,True
Phascolarctobacterium,IL1A,0.3603187936689332,1.5749127162866728e-16,2.473662906380934e-13,True
Phascolarctobacterium,IL23,0.12132317314078102,0.007055954329581555,0.029952843964854314,True
Phascolarctobacterium,IL12P40,0.11066579657032727,0.014049698474297486,0.05038217595958124,True
Phascolarctobacterium,IL15,0.2077862354057786,3.3513077642637616e-06,5.763270870514907e-05,True
Phascolarctobacterium,IL18,0.3299967567863718,5.79961225849205e-14,3.4159716202518176e-11,True
Phascolarctobacterium,MCSF,0.2887648055799872,6.647421604026105e-11,6.664393744291703e-09,True
Phascolarctobacterium,MCP3,0.21689124240680854,1.1943489928310382e-06,2.4683212518508123e-05,True
Phascolarctobacterium,MIG,0.15364926443093255,0.0006267540148907412,0.004547468828453128,True
Phascolarctobacterium,RESISTIN,0.0870726913541076,0.053591949225222105,0.1401361069640658,False
Phascolarctobacterium,IL21,0.2115294904260763,2.2047915872718545e-06,4.106315398903154e-05,True
Phascolarctobacterium,ICAM1,0.061124704046036066,0.17585483100274815,0.32999918904219405,False
Phascolarctobacterium,VCAM1,-0.11070663839612194,0.01401408250621542,0.05029273173593835,True
Phascolarctobacterium,FGFB,0.2011737148203856,6.893378803485191e-06,0.000107062107657099,True
Phascolarctobacterium,IL22,0.11719063596417242,0.00927433130038006,0.036785058154369395,True
Phascolarctobacterium,PDGFBB,0.1952624769959368,1.2877678556294558e-05,0.0001816755130456885,True
Phascolarctobacterium,VEGF,0.25435953132915984,1.0528133194360075e-08,4.5933855196133953e-07,True
Phascolarctobacterium,LEPTIN,0.12117978334184154,0.0071241629290873945,0.03009379502343257,True
Phascolarctobacterium,PAI1,0.04092248121495144,0.3650548782145788,0.5345194588782578,False
Phascolarctobacterium,CD40L,-0.05268028180648648,0.2434758172998418,0.41253435854615417,False
Phascolarctobacterium,ENA78,0.21356849768009128,1.7495383819219142e-06,3.378616744104942e-05,True
Porphyromonas,IL17F,0.08665526885605891,0.05475286347329263,0.1421462769620688,False
Porphyromonas,FASL,-0.0022612687665419804,0.9600986012406504,0.9777899591104708,False
Porphyromonas,TGFA,0.027238474522847854,0.546672597128177,0.699158691579325,False
Porphyromonas,MIP1A,0.06368794110540407,0.15839037845451048,0.3066291960877787,False
Porphyromonas,SDF1A,0.09907756685630877,0.027987183780192364,0.0852460310098684,True
Porphyromonas,IL27,0.05122920690110943,0.25672188409184626,0.42759756728200055,False
Porphyromonas,LIF,0.08490611428884114,0.05984718619685498,0.15215845185847116,False
Porphyromonas,IL1B,0.0937348673945115,0.03766983600606893,0.1083600589895326,True
Porphyromonas,IL2,0.018910321374888097,0.675638816789508,0.7939177318484194,False
Porphyromonas,IL4,-0.015344317241831005,0.7342273138704203,0.8346188028643705,False
Porphyromonas,IL5,-0.023867231009375572,0.5974095036031009,0.7374326395154861,False
Porphyromonas,IP10,0.0006148379222708316,0.989146649799825,0.9929397132204464,False
Porphyromonas,IL6,-0.013817107333774566,0.7598229497535667,0.8516379018170328,False
Porphyromonas,IL7,-0.10949312231771506,0.015106875036934675,0.05325678734883411,True
Porphyromonas,IL8,0.009494747210308106,0.8336109170124988,0.8984388474297562,False
Porphyromonas,IL10,0.10424188746557012,0.020743590584241325,0.0673607684934709,True
Porphyromonas,IFNB,0.022031508021589007,0.6259050081972932,0.7591414153476564,False
Porphyromonas,EOTAXIN,0.05202300242639767,0.2494152312677627,0.4192715373804038,False
Porphyromonas,IL12P70,0.05305138451886793,0.24016650386776567,0.4092819407685033,False
Porphyromonas,IL13,0.09730892282160528,0.03092395787873252,0.09204907740024487,True
Porphyromonas,IL17A,0.1517146424864989,0.0007349529710518044,0.0052312664646466805,True
Porphyromonas,IL31,-0.11211467917828173,0.012833809133601033,0.047024034710363975,True
Porphyromonas,IL1RA,0.025776885926064315,0.5684068144188454,0.7153242462623187,False
Porphyromonas,SCF,0.025246482183556962,0.5763946698039315,0.7223328947117355,False
Porphyromonas,RANTES,0.06776548559824742,0.13335202776108293,0.27078214138599643,False
Porphyromonas,IFNG,0.08270540418573348,0.06680709000130476,0.16585616864391362,False
Porphyromonas,GMCSF,0.06328422746959775,0.16105065437811128,0.3093643226374482,False
Porphyromonas,TNFA,0.006101789066355863,0.8926109093342373,0.9384164669305949,False
Porphyromonas,HGF,0.08343222528208805,0.064438460543002,0.16116455736657398,False
Porphyromonas,MIP1B,0.13145221116584416,0.0034888806121053215,0.01734135595383995,True
Porphyromonas,IFNA,0.08714476608351092,0.05339358799708975,0.13977254813460382,False
Porphyromonas,TGFB,0.04395659537879308,0.33055591092834835,0.5021210355558922,False
Porphyromonas,MCP1,-0.025443655591850422,0.5734190878194299,0.7201361252145931,False
Porphyromonas,IL9,0.014587998399810469,0.7468682424923476,0.8431344414527893,False
Porphyromonas,VEGFD,-0.10648781177111036,0.018141007651300223,0.06093479969445202,True
Porphyromonas,TNFB,0.018540760087171808,0.6816275957896638,0.7980265289027009,False
Porphyromonas,NGF,0.07633777658370572,0.09075745951790161,0.20530444034966508,False
Porphyromonas,EGF,-0.00046017069944944555,0.9918767839273921,0.995044369994863,False
Porphyromonas,BDNF,0.09389589878424705,0.03734102856334073,0.10762719818889863,True
Porphyromonas,TRAIL,0.04944177085671085,0.27371317195749795,0.44489012289193874,False
Porphyromonas,GCSF,-0.03357915874762711,0.4573988549007888,0.6205768512215712,False
Porphyromonas,GROA,0.017387743528794908,0.7004397833677887,0.8117246087626709,False
Porphyromonas,IL1A,0.06165627482244713,0.1721201420929818,0.3246717812418456,False
Porphyromonas,IL23,-0.057787768193072596,0.2006845094696022,0.36244745443494275,False
Porphyromonas,IL12P40,0.1678621256205819,0.0001836800912181719,0.0016773267244574147,True
Porphyromonas,IL15,-0.013735424703841084,0.7611996300932558,0.8526481038765898,False
Porphyromonas,IL18,0.061737241731599835,0.17155651883884596,0.3238679153720521,False
Porphyromonas,MCSF,0.03201214528001018,0.47867256977188044,0.6405865233641297,False
Porphyromonas,MCP3,-0.02027462566658515,0.6537092913968345,0.7778480255206778,False
Porphyromonas,MIG,0.04550353325942988,0.3138042355107371,0.4859170416452821,False
Porphyromonas,RESISTIN,0.09222656119622319,0.04087059232924067,0.11505868249339378,True
Porphyromonas,IL21,0.0031639985513716826,0.9441916346320459,0.9688345119555964,False
Porphyromonas,ICAM1,-0.15911036434566256,0.00039581866850000897,0.003108495943286737,True
Porphyromonas,VCAM1,-0.01653984183312155,0.7143924680284268,0.8214293092606021,False
Porphyromonas,FGFB,0.04216543685522712,0.3506595362195165,0.5209040777636702,False
Porphyromonas,IL22,0.06609036379310705,0.14324118696213994,0.28551289042538214,False
Porphyromonas,PDGFBB,0.04873156022962772,0.28067249090866103,0.4524559620806058,False
Porphyromonas,VEGF,0.03137030740659122,0.48753921681833534,0.649133876701892,False
Porphyromonas,LEPTIN,0.04855747877394264,0.2823964276858666,0.45332041293495945,False
Porphyromonas,PAI1,0.0011038248816839407,0.9805161998694358,0.9893345468489896,False
Porphyromonas,CD40L,-0.027177682917314684,0.5475683438560974,0.6999208326022446,False
Porphyromonas,ENA78,0.1472098004781732,0.001057277627457659,0.0068905839288803455,True
Prevotella,IL17F,-0.17806686624404727,7.143629621161039e-05,0.0007564220848294565,True
Prevotella,FASL,0.06878971742513475,0.12757017026475595,0.2632985730562988,False
Prevotella,TGFA,-0.06957128543845452,0.12329043333802375,0.25700606025177414,False
Prevotella,MIP1A,-0.014813758322575263,0.7430876561358666,0.8402757465112078,False
Prevotella,SDF1A,0.0704726427626043,0.11849445440098477,0.2506208246496303,False
Prevotella,IL27,0.16940091755138767,0.00015984363427915346,0.001491451890541329,True
Prevotella,LIF,0.10136604789399015,0.024545419031753987,0.07712237913270124,True
Prevotella,IL1B,0.09681728233321499,0.03178572549567563,0.09449485081111898,True
Prevotella,IL2,-0.0453428948034485,0.3155174039178156,0.4871282043869318,False
Prevotella,IL4,0.01016697233359424,0.8220208588438347,0.8907627721214281,False
Prevotella,IL5,-0.16061501825647556,0.0003478270354499455,0.0027873486242179306,True
Prevotella,IP10,0.13410232743930953,0.0028783432368286385,0.015103288788348046,True
Prevotella,IL6,0.05529946395684389,0.22079439184908659,0.3863661188452489,False
Prevotella,IL7,-0.07644507103802145,0.09030331788841169,0.20460286156354335,False
Prevotella,IL8,0.09868957969319285,0.02861004379626685,0.0865835108336605,True
Prevotella,IL10,0.12954040908391842,0.003999860941391922,0.019127923688403745,True
Prevotella,IFNB,-0.11413858254712585,0.011291007247653593,0.04272013816953635,True
Prevotella,EOTAXIN,0.0415946830096499,0.35722462444913083,0.5271664360802707,False
Prevotella,IL12P70,0.06484541763073871,0.15094708093999973,0.2969853849226211,False
Prevotella,IL13,0.10681270731146836,0.01778916408659193,0.06000865391980716,True
Prevotella,IL17A,0.01052124356708748,0.8159281260180632,0.8873640959822668,False
Prevotella,IL31,-0.022344610417433047,0.6210036055843217,0.7551403843905352,False
Prevotella,IL1RA,0.06899935438835401,0.12641108450525226,0.26170871273670854,False
Prevotella,SCF,0.11578443196130216,0.010159867096980729,0.03947525985734389,True
Prevotella,RANTES,0.12415512484772818,0.005823352312082692,0.025984503877399284,True
Prevotella,IFNG,0.16156651637896666,0.0003203403682650755,0.0026114944900779164,True
Prevotella,GMCSF,-0.02503854918231205,0.5795404714383829,0.7247332010131795,False
Prevotella,TNFA,-0.07753511601948401,0.08579213694026686,0.1981630143443811,False
Prevotella,HGF,0.16441527212513668,0.0002496827029978982,0.0021469067454855774,True
Prevotella,MIP1B,-0.025766651409936607,0.5685604452195159,0.7153242462623187,False
Prevotella,IFNA,0.10305572500862482,0.02224477690149045,0.07114424847499393,True
Prevotella,TGFB,-0.02823340549859185,0.5321162157016931,0.688071242696591,False
Prevotella,MCP1,-0.13161876810612463,0.0034472968768047237,0.017262128462809626,True
Prevotella,IL9,0.06736629986919253,0.1356594471947827,0.2734014147689335,False
Prevotella,VEGFD,-0.11948054944780347,0.007978573140595059,0.03268516534688947,True
Prevotella,TNFB,0.06804750906680598,0.13174018091779702,0.26907660705880343,False
Prevotella,NGF,0.012865272073092805,0.7759111842247001,0.8624183582336284,False
Prevotella,EGF,-0.04336819157449865,0.3370764178824561,0.5080947156308808,False
Prevotella,BDNF,0.14709839402296376,0.0010666934008124206,0.0069327714546594844,True
Prevotella,TRAIL,-0.045766643305616375,0.3110114389612869,0.4830210614322953,False
Prevotella,GCSF,-0.05933106331152221,0.18890113467127828,0.3479680010051068,False
Prevotella,GROA,0.04518943185506886,0.317159756750178,0.48870398097018924,False
Prevotella,IL1A,-0.003770742807267121,0.9335122816508992,0.9642653794451668,False
Prevotella,IL23,-0.0794749264183549,0.07821441992003722,0.18547878543694785,False
Prevotella,IL12P40,0.2449168959001226,3.739616557475515e-08,1.398497874509891e-06,True
Prevotella,IL15,-0.03738634968420022,0.40798244294349384,0.5754005600567923,False
Prevotella,IL18,0.13685849070282272,0.002347986410865206,0.012879757820718101,True
Prevotella,MCSF,0.06378941760980647,0.15772694372725382,0.3059298613799841,False
Prevotella,MCP3,-0.05754856572787168,0.20255772026692642,0.36499119613680964,False
Prevotella,MIG,0.012717254226669554,0.7784218617055333,0.863853936023663,False
Prevotella,RESISTIN,0.1842429372020133,3.929928832835932e-05,0.00045498340688754086,True
Prevotella,IL21,0.004478326028333952,0.9210732393017118,0.9553372449019736,False
Prevotella,ICAM1,-0.028358278848030324,0.5303031708089616,0.6872355722914816,False
Prevotella,VCAM1,0.001003619195611402,0.9822846431723095,0.9904002066164858,False
Prevotella,FGFB,0.000970777941584279,0.9828642493066146,0.9904002066164858,False
Prevotella,IL22,0.06746065182842302,0.13511130796201,0.2730036377002535,False
Prevotella,PDGFBB,0.15058056141354456,0.0008061726733435459,0.005640041454474515,True
Prevotella,VEGF,-0.06936487765322885,0.1244096753956075,0.2588160664300673,False
Prevotella,LEPTIN,-0.007689301942420785,0.8649113218953814,0.9187245601377452,False
Prevotella,PAI1,-0.13417447375488986,0.0028631735186226163,0.0150404388180042,True
Prevotella,CD40L,-0.04288565756721911,0.3424848050725361,0.5124764691971387,False
Prevotella,ENA78,0.008257178114494449,0.8550410174705658,0.9133877293859229,False
Prevotellaceae UCG-001,IL17F,-0.06521377872750643,0.14863491314850022,0.29355843596679354,False
Prevotellaceae UCG-001,FASL,0.08070235113010288,0.07370674251281041,0.17786521996179327,False
Prevotellaceae UCG-001,TGFA,-0.0016216568475496747,0.971379145189589,0.9844746038758251,False
Prevotellaceae UCG-001,MIP1A,-0.17650257080651466,8.28505118587351e-05,0.0008634112703290365,True
Prevotellaceae UCG-001,SDF1A,-0.043343601622995116,0.3373506986735476,0.5083455363446615,False
Prevotellaceae UCG-001,IL27,0.10721915632572834,0.017357407080194103,0.059052781344313805,True
Prevotellaceae UCG-001,LIF,-0.08442140143492702,0.06132628932846681,0.15535993296544925,False
Prevotellaceae UCG-001,IL1B,-0.019157666563590935,0.6716419360975019,0.7902064426695203,False
Prevotellaceae UCG-001,IL2,-0.0511463061164027,0.25749341842931506,0.4285796494662425,False
Prevotellaceae UCG-001,IL4,-0.014066266488829983,0.7556283180508447,0.8483489718026163,False
Prevotellaceae UCG-001,IL5,-0.09610749615099036,0.033066031625075355,0.09780737038126495,True
Prevotellaceae UCG-001,IP10,0.07419668974476766,0.10020875698621702,0.22157844341579286,False
Prevotellaceae UCG-001,IL6,0.03292007577843929,0.4662814250168329,0.629366392059386,False
Prevotellaceae UCG-001,IL7,-0.08873321790273243,0.04917477304372456,0.1321046354515565,False
Prevotellaceae UCG-001,IL8,0.09745893680099661,0.030665021293303923,0.09158288032597474,True
Prevotellaceae UCG-001,IL10,-0.03096513614157427,0.4931816229352014,0.654611776695963,False
Prevotellaceae UCG-001,IFNB,-0.009452733874697757,0.8343365089411484,0.8986106662367592,False
Prevotellaceae UCG-001,EOTAXIN,0.014210098496321339,0.7532101412038454,0.8467671901966604,False
Prevotellaceae UCG-001,IL12P70,-0.10898500143740188,0.015586229307298362,0.054482427667648284,True
Prevotellaceae UCG-001,IL13,0.04387460767141147,0.3314595613367879,0.5031023682294655,False
Prevotellaceae UCG-001,IL17A,0.025169479521946793,0.5775587003143914,0.7232146149033782,False
Prevotellaceae UCG-001,IL31,0.05342104889794439,0.23690156336917714,0.40621549002749735,False
Prevotellaceae UCG-001,IL1RA,-0.028195943962910777,0.5326607320124325,0.6882087659014483,False
Prevotellaceae UCG-001,SCF,-0.03602475316030503,0.42528032070112465,0.5902565158007951,False
Prevotellaceae UCG-001,RANTES,0.12614896232009895,0.005075471586830808,0.023196529696553603,True
Prevotellaceae UCG-001,IFNG,0.09567770440172103,0.03386247853140569,0.09947630850373043,True
Prevotellaceae UCG-001,GMCSF,0.07045140649846907,0.11860574661289235,0.2506208246496303,False
Prevotellaceae UCG-001,TNFA,-0.10589398867665763,0.01879980545500816,0.06255980459321923,True
Prevotellaceae UCG-001,HGF,-0.07675948109535391,0.08898301560603333,0.20245676945225932,False
Prevotellaceae UCG-001,MIP1B,-0.054239918142600214,0.22978086637469228,0.39776908242378767,False
Prevotellaceae UCG-001,IFNA,0.030317516123718177,0.5022722907372568,0.6625719579938281,False
Prevotellaceae UCG-001,TGFB,-0.021180318899720208,0.6393128430995436,0.7679129670130171,False
Prevotellaceae UCG-001,MCP1,-0.11347114190394382,0.011780603233712737,0.04416086112748959,True
Prevotellaceae UCG-001,IL9,0.06702370957819771,0.13766413460850763,0.27650187650268027,False
Prevotellaceae UCG-001,VEGFD,-0.046687886952948184,0.30136204662450267,0.4733393212315522,False
Prevotellaceae UCG-001,TNFB,0.05311101651600188,0.23963769592589365,0.40882433859623857,False
Prevotellaceae UCG-001,NGF,-0.046419368732148227,0.30415384016520913,0.47566309155607883,False
Prevotellaceae UCG-001,EGF,-0.1410889712388958,0.0017053983632273268,0.010159086077784025,True
Prevotellaceae UCG-001,BDNF,0.05604065017754213,0.2146592365078781,0.37840416102698154,False
Prevotellaceae UCG-001,TRAIL,-0.1379634358367909,0.002161667481560578,0.012097122533388887,True
Prevotellaceae UCG-001,GCSF,-0.1788098062657659,6.655066661657689e-05,0.000714320594754693,True
Prevotellaceae UCG-001,GROA,0.06972594632331028,0.1224569366905189,0.2562242831641763,False
Prevotellaceae UCG-001,IL1A,-0.06820597940788348,0.13084110520367664,0.2680536033564019,False
Prevotellaceae UCG-001,IL23,-0.02291653835489287,0.6120937415128478,0.7473731550983008,False
Prevotellaceae UCG-001,IL12P40,-0.019724380012228766,0.6625193232090265,0.782992488327297,False
Prevotellaceae UCG-001,IL15,-0.05605617301455471,0.21453206973682806,0.37840416102698154,False
Prevotellaceae UCG-001,IL18,0.04375394144964209,0.3327924111745493,0.5047048089650712,False
Prevotellaceae UCG-001,MCSF,0.06914423874501323,0.12561480598772118,0.2604034165482368,False
Prevotellaceae UCG-001,MCP3,-0.07705704937985106,0.08774776136887995,0.20087467670751472,False
Prevotellaceae UCG-001,MIG,-0.1235064307218447,0.006087214133175698,0.026857652457684008,True
Prevotellaceae UCG-001,RESISTIN,0.11839547386445332,0.008570935802232227,0.03460689760078685,True
Prevotellaceae UCG-001,IL21,-0.1384877359632054,0.00207807432907489,0.011783256604814536,True
Prevotellaceae UCG-001,ICAM1,0.03600882949225322,0.42548511031208813,0.5903668550620021,False
Prevotellaceae UCG-001,VCAM1,-0.021965914732320124,0.6269339268908767,0.759210221651693,False
Prevotellaceae UCG-001,FGFB,-0.04769175238630101,0.29107591578402264,0.4622681884645483,False
Prevotellaceae UCG-001,IL22,0.09607875899166514,0.03311878124149411,0.09790194304260993,True
Prevotellaceae UCG-001,PDGFBB,0.17193155233008992,0.00012684682784742888,0.0012323757790042987,True
Prevotellaceae UCG-001,VEGF,-0.12449584748006437,0.005688918927300352,0.025529700938513582,True
Prevotellaceae UCG-001,LEPTIN,0.14822594797090213,0.000974866610405522,0.0064879900148426825,True
Prevotellaceae UCG-001,PAI1,-0.11520873701324463,0.010543537851450104,0.04052296113868915,True
Prevotellaceae UCG-001,CD40L,-0.11805193606873284,0.00876648366608765,0.035215405826602736,True
Prevotellaceae UCG-001,ENA78,0.12442222978372029,0.005717726428763229,0.025585875529280468,True
Prevotellaceae UCG-003,IL17F,0.026551033071579997,0.5568437997078579,0.706929882727697,False
Prevotellaceae UCG-003,FASL,0.10909444133136766,0.015481872462236743,0.054198055751901585,True
Prevotellaceae UCG-003,TGFA,0.007881822589626844,0.8615626693771058,0.916820979698492,False
Prevotellaceae UCG-003,MIP1A,-0.08000585217125084,0.07623788475473392,0.18189008251357278,False
Prevotellaceae UCG-003,SDF1A,0.03150308565087409,0.4856977361385799,0.6476461170459883,False
Prevotellaceae UCG-003,IL27,0.11496320345296941,0.010711044419381659,0.040966267292310364,True
Prevotellaceae UCG-003,LIF,-0.018715377430533864,0.6787953827054418,0.7958407174192689,False
Prevotellaceae UCG-003,IL1B,0.02653700248882949,0.5570523460458274,0.706929882727697,False
Prevotellaceae UCG-003,IL2,-0.04073260089301169,0.36728594456746544,0.5368025343678341,False
Prevotellaceae UCG-003,IL4,0.060996947099837245,0.17676133486164905,0.33130445897696514,False
Prevotellaceae UCG-003,IL5,0.05725324213537504,0.20488789788118197,0.36735175547231597,False
Prevotellaceae UCG-003,IP10,0.025588875202067683,0.5712322042409812,0.7181553218739337,False
Prevotellaceae UCG-003,IL6,0.10940948573058283,0.015184875446047342,0.05347618318518317,True
Prevotellaceae UCG-003,IL7,-0.016347821425736923,0.717565731167535,0.8225573278932253,False
Prevotellaceae UCG-003,IL8,0.102390173804647,0.02312765341856716,0.07328682105466608,True
Prevotellaceae UCG-003,IL10,-0.020138177793522002,0.6558895489128623,0.7791046250318163,False
Prevotellaceae UCG-003,IFNB,0.01821893693037859,0.6868591299362863,0.8011089654108369,False
Prevotellaceae UCG-003,EOTAXIN,0.10992963996647015,0.014705456922797575,0.05233543279472974,True
Prevotellaceae UCG-003,IL12P70,-0.004817004390862757,0.9151260199403906,0.9523131196906185,False
Prevotellaceae UCG-003,IL13,0.08787632678520425,0.051414592764271336,0.13625203456923543,False
Prevotellaceae UCG-003,IL17A,0.10436997846775067,0.020586873296787756,0.06694640923013383,True
Prevotellaceae UCG-003,IL31,0.21718838391214845,1.153924179023202e-06,2.3952822605979418e-05,True
Prevotellaceae UCG-003,IL1RA,0.021933649349478685,0.6274403184671771,0.759210221651693,False
Prevotellaceae UCG-003,SCF,0.03731649925542477,0.4088595317048379,0.5764650249530809,False
Prevotellaceae UCG-003,RANTES,0.09570253613497019,0.033816021787369754,0.09940180577797023,True
Prevotellaceae UCG-003,IFNG,0.07765182655407475,0.08532008169979075,0.19736289885587333,False
Prevotellaceae UCG-003,GMCSF,0.07548675546085841,0.09442474106080413,0.21177029028010905,False
Prevotellaceae UCG-003,TNFA,-0.0036438938165494522,0.9357440388451301,0.9646782276059455,False
Prevotellaceae UCG-003,HGF,-0.04302652436994177,0.3409002405604423,0.5109166455218843,False
Prevotellaceae UCG-003,MIP1B,-0.0294206627036241,0.5150058913506766,0.673898294930405,False
Prevotellaceae UCG-003,IFNA,0.08085072328204485,0.07317649391592722,0.17708718806518056,False
Prevotellaceae UCG-003,TGFB,0.07990997586813393,0.07659177790285512,0.18245725858354567,False
Prevotellaceae UCG-003,MCP1,-0.002705102900489702,0.9522754438860637,0.9729232202062299,False
Prevotellaceae UCG-003,IL9,0.1143507949467506,0.011139159663519946,0.042294698093880735,True
Prevotellaceae UCG-003,VEGFD,0.0629889881346204,0.16301733999629597,0.31199744356724074,False
Prevotellaceae UCG-003,TNFB,0.08031595392200952,0.07510235027269789,0.18009276055213866,False
Prevotellaceae UCG-003,NGF,0.1111344179057416,0.013645786490845066,0.049307971755935646,True
Prevotellaceae UCG-003,EGF,0.033279601409756866,0.46142424841873353,0.6245995571815779,False
Prevotellaceae UCG-003,BDNF,0.041290758708566674,0.36075178842140787,0.5303782923686969,False
Prevotellaceae UCG-003,TRAIL,-0.04049507113864371,0.37008878182786,0.5398942229018193,False
Prevotellaceae UCG-003,GCSF,0.040968455884834644,0.36451595410368387,0.5344116912683753,False
Prevotellaceae UCG-003,GROA,0.14911496333238664,0.000907673124175223,0.006140244827656127,True
Prevotellaceae UCG-003,IL1A,-0.009524191212428553,0.8331024880886195,0.8983982657038194,False
Prevotellaceae UCG-003,IL23,0.12343451083735181,0.006117119552316956,0.026887935942646917,True
Prevotellaceae UCG-003,IL12P40,0.0142888299297297,0.7518874880616924,0.8467671901966604,False
Prevotellaceae UCG-003,IL15,0.10056873905664471,0.02570057723212075,0.0800403965087594,True
Prevotellaceae UCG-003,IL18,0.0925489583616363,0.040167778935227404,0.11350441157464451,True
Prevotellaceae UCG-003,MCSF,0.1267719947439211,0.004860198599566868,0.02245543268273646,True
Prevotellaceae UCG-003,MCP3,-0.040418966382175986,0.37098960836300066,0.5407061659778717,False
Prevotellaceae UCG-003,MIG,-0.1385442440309171,0.002069243571882843,0.011770752989640705,True
Prevotellaceae UCG-003,RESISTIN,0.043405156262890855,0.3366643760269873,0.5077985082711793,False
Prevotellaceae UCG-003,IL21,-0.04636752668323815,0.3046948096323242,0.4760351269852492,False
Prevotellaceae UCG-003,ICAM1,-0.026135514705296604,0.5630359558718239,0.710885697767426,False
Prevotellaceae UCG-003,VCAM1,0.018574587682845624,0.6810785767810634,0.7977236524465252,False
Prevotellaceae UCG-003,FGFB,0.05406128294712714,0.23132114394877698,0.3986778457522448,False
Prevotellaceae UCG-003,IL22,0.12068111965661685,0.007365988701199441,0.030769981170258656,True
Prevotellaceae UCG-003,PDGFBB,0.06660789336613297,0.14012780654071427,0.28025561308142855,False
Prevotellaceae UCG-003,VEGF,-0.033733582170168606,0.4553314461772975,0.6197347701870092,False
Prevotellaceae UCG-003,LEPTIN,0.12962120870162505,0.003976963209849309,0.019082943630152692,True
Prevotellaceae UCG-003,PAI1,-0.12005085554489263,0.007682123127204181,0.031808580118968456,True
Prevotellaceae UCG-003,CD40L,-0.11562276446703157,0.01026633857510415,0.03971673839564101,True
Prevotellaceae UCG-003,ENA78,0.1151464692147795,0.010585796516667115,0.04058606443168059,True
Prevotellaceae UCG-004,IL17F,-0.1247906363269369,0.005574867613746246,0.025089566567308798,True
Prevotellaceae UCG-004,FASL,0.02278625161838055,0.6141184719323509,0.7487001913959218,False
Prevotellaceae UCG-004,TGFA,-0.11645786476090451,0.009726825894117672,0.03816220117658824,True
Prevotellaceae UCG-004,MIP1A,0.006110066336790716,0.8924661145685836,0.9384164669305949,False
Prevotellaceae UCG-004,SDF1A,0.02743973477940798,0.5437122577247574,0.6974960387194424,False
Prevotellaceae UCG-004,IL27,0.016377820832239404,0.7170696493107644,0.8225573278932253,False
Prevotellaceae UCG-004,LIF,-0.07847768626463565,0.08203928218443038,0.19184570603128334,False
Prevotellaceae UCG-004,IL1B,-0.07089065654601495,0.1163203610900474,0.24733824072937877,False
Prevotellaceae UCG-004,IL2,-0.0790553887804828,0.07980552176332888,0.18792784535172696,False
Prevotellaceae UCG-004,IL4,-0.03427627529775678,0.4481076672096411,0.6130037658068807,False
Prevotellaceae UCG-004,IL5,-0.11161988641556965,0.013238171990837919,0.048205770031551985,True
Prevotellaceae UCG-004,IP10,0.08174538198366064,0.07004476684370321,0.17208078277764835,False
Prevotellaceae UCG-004,IL6,0.03784893797749576,0.40220213964188345,0.5706644028884538,False
Prevotellaceae UCG-004,IL7,0.010996855882051846,0.8077660528841659,0.8826979687361294,False
Prevotellaceae UCG-004,IL8,0.05409014823433991,0.23107175967186105,0.3983979355776329,False
Prevotellaceae UCG-004,IL10,0.06736236694359708,0.13568233270814975,0.2734014147689335,False
Prevotellaceae UCG-004,IFNB,-0.15678767861997217,0.0004821472754710257,0.003640830067338899,True
Prevotellaceae UCG-004,EOTAXIN,-0.03783829547948158,0.40233457092737246,0.5706804630372604,False
Prevotellaceae UCG-004,IL12P70,-0.03958657455247907,0.3809307234726166,0.5496883186610388,False
Prevotellaceae UCG-004,IL13,0.005314900714456347,0.9063916074140788,0.94799874726347,False
Prevotellaceae UCG-004,IL17A,-0.09115813154041633,0.043274426787928665,0.12008780861290923,False
Prevotellaceae UCG-004,IL31,0.0007766036256875795,0.9862913517348915,0.9913525419438723,False
Prevotellaceae UCG-004,IL1RA,-0.040355621446343144,0.37174043483604513,0.5411309635302579,False
Prevotellaceae UCG-004,SCF,-0.06158888195578594,0.17259032661749832,0.3252982476086609,False
Prevotellaceae UCG-004,RANTES,0.10038081963214901,0.02597956707875963,0.08080245549512566,True
Prevotellaceae UCG-004,IFNG,0.017716389796929702,0.6950584073885893,0.8070761990179972,False
Prevotellaceae UCG-004,GMCSF,-0.1564755913142685,0.0004949978199546565,0.003731887564202147,True
Prevotellaceae UCG-004,TNFA,-0.1208373892491632,0.007289427913050601,0.03053136384559505,True
Prevotellaceae UCG-004,HGF,-0.06382569894239477,0.15749025307924047,0.30576532013973323,False
Prevotellaceae UCG-004,MIP1B,-0.03677432957441786,0.4157053390659362,0.5826304454725435,False
Prevotellaceae UCG-004,IFNA,0.06152116874546316,0.17306370990726083,0.3256694093782001,False
Prevotellaceae UCG-004,TGFB,-0.06436724940258139,0.15398912954823957,0.30120248170664377,False
Prevotellaceae UCG-004,MCP1,-0.1156794981549228,0.010228862493459162,0.039636842162154254,True
Prevotellaceae UCG-004,IL9,-0.007205983723674656,0.873328562841083,0.9249548635889375,False
Prevotellaceae UCG-004,VEGFD,-0.06427957636491596,0.15455189957904153,0.30172186164061954,False
Prevotellaceae UCG-004,TNFB,0.016947176178044917,0.7076773360310564,0.8174983102177833,False
Prevotellaceae UCG-004,NGF,0.010117950051563107,0.8228647930772591,0.8909326527987236,False
Prevotellaceae UCG-004,EGF,-0.06564450397791047,0.14596560093037106,0.289473868511746,False
Prevotellaceae UCG-004,BDNF,0.05654253532000381,0.21057506468158246,0.3744263036904214,False
Prevotellaceae UCG-004,TRAIL,-0.04881796445574507,0.27981947713430044,0.451861663109302,False
Prevotellaceae UCG-004,GCSF,-0.03598537829197953,0.4257868137874704,0.5906115591894497,False
Prevotellaceae UCG-004,GROA,0.026138419544464258,0.5629925525583099,0.710885697767426,False
Prevotellaceae UCG-004,IL1A,0.021923922697021085,0.6275930085137318,0.759210221651693,False
Prevotellaceae UCG-004,IL23,-0.016201247139580443,0.7199912448711732,0.824446839813601,False
Prevotellaceae UCG-004,IL12P40,-0.008754635779963367,0.8464131504635879,0.9078758854961134,False
Prevotellaceae UCG-004,IL15,-0.08675950644620746,0.05446102214551509,0.14165793542626626,False
Prevotellaceae UCG-004,IL18,0.032473753582525404,0.4723503892328865,0.6342875560174869,False
Prevotellaceae UCG-004,MCSF,0.05248498553882987,0.24523014502553822,0.41476110673378896,False
Prevotellaceae UCG-004,MCP3,-0.01074064904003365,0.8121603356645002,0.8858563661229456,False
Prevotellaceae UCG-004,MIG,-0.08137080902878617,0.07134234105316598,0.1737287395568569,False
Prevotellaceae UCG-004,RESISTIN,0.026146140926601218,0.5628771895995652,0.710885697767426,False
Prevotellaceae UCG-004,IL21,-0.015270139564449402,0.7354639938834192,0.8348605972485356,False
Prevotellaceae UCG-004,ICAM1,0.06933764626154945,0.12455792517669494,0.2590101250805766,False
Prevotellaceae UCG-004,VCAM1,-0.004861162400710012,0.9143509434780956,0.9521373802582954,False
Prevotellaceae UCG-004,FGFB,-0.012233746743423495,0.7866390623977717,0.8696957442558189,False
Prevotellaceae UCG-004,IL22,0.01971302342684079,0.6627016510949824,0.7830115797290764,False
Prevotellaceae UCG-004,PDGFBB,0.05915865712935253,0.19019167930439979,0.34941951494653223,False
Prevotellaceae UCG-004,VEGF,-0.06197131242686368,0.16993486351199,0.32170874924407267,False
Prevotellaceae UCG-004,LEPTIN,-0.14943859521156933,0.0008842939250219958,0.006021377131074631,True
Prevotellaceae UCG-004,PAI1,-0.11427806804750539,0.011190994144780437,0.04245729823688037,True
Prevotellaceae UCG-004,CD40L,-0.10609369311393645,0.018575958418910785,0.062077954659508945,True
Prevotellaceae UCG-004,ENA78,-0.07121295950448357,0.11466549274999421,0.2451721937731412,False
Rikenellaceae RC9 gut group,IL17F,-0.11944652395043732,0.007996578491327195,0.03269860281338629,True
Rikenellaceae RC9 gut group,FASL,-0.05229207324029852,0.2469717184531906,0.4168090033493675,False
Rikenellaceae RC9 gut group,TGFA,-0.11909509756014132,0.00818467648039642,0.03327540601866086,True
Rikenellaceae RC9 gut group,MIP1A,0.023215269569006165,0.607462442364572,0.7432778572894997,False
Rikenellaceae RC9 gut group,SDF1A,0.027328092634800533,0.5453534209438665,0.6982894889911682,False
Rikenellaceae RC9 gut group,IL27,0.04418812437972613,0.32801263986731954,0.4995249621186568,False
Rikenellaceae RC9 gut group,LIF,-0.010549671229265613,0.8154397042450783,0.8873640959822668,False
Rikenellaceae RC9 gut group,IL1B,0.032493553597393164,0.47208023795792353,0.6342863077438653,False
Rikenellaceae RC9 gut group,IL2,-0.03960361821110086,0.38072555265660735,0.5496258591047591,False
Rikenellaceae RC9 gut group,IL4,0.019428608336715905,0.6672743576218989,0.7876244421629227,False
Rikenellaceae RC9 gut group,IL5,-0.06578108932101695,0.1451268314885738,0.28805291911295694,False
Rikenellaceae RC9 gut group,IP10,-0.1017570363967126,0.023995525978765565,0.07568066828108656,True
Rikenellaceae RC9 gut group,IL6,-0.033070311560980656,0.4642483116831979,0.6273409935908313,False
Rikenellaceae RC9 gut group,IL7,0.024375126202062208,0.5896306492932086,0.7318265610181593,False
Rikenellaceae RC9 gut group,IL8,-0.03337774368856191,0.4601032628845687,0.6231694667180476,False
Rikenellaceae RC9 gut group,IL10,0.11329898914780691,0.011909891113916162,0.04454433432243678,True
Rikenellaceae RC9 gut group,IFNB,-0.10543263419604207,0.019325947078599998,0.0639493417376146,True
Rikenellaceae RC9 gut group,EOTAXIN,-0.001764259263139769,0.9688635572142483,0.9830103409675578,False
Rikenellaceae RC9 gut group,IL12P70,0.14935308220365184,0.0008904166888152825,0.006050752994850382,True
Rikenellaceae RC9 gut group,IL13,0.038772970030914726,0.39080344712487003,0.5585277048384554,False
Rikenellaceae RC9 gut group,IL17A,0.011308937525396655,0.8024216143764613,0.8795686557800085,False
Rikenellaceae RC9 gut group,IL31,-0.047441442818569865,0.2936184189741318,0.4648958300423754,False
Rikenellaceae RC9 gut group,IL1RA,-0.03906258542602315,0.3872714683089953,0.5556874021620799,False
Rikenellaceae RC9 gut group,SCF,0.14135092862209,0.0016714850391778755,0.009994971452545874,True
Rikenellaceae RC9 gut group,RANTES,-0.04320777193574675,0.3388683434496106,0.5095788674987035,False
Rikenellaceae RC9 gut group,IFNG,0.01670348775238192,0.7116919897895819,0.8202168118522694,False
Rikenellaceae RC9 gut group,GMCSF,-0.22147272917830593,6.985889238003105e-07,1.582572600455319e-05,True
Rikenellaceae RC9 gut group,TNFA,-0.050127218637185784,0.26710890147070265,0.4378058163189375,False
Rikenellaceae RC9 gut group,HGF,-0.012053843233794662,0.7897026300510095,0.8712429859050238,False
Rikenellaceae RC9 gut group,MIP1B,0.002333954434814493,0.9588171388750608,0.9774873125009275,False
Rikenellaceae RC9 gut group,IFNA,0.04632968877471395,0.3050900482221361,0.4764571996691028,False
Rikenellaceae RC9 gut group,TGFB,-0.08889475656093637,0.04876180810167397,0.13121966863226028,False
Rikenellaceae RC9 gut group,MCP1,-0.027253355023602394,0.5464534475229181,0.699158691579325,False
Rikenellaceae RC9 gut group,IL9,-0.024790639551186787,0.5833015373993835,0.7278911134072815,False
Rikenellaceae RC9 gut group,VEGFD,-0.07235183620703523,0.10896546196289653,0.23669335161470548,False
Rikenellaceae RC9 gut group,TNFB,-0.05188198551909535,0.25070255363787847,0.4200300861909306,False
Rikenellaceae RC9 gut group,NGF,0.0029278368626868547,0.9483511462787547,0.9708082992104046,False
Rikenellaceae RC9 gut group,EGF,0.08681759567007377,0.05429894778277366,0.14143056313476077,False
Rikenellaceae RC9 gut group,BDNF,0.141449944262135,0.00165882825605282,0.00996733199586068,True
Rikenellaceae RC9 gut group,TRAIL,-0.018949265576615693,0.6750089041807825,0.7935733424400816,False
Rikenellaceae RC9 gut group,GCSF,-0.02195458068632816,0.6271117900108321,0.759210221651693,False
Rikenellaceae RC9 gut group,GROA,-0.017144757361269972,0.7044282082851656,0.8151438402356828,False
Rikenellaceae RC9 gut group,IL1A,-0.023638908880680605,0.6009215429652295,0.738930412954176,False
Rikenellaceae RC9 gut group,IL23,-0.07679202419549805,0.08884724741730497,0.2022662768459109,False
Rikenellaceae RC9 gut group,IL12P40,-0.04063163237142804,0.36847575218805817,0.5382076082796435,False
Rikenellaceae RC9 gut group,IL15,-0.03448738671256182,0.4453151987095205,0.6112220263091351,False
Rikenellaceae RC9 gut group,IL18,-0.0030032539197263077,0.947022669033919,0.9703415828764332,False
Rikenellaceae RC9 gut group,MCSF,-0.042727228622629405,0.34427252016552023,0.5138460928159427,False
Rikenellaceae RC9 gut group,MCP3,0.049424548358291145,0.2738805308441091,0.4450086418404973,False
Rikenellaceae RC9 gut group,MIG,-0.02828763587034349,0.5313284568290793,0.6876562395020348,False
Rikenellaceae RC9 gut group,RESISTIN,-0.0007640120836332634,0.9865135970235182,0.9913525419438723,False
Rikenellaceae RC9 gut group,IL21,0.031379518131936124,0.48741135355120657,0.649133876701892,False
Rikenellaceae RC9 gut group,ICAM1,0.01571723981562125,0.7280204668210886,0.8298094919354062,False
Rikenellaceae RC9 gut group,VCAM1,-0.026758610766540708,0.5537628670216347,0.7046531540388719,False
Rikenellaceae RC9 gut group,FGFB,-0.03748072418440366,0.40679919028976463,0.574348359992769,False
Rikenellaceae RC9 gut group,IL22,0.06584596998233028,0.1447296915564447,0.28774949646158965,False
Rikenellaceae RC9 gut group,PDGFBB,0.024620249462593044,0.5858931047068687,0.7296594443221279,False
Rikenellaceae RC9 gut group,VEGF,-0.048179337837719105,0.2861657896423232,0.45723080810655026,False
Rikenellaceae RC9 gut group,LEPTIN,-0.25613865510346684,8.243594753142975e-09,3.808217497726441e-07,True
Rikenellaceae RC9 gut group,PAI1,-0.002392745729379145,0.9577807144514294,0.9770060719782503,False
Rikenellaceae RC9 gut group,CD40L,0.10516987538034879,0.019631301661124582,0.06473246565935552,True
Rikenellaceae RC9 gut group,ENA78,-0.03226626182658046,0.47518650535551143,0.6375509149302875,False
Romboutsia,IL17F,-0.05306841228114124,0.24001542057022335,0.40917245359149507,False
Romboutsia,FASL,0.011356372571545901,0.801610082460001,0.8794381160771886,False
Romboutsia,TGFA,-0.12429504997116854,0.005767802585095879,0.02576102917627657,True
Romboutsia,MIP1A,0.06761588767500164,0.1342131776343274,0.27165485095058023,False
Romboutsia,SDF1A,0.059169832841654425,0.19010782790727493,0.34941951494653223,False
Romboutsia,IL27,-0.05817955343344738,0.19764369335168638,0.3588132086859841,False
Romboutsia,LIF,-0.0018696786946894501,0.9670040954410164,0.9820093314047563,False
Romboutsia,IL1B,0.02952580785992029,0.5135044289253343,0.672804739628271,False
Romboutsia,IL2,0.07528131489567658,0.09532755181129941,0.21288313940039946,False
Romboutsia,IL4,-0.0026080941099557325,0.9539849854239584,0.9738407586342034,False
Romboutsia,IL5,0.09268394353560828,0.03987656618331408,0.11291969943255767,True
Romboutsia,IP10,-0.0008961600263318217,0.9841811931252448,0.9904002066164858,False
Romboutsia,IL6,0.028170065701455874,0.5330370455463362,0.6885061838306843,False
Romboutsia,IL7,0.11924085531638151,0.008106186954419274,0.033070435436557244,True
Romboutsia,IL8,-0.032729901671500805,0.4688620682515171,0.6317199560720705,False
Romboutsia,IL10,0.04871242045973033,0.2808616835652326,0.4526061056632613,False
Romboutsia,IFNB,-0.05250628209512372,0.24503841176047714,0.41458563598397424,False
Romboutsia,EOTAXIN,-0.14011681674540316,0.0018368438312737722,0.010792030090975081,True
Romboutsia,IL12P70,-0.09501477177422668,0.03512299988346621,0.10247651730705437,True
Romboutsia,IL13,-0.013422121913471328,0.7664869978121972,0.8548727015928924,False
Romboutsia,IL17A,-0.06692773838769774,0.13822977852285034,0.27728340417184794,False
Romboutsia,IL31,0.054927450338481114,0.22392053944779192,0.38946678156526343,False
Romboutsia,IL1RA,0.03495681190410779,0.439141468779116,0.6050393569845598,False
Romboutsia,SCF,-0.021939330051418127,0.6273511495472697,0.759210221651693,False
Romboutsia,RANTES,0.03430321398227528,0.44775078572492033,0.6127800471495279,False
Romboutsia,IFNG,-0.011963428619764266,0.7912435236266263,0.8723137545692019,False
Romboutsia,GMCSF,-0.12693890789752704,0.0048039422033743125,0.022257793178269186,True
Romboutsia,TNFA,0.020320471513777593,0.6529773947321772,0.7775153293646052,False
Romboutsia,HGF,-0.06963296330018541,0.12295751186562441,0.25647445591448526,False
Romboutsia,MIP1B,0.0020188778912150836,0.9643727235651814,0.9806051517995543,False
Romboutsia,IFNA,0.0208841348947381,0.6440062886175681,0.7709750081214383,False
Romboutsia,TGFB,-0.02915854499697094,0.518758780314835,0.677737149071998,False
Romboutsia,MCP1,-0.11553253973944382,0.010326188529801847,0.03991550480100599,True
Romboutsia,IL9,-0.032087208178274484,0.477641382279098,0.6400797129108645,False
Romboutsia,VEGFD,0.05906976534509063,0.19085960180167866,0.3499484458521677,False
Romboutsia,TNFB,-0.024905624199702374,0.5815556814760906,0.7264820708153072,False
Romboutsia,NGF,0.05008150752334905,0.2675458971536055,0.43834362565639395,False
Romboutsia,EGF,0.05364621044845106,0.23492829108658025,0.40371338716264266,False
Romboutsia,BDNF,0.036403046314850064,0.42043210239736317,0.5860641171770375,False
Romboutsia,TRAIL,0.05920074893067941,0.189876005839559,0.34935405681999293,False
Romboutsia,GCSF,-0.001574186802680757,0.9722166080793428,0.9844939218680592,False
Romboutsia,GROA,-0.0009139564721272703,0.9838670966992936,0.9904002066164858,False
Romboutsia,IL1A,0.07285726416509333,0.10650848709574076,0.23256162705983802,False
Romboutsia,IL23,-0.03880698941138309,0.39038755855403173,0.5581026019134094,False
Romboutsia,IL12P40,0.01590114151540615,0.7249661499297532,0.8275291905205903,False
Romboutsia,IL15,0.052241840858652945,0.24742662008359603,0.4171594784189916,False
Romboutsia,IL18,0.017112985387921775,0.7049503223129951,0.8154140433672971,False
Romboutsia,MCSF,-0.008350383285950563,0.853423125837666,0.9124869001468305,False
Romboutsia,MCP3,0.0028186086111090278,0.9502754631533608,0.9723556964991609,False
Romboutsia,MIG,0.027358676687511456,0.5449035852423827,0.6980332962894136,False
Romboutsia,RESISTIN,-0.09873162154826585,0.028541981368332716,0.08643304383520807,True
Romboutsia,IL21,0.12094251206095082,0.007238326628316783,0.030398391330328595,True
Romboutsia,ICAM1,0.019871068092330114,0.6601660683484141,0.782369847600032,False
Romboutsia,VCAM1,0.03809203632878885,0.3991842166824645,0.5670654293059308,False
Romboutsia,FGFB,-0.04840387788343598,0.2839234761193251,0.45503307860659276,False
Romboutsia,IL22,0.08026036832963558,0.07530487537504865,0.18030313656871405,False
Romboutsia,PDGFBB,0.07704300068484352,0.08780576800293222,0.20087467670751472,False
Romboutsia,VEGF,0.028591296998488457,0.5269283481193798,0.6847452775340644,False
Romboutsia,LEPTIN,-0.1399136969993642,0.0018654537071881641,0.010905729365100036,True
Romboutsia,PAI1,-0.05875466889964143,0.19324106394985582,0.35249600769576356,False
Romboutsia,CD40L,-0.06215756253788076,0.16865271727500633,0.31979541400395567,False
Romboutsia,ENA78,-0.07101023046122054,0.11570423802531467,0.2463616672278729,False
Roseburia,IL17F,-0.021689309510693606,0.6312807956642941,0.7621304404740338,False
Roseburia,FASL,-0.04764771346098551,0.2915221650428182,0.4628209035315901,False
Roseburia,TGFA,-0.10079709715350044,0.025365031542562522,0.07925731341416087,True
Roseburia,MIP1A,-0.10982541832930834,0.014800436846212578,0.052554377105767644,True
Roseburia,SDF1A,-0.03207021363907175,0.4778747410983627,0.6400797129108645,False
Roseburia,IL27,-0.03641863490130912,0.42023301524193524,0.5860631190249065,False
Roseburia,LIF,-0.043448126635913964,0.33618579548638117,0.5076583191730019,False
Roseburia,IL1B,0.0031423693980463592,0.944572527148559,0.9688345119555964,False
Roseburia,IL2,-0.13259080140582805,0.0032134567960682247,0.016512331977179363,True
Roseburia,IL4,-0.10125514277592801,0.024703366131192554,0.0775498076017184,True
Roseburia,IL5,-0.0364916127663738,0.41930172455826265,0.5855808316889548,False
Roseburia,IP10,-0.13644041438905283,0.0024222253438511906,0.013210099328966215,True
Roseburia,IL6,-0.056927320552985376,0.20748198807730436,0.37032391205312815,False
Roseburia,IL7,0.08690089559617738,0.05406723354879413,0.14090973699221124,False
Roseburia,IL8,-0.045988722341695834,0.30866692966335896,0.48080613969380076,False
Roseburia,IL10,-0.09849849350714053,0.028921156033071285,0.08736422422964399,True
Roseburia,IFNB,-0.11526845901869642,0.010503147530533349,0.04043368559139962,True
Roseburia,EOTAXIN,-0.059740219763493245,0.18586418568546334,0.34358259825417936,False
Roseburia,IL12P70,-0.023839617314855423,0.5978337612370876,0.7374326395154861,False
Roseburia,IL13,-0.025262026289096885,0.5761598272475766,0.722230674645007,False
Roseburia,IL17A,-0.05964850914175855,0.18654175567082726,0.34469990302781883,False
Roseburia,IL31,-0.006596697113980827,0.8839598963914042,0.9318163382094623,False
Roseburia,IL1RA,-0.05320718529903537,0.23878661028148784,0.408259255314358,False
Roseburia,SCF,-0.02272792995886388,0.61502577624872,0.7494525864999191,False
Roseburia,RANTES,-0.006989766645294916,0.8770987884378503,0.9279051394519872,False
Roseburia,IFNG,-0.03151593953151833,0.4855196671043115,0.6476461170459883,False
Roseburia,GMCSF,-0.04971007132784381,0.27111497133080775,0.442192365839656,False
Roseburia,TNFA,0.006824340845984115,0.8799852379005134,0.929706376902964,False
Roseburia,HGF,-0.025394444737048858,0.5741610580462299,0.7206837787729982,False
Roseburia,MIP1B,-0.0009034646076700047,0.984052271416351,0.9904002066164858,False
Roseburia,IFNA,-0.04126839791879442,0.36101215188335,0.5304300778529296,False
Roseburia,TGFB,-0.06335681549856292,0.16056986968307707,0.30884942768386486,False
Roseburia,MCP1,-0.0746057545782039,0.0983449876971905,0.21826207902502975,False
Roseburia,IL9,-0.04856000736873302,0.2823713357800796,0.45332041293495945,False
Roseburia,VEGFD,-0.02127674527740753,0.6377879230532815,0.766647115670169,False
Roseburia,TNFB,0.0017403925307700773,0.9692845591480578,0.9830103409675578,False
Roseburia,NGF,0.032810675783779115,0.46776501039896856,0.631007365874589,False
Roseburia,EGF,0.02870509960222351,0.5252841161610222,0.6836047403829492,False
Roseburia,BDNF,0.06931194025662521,0.12469799663536849,0.25910781278756445,False
Roseburia,TRAIL,-0.07951486180244643,0.07806431593175212,0.1852160406195448,False
Roseburia,GCSF,-0.05215648755154777,0.24820091536698946,0.41756496148601535,False
Roseburia,GROA,-0.02723158020441782,0.5467741465343405,0.699158691579325,False
Roseburia,IL1A,-0.08410253754332714,0.0623156627246049,0.1572744524683119,False
Roseburia,IL23,-0.03512434047547026,0.43695010951076907,0.60307818278112,False
Roseburia,IL12P40,-0.036451904896064466,0.41980829749700865,0.5859409649899007,False
Roseburia,IL15,0.0002959873387389095,0.9947749967826842,0.9968115010998388,False
Roseburia,IL18,-0.03140479025855116,0.48706061866921224,0.6488633404493436,False
Roseburia,MCSF,-0.04702940380722076,0.2978359367772365,0.4692086038429751,False
Roseburia,MCP3,-0.05881619900396138,0.19277432504777778,0.3522602173236924,False
Roseburia,MIG,-0.16804861037604646,0.00018062345110258243,0.0016558321042711448,True
Roseburia,RESISTIN,-0.009989388721060805,0.8250789855288437,0.8928000634718072,False
Roseburia,IL21,-0.09058440895768433,0.04461365835756574,0.1227201156922649,False
Roseburia,ICAM1,-0.038855096106212524,0.3897999097785373,0.5577701715385569,False
Roseburia,VCAM1,-0.09320736059285714,0.038764194126378985,0.11050023153266653,True
Roseburia,FGFB,0.015606808383620219,0.7298566336387333,0.831299119580786,False
Roseburia,IL22,0.04565902106013241,0.3121518194572061,0.4838353201586695,False
Roseburia,PDGFBB,-0.07141983769684634,0.1136130438530104,0.24383409694570712,False
Roseburia,VEGF,0.016828628245684405,0.709629354514855,0.8189501637212825,False
Roseburia,LEPTIN,-0.02329466632706472,0.606234163383095,0.7426111505667633,False
Roseburia,PAI1,0.2027561061390874,5.813076701371289e-06,9.25378966785862e-05,True
Roseburia,CD40L,-0.03160280865378588,0.48431716465287444,0.6468544444003244,False
Roseburia,ENA78,-0.046977065118249894,0.29837453530138025,0.46990000345591704,False
Ruminococcus,IL17F,0.14629353971567036,0.0011370490169910863,0.007299420937414167,True
Ruminococcus,FASL,0.017815571454937857,0.6934373593200891,0.8055909361726479,False
Ruminococcus,TGFA,0.052345992798622,0.24648407620671944,0.41628421759357065,False
Ruminococcus,MIP1A,0.0664587037133121,0.1410199370186265,0.2818006544663987,False
Ruminococcus,SDF1A,0.08306820423167109,0.06561598086441135,0.16341569864329084,False
Ruminococcus,IL27,-0.023288719125031263,0.6063261290537698,0.7426111505667633,False
Ruminococcus,LIF,0.0020755342940131307,0.9633735950043352,0.980435503166399,False
Ruminococcus,IL1B,-0.06559778618780746,0.14625334188894032,0.28992248505708323,False
Ruminococcus,IL2,0.03155554205768723,0.484971261827725,0.6473610724453938,False
Ruminococcus,IL4,0.042964027820610595,0.3416026652357792,0.5116439156360432,False
Ruminococcus,IL5,0.10229461758004299,0.023256870133863405,0.0735479007186338,True
Ruminococcus,IP10,-0.08510663702283348,0.05924397635029757,0.15109521389954325,False
Ruminococcus,IL6,-0.020652230868852983,0.6476910451253877,0.7735613813775617,False
Ruminococcus,IL7,0.022890728499550844,0.6124946075529132,0.7474940665085021,False
Ruminococcus,IL8,-0.0005827504946998789,0.9897130369865936,0.9932966624666303,False
Ruminococcus,IL10,-0.02735176694756294,0.5450051988643363,0.6980332962894136,False
Ruminococcus,IFNB,-0.01933510999087025,0.6687802897511252,0.7889076496892407,False
Ruminococcus,EOTAXIN,0.042004222503926235,0.35250612689478067,0.522292826114227,False
Ruminococcus,IL12P70,-0.018849252758856926,0.6766270421262817,0.7948807336073396,False
Ruminococcus,IL13,0.08007743774131158,0.07597452009401359,0.18162959852003654,False
Ruminococcus,IL17A,-0.1369791480771598,0.002326950541793933,0.012831135671620864,True
Ruminococcus,IL31,-0.0880827923354788,0.05086727398288274,0.13503470141258786,False
Ruminococcus,IL1RA,0.03345101566115731,0.4591184063396123,0.6223722470288415,False
Ruminococcus,SCF,-0.019096682560348088,0.6726265299492526,0.7911673013282273,False
Ruminococcus,RANTES,0.025801494224404083,0.5680374991110647,0.7153242462623187,False
Ruminococcus,IFNG,0.06840628038132461,0.12971150200437173,0.2664344365495203,False
Ruminococcus,GMCSF,0.1332334341736089,0.003066872706727247,0.01595044613035186,True
Ruminococcus,TNFA,0.15927546122914862,0.0003902664566872166,0.0030751430500169973,True
Ruminococcus,HGF,0.13855471065385502,0.0020676116799253903,0.011770752989640705,True
Ruminococcus,MIP1B,0.2666979862358284,1.8576346787538905e-09,1.0545993501552207e-07,True
Ruminococcus,IFNA,0.0810400015140698,0.07250457661615398,0.17601317105374423,False
Ruminococcus,TGFB,0.050450053945861904,0.2640365474947669,0.4350140600683013,False
Ruminococcus,MCP1,-0.02043155243026592,0.6512054473415179,0.7762408469196135,False
Ruminococcus,IL9,-0.039756192604043596,0.37889188428468135,0.548043600707333,False
Ruminococcus,VEGFD,-0.17526159954531498,9.310574039808968e-05,0.0009558044635202583,True
Ruminococcus,TNFB,0.044958654155049765,0.31964003109282346,0.49131961717831424,False
Ruminococcus,NGF,0.09363450411684385,0.03787600593145984,0.10862552644494143,True
Ruminococcus,EGF,-0.028259337575868272,0.5317394487228199,0.6877727923090659,False
Ruminococcus,BDNF,-0.04448449539156941,0.32477562036311414,0.4963873657628733,False
Ruminococcus,TRAIL,0.09849697520440778,0.028923639600646145,0.08736422422964399,True
Ruminococcus,GCSF,0.08145683668669083,0.07104260468893507,0.17371704893319256,False
Ruminococcus,GROA,-0.10496518782254782,0.019872073686809058,0.06529791576865013,True
Ruminococcus,IL1A,0.11288610269487986,0.012225095753969462,0.04541542579461399,True
Ruminococcus,IL23,0.006784765651782106,0.880676007049108,0.9298107428221817,False
Ruminococcus,IL12P40,0.0707028077437262,0.11729346723686314,0.24884593319230036,False
Ruminococcus,IL15,0.00933828718035946,0.8363137739213613,0.8999110533723349,False
Ruminococcus,IL18,0.032886013309176426,0.4667430705176222,0.6298090917179369,False
Ruminococcus,MCSF,0.03279963972119279,0.4679148163122695,0.6310287963547263,False
Ruminococcus,MCP3,-0.004891328320643874,0.9138215075863723,0.9517964066637901,False
Ruminococcus,MIG,0.04839525185459193,0.28400939817105036,0.45503307860659276,False
Ruminococcus,RESISTIN,0.06124873026758781,0.17497810944028658,0.3288778826017672,False
Ruminococcus,IL21,-0.01872367506806358,0.678660910927027,0.7958407174192689,False
Ruminococcus,ICAM1,-0.16246582128579162,0.0002962369909998548,0.0024575153197030205,True
Ruminococcus,VCAM1,0.04615021027084259,0.3069694215107223,0.478795072545026,False
Ruminococcus,FGFB,0.07113083287187341,0.11508540915698086,0.24571021655989753,False
Ruminococcus,IL22,-0.07830642696555254,0.08271110731996223,0.19293798895626832,False
Ruminococcus,PDGFBB,-0.12069338589784774,0.0073599532253037,0.030769981170258656,True
Ruminococcus,VEGF,0.11001860432125983,0.014624805514373496,0.05208774269367189,True
Ruminococcus,LEPTIN,0.06286737115416133,0.16383270072782452,0.31317634313570347,False
Ruminococcus,PAI1,0.17504042865686778,9.50545673205192e-05,0.0009730307172878899,True
Ruminococcus,CD40L,-0.011629765470857274,0.7969369848758268,0.8765562728139346,False
Ruminococcus,ENA78,-0.14234415229991745,0.0015484436983185569,0.009512733645993534,True
Staphylococcus,IL17F,0.0036284203539714488,0.9360163108264818,0.9646782276059455,False
Staphylococcus,FASL,0.027017786134831343,0.5499278259202653,0.7018580486826355,False
Staphylococcus,TGFA,0.0136403971929503,0.7628021739466255,0.8533532392299381,False
Staphylococcus,MIP1A,-0.08066860435967983,0.07382778202679709,0.17803301377188735,False
Staphylococcus,SDF1A,0.013958693917913193,0.7574384456481905,0.8497737990224461,False
Staphylococcus,IL27,-0.011125310408079347,0.8055651539746022,0.880701393394043,False
Staphylococcus,LIF,-0.002755825081499095,0.9513816767521346,0.9728538326510543,False
Staphylococcus,IL1B,0.013600593529085866,0.7634737246423332,0.8536991434538856,False
Staphylococcus,IL2,-0.0018221717006270256,0.9678420355427226,0.9822298315127661,False
Staphylococcus,IL4,0.004058546695058993,0.9284506732497304,0.9602708533918612,False
Staphylococcus,IL5,0.0023842544592364992,0.957930401642512,0.9770060719782503,False
Staphylococcus,IP10,-0.010205029856858564,0.8213658279136569,0.890537455390969,False
Staphylococcus,IL6,0.0001828322115501668,0.9967724865956468,0.9980433397447275,False
Staphylococcus,IL7,-0.21880794964937295,9.55654958240628e-07,2.0406624446826764e-05,True
Staphylococcus,IL8,0.009725086560335586,0.8296353637538665,0.8959985867541185,False
Staphylococcus,IL10,-0.03805358086185815,0.3996607120270974,0.5675712100879092,False
Staphylococcus,IFNB,0.043990770853886876,0.3301797061698615,0.5017113110197959,False
Staphylococcus,EOTAXIN,0.0773544484220434,0.08652702459323286,0.19888553165039669,False
Staphylococcus,IL12P70,-0.09093221797544439,0.043797675453241855,0.12108797289798234,False
Staphylococcus,IL13,0.011979157656141581,0.7909754024607263,0.8723137545692019,False
Staphylococcus,IL17A,0.07883735868027829,0.08064270264428276,0.18933154701537638,False
Staphylococcus,IL31,-0.05936342193726552,0.1886596336853506,0.34779506804592025,False
Staphylococcus,IL1RA,-0.03996138778731318,0.3764343694834096,0.5459399042800326,False
Staphylococcus,SCF,-0.07433343835946178,0.09958260808786767,0.22050434648027842,False
Staphylococcus,RANTES,0.029927462171512136,0.5077898289917371,0.6679803668925364,False
Staphylococcus,IFNG,0.030036261190390837,0.5062476214390893,0.6661590030250919,False
Staphylococcus,GMCSF,0.14171657012776523,0.0016251823302208073,0.009833246723718617,True
Staphylococcus,TNFA,-0.03889955394215213,0.3892573108349926,0.5573322542250031,False
Staphylococcus,HGF,-0.013153540172276426,0.7710283000369071,0.8586036522243884,False
Staphylococcus,MIP1B,-0.0011806050084279757,0.9791612380929527,0.9886024756575945,False
Staphylococcus,IFNA,-0.026355066768649325,0.5597600128875853,0.7084525946805773,False
Staphylococcus,TGFB,0.00978885553864083,0.8285355035502183,0.8951522100814054,False
Staphylococcus,MCP1,-0.005371665112655297,0.905396506704176,0.9472087787722197,False
Staphylococcus,IL9,0.02778618859853523,0.5386349617439996,0.693227846313989,False
Staphylococcus,VEGFD,-0.03718382332798938,0.41052857730977454,0.5777809606582012,False
Staphylococcus,TNFB,0.0037675001836305444,0.9335693253456814,0.9642653794451668,False
Staphylococcus,NGF,-0.016169504799102327,0.7205168889872892,0.8247411014652419,False
Staphylococcus,EGF,-0.0688464537232804,0.12725566407812577,0.26287974096279204,False
Staphylococcus,BDNF,-0.026703896783960412,0.554574140699367,0.7054949651661493,False
Staphylococcus,TRAIL,-0.06336204444892941,0.16053527768136205,0.30884942768386486,False
Staphylococcus,GCSF,-0.06799206317142281,0.1320558759245136,0.26937112006766584,False
Staphylococcus,GROA,0.022726134011297396,0.6150537249565338,0.7494525864999191,False
Staphylococcus,IL1A,-0.03643372046433773,0.4200404049477813,0.5860631190249065,False
Staphylococcus,IL23,-0.016115247964051987,0.7214156715656717,0.8250753991304477,False
Staphylococcus,IL12P40,0.10834957543007558,0.016204419522164292,0.0560611048373261,True
Staphylococcus,IL15,-0.02252491357256089,0.6181886560096986,0.7526886168262791,False
Staphylococcus,IL18,0.000775701211199523,0.986307279643152,0.9913525419438723,False
Staphylococcus,MCSF,0.018258928434667143,0.6862082104662668,0.8009267461781576,False
Staphylococcus,MCP3,-0.07169471022902703,0.11222643960136025,0.24180468201983366,False
Staphylococcus,MIG,-0.04459004077593779,0.32362785648700165,0.49575242515173984,False
Staphylococcus,RESISTIN,0.03724207507495651,0.40979528166881296,0.5774388059878728,False
Staphylococcus,IL21,-0.07222473327711892,0.10959031116446248,0.23759506887550966,False
Staphylococcus,ICAM1,-0.03897998804433213,0.3882767938615337,0.556604883685898,False
Staphylococcus,VCAM1,0.006160763864993518,0.8915793379589041,0.9377504108174902,False
Staphylococcus,FGFB,-0.05422874705412938,0.22987697509866872,0.39778931570507786,False
Staphylococcus,IL22,0.027778170322741068,0.5387522014435119,0.693227846313989,False
Staphylococcus,PDGFBB,0.03708355456449392,0.41179261811313217,0.5790411269916679,False
Staphylococcus,VEGF,-0.06899977389463997,0.12640877327278194,0.26170871273670854,False
Staphylococcus,LEPTIN,0.16537858373300224,0.00022929261311725654,0.002008228239792775,True
Staphylococcus,PAI1,-0.10927347415102716,0.01531247644563993,0.05377257460098432,True
Staphylococcus,CD40L,-0.13436920622335502,0.002822590995309895,0.014860903536582619,True
Staphylococcus,ENA78,0.09492983932717455,0.03528734294633671,0.10289230195738773,True
Streptococcus,IL17F,0.0008891572017500744,0.9843047893856118,0.9904002066164858,False
Streptococcus,FASL,0.27603580850031684,4.705746032112543e-10,3.21354714540787e-08,True
Streptococcus,TGFA,0.02604490324239243,0.5643906549729156,0.7114523184142264,False
Streptococcus,MIP1A,-0.004822246386914445,0.9150340064132845,0.9523131196906185,False
Streptococcus,SDF1A,0.2501221337859838,1.871327257787398e-08,7.472622066690016e-07,True
Streptococcus,IL27,0.22401481363408784,5.162043293897066e-07,1.231717464123266e-05,True
Streptococcus,LIF,0.18768629845728466,2.7921961398742184e-05,0.0003435203188273451,True
Streptococcus,IL1B,0.27131524006967195,9.482860046754622e-10,5.728620069270228e-08,True
Streptococcus,IL2,0.1484167616414746,0.0009600689215508264,0.006409782507824562,True
Streptococcus,IL4,0.2373651297098881,9.932577031694866e-08,3.1410941592849804e-06,True
Streptococcus,IL5,0.05715898032674892,0.2056357224243199,0.36828412165085345,False
Streptococcus,IP10,0.22472310944989005,4.741689851318827e-07,1.157660237275353e-05,True
Streptococcus,IL6,0.2713496534256804,9.435002193946687e-10,5.728620069270228e-08,True
Streptococcus,IL7,-0.01607738133385934,0.7220431723298177,0.8251921969483631,False
Streptococcus,IL8,0.31760088368753875,5.415877359736447e-13,1.7013076079385424e-10,True
Streptococcus,IL10,0.18695122415328075,3.00510604853985e-05,0.00036242085914849574,True
Streptococcus,IFNB,-0.005619003104615463,0.901062329319418,0.9447720729312633,False
Streptococcus,EOTAXIN,0.05084778680541303,0.2602849318085338,0.43154911987396594,False
Streptococcus,IL12P70,-0.022116394098260547,0.6245745337796841,0.7577227608573305,False
Streptococcus,IL13,0.20432965357563895,4.9002243988832105e-06,8.130231467442848e-05,True
Streptococcus,IL17A,0.22625180175446638,3.9437166120952355e-07,1.0220882591764757e-05,True
Streptococcus,IL31,0.29108780637147985,4.6009656189273593e-11,4.817722221419048e-09,True
Streptococcus,IL1RA,0.14934251151581693,0.0008911762687661641,0.006050752994850382,True
Streptococcus,SCF,0.08982255217436373,0.046445774906756526,0.12643124861966307,False
Streptococcus,RANTES,0.3239526931126507,1.746028443028824e-13,8.227286023551819e-11,True
Streptococcus,IFNG,0.26388151270084975,2.782122087891221e-09,1.4896999179708446e-07,True
Streptococcus,GMCSF,0.1965290477942447,1.1281423386392546e-05,0.000163061555204545,True
Streptococcus,TNFA,0.15537382268351133,0.0005429544053483094,0.004054518475437772,True
Streptococcus,HGF,0.023613759915231108,0.6013089508736233,0.738930412954176,False
Streptococcus,MIP1B,0.0793389841225343,0.0787271389563467,0.18603925715261063,False
Streptococcus,IFNA,0.22444246993612194,4.904147011535954e-07,1.1850431137619187e-05,True
Streptococcus,TGFB,0.22296300222412327,5.852991777322588e-07,1.358586071662268e-05,True
Streptococcus,MCP1,-0.15406526802596268,0.0006055075917928835,0.0044492878208641905,True
Streptococcus,IL9,0.32252165403388483,2.2585288500565988e-13,9.674716310424267e-11,True
Streptococcus,VEGFD,0.16999198729078766,0.00015148464036498553,0.0014275912507996237,True
Streptococcus,TNFB,0.29526135878353343,2.3553869626254486e-11,3.082939824414198e-09,True
Streptococcus,NGF,0.1144554778594783,0.011064922502406233,0.04208064151036172,True
Streptococcus,EGF,0.17579402368546265,8.856749712701098e-05,0.0009131948500272992,True
Streptococcus,BDNF,0.12595644461179692,0.005143707959248998,0.023372374063627074,True
Streptococcus,TRAIL,0.1505718116191929,0.0008067461672996228,0.005640041454474515,True
Streptococcus,GCSF,0.1400455444154984,0.001846836606153977,0.010837228005227321,True
Streptococcus,GROA,0.33256271841777224,3.6054189773267496e-14,2.4269620315948066e-11,True
Streptococcus,IL1A,0.22624325855556623,3.9477942098921596e-07,1.0220882591764757e-05,True
Streptococcus,IL23,0.18511546724843062,3.605996034380279e-05,0.00042058052757425424,True
Streptococcus,IL12P40,0.14680025699864346,0.001092272846554012,0.007069766006816628,True
Streptococcus,IL15,0.2629380726364417,3.1818387021868714e-09,1.6296547787722323e-07,True
Streptococcus,IL18,0.34946334569988996,1.4065041831253566e-15,1.325489542177336e-12,True
Streptococcus,MCSF,0.3131099763191457,1.18654852868941e-12,3.3366210323230664e-10,True
Streptococcus,MCP3,0.14012907230699215,0.0018351305326463673,0.010792030090975081,True
Streptococcus,MIG,0.04459140103939766,0.32361308138489375,0.49575242515173984,False
Streptococcus,RESISTIN,0.11947027991735355,0.00798400367450547,0.03268516534688947,True
Streptococcus,IL21,0.1407618126902494,0.0017486384587934512,0.010364257129351876,True
Streptococcus,ICAM1,-0.038934696454025745,0.38882872794534096,0.5568878316347862,False
Streptococcus,VCAM1,-0.040746657214043414,0.3671204950946728,0.5368025343678341,False
Streptococcus,FGFB,0.18551088354657688,3.4676703888399124e-05,0.00040951536020585635,True
Streptococcus,IL22,0.17025759566178766,0.00014786354458662168,0.0014028574529920729,True
Streptococcus,PDGFBB,0.19861204125181617,9.058136641318828e-06,0.0001350694299173871,True
Streptococcus,VEGF,0.1303780131262355,0.003768184228492703,0.01843788586153439,True
Streptococcus,LEPTIN,0.19357285878863384,1.5343831276272764e-05,0.00020747537562824128,True
Streptococcus,PAI1,-0.13178344094408564,0.0034066261913299643,0.017167938624114216,True
Streptococcus,CD40L,-0.13242101231171,0.0032532342367014066,0.016662217090583725,True
Streptococcus,ENA78,0.2327270472082006,1.780936194566835e-07,5.244857092999329e-06,True
Subdoligranulum,IL17F,-0.04534721880938564,0.3154712094333649,0.4871282043869318,False
Subdoligranulum,FASL,0.026642746928491782,0.5554815277317089,0.7060774099465369,False
Subdoligranulum,TGFA,-0.07045083325890071,0.11860875190336918,0.2506208246496303,False
Subdoligranulum,MIP1A,-0.032662977086430366,0.4697720986551781,0.6323191472595919,False
Subdoligranulum,SDF1A,0.048206282037034205,0.28589609007938516,0.45723080810655026,False
Subdoligranulum,IL27,-0.0004336787305399188,0.9923444217041597,0.9950897882677167,False
Subdoligranulum,LIF,-0.021156272665882124,0.6396933557437323,0.7681536932376316,False
Subdoligranulum,IL1B,0.010498731177519914,0.8163149668209018,0.8873640959822668,False
Subdoligranulum,IL2,0.052230046866573794,0.24753351053894324,0.4171594784189916,False
Subdoligranulum,IL4,0.0577089187040686,0.2013005875164557,0.363281642427246,False
Subdoligranulum,IL5,0.02279916562034623,0.6139176496199561,0.7486490592673999,False
Subdoligranulum,IP10,0.008827337475473923,0.8451537282419145,0.9068433467390602,False
Subdoligranulum,IL6,0.04827914030888082,0.2851676686745805,0.4562682698793288,False
Subdoligranulum,IL7,0.19217408442360745,1.771885355244694e-05,0.000233869013835098,True
Subdoligranulum,IL8,-2.5542880678900195e-05,0.9995490936261204,0.9995490936261204,False
Subdoligranulum,IL10,0.03641582109834179,0.4202689471954921,0.5860631190249065,False
Subdoligranulum,IFNB,-0.19563508572217078,1.238705035472537e-05,0.00017527862243683467,True
Subdoligranulum,EOTAXIN,0.2198582219517151,8.45027301752613e-07,1.8612463966895997e-05,True
Subdoligranulum,IL12P70,0.08747614881876119,0.052489420065350054,0.13840523074870142,False
Subdoligranulum,IL13,0.024029906814314016,0.5949129222562788,0.735562762968141,False
Subdoligranulum,IL17A,-0.10097541299177282,0.025105651453216256,0.07870780415672321,True
Subdoligranulum,IL31,0.008238931133656877,0.855357827013353,0.913519057317978,False
Subdoligranulum,IL1RA,-0.05014536265875066,0.2669355813851221,0.4378003687736496,False
Subdoligranulum,SCF,0.182931298353894,4.46911742673683e-05,0.000504999551913284,True
Subdoligranulum,RANTES,-0.005260474366157905,0.9073458588655403,0.94799874726347,False
Subdoligranulum,IFNG,0.08907920554668215,0.048293827536827545,0.13042823635596093,False
Subdoligranulum,GMCSF,-0.13645329661981734,0.002419906194535253,0.013210099328966215,True
Subdoligranulum,TNFA,0.0721881723940827,0.1097705696415559,0.23770693244756963,False
Subdoligranulum,HGF,0.21465809163789096,1.5447048813720753e-06,3.020186473454448e-05,True
Subdoligranulum,MIP1B,0.04203551336848347,0.3521472342800034,0.5221264216259837,False
Subdoligranulum,IFNA,0.02861809282782642,0.5265409635614482,0.6846194868381743,False
Subdoligranulum,TGFB,-0.04735532302134343,0.2944965991185383,0.4653802780868495,False
Subdoligranulum,MCP1,0.07689255246541901,0.08842889919513384,0.20176722634302632,False
Subdoligranulum,IL9,-0.021711861215496665,0.630925915072023,0.761897209589793,False
Subdoligranulum,VEGFD,-0.18222851895831743,4.786076291368059e-05,0.0005369521782125308,True
Subdoligranulum,TNFB,0.0713176534807517,0.11413193248786543,0.2443387850444443,False
Subdoligranulum,NGF,0.016091263228263066,0.7218131090786987,0.8251921969483631,False
Subdoligranulum,EGF,0.1323939415862485,0.0032596174226698447,0.016676783165711518,True
Subdoligranulum,BDNF,0.04167450284931458,0.356301884912549,0.5263375342306543,False
Subdoligranulum,TRAIL,0.0249881266699903,0.5803045176758044,0.7254961229207721,False
Subdoligranulum,GCSF,-0.0038440265328215377,0.9322231778902204,0.9636228127946292,False
Subdoligranulum,GROA,-0.019265986803001223,0.6698944782834484,0.788932194460898,False
Subdoligranulum,IL1A,-0.029315729278869673,0.5165065937039368,0.6756743668886592,False
Subdoligranulum,IL23,-0.014193491343939057,0.75348922638407,0.8467671901966604,False
Subdoligranulum,IL12P40,0.14224242751876465,0.0015606519611508964,0.009537992271002625,True
Subdoligranulum,IL15,0.05328694066372528,0.23808239669900783,0.40753169981484333,False
Subdoligranulum,IL18,0.07301042677554598,0.10577264366724975,0.23138379617459648,False
Subdoligranulum,MCSF,0.005030170493598364,0.9113852121148672,0.9499804282143345,False
Subdoligranulum,MCP3,0.0919739709364055,0.04142846224325289,0.11626617873151139,True
Subdoligranulum,MIG,0.026382108283584116,0.5593571639651549,0.7084525946805773,False
Subdoligranulum,RESISTIN,-0.07416927540393822,0.1003346583912183,0.22160891316972872,False
Subdoligranulum,IL21,-0.0011562333485236158,0.9795913257300777,0.9886130492268422,False
Subdoligranulum,ICAM1,0.017971793717513285,0.6908868634000472,0.8040972328851748,False
Subdoligranulum,VCAM1,0.0193163822230887,0.669082088751148,0.7889076496892407,False
Subdoligranulum,FGFB,0.010717098284580113,0.812564560351953,0.8858871375239248,False
Subdoligranulum,IL22,0.16390189555901602,0.00026122983277587086,0.0022380272218907337,True
Subdoligranulum,PDGFBB,0.12260369449596518,0.006472273978415651,0.028030657156520727,True
Subdoligranulum,VEGF,-0.000726580158185276,0.987174290191745,0.9915935313117676,False
Subdoligranulum,LEPTIN,-0.15779447528615742,0.0004427750148497439,0.0034061299452057847,True
Subdoligranulum,PAI1,0.06526083744689964,0.14834148284001408,0.2933052495401868,False
Subdoligranulum,CD40L,-0.017538883962989606,0.6979630722443775,0.8094516358394059,False
Subdoligranulum,ENA78,-0.1141183145639564,0.011305605326275855,0.04272013816953635,True
Sutterella,IL17F,-0.15227475798901005,0.0007019698701140294,0.005026872382944234,True
Sutterella,FASL,-0.22189468717943417,6.64535395893852e-07,1.5200440706076846e-05,True
Sutterella,TGFA,-0.053903061474226896,0.23269149856903934,0.40060005161027157,False
Sutterella,MIP1A,-0.15746991997073273,0.00045512797319356517,0.0034927736314138095,True
Sutterella,SDF1A,-0.3114595170020023,1.5777113170897212e-12,3.717087863063383e-10,True
Sutterella,IL27,-0.11515424780080946,0.01058050930568162,0.04058606443168059,True
Sutterella,LIF,-0.12074478819194814,0.007334709336626662,0.030693739248832,True
Sutterella,IL1B,-0.20979279527832395,2.6800677992721243e-06,4.8399819222769586e-05,True
Sutterella,IL2,-0.185192356072679,3.5786959859608286e-05,0.00041882326538269734,True
Sutterella,IL4,-0.20120991626828186,6.8666529818944095e-06,0.000107062107657099,True
Sutterella,IL5,-0.12504511569256835,0.005478070409056699,0.02470111748083748,True
Sutterella,IP10,-0.17830954686282627,6.980438121690803e-05,0.0007424791067586245,True
Sutterella,IL6,-0.19068749751337397,2.062387647162748e-05,0.00026845222633786926,True
Sutterella,IL7,-0.05550853417853011,0.2190512634500616,0.3844206902706481,False
Sutterella,IL8,-0.21419216862315738,1.629312152660831e-06,3.1724458112966266e-05,True
Sutterella,IL10,-0.18691812435739574,3.0150461966513225e-05,0.00036242085914849574,True
Sutterella,IFNB,-0.08452425170085977,0.061009944273265816,0.15464166617301156,False
Sutterella,EOTAXIN,0.12312160786372266,0.006248770754799927,0.027263155367238202,True
Sutterella,IL12P70,0.014085651964345195,0.7553022597892469,0.848184997170384,False
Sutterella,IL13,-0.13853373805859553,0.002070882783430463,0.011770752989640705,True
Sutterella,IL17A,-0.25771703922333394,6.625142231312053e-09,3.1854765504022853e-07,True
Sutterella,IL31,-0.1258851099525649,0.005169201095107157,0.023442998614191458,True
Sutterella,IL1RA,-0.11817402057317113,0.008696540389308033,0.03501026083330498,True
Sutterella,SCF,0.04364318345507535,0.3340188494999371,0.5052638262740622,False
Sutterella,RANTES,-0.2920285218107951,3.960220961130156e-11,4.3396653881035574e-09,True
Sutterella,IFNG,-0.16607154999366264,0.00021560005315558655,0.0019024484091182093,True
Sutterella,GMCSF,-0.2321748546737047,1.907606285372846e-07,5.583006718432825e-06,True
Sutterella,TNFA,-0.20970410416542212,2.706800527146214e-06,4.849598510993521e-05,True
Sutterella,HGF,0.057002822041867525,0.2068789493626999,0.36994823886035744,False
Sutterella,MIP1B,-0.20795253397576113,3.2900723251478504e-06,5.720598079740469e-05,True
Sutterella,IFNA,-0.2176996911185137,1.0874166296621668e-06,2.267215557065544e-05,True
Sutterella,TGFB,-0.13215040624235166,0.0033175557824330114,0.016863243777369998,True
Sutterella,MCP1,0.1450057376505453,0.0012585664999138816,0.007992406128833169,True
Sutterella,IL9,-0.23293232808266134,1.735945319777928e-07,5.1445121677947145e-06,True
Sutterella,VEGFD,-0.24910912156181328,2.1438666999385197e-08,8.488991504294374e-07,True
Sutterella,TNFB,-0.22499700930164726,4.5881315486784145e-07,1.1281922106652017e-05,True
Sutterella,NGF,-0.15490359903270146,0.0005647071012535943,0.004190393482058167,True
Sutterella,EGF,-0.11419835684702602,0.011248051741972178,0.04260516061750234,True
Sutterella,BDNF,-0.0412948898651298,0.3607036991216186,0.5303782923686969,False
Sutterella,TRAIL,-0.2535774531328908,1.1716471622948685e-08,5.064955439204974e-07,True
Sutterella,GCSF,-0.11708763753780538,0.009336781445189036,0.03693947453377895,True
Sutterella,GROA,-0.213022743665556,1.861676895634473e-06,3.5515066932103795e-05,True
Sutterella,IL1A,-0.2805781076809381,2.367384036294917e-10,1.9561828562013168e-08,True
Sutterella,IL23,-0.09764946922700292,0.03033882431220855,0.0907084645679738,True
Sutterella,IL12P40,0.016768987635296863,0.7106121207617622,0.8195311767628491,False
Sutterella,IL15,-0.2533453119160022,1.2093535534934641e-08,5.180430858237456e-07,True
Sutterella,IL18,-0.2804669976217223,2.4078651455788705e-10,1.9561828562013168e-08,True
Sutterella,MCSF,-0.22436765043297985,4.948354192262395e-07,1.18962474254798e-05,True
Sutterella,MCP3,-0.15093793705609243,0.0007830687084305323,0.005526721668032758,True
Sutterella,MIG,-0.135716911239522,0.0025557774385769434,0.013763226617799496,True
Sutterella,RESISTIN,-0.07529657737448736,0.09526024456285943,0.21288313940039946,False
Sutterella,IL21,-0.2111887668471628,2.2911646099773634e-06,4.218769945261527e-05,True
Sutterella,ICAM1,0.07513209816264915,0.0959875969493465,0.21405279546867995,False
Sutterella,VCAM1,-0.038113800471778876,0.39891469187696316,0.5670654293059308,False
Sutterella,FGFB,-0.20979005548349178,2.680889816880913e-06,4.8399819222769586e-05,True
Sutterella,IL22,-0.03830090833047443,0.39660207673584036,0.5646647872447919,False
Sutterella,PDGFBB,-0.15733631703813325,0.0004603056064186361,0.0035267642560075016,True
Sutterella,VEGF,-0.26183032907407294,3.7225579866443697e-09,1.8463887613756073e-07,True
Sutterella,LEPTIN,-0.20035592481227102,7.524219006465046e-06,0.0001147382522927615,True
Sutterella,PAI1,0.06427601002621697,0.15457482470298292,0.30172186164061954,False
Sutterella,CD40L,0.054925919133035885,0.22393347151727971,0.38946678156526343,False
Sutterella,ENA78,-0.27257806554380043,7.872336754168417e-10,5.15200705356133e-08,True
Tyzzerella,IL17F,-0.031165541810720815,0.4903864278582063,0.6520711989684106,False
Tyzzerella,FASL,0.0940757433988283,0.03697668870204419,0.10682658317843789,True
Tyzzerella,TGFA,0.049597569597293015,0.27220237101297273,0.4435053845826859,False
Tyzzerella,MIP1A,0.03629529234917113,0.4218097744910708,0.5869957641470542,False
Tyzzerella,SDF1A,0.13292473450370595,0.00313651083693004,0.01622309447158545,True
Tyzzerella,IL27,-0.02810654320078304,0.5339613377808994,0.68932214345852,False
Tyzzerella,LIF,0.03106807366924536,0.49174482099014716,0.6534409465610754,False
Tyzzerella,IL1B,0.16163661780563843,0.0003183976500327137,0.0026001555059863898,True
Tyzzerella,IL2,0.10169655733924983,0.024079882131260607,0.07589592281103677,True
Tyzzerella,IL4,0.04359992961043947,0.33449859317588804,0.5055026847481668,False
Tyzzerella,IL5,-0.06974043794641446,0.12237906406418281,0.25617509989801396,False
Tyzzerella,IP10,0.07985885126935767,0.07678103127532283,0.1828156742644372,False
Tyzzerella,IL6,0.046952410229255004,0.29862847438754986,0.4701427902820364,False
Tyzzerella,IL7,-0.2546331002555509,1.0140708478291806e-08,4.4657026495057e-07,True
Tyzzerella,IL8,0.07045678681467166,0.11857754243625043,0.2506208246496303,False
Tyzzerella,IL10,0.012889272114495675,0.7755043148287522,0.8622407577803398,False
Tyzzerella,IFNB,0.13999127667203737,0.0018544786078350066,0.010868536318555411,True
Tyzzerella,EOTAXIN,-0.021377417496594886,0.6361974868772723,0.7657120199656978,False
Tyzzerella,IL12P70,-0.10712998217547275,0.01745134120144869,0.05924403439569613,True
Tyzzerella,IL13,-0.04965699434459002,0.2716276233464635,0.44272202048029613,False
Tyzzerella,IL17A,0.19467285624185704,1.3692007794538708e-05,0.00019196927972216907,True
Tyzzerella,IL31,0.01924454417320334,0.6702402568616512,0.788932194460898,False
Tyzzerella,IL1RA,0.05287497101818635,0.2417357118817613,0.41107061392050404,False
Tyzzerella,SCF,-0.03809502314028768,0.39914722186367313,0.5670654293059308,False
Tyzzerella,RANTES,0.088634529404912,0.04942850173415625,0.13253875310730936,False
Tyzzerella,IFNG,0.0067955877781063125,0.8804871021585953,0.9298107428221817,False
Tyzzerella,GMCSF,0.13300409895447043,0.003118471453520756,0.01614751372416462,True
Tyzzerella,TNFA,0.014373500577305817,0.7504658691550489,0.8459797070475097,False
Tyzzerella,HGF,0.013511843481167865,0.7649717164605176,0.8548727015928924,False
Tyzzerella,MIP1B,0.034441735399705256,0.445918210389633,0.6116933354748036,False
Tyzzerella,IFNA,-0.04744298937926203,0.2936026644221358,0.4648958300423754,False
Tyzzerella,TGFB,0.0575488861562637,0.20255520250407166,0.36499119613680964,False
Tyzzerella,MCP1,-0.14373631317511715,0.0013899464861074752,0.008732570456717898,True
Tyzzerella,IL9,0.1271899202919577,0.004720446530182269,0.021978996097054202,True
Tyzzerella,VEGFD,0.026786519693539214,0.553349269603308,0.7045073651366623,False
Tyzzerella,TNFB,0.06813763968592736,0.13122824456095322,0.26861315741581737,False
Tyzzerella,NGF,-0.08736076950620023,0.05280277008080181,0.13876556197475634,False
Tyzzerella,EGF,0.11267859449541753,0.012386276004537114,0.04588375199165006,True
Tyzzerella,BDNF,0.027757845507138328,0.539049439083573,0.6932317022275644,False
Tyzzerella,TRAIL,0.08388306839231384,0.06300425242166115,0.15850295643933118,False
Tyzzerella,GCSF,-0.018348853570285727,0.6847453970027952,0.8004874947066952,False
Tyzzerella,GROA,0.0568256630739293,0.20829594438620927,0.3713547067528634,False
Tyzzerella,IL1A,0.09309542108874024,0.03899985385908478,0.11097059866184027,True
Tyzzerella,IL23,-0.058151362832667704,0.19786136426882253,0.35898072000250425,False
Tyzzerella,IL12P40,0.1221252345379542,0.006685094471360728,0.02866257065427821,True
Tyzzerella,IL15,0.04795413048406339,0.2884267169250246,0.4597654567492273,False
Tyzzerella,IL18,0.1260891058869727,0.0050965993196825776,0.023270519374364636,True
Tyzzerella,MCSF,0.08137778427541593,0.07131799956402936,0.1737287395568569,False
Tyzzerella,MCP3,0.01881227029629861,0.6772257703498469,0.7952611813541298,False
Tyzzerella,MIG,0.09551079807421906,0.034176151132769936,0.10008578255911246,True
Tyzzerella,RESISTIN,0.01426896474851291,0.7522211459446597,0.8467671901966604,False
Tyzzerella,IL21,0.16503500478692185,0.00023637930643913329,0.0020626283184096224,True
Tyzzerella,ICAM1,-0.05744454821878282,0.20337623867015875,0.3659293924340564,False
Tyzzerella,VCAM1,0.04430035887661241,0.32678434708369486,0.4981584741049402,False
Tyzzerella,FGFB,-0.01214427133607212,0.7881623262005838,0.8705819987939946,False
Tyzzerella,IL22,-0.17009824344090804,0.00015002615285510972,0.0014166798241548636,True
Tyzzerella,PDGFBB,-0.015041350135469762,0.7392826347387027,0.8367791095223086,False
Tyzzerella,VEGF,0.01325567963810572,0.7693003480448782,0.8571632158873177,False
Tyzzerella,LEPTIN,0.10352571517482409,0.021639057814573964,0.06955200574506992,True
Tyzzerella,PAI1,-0.28807375907992017,7.411574754319916e-11,6.930318060306967e-09,True
Tyzzerella,CD40L,0.028209162672862147,0.5324685614234738,0.6882087659014483,False
Tyzzerella,ENA78,0.13005728103074174,0.00385542082553476,0.018728600958680196,True
UCG-002,IL17F,0.2530170901418307,1.2646784079098519e-08,5.368616809073172e-07,True
UCG-002,FASL,0.09899669711188717,0.028116038940162395,0.08541765021666357,True
UCG-002,TGFA,0.1855260980177142,3.4624497171602985e-05,0.00040951536020585635,True
UCG-002,MIP1A,0.15557093720840243,0.0005340694539853664,0.004007221763023959,True
UCG-002,SDF1A,0.05698117323507444,0.20705173092642998,0.3699763959519674,False
UCG-002,IL27,0.05420918636587542,0.23004533108629593,0.3978955684816905,False
UCG-002,LIF,0.0764763123823221,0.09017142692947415,0.204469568667797,False
UCG-002,IL1B,-0.021243779457331736,0.6383090844427524,0.7670778897970542,False
UCG-002,IL2,0.1718715796407727,0.00012754861659596396,0.0012366442004118974,True
UCG-002,IL4,0.11229687051887091,0.012687683505690344,0.0465812818801512,True
UCG-002,IL5,0.1368723780823391,0.002345556422336728,0.012879757820718101,True
UCG-002,IP10,0.02556680874763023,0.571564251167806,0.7183811020279279,False
UCG-002,IL6,0.035600288184682694,0.4307588362957505,0.5961044454113293,False
UCG-002,IL7,0.014989071560249154,0.7401561015406621,0.8373626771811765,False
UCG-002,IL8,0.016061433903501815,0.7223074984377669,0.8252941155768083,False
UCG-002,IL10,0.021391738099779355,0.6359713831969265,0.7657120199656978,False
UCG-002,IFNB,0.12013866139218629,0.007637365836310684,0.03167893294075347,True
UCG-002,EOTAXIN,0.010249268689394086,0.820604562812546,0.8901217080968501,False
UCG-002,IL12P70,0.10257974386260876,0.022873144324728988,0.07272170677849558,True
UCG-002,IL13,0.04930362151190573,0.2750575954750395,0.4463055750269924,False
UCG-002,IL17A,-0.08729246109455366,0.052989017188812174,0.1391596764528833,False
UCG-002,IL31,-0.03028799484885279,0.5026887774988327,0.6629357737404141,False
UCG-002,IL1RA,0.05198145869321557,0.24979399834663513,0.41961829597481093,False
UCG-002,SCF,0.06458609563327669,0.15259114025696502,0.2989391530550367,False
UCG-002,RANTES,0.04447805235894153,0.32484577120506297,0.4963873657628733,False
UCG-002,IFNG,0.08394375943343228,0.06281320850080888,0.15810675131186508,False
UCG-002,GMCSF,0.15973575871990373,0.0003751673991914029,0.002976075395605876,True
UCG-002,TNFA,0.2120090453500388,2.0884899458675776e-06,3.9363858499712104e-05,True
UCG-002,HGF,0.12375071823196056,0.005986613358059535,0.02656207358114551,True
UCG-002,MIP1B,0.18361974785322185,4.1779439560858185e-05,0.00047756040591870807,True
UCG-002,IFNA,0.07737005932299797,0.08646332596265481,0.19883611124257172,False
UCG-002,TGFB,0.08951141546526356,0.047211948864552516,0.12814671834664254,False
UCG-002,MCP1,0.14996917374687352,0.000847165778777141,0.005819016253058145,True
UCG-002,IL9,0.029722075647281635,0.5107078345747209,0.6705085863795165,False
UCG-002,VEGFD,0.058011278452850715,0.1989456053277513,0.3602456544146276,False
UCG-002,TNFB,0.04036682910274184,0.37160752230806715,0.5411046492940706,False
UCG-002,NGF,0.03979165776817774,0.37846643450080253,0.5478752194678285,False
UCG-002,EGF,0.05107663015999918,0.258143112225113,0.4292932249635707,False
UCG-002,BDNF,-0.16489823777456195,0.00023925687447444726,0.002078770603628529,True
UCG-002,TRAIL,0.16733946771583597,0.0001925072274048775,0.0017377280757313845,True
UCG-002,GCSF,0.08696518060498759,0.05388897580454031,0.14052288544050576,False
UCG-002,GROA,-0.030529451143670283,0.4992876573138064,0.6597429728723095,False
UCG-002,IL1A,0.12695235478607247,0.0047994357346892585,0.022257793178269186,True
UCG-002,IL23,0.13596877731494406,0.0025085418647350956,0.013602128039852439,True
UCG-002,IL12P40,-0.0029358449315285847,0.948210076674066,0.9708082992104046,False
UCG-002,IL15,0.0982436640468063,0.029340564818876615,0.0883968934952344,True
UCG-002,IL18,0.0436071340631749,0.33441865532631565,0.5055026847481668,False
UCG-002,MCSF,0.085042799828657,0.05943546236324656,0.15137507140624568,False
UCG-002,MCP3,0.037628268777583136,0.40495339492981375,0.5728431092492592,False
UCG-002,MIG,0.15404500033749716,0.0006065270353436839,0.0044492878208641905,True
UCG-002,RESISTIN,0.07992226372271498,0.0765463472082127,0.1824412686115823,False
UCG-002,IL21,0.12925122001760295,0.004082795105430429,0.019373746764137143,True
UCG-002,ICAM1,-0.10267437268566004,0.022747009618837254,0.07242156035402779,True
UCG-002,VCAM1,0.13523583514508342,0.0026482599224280927,0.014164132524950253,True
UCG-002,FGFB,0.07340006220628824,0.10391882398788932,0.22796345373879628,False
UCG-002,IL22,-0.04876747253919395,0.28031773804378474,0.4521785507765305,False
UCG-002,PDGFBB,-0.1762880111384767,8.454392436843802e-05,0.0008736205518071928,True
UCG-002,VEGF,0.21807677224705,1.0407412274776442e-06,2.18927351065833e-05,True
UCG-002,LEPTIN,0.03380363759917643,0.45439528162344445,0.6195343075838166,False
UCG-002,PAI1,0.01634315764347362,0.7176428639577779,0.8225573278932253,False
UCG-002,CD40L,0.1415063871615763,0.0016516527795945677,0.00995215843663632,True
UCG-002,ENA78,-0.10976623991130292,0.014854607242544312,0.05268723015783721,True
UCG-003,IL17F,-0.13276811302637126,0.0031723891135791243,0.016390677086825477,True
UCG-003,FASL,-0.1119857296136641,0.012938127746492065,0.04729593323620683,True
UCG-003,TGFA,-0.07753996450891819,0.08577248461274543,0.1981630143443811,False
UCG-003,MIP1A,-0.02959587784816585,0.5125050993339015,0.6719321168785042,False
UCG-003,SDF1A,-0.2224603742180898,6.213764278909655e-07,1.4282564527913314e-05,True
UCG-003,IL27,-0.05244897871164637,0.24555455373517612,0.41516076684612485,False
UCG-003,LIF,-0.10161402177061062,0.02419541624508282,0.07615818393241834,True
UCG-003,IL1B,-0.18990212247189292,2.2335735994044395e-05,0.00028834517261352657,True
UCG-003,IL2,-0.08936994464790074,0.047563809655689314,0.1288790518100104,False
UCG-003,IL4,-0.12947659721286925,0.004018028790671979,0.0191629065401279,True
UCG-003,IL5,-0.07397778585561687,0.10121759071671381,0.2232739100873143,False
UCG-003,IP10,-0.03874486510965484,0.39114723345377633,0.5588495342735579,False
UCG-003,IL6,-0.061886915088510734,0.17051824746715086,0.32229521944051936,False
UCG-003,IL7,0.14286622566014975,0.001487156631515342,0.00922037111539512,True
UCG-003,IL8,-0.10866430131026207,0.01589559574080643,0.055276787550317265,True
UCG-003,IL10,-0.03318695364283042,0.462673214062183,0.6257509140818043,False
UCG-003,IFNB,-0.10734214407366587,0.01722857981789333,0.058826860943415486,True
UCG-003,EOTAXIN,-0.1385178040736309,0.0020733711760190544,0.011770752989640705,True
UCG-003,IL12P70,-0.02076855785941237,0.6458416257941658,0.7725833309830183,False
UCG-003,IL13,-0.1129326471610063,0.012189198143710243,0.04540355861910092,True
UCG-003,IL17A,-0.2972506105412105,1.705262023434219e-11,2.4349074710369817e-09,True
UCG-003,IL31,-0.07538577146422365,0.09486765880439615,0.21225850345978853,False
UCG-003,IL1RA,-0.08407837620053923,0.062391164182592565,0.15738070965116496,False
UCG-003,SCF,-0.007852194018692138,0.8620778608731969,0.9170982341384551,False
UCG-003,RANTES,-0.08249704061791747,0.06749915478593338,0.16713400806690387,False
UCG-003,IFNG,-0.10560535357278662,0.019127489507381263,0.0634262706254613,True
UCG-003,GMCSF,-0.3097984279397742,2.0979255886138504e-12,4.4933751697947564e-10,True
UCG-003,TNFA,-0.20923934749500858,2.851107671489277e-06,5.05053358949529e-05,True
UCG-003,HGF,-0.08716352702089943,0.05334205527645438,0.13971526651620514,False
UCG-003,MIP1B,-0.28799749309117334,7.50098092265822e-11,6.930318060306967e-09,True
UCG-003,IFNA,-0.12050005424779546,0.007455596402438609,0.03103424933594587,True
UCG-003,TGFB,-0.18212980434799914,4.832263162184039e-05,0.0005408461762520473,True
UCG-003,MCP1,-0.022268557813745562,0.6221926267135496,0.7559598380074536,False
UCG-003,IL9,-0.15403262530527825,0.0006071502692732755,0.0044492878208641905,True
UCG-003,VEGFD,-0.02045529697764685,0.6508269318756525,0.7759859572363549,False
UCG-003,TNFB,-0.12930383468122392,0.004067591357701725,0.01934055547678156,True
UCG-003,NGF,-0.10038141634070209,0.025978677075565035,0.08080245549512566,True
UCG-003,EGF,-0.03545480724722449,0.4326458920382912,0.5980133303855758,False
UCG-003,BDNF,-0.05744292593093286,0.2033890235112041,0.3659293924340564,False
UCG-003,TRAIL,-0.16080310313275556,0.0003422251261442075,0.002751817055275607,True
UCG-003,GCSF,-0.03944686624729499,0.38261507611451406,0.5509508810808197,False
UCG-003,GROA,-0.17407140102399946,0.00010405463228589879,0.001043203036874798,True
UCG-003,IL1A,-0.1465866064371502,0.001110950118387391,0.007161144949167422,True
UCG-003,IL23,-0.012390229194150042,0.783977003855884,0.8683826145201987,False
UCG-003,IL12P40,-0.25041688202043316,1.798541891672546e-08,7.305801201345722e-07,True
UCG-003,IL15,-0.20835906537028265,3.1448486672078542e-06,5.488343303660522e-05,True
UCG-003,IL18,-0.07102333791588944,0.11563685568077364,0.24632950450624114,False
UCG-003,MCSF,-0.11589428379870845,0.010088080902276496,0.039285154720270124,True
UCG-003,MCP3,-0.039087550914300204,0.38696791514745044,0.5555736795169977,False
UCG-003,MIG,-0.15229837167490137,0.000700609947852366,0.005024770280487593,True
UCG-003,RESISTIN,-0.036776312350710584,0.41568018085525893,0.5826304454725435,False
UCG-003,IL21,-0.08992306363454403,0.04620050642688224,0.12590907246007468,False
UCG-003,ICAM1,0.13526220090075572,0.0026431134068014167,0.014152670878236675,True
UCG-003,VCAM1,-0.11003300794260455,0.014611784416159472,0.052080732351696996,True
UCG-003,FGFB,-0.049743741880344694,0.2707901020598317,0.4419684658489529,False
UCG-003,IL22,-0.0852627081069286,0.058777974224915194,0.15011480463295412,False
UCG-003,PDGFBB,-0.026615549109948934,0.5558853413018743,0.7064001424526514,False
UCG-003,VEGF,-0.11914906994518398,0.00815553402209371,0.033185558127897724,True
UCG-003,LEPTIN,-0.3213367070489761,2.792097423715854e-13,1.0314608561327477e-10,True
UCG-003,PAI1,-0.016042893093275702,0.7226148509495405,0.8254451339816327,False
UCG-003,CD40L,0.05373125861514505,0.2341859727496267,0.4028127783476948,False
UCG-003,ENA78,-0.27199486688455266,8.579995224139633e-10,5.390524999486127e-08,True
UCG-005,IL17F,-0.049170912171118616,0.27635330417666065,0.4480675919611582,False
UCG-005,FASL,0.011476129180018382,0.7995622042788086,0.8784185373191294,False
UCG-005,TGFA,0.0015326843735602152,0.9729488158039408,0.9844939218680592,False
UCG-005,MIP1A,0.06860822745877103,0.12858027211955075,0.26477991713899146,False
UCG-005,SDF1A,0.04059627787311552,0.3688929323139155,0.5384831155709944,False
UCG-005,IL27,-0.006166016783610546,0.8914874641593866,0.9377504108174902,False
UCG-005,LIF,0.004698253527882964,0.9172107727174375,0.9530955198082255,False
UCG-005,IL1B,-0.006926049983467173,0.8782103645644761,0.9286641018464568,False
UCG-005,IL2,0.013438415530583687,0.7662117533074652,0.8548727015928924,False
UCG-005,IL4,-0.0006609408636321522,0.9883328791547046,0.9925457217768474,False
UCG-005,IL5,-0.008058049555797626,0.8584995964098674,0.9156289210263331,False
UCG-005,IP10,0.018140187328604677,0.6881415699262377,0.8022490782897124,False
UCG-005,IL6,-0.0009100298256353439,0.9839363994049406,0.9904002066164858,False
UCG-005,IL7,0.0711003022401078,0.11524182047680934,0.24593272558275617,False
UCG-005,IL8,-0.0011671635437634732,0.9793984394075845,0.9886130492268422,False
UCG-005,IL10,-0.007599703059159354,0.8664706096775683,0.9191650891931578,False
UCG-005,IFNB,-0.029655692980441822,0.5116528236294652,0.6711882252065813,False
UCG-005,EOTAXIN,-0.07819735717819268,0.08314128435685539,0.19355816792959615,False
UCG-005,IL12P70,0.06683500387932216,0.13877804031139157,0.277899041958881,False
UCG-005,IL13,-0.0007858439469931,0.9861282573828882,0.9913525419438723,False
UCG-005,IL17A,-0.04947085833422775,0.27343067391182296,0.4447377754478805,False
UCG-005,IL31,-0.05937470773019104,0.1885754582416768,0.3477759527337695,False
UCG-005,IL1RA,0.015534166460833996,0.7310653094849324,0.8318714654172908,False
UCG-005,SCF,0.16907827870588024,0.00016458709885566582,0.0015266425389919237,True
UCG-005,RANTES,0.042838436416493916,0.3430170293238761,0.5129470778083479,False
UCG-005,IFNG,0.05293963645851981,0.2411596761076091,0.4104840978626262,False
UCG-005,GMCSF,-0.012240515415520424,0.7865238629488305,0.8696957442558189,False
UCG-005,TNFA,0.11372044062629436,0.01159557806934313,0.043606036602350226,True
UCG-005,HGF,0.11776263967624928,0.008934228493952937,0.035797691040396463,True
UCG-005,MIP1B,0.07929384363915326,0.07889799221357902,0.1862561820192306,False
UCG-005,IFNA,0.043187680199130364,0.3390932016053666,0.5095788674987035,False
UCG-005,TGFB,-0.03961781557154983,0.38055469712088796,0.5496258591047591,False
UCG-005,MCP1,0.07750008470136727,0.08593423680032404,0.19830675714244805,False
UCG-005,IL9,-0.04581585913786459,0.3104908552450336,0.48237154959268,False
UCG-005,VEGFD,0.01839348945432849,0.6840197415421463,0.7999754336427385,False
UCG-005,TNFB,0.0438689250932302,0.33152225240927213,0.5031023682294655,False
UCG-005,NGF,-0.08315502057375303,0.06533355713565966,0.16297073648662166,False
UCG-005,EGF,0.05744571708742402,0.2033670274730067,0.3659293924340564,False
UCG-005,BDNF,-0.0020415470415553775,0.9639729491600115,0.9804382223659182,False
UCG-005,TRAIL,0.06717415549253122,0.13678100513790256,0.27496249838301917,False
UCG-005,GCSF,0.049799086640357926,0.2702566879899367,0.44170985563946646,False
UCG-005,GROA,-0.0851019376946434,0.059258055026815776,0.15109521389954325,False
UCG-005,IL1A,0.071694039935649,0.11222980466412907,0.24180468201983366,False
UCG-005,IL23,0.02036472567786207,0.6522712238305769,0.7771180800732436,False
UCG-005,IL12P40,0.07803889347157282,0.08376949164908239,0.1948281562934236,False
UCG-005,IL15,0.05611793990430686,0.2140265971110052,0.37821882707770427,False
UCG-005,IL18,-0.008110226451913385,0.857593093576176,0.9154913133056052,False
UCG-005,MCSF,-0.011426352392623455,0.8004132380478587,0.8789436442977185,False
UCG-005,MCP3,0.02654059624859015,0.5569989258745806,0.706929882727697,False
UCG-005,MIG,0.17487411013688406,9.654529504673547e-05,0.0009825516852272518,True
UCG-005,RESISTIN,-0.027386344386067095,0.5444968021239815,0.697803312026533,False
UCG-005,IL21,0.07274083150902637,0.10707056965624795,0.23324850865475744,False
UCG-005,ICAM1,-0.034759355931420516,0.44173235480884954,0.6080756225122113,False
UCG-005,VCAM1,0.0942606040496842,0.0366053369086772,0.1058186181065564,True
UCG-005,FGFB,0.005508229004475271,0.9030031011763043,0.9461753641856229,False
UCG-005,IL22,0.016154022813626125,0.7207733140564232,0.8247411014652419,False
UCG-005,PDGFBB,-0.044409460576890394,0.3255931983662872,0.496791056333172,False
UCG-005,VEGF,0.02403976754272015,0.594761742715624,0.735562762968141,False
UCG-005,LEPTIN,-0.06592055190722128,0.1442741956177414,0.2869649682358791,False
UCG-005,PAI1,0.15305123949055355,0.000658510324219611,0.0047300314751872055,True
UCG-005,CD40L,0.09094377752685312,0.043770773147200966,0.12108797289798234,False
UCG-005,ENA78,-0.05564856819591413,0.21788924916432753,0.3831970631722797,False
UCG-009,IL17F,-0.09446185648368548,0.03620466313974957,0.10498238320892306,True
UCG-009,FASL,-0.2257320879356493,4.1992924129144225e-07,1.0682192012218942e-05,True
UCG-009,TGFA,-0.10435534116281732,0.02060472956154378,0.06695826599585813,True
UCG-009,MIP1A,-0.052415763215363516,0.2458540795056314,0.41541714167155885,False
UCG-009,SDF1A,-0.26861074802536744,1.4081825584639554e-09,8.191797796891554e-08,True
UCG-009,IL27,-0.2001915028490009,7.65753053093376e-06,0.00011602020534327934,True
UCG-009,LIF,-0.24190058225254102,5.545857115156159e-08,2.010159902047371e-06,True
UCG-009,IL1B,-0.22327856846048336,5.636866906157991e-07,1.3214386498416146e-05,True
UCG-009,IL2,-0.18104284468751133,5.369482120442218e-05,0.0005897668939749121,True
UCG-009,IL4,-0.23761965164319626,9.615971706095822e-08,3.078481551241139e-06,True
UCG-009,IL5,-0.1941537828852834,1.444921929422007e-05,0.0001984977297794897,True
UCG-009,IP10,-0.029462797456663983,0.5144039383853387,0.6732975993532545,False
UCG-009,IL6,-0.21158513364606296,2.19098558106937e-06,4.096795261110663e-05,True
UCG-009,IL7,-0.04868516138350113,0.281131282868802,0.45288567688129744,False
UCG-009,IL8,-0.23173871699737444,2.0137473033612328e-07,5.857269934221067e-06,True
UCG-009,IL10,-0.18380704582544477,4.101889043211252e-05,0.00047141710174661993,True
UCG-009,IFNB,-0.04453880653666857,0.3241846788773739,0.4961215351965527,False
UCG-009,EOTAXIN,-0.07102721689465188,0.11561692066120502,0.24632950450624114,False
UCG-009,IL12P70,-0.1224764124404637,0.006528287979445244,0.02811818369208957,True
UCG-009,IL13,-0.2362465659271968,1.1447271664259784e-07,3.5254603975158233e-06,True
UCG-009,IL17A,-0.22635407349961303,3.895216641213612e-07,1.0197536446350166e-05,True
UCG-009,IL31,-0.18034157996842196,5.745501629237653e-05,0.000626685270300181,True
UCG-009,IL1RA,-0.14987438688174398,0.0008536910655729312,0.005846791135144843,True
UCG-009,SCF,-0.15012024221627202,0.0008368612259557065,0.00577348476823322,True
UCG-009,RANTES,-0.20025824265969097,7.603149400621495e-06,0.00011556787088944673,True
UCG-009,IFNG,-0.264401692437729,2.5830479871947882e-09,1.4152700134490514e-07,True
UCG-009,GMCSF,-0.25725894846016906,7.060075380298526e-09,3.293769820986797e-07,True
UCG-009,TNFA,-0.2168046792470569,1.2063787606312732e-06,2.4822955109583227e-05,True
UCG-009,HGF,-0.053234893966503265,0.2385417859661138,0.40798870979031876,False
UCG-009,MIP1B,-0.22567768032338456,4.2269510884165787e-07,1.0682192012218942e-05,True
UCG-009,IFNA,-0.2311092251039762,2.177032812403187e-07,6.1896508387638085e-06,True
UCG-009,TGFB,-0.20839272266799255,3.133104141669854e-06,5.488173500203849e-05,True
UCG-009,MCP1,0.05891657087123847,0.19201472384201967,0.3513683024246978,False
UCG-009,IL9,-0.27936903136110375,2.8459023265667075e-10,2.1983429119315288e-08,True
UCG-009,VEGFD,-0.06348850729390448,0.15970037464110293,0.30820342654629485,False
UCG-009,TNFB,-0.2703174958247963,1.0977720567565044e-09,6.54772396384386e-08,True
UCG-009,NGF,-0.17424191264125444,0.00010241494424251755,0.0010333602082885282,True
UCG-009,EGF,-0.11708825302195697,0.00933640715585023,0.03693947453377895,True
UCG-009,BDNF,-0.13384503920895963,0.002933038921627335,0.015358092391904339,True
UCG-009,TRAIL,-0.20338401118084729,5.430884350532794e-06,8.755990071882021e-05,True
UCG-009,GCSF,-0.16180913290541865,0.0003136634676106048,0.002570403929358556,True
UCG-009,GROA,-0.22463307919913594,4.793234537571167e-07,1.1642124299502751e-05,True
UCG-009,IL1A,-0.21551236515838942,1.4003932243187285e-06,2.8320398596522955e-05,True
UCG-009,IL23,-0.19504240195617872,1.3176084451302206e-05,0.00018533047741652533,True
UCG-009,IL12P40,-0.22509885944200525,4.532259619592976e-07,1.124000385659058e-05,True
UCG-009,IL15,-0.2885605000065082,6.8649611844489e-11,6.68860960131502e-09,True
UCG-009,IL18,-0.25599752130314163,8.405689236973764e-09,3.845398804332075e-07,True
UCG-009,MCSF,-0.2555541633860692,8.935241510514104e-09,4.0097959997659485e-07,True
UCG-009,MCP3,-0.11773935661231602,0.008947852340459134,0.03581558859807012,True
UCG-009,MIG,-0.11219306914601289,0.012770755873325362,0.0468294176459993,True
UCG-009,RESISTIN,-0.1707898758952703,0.0001408500639814299,0.0013489542713018244,True
UCG-009,IL21,-0.14166155871949923,0.0016320726022539857,0.009846768376210987,True
UCG-009,ICAM1,0.15076396559764457,0.0007942381486437699,0.005569122256561671,True
UCG-009,VCAM1,-0.0450824070053949,0.3183084334348124,0.48967330667477504,False
UCG-009,FGFB,-0.2078517743196238,3.3270456606656825e-06,5.763270870514907e-05,True
UCG-009,IL22,-0.05825001285343974,0.19710041200612788,0.3581708991025355,False
UCG-009,PDGFBB,-0.18732087708149925,2.896185327237368e-05,0.00035263114371944385,True
UCG-009,VEGF,-0.12979466326826664,0.003928208368259363,0.018954447516820027,True
UCG-009,LEPTIN,-0.19376264034889945,1.5045935608296513e-05,0.00020490303059622302,True
UCG-009,PAI1,-0.03362292908774077,0.4568123279878441,0.6203419836665959,False
UCG-009,CD40L,0.02859159711773666,0.5269240085232259,0.6847452775340644,False
UCG-009,ENA78,-0.1956690950153699,1.2343165670838117e-05,0.00017518372482225666,True
Veillonella,IL17F,-0.04304485130301256,0.3406944315331091,0.5107706526834267,False
Veillonella,FASL,-0.048160797727154515,0.2863514674708043,0.45723080810655026,False
Veillonella,TGFA,-0.044002581416984154,0.3300497593752072,0.5016756342503149,False
Veillonella,MIP1A,-0.21329012857819735,1.805902138606104e-06,3.473228929433454e-05,True
Veillonella,SDF1A,-0.08074462690701405,0.07355534032498355,0.1777398787750372,False
Veillonella,IL27,0.001665995383537876,0.9705969565363003,0.9839614585195884,False
Veillonella,LIF,-0.002258265145395164,0.9601515578956172,0.9777899591104708,False
Veillonella,IL1B,0.05659076226425743,0.21018558194904646,0.3742119733803404,False
Veillonella,IL2,-0.03607772000084918,0.4245995427703737,0.5894852815362407,False
Veillonella,IL4,-0.05067062146555938,0.2619514773609892,0.4329412000438377,False
Veillonella,IL5,-0.00519759915047125,0.9084484093289411,0.9485062939858122,False
Veillonella,IP10,0.046539411909403416,0.30290363741942766,0.47481102445786527,False
Veillonella,IL6,0.0007966224659771941,0.9859380141263028,0.9913525419438723,False
Veillonella,IL7,-0.011485592717242681,0.7994004329862197,0.8784185373191294,False
Veillonella,IL8,-0.018405534795469997,0.6838239675584117,0.7999450186532363,False
Veillonella,IL10,-0.10366251508706519,0.021465462761783186,0.06913551642756142,True
Veillonella,IFNB,0.011218912118058444,0.8039623776582292,0.8798730272816316,False
Veillonella,EOTAXIN,0.08084130264007267,0.07321006841064766,0.17708718806518056,False
Veillonella,IL12P70,-0.12410204814183977,0.005844549030681867,0.026029787365380867,True
Veillonella,IL13,-0.06780793397242983,0.13310845477196037,0.27057888362047705,False
Veillonella,IL17A,0.042991414287403246,0.3412947437748721,0.5113452568099197,False
Veillonella,IL31,0.08593289916617074,0.05681125516460777,0.14612152529237543,False
Veillonella,IL1RA,-0.03204447057581566,0.47822834775094947,0.6401738564211573,False
Veillonella,SCF,-0.09081856700667719,0.04406291497997824,0.12158581227108367,False
Veillonella,RANTES,0.025132045257028335,0.5781249832812771,0.7237313818335223,False
Veillonella,IFNG,-0.022294072242674563,0.6217936194286837,0.7557109968398137,False
Veillonella,GMCSF,0.1095705436377328,0.015034984828379807,0.05306730225567464,True
Veillonella,TNFA,-0.04162189447792066,0.35690988390189393,0.5268669714742245,False
Veillonella,HGF,-0.022487109620414007,0.6187784023077747,0.7532120464154571,False
Veillonella,MIP1B,-0.1570393082423321,0.0004720127634730525,0.0035862205016518123,True
Veillonella,IFNA,-0.08851782675308977,0.04972995696033602,0.13278291965917524,False
Veillonella,TGFB,0.03389890880146843,0.45312389094943817,0.6181585912431248,False
Veillonella,MCP1,-0.05616758700404251,0.2136209287079344,0.37809015709578836,False
Veillonella,IL9,-0.008658113129166334,0.8480858306591992,0.9086657935666438,False
Veillonella,VEGFD,0.15000114488998803,0.000844975253206366,0.005812442909647294,True
Veillonella,TNFB,-0.006662159128425032,0.8828166271108149,0.9313629343165594,False
Veillonella,NGF,-0.001043943071062641,0.9815729911214842,0.9901727039012862,False
Veillonella,EGF,-0.0413454355439649,0.3601156398648192,0.5299877180067633,False
Veillonella,BDNF,-0.025417394174253382,0.5738149845136109,0.72044130216577,False
Veillonella,TRAIL,-0.16255184679160897,0.0002940223174005807,0.002447761766062785,True
Veillonella,GCSF,-0.10607427480935297,0.018597621712484226,0.06209604073852916,True
Veillonella,GROA,0.055272476144917024,0.2210201239735364,0.3865801129039731,False
Veillonella,IL1A,-0.13908950561823902,0.0019857795790638867,0.011452868269949857,True
Veillonella,IL23,-0.01480203501189932,0.7432838241853068,0.8402959164014313,False
Veillonella,IL12P40,0.049662048347622785,0.27157878000919394,0.44272202048029613,False
Veillonella,IL15,0.009781537666525404,0.8286617021169548,0.8951522100814054,False
Veillonella,IL18,0.010138475790205366,0.8225114110156149,0.8907627721214281,False
Veillonella,MCSF,-0.03417265398806947,0.4494819344098363,0.614145723575646,False
Veillonella,MCP3,-0.04882960056776838,0.2797047355741258,0.451861663109302,False
Veillonella,MIG,-0.13645377099374412,0.00241982083311283,0.013210099328966215,True
Veillonella,RESISTIN,0.014251936322250592,0.7525071941134032,0.8467671901966604,False
Veillonella,IL21,-0.15005233657265438,0.0008414787225224621,0.005796853421821405,True
Veillonella,ICAM1,0.1321518928799046,0.003317199284763274,0.016863243777369998,True
Veillonella,VCAM1,-0.03883509036804756,0.39004422530865723,0.557950330799755,False
Veillonella,FGFB,-0.07295334011339147,0.10604643535812744,0.2318750827877014,False
Veillonella,IL22,0.13436873484286962,0.0028226885961887614,0.014860903536582619,True
Veillonella,PDGFBB,0.1382039099006716,0.002122952551356224,0.01198006278082698,True
Veillonella,VEGF,-0.07481755391869482,0.09739089591726711,0.21677180045449346,False
Veillonella,LEPTIN,0.16497493895974816,0.00023763907704846206,0.0020697880426106346,True
Veillonella,PAI1,-0.07678983743546353,0.08885636525276645,0.2022662768459109,False
Veillonella,CD40L,-0.14808253661802673,0.0009861265128602006,0.006538312421114348,True
Veillonella,ENA78,0.08026775347706462,0.07527794214633828,0.18030313656871405,False
Victivallis,IL17F,-0.05408986744945009,0.23107418462089785,0.3983979355776329,False
Victivallis,FASL,-0.11662328790280305,0.00962299490508782,0.037817808167451054,True
Victivallis,TGFA,-0.014220330459140942,0.7530382078474793,0.8467671901966604,False
Victivallis,MIP1A,0.02453296500711797,0.5872227274683979,0.730462907030383,False
Victivallis,SDF1A,-0.21529668673245517,1.4355569635815325e-06,2.866247632371263e-05,True
Victivallis,IL27,-0.12967961356297195,0.003960485862758659,0.019023251157307648,True
Victivallis,LIF,-0.12252443654988,0.006507102775910858,0.028078267655761872,True
Victivallis,IL1B,-0.19340724153991307,1.5608369533991582e-05,0.00020909114726200644,True
Victivallis,IL2,-0.0806579003225516,0.07386620801415457,0.1780345637660851,False
Victivallis,IL4,-0.11954641290115707,0.00794382283197705,0.03260565608386399,True
Victivallis,IL5,-0.08045348646147894,0.07460315820147621,0.17927568548059927,False
Victivallis,IP10,0.0032884558915424445,0.9420001727278176,0.9685151241312407,False
Victivallis,IL6,-0.05411994680699201,0.23081451202598127,0.3983979355776329,False
Victivallis,IL7,-0.005043949537742085,0.9111434729791968,0.9499804282143345,False
Victivallis,IL8,-0.13040255227888775,0.003761583996337928,0.018424723275201994,True
Victivallis,IL10,-0.030892941305191875,0.4941906543640435,0.6556101684709958,False
Victivallis,IFNB,-0.020773615492843546,0.6457612666239811,0.7725833309830183,False
Victivallis,EOTAXIN,-0.03417072799217329,0.44950750027198005,0.614145723575646,False
Victivallis,IL12P70,-0.05764696550787901,0.20178561298498005,0.3638782274723406,False
Victivallis,IL13,-0.12807961542460303,0.004434944909855435,0.020793492950486377,True
Victivallis,IL17A,-0.2053207555563822,4.3973481756960885e-06,7.37377388038433e-05,True
Victivallis,IL31,-0.10737575457565281,0.017193519270780867,0.05879235326844662,True
Victivallis,IL1RA,-0.09790476779362389,0.02990640822199683,0.08975732200130514,True
Victivallis,SCF,-0.14804176027788435,0.0009893499058265132,0.006538312421114348,True
Victivallis,RANTES,-0.15045865541769965,0.000814196924406814,0.0056717848244610585,True
Victivallis,IFNG,-0.1409907753988333,0.0017182726659154082,0.010222854547718943,True
Victivallis,GMCSF,-0.21077730438241188,2.39979072614826e-06,4.399927588175331e-05,True
Victivallis,TNFA,-0.23512042475226055,1.319620970883238e-07,4.011647751485044e-06,True
Victivallis,HGF,-0.10900763535737343,0.01556459617350812,0.05444719908654065,True
Victivallis,MIP1B,-0.19386336288047437,1.4890075191085635e-05,0.00020395940203603348,True
Victivallis,IFNA,-0.1698867602812375,0.00015294210759171414,0.001438449522898517,True
Victivallis,TGFB,-0.13755010134431075,0.0022297226607291107,0.012418975386945117,True
Victivallis,MCP1,0.05419218780248924,0.23019170621415289,0.3978955684816905,False
Victivallis,IL9,-0.14080209055260956,0.0017432612732074903,0.010345399394652007,True
Victivallis,VEGFD,-0.050928081660158116,0.2595320342256418,0.4306038539687409,False
Victivallis,TNFB,-0.18904184477386396,2.436528562720875e-05,0.00030779953317803654,True
Victivallis,NGF,-0.10766952042158244,0.016889726272585687,0.05796386758661599,True
Victivallis,EGF,-0.11313146009836818,0.012036909090850164,0.04487176869943511,True
Victivallis,BDNF,-0.17502445821015425,9.519676584671419e-05,0.0009730307172878899,True
Victivallis,TRAIL,-0.11884353286071866,0.008321738544911368,0.033687312735070765,True
Victivallis,GCSF,-0.07887403374787524,0.08050138423743312,0.18911486042277434,False
Victivallis,GROA,-0.11607483985356445,0.009971068725509218,0.038927561401219724,True
Victivallis,IL1A,-0.16321130696889338,0.0002775514456306874,0.002343767763103583,True
Victivallis,IL23,-0.0668421664503361,0.1387356345899741,0.277899041958881,False
Victivallis,IL12P40,-0.2111854109960388,2.292031209649726e-06,4.218769945261527e-05,True
Victivallis,IL15,-0.19247117035830863,1.7186931245881757e-05,0.00022812625360730938,True
Victivallis,IL18,-0.15834526815098335,0.00042252268731070265,0.003285357925095761,True
Victivallis,MCSF,-0.13456597801653786,0.0027821160278810628,0.014729585082444457,True
Victivallis,MCP3,-0.07054622772985208,0.11810945146414831,0.25023908961288976,False
Victivallis,MIG,-0.07288765191165364,0.10636217360106553,0.23245758905761632,False
Victivallis,RESISTIN,-0.03528012831775703,0.4349179701341743,0.6006252858359407,False
Victivallis,IL21,-0.09799296784078212,0.02975825068190133,0.08942657985530554,True
Victivallis,ICAM1,0.10304814166061337,0.022254669548811813,0.07114424847499393,True
Victivallis,VCAM1,-0.0337508958816505,0.4550999789750172,0.6197347701870092,False
Victivallis,FGFB,-0.13657987661634055,0.002397225904237329,0.013119312962562479,True
Victivallis,IL22,-0.05225558836746471,0.24730206532700985,0.4171594784189916,False
Victivallis,PDGFBB,-0.12819234718833203,0.0043999057325842346,0.02064975678479772,True
Victivallis,VEGF,-0.10269632677509383,0.022717832355998783,0.07237757002127537,True
Victivallis,LEPTIN,-0.2040226839094974,5.066807026340745e-06,8.318743800737836e-05,True
Victivallis,PAI1,-0.09951089625290611,0.027305342890492235,0.08381939785016249,True
Victivallis,CD40L,0.013283891426405276,0.7688232738718787,0.8568342635960956,False
Victivallis,ENA78,-0.18924806568585675,2.386341365936272e-05,0.0003030846500348171,True
