Microbe,Cytokine,Correlation,P-value,Corrected_P-value,Exceeds_Perm_Threshold
Agathobacter,IL4,-0.12314201382322149,0.006240108237603414,0.027250593156244007,True
Agathobacter,IL10,-0.1194378677298246,0.008001164907435142,0.03269860281338629,True
Agathobacter,IL1RA,0.12168836803459411,0.006884869074892819,0.02941206081676787,True
Agathobacter,SCF,-0.13810120981867335,0.0021394084554403527,0.012043349354720224,True
Agathobacter,GMCSF,0.22835051859849284,3.055748248357625e-07,8.420284062141011e-06,True
Agathobacter,MCP3,-0.11128460887974036,0.013518516399915154,0.04899942252030785,True
Agathobacter,IL22,-0.19219993801810126,1.7671949463188647e-05,0.000233869013835098,True
Agathobacter,LEPTIN,0.26872121789110076,1.3857409679068499e-09,8.162014300971346e-08,True
Agathobacter,CD40L,-0.1323605563330709,0.003267505217251047,0.016699007140658282,True
Akkermansia,IL17F,0.18122574469081093,5.2753031750875103e-05,0.0005807763682479521,True
Akkermansia,TGFA,0.17087108210807433,0.00013980793903951055,0.0013426450539645053,True
Akkermansia,MIP1A,0.16087124178733536,0.00034021653570607337,0.0027450347880942083,True
Akkermansia,IL2,0.21854548401508123,9.853995695766193e-07,2.082153709347547e-05,True
Akkermansia,IL4,0.1435252305511335,0.0014129774905120675,0.008824096721410515,True
Akkermansia,IL5,0.16371835277692035,0.000265477929364222,0.0022671289949921917,True
Akkermansia,IP10,0.16464804370449626,0.00024460591285986106,0.0021148313053131473,True
Akkermansia,IFNB,0.20938469543330604,2.8052042541471053e-06,4.9879707341664755e-05,True
Akkermansia,IL17A,0.12368941340696997,0.006011718120197556,0.0266483685629077,True
Akkermansia,IL1RA,0.13145427889291583,0.003488361591686649,0.01734135595383995,True
Akkermansia,GMCSF,0.2085049107699289,3.0942588841227144e-06,5.440353679845608e-05,True
Akkermansia,TNFA,0.16307739750370212,0.0002808246017306729,0.0023587264230925677,True
Akkermansia,TGFB,0.18339259482487502,4.2719726324112896e-05,0.00048484911631159434,True
Akkermansia,IL9,0.14804908434935332,0.0009887702181963286,0.006538312421114348,True
Akkermansia,VEGFD,0.2772299090732526,3.93298916914125e-10,2.7253301419108192e-08,True
Akkermansia,TRAIL,0.16286626899710305,0.0002860585569487153,0.0023860201115836325,True
Akkermansia,GCSF,0.15413629472854243,0.0006019475571000989,0.0044318388891494784,True
Akkermansia,IL1A,0.13831677690624555,0.002105001099611972,0.011921592766071649,True
Akkermansia,IL23,0.14520600568819628,0.0012389158155382525,0.007899555240617383,True
Akkermansia,IL12P40,-0.1301789835641779,0.0038221056024470585,0.018591111410954153,True
Akkermansia,IL15,0.12350496167319958,0.006087823670925739,0.026857652457684008,True
Akkermansia,IL18,0.11272122025464866,0.01235301449533435,0.0458326018126106,True
Akkermansia,MCP3,0.20426619737990698,4.93422541342077e-06,8.157919350189006e-05,True
Akkermansia,MIG,0.13719078188835065,0.0022904686382627074,0.012667474440720512,True
Akkermansia,IL21,0.18521825442318052,3.569544683717031e-05,0.00041882326538269734,True
Akkermansia,VCAM1,0.12713614811547466,0.004738222045620492,0.022029311331109087,True
Akkermansia,VEGF,0.18693665099652232,3.0094786585823436e-05,0.00036242085914849574,True
Akkermansia,LEPTIN,0.1417127677498513,0.001625657724485739,0.009833246723718617,True
Alistipes,IL17F,0.11859887989584814,0.00845699457575062,0.034176122162038525,True
Alistipes,MCP1,0.14773673586319003,0.0010137724852238193,0.006671642388791392,True
Alistipes,VEGFD,0.16847221977097285,0.00017385639827265388,0.00159927186427498,True
Alistipes,EGF,0.115803815537562,0.01014716743018845,0.03947525985734389,True
Alistipes,IL12P40,-0.20046303263215046,7.438570316336965e-06,0.00011417115091394063,True
Alistipes,PDGFBB,-0.11440787713371657,0.011098624638746259,0.04217477362723578,True
Alistipes,VEGF,0.12015168204669867,0.0076307486926887975,0.03167893294075347,True
Alistipes,CD40L,0.12847439564616725,0.004313332954681987,0.02032442488246152,True
Alloprevotella,IL5,-0.23032129826261824,2.3994469152589336e-07,6.729877300416722e-06,True
Alloprevotella,IL7,-0.11920846094621065,0.008123572805661283,0.03309769063752156,True
Alloprevotella,IL31,-0.2031009936588721,5.600083978199788e-06,8.944947696704205e-05,True
Alloprevotella,TNFA,-0.13183809147262907,0.0033932252292354025,0.017137060321711917,True
Alloprevotella,HGF,0.13475252410688696,0.0027442331586735856,0.014578158561070954,True
Alloprevotella,VEGFD,-0.13170977599399225,0.003424765727586438,0.0171773604272441,True
Alloprevotella,IL23,-0.22698210278108982,3.609733039607326e-07,9.719464047216985e-06,True
Alloprevotella,IL12P40,0.157228063421106,0.0004645409825045571,0.003547677649208222,True
Alloprevotella,IL15,-0.18060205288446654,5.60302271242917e-05,0.0006136906024129208,True
Alloprevotella,FGFB,-0.12673324910215295,0.00487334210438911,0.022468872794404588,True
Anaerostipes,IL17F,0.15786003958329972,0.0004403177480354497,0.003395707412018067,True
Anaerostipes,EOTAXIN,0.12255830843138119,0.006492197737726246,0.028040088586080373,True
Anaerostipes,IL17A,0.13216451674874444,0.0033141734656442125,0.016863243777369998,True
Anaerostipes,NGF,0.13091205314836946,0.0036268902634069324,0.017932745982343616,True
Anaerostipes,BDNF,0.1390300941153051,0.001994721857892117,0.01147090223896374,True
Anaerostipes,IL12P40,0.12347829057196702,0.006098899580227059,0.026857957777598036,True
Anaerostipes,IL22,0.16021467761980115,0.0003600366485033445,0.0028767083663493397,True
Anaerostipes,LEPTIN,0.13337734196606965,0.0030348921124062275,0.01581903941776343,True
Anaerostipes,PAI1,0.11749830458846182,0.009089992292108502,0.03620629220660631,True
Anaerostipes,ENA78,0.13465309403113543,0.0027643660625681367,0.014652072988550124,True
Anaerotruncus,TGFA,0.12668279710155161,0.00489050474882117,0.02250396325824742,True
Anaerotruncus,IFNB,0.15093118331011376,0.0007834995913085489,0.005526721668032758,True
Anaerotruncus,GMCSF,0.1119591162957635,0.012959750457201113,0.04733647309322377,True
Anaerotruncus,HGF,-0.15023503578695774,0.000829108660319729,0.005728387107663582,True
Anaerotruncus,EGF,-0.12841054803540883,0.004332794578025892,0.020375377297063874,True
Anaerotruncus,BDNF,-0.17371976843557782,0.00010751433055366844,0.0010755998419721565,True
Anaerotruncus,IL12P40,-0.1352769875533722,0.002640231087615151,0.014152670878236675,True
Anaerotruncus,LEPTIN,0.13891269625051433,0.002012500336596893,0.011526043859907234,True
Bacillus,MIP1A,-0.170249928362293,0.00014796692575064945,0.0014028574529920729,True
Bacillus,GMCSF,0.11236146055324152,0.012636233022781761,0.04648081967474446,True
Bacillus,MIP1B,-0.11530814047664424,0.010476386677125794,0.04039667268626575,True
Bacillus,VEGFD,0.1672141771157552,0.0001946815226452249,0.0017473130184843806,True
Bacillus,IL21,-0.12646245571371728,0.0049661006018796175,0.022785069168507067,True
Bacillus,PDGFBB,0.13911820602490377,0.0019814729121568845,0.011442034757454951,True
Bacillus,LEPTIN,0.13890846432827855,0.0020131439084685172,0.011526043859907234,True
Bacillus,CD40L,-0.14242274865779847,0.0015390712488317078,0.009467498334849878,True
Bacteroides,LIF,-0.1317257183370754,0.003420832608638314,0.0171773604272441,True
Bacteroides,IL2,-0.15334596582798335,0.0006426778719744084,0.004635378503284875,True
Bacteroides,IL5,-0.18775642386809774,2.7726493688963345e-05,0.0003420084771266892,True
Bacteroides,IL7,-0.12584839999039643,0.005182364583048914,0.02348009799550623,True
Bacteroides,IL1RA,-0.14904480842428874,0.0009128158576785096,0.006145303057570628,True
Bacteroides,GMCSF,-0.16305371336111713,0.00028140725400340014,0.0023594145566975472,True
Bacteroides,TNFA,-0.13685937795791625,0.002347831091879462,0.012879757820718101,True
Bacteroides,IL15,-0.11798443254474769,0.008805371775275461,0.03534149216788584,True
Bacteroides,LEPTIN,-0.19881248231683774,8.867743737660776e-06,0.00013265018568843674,True
Bacteroides,ENA78,0.11253920444168089,0.012495596910771435,0.04621605388034144,True
Barnesiella,MIP1A,0.2013991300777065,6.728565576009947e-06,0.0001060367926226049,True
Barnesiella,SDF1A,0.13884892213204056,0.002022218803544335,0.011563950245510808,True
Barnesiella,IL2,0.16185260775277244,0.00031248083286175945,0.002568727337427209,True
Barnesiella,IL5,0.14280573322061152,0.0014941420168633108,0.009239366382493334,True
Barnesiella,IL10,0.15030990124918348,0.0008240884743791372,0.005710448369521315,True
Barnesiella,IL17A,-0.11290563877389276,0.012210017116299498,0.04541542579461399,True
Barnesiella,IL31,-0.14182044803138744,0.0016122441801782856,0.009777213097812204,True
Barnesiella,SCF,0.12605754154585966,0.005107772580763113,0.0232764259192996,True
Barnesiella,GMCSF,-0.20627569384523192,3.959720691569902e-06,6.711584136214884e-05,True
Barnesiella,VEGFD,-0.14264614720326238,0.0015127151435558556,0.009341957741068404,True
Barnesiella,TRAIL,0.1200141144894087,0.007700920597430725,0.03183047180271366,True
Barnesiella,IL1A,0.1138623666785159,0.011491395344414148,0.043317963890303575,True
Barnesiella,IL12P40,0.14148184044852258,0.0016547698497656508,0.009958206298972856,True
Barnesiella,MCP3,0.1789139852860167,6.589132960939851e-05,0.0007088583221906068,True
Barnesiella,MIG,0.22565345041546742,4.239324928448519e-07,1.0682192012218942e-05,True
Barnesiella,RESISTIN,-0.19340020013439155,1.5619712189351923e-05,0.00020909114726200644,True
Barnesiella,IL21,0.16749281933627802,0.00018987692490434559,0.0017205770579793776,True
Barnesiella,VEGF,0.12303638966544302,0.006285063425473755,0.027396132156181623,True
Barnesiella,LEPTIN,-0.2898597702190449,5.5912648314119893e-11,5.7273999751333244e-09,True
Barnesiella,PAI1,-0.12101835225999341,0.007201659194705062,0.030298409040580582,True
Barnesiella,ENA78,-0.18525343699790287,3.557148241891337e-05,0.00041882326538269734,True
Bilophila,FASL,0.14617017037280894,0.0011482036609840988,0.007361000885111666,True
Bilophila,SDF1A,0.1509063241296738,0.0007850874752540791,0.0055296445192783575,True
Bilophila,IL27,0.13094498008205194,0.003618337870252105,0.0179092521477184,True
Bilophila,LIF,0.1516437841834328,0.0007392263085972767,0.005253747158537507,True
Bilophila,IL1B,0.1833722253571763,4.2805015361974375e-05,0.00048484911631159434,True
Bilophila,IL2,0.13815545824827596,0.0021307016146450194,0.012009409100726473,True
Bilophila,IP10,0.1749633554535091,9.574266677964572e-05,0.0009764923070685944,True
Bilophila,IL6,0.1836048527175224,4.184049243329571e-05,0.00047756040591870807,True
Bilophila,IL8,0.1742061743823089,0.00010275658642126738,0.0010345919555919058,True
Bilophila,IL10,0.14200875457037854,0.0015890310067219954,0.009654807988246946,True
Bilophila,IFNB,0.11687387408281863,0.00946758574361883,0.03733160169366688,True
Bilophila,IL13,0.13993841270189047,0.0018619507677074083,0.010898772692468707,True
Bilophila,IL17A,0.19156314024718907,1.886227283105996e-05,0.0002475738985514054,True
Bilophila,IL31,0.203964860647716,5.098785078565127e-06,8.336208382660601e-05,True
Bilophila,IL1RA,0.20510080423448696,4.504501641476497e-06,7.526670827885551e-05,True
Bilophila,RANTES,0.17898011354183652,6.547601434048828e-05,0.0007060022415843953,True
Bilophila,IFNG,0.16708762601626595,0.0001969010310882247,0.0017605268662005972,True
Bilophila,GMCSF,0.17745915929104883,7.568211384133212e-05,0.0007910440311013993,True
Bilophila,IFNA,0.1436943206440698,0.0013945005620917188,0.008747246570438098,True
Bilophila,TGFB,0.2315499270862499,2.0614367141514392e-07,5.9228596323668175e-06,True
Bilophila,MCP1,-0.11339864510590669,0.01183489678470471,0.04432912054811494,True
Bilophila,IL9,0.1925526211490072,1.70437674978306e-05,0.00022686506341745136,True
Bilophila,VEGFD,0.14923138662123345,0.0008991977062278783,0.00609643106726009,True
Bilophila,TNFB,0.16165372406370582,0.00031792525663768104,0.0026001555059863898,True
Bilophila,NGF,0.1305669942181196,0.0037176241002188208,0.018295568997650745,True
Bilophila,TRAIL,0.13437173773166636,0.002822066890744008,0.014860903536582619,True
Bilophila,GROA,0.23556256980882376,1.248082056549129e-07,3.818806915882789e-06,True
Bilophila,IL1A,0.12193309437933854,0.006772309267347765,0.02898376136943022,True
Bilophila,IL12P40,0.1359391320764027,0.0025140599639527387,0.01361616121607104,True
Bilophila,IL15,0.19462736884738907,1.3756824747760048e-05,0.00019196927972216907,True
Bilophila,IL18,0.18133583889998797,5.2193680731258424e-05,0.0005759639897088752,True
Bilophila,MCSF,0.16730279350587376,0.00019314130563484567,0.0017401182259108848,True
Bilophila,IL21,0.126750582010894,0.004867458384365162,0.022463725668098573,True
Bilophila,FGFB,0.15391744972076551,0.0006129793306215275,0.00447807535796688,True
Bilophila,IL22,0.1137732537805792,0.011556712656707553,0.0434945926824329,True
Bilophila,LEPTIN,0.1961525176715222,1.173514428020974e-05,0.00016858536539130577,True
Bilophila,ENA78,0.16885188154621664,0.00016799409446300743,0.0015521336727641,True
Blautia,MIP1A,-0.19781039373119466,9.85924372182163e-06,0.00014563246525775399,True
Blautia,IL7,-0.11607421746709588,0.009971469993903269,0.038927561401219724,True
Blautia,IL13,0.11101987941568381,0.013743553070748978,0.049548295385898375,True
Blautia,IL17A,0.14671949900889122,0.0010992983874058104,0.007095745207474218,True
Blautia,GMCSF,0.24433143501121882,4.038520663922652e-08,1.4983865644412234e-06,True
Blautia,IL12P40,0.23455765667661346,1.41641235842264e-07,4.251041422221324e-06,True
Blautia,RESISTIN,0.14681939351345658,0.001090614143864187,0.00706873981552689,True
Blautia,IL21,-0.16960179904009273,0.00015695536509675233,0.0014674080959045574,True
Blautia,IL22,0.1234921774714823,0.006093130406889686,0.026857652457684008,True
Blautia,LEPTIN,0.2662429236217655,1.9835420704578973e-09,1.1126726471425728e-07,True
Blautia,ENA78,0.18886079477244647,2.481413744955483e-05,0.0003126315926799528,True
Butyricicoccus,MCP1,-0.11731432865965127,0.009199825055163953,0.036581920388128734,True
Butyricicoccus,VCAM1,-0.13590180784458583,0.002521023155259701,0.013622776499522605,True
Butyricimonas,IL17F,-0.12120675192210406,0.0071112894579836855,0.030093357885607845,True
Butyricimonas,IL5,-0.13788784628900305,0.002173969599676923,0.012151535888111105,True
Butyricimonas,IL10,0.130527609236684,0.0037281101868218525,0.018295568997650745,True
Butyricimonas,EOTAXIN,0.15549749589734152,0.0005373639203278122,0.004019140940610557,True
Butyricimonas,IL12P70,0.17752524260511393,7.520914065028228e-05,0.0007892772176929401,True
Butyricimonas,IL31,-0.12011313223321755,0.007650354731865804,0.031704900172868665,True
Butyricimonas,HGF,0.1478204181001539,0.0010070174520662482,0.0066364562715191065,True
Butyricimonas,VEGFD,-0.15027541441123285,0.0008263975245443164,0.005718039846773596,True
Butyricimonas,MIG,0.1784737199125859,6.872040209845557e-05,0.0007326030196559336,True
Butyricimonas,ICAM1,-0.1317018486349581,0.0034267230054349437,0.0171773604272441,True
Butyricimonas,LEPTIN,-0.11241506935125785,0.012593669787540654,0.04643299846548636,True
Butyricimonas,CD40L,0.12245202295405103,0.006539070742505246,0.028138905332132164,True
Butyrivibrio,IL17F,-0.11887466019628326,0.008304668928060624,0.03368598839067027,True
Butyrivibrio,FASL,-0.2755098265935214,5.091262460920655e-10,3.427146959408304e-08,True
Butyrivibrio,TGFA,-0.14118586455051635,0.0016927815865688581,0.010096692197357544,True
Butyrivibrio,SDF1A,-0.2627057551881409,3.2885132231786757e-09,1.6661800330771958e-07,True
Butyrivibrio,IL27,-0.2733105026076112,7.063629181255914e-10,4.6878620707151925e-08,True
Butyrivibrio,IL1B,-0.19013075552777364,2.1823959678176283e-05,0.00028251235715265566,True
Butyrivibrio,IL2,-0.1326229947180571,0.0032059647083655866,0.01649181845613389,True
Butyrivibrio,IL4,-0.2011550015993773,6.907232752070903e-06,0.000107062107657099,True
Butyrivibrio,IP10,-0.1860088250202433,3.3006190837427914e-05,0.000392961748618371,True
Butyrivibrio,IL6,-0.22164972193522714,6.841056866403223e-07,1.5572492731638642e-05,True
Butyrivibrio,IL8,-0.3053866005816744,4.433426387332708e-12,8.240793748175965e-10,True
Butyrivibrio,IL10,-0.11548810989483262,0.010355774358960193,0.03999705637657412,True
Butyrivibrio,IL13,-0.24057898537416295,6.580258417221303e-08,2.263224646857429e-06,True
Butyrivibrio,IL17A,-0.23757625637223012,9.66925444787115e-08,3.078481551241139e-06,True
Butyrivibrio,IL31,-0.22680272067559934,3.6891528494104846e-07,9.876868310467161e-06,True
Butyrivibrio,IL1RA,-0.12444467848211743,0.005708928111122536,0.025570788269590673,True
Butyrivibrio,RANTES,-0.3192991461780081,4.0120182052049744e-13,1.350330698780417e-10,True
Butyrivibrio,IFNG,-0.3103284999534525,1.9159339769042358e-12,4.29899090436798e-10,True
Butyrivibrio,GMCSF,-0.2928297881150952,3.483814209346821e-11,4.103933138610555e-09,True
Butyrivibrio,TNFA,-0.18155405713414163,5.110150701830348e-05,0.0005668815337136524,True
Butyrivibrio,MIP1B,-0.2396553604703206,7.411301580704714e-08,2.51237791714249e-06,True
Butyrivibrio,IFNA,-0.22639313905131322,3.8768425985449857e-07,1.0197536446350166e-05,True
Butyrivibrio,TGFB,-0.22599203680785396,4.069529819785404e-07,1.0478483339250724e-05,True
Butyrivibrio,IL9,-0.26081655796153125,4.29483308136568e-09,2.0863147916902148e-07,True
Butyrivibrio,TNFB,-0.3052359819011205,4.547127280402697e-12,8.240793748175965e-10,True
Butyrivibrio,NGF,-0.14768562519432482,0.0010179188052311522,0.0066865606248455185,True
Butyrivibrio,BDNF,-0.12335573041543506,0.00615002902453017,0.02698225024542473,True
Butyrivibrio,TRAIL,-0.14820853149781477,0.0009762276996017533,0.0064879900148426825,True
Butyrivibrio,GROA,-0.3003716106750335,1.0221764894911345e-11,1.6608605580973194e-09,True
Butyrivibrio,IL1A,-0.20961704662329103,2.7332888608741537e-06,4.8785064819844745e-05,True
Butyrivibrio,IL23,-0.19628095130075485,1.157846429713659e-05,0.00016684319195139942,True
Butyrivibrio,IL12P40,-0.2528345685087319,1.2964967419037172e-08,5.451289501952047e-07,True
Butyrivibrio,IL15,-0.2659391071567243,2.0721758930249183e-09,1.148716800933343e-07,True
Butyrivibrio,IL18,-0.312383397011905,1.3454117065818816e-12,3.3366210323230664e-10,True
Butyrivibrio,MCSF,-0.2774326139647017,3.814700868752633e-10,2.6828164915764787e-08,True
Butyrivibrio,RESISTIN,-0.2199202107393734,8.38897606989968e-07,1.8612463966895997e-05,True
Butyrivibrio,FGFB,-0.18746725123704347,2.8540980339747695e-05,0.0003502216129189873,True
Butyrivibrio,IL22,-0.2624362304589622,3.4166250246638525e-09,1.7126741612995822e-07,True
Butyrivibrio,PDGFBB,-0.24135891165922313,5.9492620003792484e-08,2.1077385372772196e-06,True
Butyrivibrio,VEGF,-0.13430598949520178,0.0028357076825740453,0.014912784152108149,True
Butyrivibrio,LEPTIN,-0.2395465978975322,7.515586929740059e-08,2.5295318294953684e-06,True
Butyrivibrio,ENA78,-0.29159726404465686,4.2423545142865296e-11,4.543176016208666e-09,True
CAG-352,FASL,-0.11729693771848901,0.009210268202657924,0.03659256641730534,True
CAG-352,SDF1A,-0.11861433760226181,0.008448391153760506,0.03417066018585365,True
CAG-352,IL1B,-0.1288563408232702,0.004198552037229863,0.019843106518984063,True
CAG-352,RANTES,-0.1504332135356614,0.0008158808831916794,0.0056717848244610585,True
CAG-352,TNFA,-0.1320495872452465,0.0033418136434668535,0.01693185579356539,True
CAG-352,IL9,-0.11886618536298732,0.008309313262920394,0.03368598839067027,True
CAG-352,IL15,-0.18560008249120588,3.4371686971453254e-05,0.00040795815871407485,True
CAG-352,IL18,-0.14227066541319042,0.0015572542265067406,0.009534220331082411,True
CAG-352,MCSF,-0.1125081231960109,0.012520089152436624,0.046270321636299114,True
CAG-352,ICAM1,0.17209665729171975,0.0001249334989022363,0.0012162947248498706,True
Candidatus Soleaferrea,FASL,0.1182684928037996,0.008642758112942262,0.03483719095653032,True
Candidatus Soleaferrea,TGFA,0.11714405111183113,0.009302530517883663,0.036865873675582694,True
Candidatus Soleaferrea,IL2,0.12993739737583127,0.003888495064870514,0.018869813332306758,True
Candidatus Soleaferrea,IL4,0.14888893267063452,0.0009243388893468376,0.006204394368379344,True
Candidatus Soleaferrea,IL5,0.2033110329438094,5.474040811724716e-06,8.773360647907095e-05,True
Candidatus Soleaferrea,IL6,0.135338106104988,0.002628347788533011,0.014105666035953927,True
Candidatus Soleaferrea,IL8,0.12161030985790228,0.006921122108118184,0.02951341843751392,True
Candidatus Soleaferrea,IFNB,0.15714688935891621,0.0004677406329744649,0.0035663331109638814,True
Candidatus Soleaferrea,IL31,0.14049472004366736,0.001784682344246092,0.010524935176580206,True
Candidatus Soleaferrea,IL1RA,0.12134703473875665,0.007044660597832726,0.029931867210989907,True
Candidatus Soleaferrea,TGFB,0.11952360984744037,0.007955838659228234,0.03262655505855826,True
Candidatus Soleaferrea,IL9,0.12282169255807329,0.006377338480554144,0.027698779137361164,True
Candidatus Soleaferrea,TNFB,0.11159712288893991,0.013257042423722434,0.04822469914407735,True
Candidatus Soleaferrea,GCSF,0.15415392787777554,0.000601066754141394,0.0044318388891494784,True
Candidatus Soleaferrea,GROA,0.12900036383898733,0.00415599289938286,0.019681445770745765,True
Candidatus Soleaferrea,IL23,0.14704428214788115,0.0010712946395584069,0.006953085869971368,True
Candidatus Soleaferrea,IL15,0.11098376519930682,0.013774506689648915,0.04962192318167101,True
Candidatus Soleaferrea,IL18,0.11120236332698462,0.013588080210006938,0.049175909331453674,True
Candidatus Soleaferrea,MCSF,0.12386399355145092,0.005940473946284774,0.02638219909038064,True
Christensenellaceae R-7 group,IL17F,0.2140961971970059,1.6472828732303823e-06,3.1942374068566094e-05,True
Christensenellaceae R-7 group,MIP1A,0.20869751537067172,3.0286411112861085e-06,5.344927684037507e-05,True
Christensenellaceae R-7 group,IL2,0.11542617372223407,0.010397143134139182,0.04012394631291059,True
Christensenellaceae R-7 group,IL5,0.16848927995665156,0.0001735889101201813,0.00159927186427498,True
Christensenellaceae R-7 group,IL31,-0.17872665353698533,6.708139226964408e-05,0.0007183807281240066,True
Christensenellaceae R-7 group,TNFA,0.13779811086196123,0.002188656991643797,0.012219137138181955,True
Christensenellaceae R-7 group,MIP1B,0.18938659574516198,2.353180123720519e-05,0.00030049281146263105,True
Christensenellaceae R-7 group,MCP1,0.12968901317074347,0.003957839799628071,0.019023251157307648,True
Christensenellaceae R-7 group,VEGFD,-0.12486397045480914,0.005546816650968293,0.024987189349295023,True
Christensenellaceae R-7 group,TRAIL,0.1609211437075789,0.0003387525083043964,0.0027379104959353614,True
Christensenellaceae R-7 group,GROA,-0.13477565584435447,0.002739568562894475,0.014569804817560685,True
Christensenellaceae R-7 group,IL1A,0.11956966698743364,0.007931586027213123,0.03258381286855121,True
Christensenellaceae R-7 group,MIG,0.2779890328523935,3.5075202303217183e-10,2.504156867466051e-08,True
Christensenellaceae R-7 group,ICAM1,-0.1295894669998565,0.0039859442738871004,0.01910658130066736,True
Christensenellaceae R-7 group,PAI1,0.16622771448851711,0.0002126218912448399,0.001883222465311439,True
Clostridium sensu stricto 1,IL2,0.11202516944158468,0.012906142305458827,0.0472156386205916,True
Clostridium sensu stricto 1,IL5,0.17271090916767579,0.00011805072622899462,0.0011588646291479639,True
Colidextribacter,TGFA,0.18012265759850835,5.8678914665874436e-05,0.0006385566880036959,True
Colidextribacter,LIF,0.11473769408285373,0.010866963995628998,0.04149524663484914,True
Colidextribacter,IL2,0.12228853844636613,0.006611761591746719,0.02837397142104785,True
Colidextribacter,IL5,0.16239833479305443,0.00029798528173315846,0.0024676742487287216,True
Colidextribacter,IFNB,0.17755817054117273,7.497450950223014e-05,0.000788571180300242,True
Colidextribacter,GMCSF,0.27913728653622427,2.94781381445433e-10,2.2403384989852912e-08,True
Colidextribacter,TNFA,0.13802985944558208,0.002150909666409374,0.012073724078358126,True
Colidextribacter,MIP1B,0.1192782862940104,0.008086139345549548,0.03301723448546748,True
Colidextribacter,TGFB,0.12249410213976351,0.006520477217441176,0.02811023664097239,True
Colidextribacter,TRAIL,0.1385435123107628,0.0020693577012628785,0.011770752989640705,True
Colidextribacter,IL12P40,0.12332488342956208,0.006162958185785814,0.026990598019902723,True
Colidextribacter,MIG,0.226736723930802,3.7187932263374957e-07,9.899973831922192e-06,True
Colidextribacter,IL21,0.11228995693202534,0.012693201598920659,0.0465812818801512,True
Colidextribacter,LEPTIN,0.25077570127010496,1.7136284788524305e-08,7.021406428132741e-07,True
Colidextribacter,PAI1,0.20657233758421187,3.832470015205483e-06,6.519349715396475e-05,True
Collinsella,FASL,0.129788000376706,0.003930071142600417,0.018954447516820027,True
Collinsella,MIP1A,-0.21901453410142485,9.328512192654016e-07,2.0163279565039324e-05,True
Collinsella,IL27,0.20572277075644133,4.20775962113807e-06,7.081058333858067e-05,True
Collinsella,IL7,-0.12272780950399757,0.006418069186122148,0.02784709208564232,True
Collinsella,IL8,0.18971558985662196,2.276168817523896e-05,0.00029224271030443047,True
Collinsella,IL13,0.19173564532781234,1.853251141888978e-05,0.00024392512236259397,True
Collinsella,IL17A,0.14596142859055555,0.0011673072950567547,0.0074733043129177005,True
Collinsella,RANTES,0.20659997182249387,3.820816858704505e-06,6.519349715396475e-05,True
Collinsella,IFNG,0.2154255988615102,1.4144389767420958e-06,2.8361006205994704e-05,True
Collinsella,GMCSF,0.2271724046344475,3.5272777263009566e-07,9.607244304237057e-06,True
Collinsella,MCP1,-0.11157660257789405,0.013274073597170696,0.04822469914407735,True
Collinsella,IL9,0.1353415539806283,0.002627678871668473,0.014105666035953927,True
Collinsella,TNFB,0.1722094352533699,0.00012364219039900828,0.0012062153233128924,True
Collinsella,EGF,-0.13051552418653614,0.003731333150836665,0.018295568997650745,True
Collinsella,GROA,0.15875390165774542,0.0004080583763983123,0.0031939718763934343,True
Collinsella,IL12P40,0.11578113128431214,0.010162031028641369,0.03947525985734389,True
Collinsella,IL18,0.16749856259514687,0.0001897790732066101,0.0017205770579793776,True
Collinsella,MCSF,0.11816698943086176,0.008700555058531437,0.03501026083330498,True
Collinsella,RESISTIN,0.19804029515099497,9.622849564623626e-06,0.00014258763254247335,True
Collinsella,IL21,-0.18186830130582188,4.9566605330030926e-05,0.0005521462040546235,True
Collinsella,IL22,0.18737176220779556,2.8814879611123968e-05,0.00035263114371944385,True
Collinsella,PDGFBB,0.25493284372049685,9.732076558113409e-09,4.3261834662104133e-07,True
Collinsella,LEPTIN,0.2714492459523757,9.297820469020403e-10,5.728620069270228e-08,True
Collinsella,CD40L,-0.11329717410873194,0.011911260875694045,0.04454433432243678,True
Collinsella,ENA78,0.2369941812130058,1.0412084269582675e-07,3.2707827385515704e-06,True
Coprobacter,TGFA,0.1520160716943964,0.0007170287106685187,0.005126918489635903,True
Coprobacter,LIF,0.15379952457488186,0.0006190013044600639,0.004510844158908734,True
Coprobacter,IP10,-0.1326755649058197,0.00319376458518377,0.016447015000421776,True
Coprobacter,IL7,-0.22498086565859135,4.597048057039871e-07,1.1281922106652017e-05,True
Coprobacter,IFNB,0.11993008741473493,0.007744065103950726,0.03195274498232559,True
Coprobacter,IL1RA,0.11268467583792913,0.012381525811966493,0.04588375199165006,True
Coprobacter,GMCSF,0.23932606286240318,7.731410030820941e-08,2.580115125134459e-06,True
Coprobacter,MIP1B,0.12147606357862514,0.006983870924173307,0.02970036082554569,True
Coprobacter,TGFB,0.1306515825165564,0.0036951931190482034,0.018251310248380646,True
Coprobacter,EGF,-0.11989164677834675,0.007763874708333987,0.032006454615634075,True
Coprobacter,IL23,0.12003666174869285,0.007689380096427994,0.031810675166258746,True
Coprobacter,MCP3,-0.19907082045939817,8.62797461115904e-06,0.00012947457441968597,True
Coprobacter,RESISTIN,0.18787130187483014,2.7409082545442732e-05,0.00033898056943340197,True
Coprobacter,ICAM1,-0.20341349970008635,5.413538281713292e-06,8.755990071882021e-05,True
Coprobacter,IL22,-0.1601185524103676,0.00036302718080962897,0.0028943892994500366,True
Coprobacter,PDGFBB,-0.11920223884665625,0.008126915973601963,0.03309769063752156,True
Coprobacter,LEPTIN,0.22512299779723938,4.519114271043926e-07,1.124000385659058e-05,True
Coprococcus,IL17F,-0.2104247019148518,2.4967838487310735e-06,4.5600176338065186e-05,True
Coprococcus,FASL,-0.29645886976236163,1.9397696636807748e-11,2.6114841872182317e-09,True
Coprococcus,TGFA,-0.3067139128058137,3.544463028637285e-12,7.261525996060385e-10,True
Coprococcus,SDF1A,-0.19917074472035284,8.536899858809368e-06,0.00012851716336967969,True
Coprococcus,IL27,-0.2863392031690128,9.726614842210655e-11,8.647511157829549e-09,True
Coprococcus,LIF,-0.11236214263417282,0.012635690681509824,0.04648081967474446,True
Coprococcus,IL1B,-0.11766566465027531,0.008991094440454367,0.03590342118933981,True
Coprococcus,IL2,-0.16433612782527876,0.00025143118128304753,0.002158003144272714,True
Coprococcus,IL4,-0.2392818531763783,7.775389383894168e-08,2.580115125134459e-06,True
Coprococcus,IL5,-0.1338432539542547,0.0029334217217134775,0.015358092391904339,True
Coprococcus,IP10,-0.16084853275858516,0.00034088472736184573,0.0027457245048359267,True
Coprococcus,IL6,-0.16197785259293151,0.0003090970542260227,0.0025462680411066766,True
Coprococcus,IL8,-0.30091165918021096,9.349606976431113e-12,1.5734052883194074e-09,True
Coprococcus,IFNB,-0.27219221452588993,8.333873492151714e-10,5.3066502560836325e-08,True
Coprococcus,IL13,-0.19695865096858517,1.0784144691310295e-05,0.00015737774006251002,True
Coprococcus,IL17A,-0.2484896591827764,2.3290511255818766e-08,9.069825540282482e-07,True
Coprococcus,IL31,-0.23159621007170303,2.0496456758796178e-07,5.9228596323668175e-06,True
Coprococcus,RANTES,-0.27876428325521435,3.119349835963054e-10,2.3330756233425257e-08,True
Coprococcus,IFNG,-0.2612121467755416,4.0620326087206855e-09,1.9937810054470698e-07,True
Coprococcus,GMCSF,-0.36218318675637967,1.0721165949329003e-16,2.473662906380934e-13,True
Coprococcus,TNFA,-0.1634032057841969,0.00027292294640528334,0.002320338488002905,True
Coprococcus,MIP1B,-0.16930814904127509,0.0001611942209181838,0.0014985766692404848,True
Coprococcus,IFNA,-0.15726461769538047,0.00046310677552231707,0.0035424661140603213,True
Coprococcus,TGFB,-0.24540888253533846,3.505077704073286e-08,1.3212740913274658e-06,True
Coprococcus,IL9,-0.2884773484373774,6.955472632946434e-11,6.68860960131502e-09,True
Coprococcus,VEGFD,-0.21191154445364394,2.1116495474525495e-06,3.964180345655941e-05,True
Coprococcus,TNFB,-0.24149333086229857,5.846587886298194e-08,2.096203204397109e-06,True
Coprococcus,TRAIL,-0.2391840600194746,7.87353275976832e-08,2.5944116338481344e-06,True
Coprococcus,GCSF,-0.11656312691875945,0.009660641552127858,0.03793411916135539,True
Coprococcus,GROA,-0.2823411100396072,1.8071421841594044e-10,1.576898883659095e-08,True
Coprococcus,IL1A,-0.24895698879059233,2.187979623903245e-08,8.591466656526741e-07,True
Coprococcus,IL23,-0.19662509914377468,1.1168382202059707e-05,0.00016192435980340105,True
Coprococcus,IL15,-0.2432603305488428,4.646204278302022e-08,1.6971251596402425e-06,True
Coprococcus,IL18,-0.2812478375952484,2.13705218976559e-10,1.83087089421372e-08,True
Coprococcus,MCSF,-0.2922453788615137,3.8253524242897595e-11,4.291681100774606e-09,True
Coprococcus,MIG,-0.14728529702401455,0.0010509405043417212,0.0068587696072828115,True
Coprococcus,RESISTIN,-0.23828390744446137,8.834889839839352e-08,2.871034546574002e-06,True
Coprococcus,IL21,-0.1934540617412569,1.5533148004978948e-05,0.00020909114726200644,True
Coprococcus,VCAM1,-0.11723265697564698,0.009248959974852847,0.03671533226748662,True
Coprococcus,FGFB,-0.19454412116679606,1.3876204302498109e-05,0.00019230786668638554,True
Coprococcus,PDGFBB,-0.15363867740632703,0.000627303637201726,0.004547468828453128,True
Coprococcus,LEPTIN,-0.3126548682021771,1.2837600564807103e-12,3.3366210323230664e-10,True
Coprococcus,PAI1,0.12464782520048973,0.0056298606429790515,0.02531288487568444,True
Coprococcus,ENA78,-0.2930544042331004,3.360620339527837e-11,4.060318728167992e-09,True
Dialister,FASL,0.11684345465880838,0.009486331567422195,0.03737424276395768,True
Dialister,MIP1A,-0.17648267060777428,8.300621932492648e-05,0.0008634112703290365,True
Dialister,IL27,0.1337116468440872,0.0029617668454720593,0.015472112390093508,True
Dialister,IL6,0.13915717829136137,0.001975638573871855,0.011430595825193719,True
Dialister,IL8,0.12534435657837179,0.00536618376703873,0.024243008542940075,True
Dialister,IL13,0.11502925543476689,0.010665752428522409,0.040826178264173514,True
Dialister,IL31,0.22064526259163955,7.702982217549363e-07,1.7202110051702654e-05,True
Dialister,RANTES,0.11968425566411696,0.007871532445344059,0.0323653236321651,True
Dialister,MIP1B,-0.12624060129549167,0.005043278356836986,0.0230941959352924,True
Dialister,GROA,0.1678849016582055,0.0001833041910368837,0.0016771443653704776,True
Dialister,IL23,0.1298191561305827,0.003921367657888012,0.018951266055352113,True
Dialister,MCSF,0.12208048061483104,0.006705318415728654,0.028723145795375833,True
Dialister,MIG,-0.1662062594699786,0.00021302875827331703,0.0018832861331779921,True
Dialister,IL22,0.15506487532258573,0.000557156851994088,0.004140888149205272,True
Dialister,VEGF,-0.14319115496726043,0.0014501459463238837,0.009014627571343194,True
Dialister,LEPTIN,0.1271289591649169,0.0047406030750731356,0.022029311331109087,True
Dialister,PAI1,-0.2078030695803167,3.3450597618500463e-06,5.763270870514907e-05,True
Dialister,CD40L,-0.13026424527376004,0.0037989213759776503,0.01853055644265703,True
Dorea,TGFA,-0.16111055988364176,0.0003332487137201753,0.0026980548780918662,True
Dorea,MIP1A,-0.1429862026657476,0.0014733909164806702,0.009147059286504503,True
Dorea,IL2,-0.1302834628871011,0.0037937133798722476,0.018524328959542,True
Dorea,IP10,-0.163648453470493,0.0002671126575895097,0.002276012373529421,True
Dorea,GMCSF,-0.11885715895806237,0.008314262414760085,0.03368598839067027,True
Dorea,TRAIL,-0.12851565564190212,0.004300798410692171,0.020285647758940453,True
Dorea,IL1A,-0.13902023309385572,0.0019962096426040465,0.01147090223896374,True
Dorea,MIG,-0.1596603190402075,0.0003776041444415193,0.002990370972451158,True
Dorea,IL21,-0.13035097678295904,0.0037754682712907144,0.018454363583321417,True
Dorea,IL22,0.19455802845455109,1.3856192553619915e-05,0.00019230786668638554,True
Dorea,PAI1,0.12149096664680663,0.006976879949674913,0.02969743299265419,True
Erysipelotrichaceae UCG-003,LIF,0.18659767197902077,3.1129049979924936e-05,0.00037228447590204646,True
Erysipelotrichaceae UCG-003,IL5,0.24572103785692062,3.363712069805848e-08,1.2782105865262221e-06,True
Erysipelotrichaceae UCG-003,IL6,0.16067792514117693,0.0003459439724908655,0.002776981257882382,True
Erysipelotrichaceae UCG-003,IFNB,0.17943770420706134,6.26691032752835e-05,0.0006788432520301974,True
Erysipelotrichaceae UCG-003,IL17A,0.1883229899923316,2.6194140221020688e-05,0.0003265258960884907,True
Erysipelotrichaceae UCG-003,IL31,0.29993219006578853,1.09896011833712e-11,1.7261000258681696e-09,True
Erysipelotrichaceae UCG-003,IL1RA,0.15314423390262097,0.0006534761176573085,0.004701037353284333,True
Erysipelotrichaceae UCG-003,GMCSF,0.2124744454614758,1.9812532860845078e-06,3.764381243560565e-05,True
Erysipelotrichaceae UCG-003,TNFA,0.1293847304342413,0.004044315309511305,0.01926877021073536,True
Erysipelotrichaceae UCG-003,TGFB,0.19745826199654976,1.0232070844316937e-05,0.00015066724318256688,True
Erysipelotrichaceae UCG-003,IL9,0.1673803460898372,0.00019180276002248522,0.001734692140548849,True
Erysipelotrichaceae UCG-003,VEGFD,0.16724354874156078,0.00019416975220405778,0.001746045557987634,True
Erysipelotrichaceae UCG-003,NGF,0.25014857968106347,1.8646819630448396e-08,7.472622066690016e-07,True
Erysipelotrichaceae UCG-003,TRAIL,0.1252694138840092,0.005394010170633075,0.024345379237569967,True
Erysipelotrichaceae UCG-003,GCSF,0.14208040983700118,0.0015802786881915058,0.00963295365945456,True
Erysipelotrichaceae UCG-003,GROA,0.23109611828575602,2.1805645993947204e-07,6.1896508387638085e-06,True
Erysipelotrichaceae UCG-003,IL23,0.1728906365857744,0.0001161052781259806,0.001142146285030523,True
Erysipelotrichaceae UCG-003,IL15,0.21490816939366109,1.5010464840437306e-06,2.9718197616865792e-05,True
Erysipelotrichaceae UCG-003,IL18,0.14226436791033922,0.0015580113868704278,0.009534220331082411,True
Erysipelotrichaceae UCG-003,MCSF,0.12111373307264865,0.007155780211959558,0.03013229343945794,True
Erysipelotrichaceae UCG-003,RESISTIN,0.1298436143086662,0.0039145473996510275,0.01893772828250066,True
Erysipelotrichaceae UCG-003,FGFB,0.14748590101441597,0.001034271797310993,0.00675934633693398,True
Erysipelotrichaceae UCG-003,IL22,-0.13726956997597958,0.0022770209353518795,0.012607899703146953,True
Erysipelotrichaceae UCG-003,LEPTIN,0.2639738072229433,2.745745823891071e-09,1.487121186456865e-07,True
Erysipelotrichaceae UCG-003,ENA78,0.12927755006588537,0.004075180251840156,0.01935710619624074,True
Escherichia-Shigella,MIP1A,-0.13802087636890248,0.002152361677805778,0.012073724078358126,True
Escherichia-Shigella,IL31,0.19688307596995416,1.0870085237258987e-05,0.00015808593098137145,True
Escherichia-Shigella,RANTES,0.11244384869577158,0.01257087238225811,0.04638523936194222,True
Escherichia-Shigella,HGF,-0.13748332733455168,0.002240898805950257,0.012466487808308868,True
Escherichia-Shigella,GROA,0.14580641168247374,0.0011816831386933574,0.007555075915228087,True
Escherichia-Shigella,IL23,0.1169384746963802,0.009427885135810995,0.03723738035200454,True
Escherichia-Shigella,IL22,0.1490432959687466,0.0009129270246815449,0.006145303057570628,True
Escherichia-Shigella,PDGFBB,0.14909671946142808,0.0009090079166353314,0.006140244827656127,True
Escherichia-Shigella,VEGF,-0.1439775865488214,0.001364044373857914,0.008581277823255663,True
Escherichia-Shigella,LEPTIN,0.15870056006486116,0.0004099199737819071,0.0031979187358615008,True
Escherichia-Shigella,CD40L,-0.14261152245109907,0.001516772771256764,0.009344850528118924,True
Escherichia-Shigella,ENA78,0.12665612851814537,0.00489959881003123,0.022523814236943565,True
Faecalibacterium,IFNB,-0.13478886734025902,0.00273690765963008,0.014569804817560685,True
Faecalibacterium,IL31,-0.1169685274133353,0.009409466604471355,0.03719581093982301,True
Faecalibacterium,VEGFD,-0.2409387715731356,6.281533251533767e-08,2.20884960307665e-06,True
Faecalibacterium,IL23,-0.14167424575679877,0.0016304811557721509,0.009846768376210987,True
Family XIII AD3011 group,MCP1,0.13187862806740014,0.0033833161003402686,0.01710534921116239,True
Family XIII AD3011 group,VEGFD,0.15702378474577094,0.00047263220108781313,0.0035862205016518123,True
Family XIII AD3011 group,MIG,0.1344479365718517,0.00280633265919819,0.014824483733342903,True
Frisingicoccus,IL17F,-0.11315874317652258,0.01201614222313334,0.04486534243692892,True
Frisingicoccus,FASL,-0.27246250708849074,8.007889996207763e-10,5.168928446867257e-08,True
Frisingicoccus,SDF1A,-0.2782471377219579,3.373336259771324e-10,2.4454093009296122e-08,True
Frisingicoccus,IL27,-0.23467062449640727,1.3964494079948367e-07,4.217993340045942e-06,True
Frisingicoccus,IL1B,-0.22554459511415142,4.2953468069753237e-07,1.0765784124716874e-05,True
Frisingicoccus,IL4,-0.22076215818067832,7.597553550385839e-07,1.7047463014008608e-05,True
Frisingicoccus,IL6,-0.18255854261295532,4.634674833953806e-05,0.0005212073464818695,True
Frisingicoccus,IL8,-0.27943075147491436,2.819344098429618e-10,2.1983429119315288e-08,True
Frisingicoccus,IL10,-0.11185922359711875,0.01304119555761838,0.047525223099379586,True
Frisingicoccus,IL13,-0.25125941977952954,1.6052784133193405e-08,6.635150775053274e-07,True
Frisingicoccus,IL17A,-0.18666442441500533,3.092275484691286e-05,0.00037075832274466514,True
Frisingicoccus,IL31,-0.2634003806638941,2.9794591514295783e-09,1.559912391281797e-07,True
Frisingicoccus,SCF,-0.20041082966980964,7.480197616491248e-06,0.00011443730898995701,True
Frisingicoccus,RANTES,-0.2809229639712075,2.245916646448805e-10,1.889778435369066e-08,True
Frisingicoccus,IFNG,-0.2630669590944708,3.1241137920789493e-09,1.6176729877226386e-07,True
Frisingicoccus,GMCSF,-0.15533627087367147,0.0005446625470756295,0.0040608384838929845,True
Frisingicoccus,TNFA,-0.2154666838375347,1.4077713771820195e-06,2.834794328752853e-05,True
Frisingicoccus,MIP1B,-0.2436514016096263,4.414737971146882e-08,1.625175415628446e-06,True
Frisingicoccus,IFNA,-0.2231617560856279,5.715959689447719e-07,1.3333466364691906e-05,True
Frisingicoccus,TGFB,-0.19600190914137117,1.1921446236973896e-05,0.00017022380202612425,True
Frisingicoccus,IL9,-0.2979974288148716,1.509557030155265e-11,2.222822726903628e-09,True
Frisingicoccus,VEGFD,-0.11141897019688625,0.013405547471773312,0.04866482256317091,True
Frisingicoccus,TNFB,-0.32652731285556463,1.0951148568086307e-13,5.733534672535853e-11,True
Frisingicoccus,NGF,-0.16718646765511697,0.00019516548971010194,0.0017483265922319398,True
Frisingicoccus,EGF,-0.2399838562405678,7.104741765130837e-08,2.4259089273403266e-06,True
Frisingicoccus,BDNF,-0.2527736308075085,1.30729141281957e-08,5.451289501952047e-07,True
Frisingicoccus,TRAIL,-0.19583253795836617,1.2134318785230775e-05,0.00017273990971603448,True
Frisingicoccus,GROA,-0.2865768179078409,9.372120199903695e-11,8.492582765758886e-09,True
Frisingicoccus,IL1A,-0.2574332252541504,6.89144146917278e-09,3.2668549089050963e-07,True
Frisingicoccus,IL23,-0.17849816572052465,6.856035935066224e-05,0.0007325542250800919,True
Frisingicoccus,IL12P40,-0.14351704187109451,0.0014138779763720158,0.008824096721410515,True
Frisingicoccus,IL15,-0.2799120774439108,2.620345506453132e-10,2.092723394306298e-08,True
Frisingicoccus,IL18,-0.22711032154443217,3.553976279647382e-07,9.62433116649337e-06,True
Frisingicoccus,MCSF,-0.2964616052573738,1.9389076231587317e-11,2.6114841872182317e-09,True
Frisingicoccus,IL21,-0.13334876993926406,0.003041217436516981,0.01583449343742322,True
Frisingicoccus,ICAM1,0.16124128580860927,0.00032949903467674436,0.0026722882123869527,True
Frisingicoccus,FGFB,-0.18411393867324413,3.980095109581663e-05,0.00045966196461639207,True
Frisingicoccus,IL22,-0.18406138733281702,4.000704997395185e-05,0.0004609125170593181,True
Frisingicoccus,PDGFBB,-0.21314430155174674,1.8361191612571804e-06,3.5169892227007454e-05,True
Frisingicoccus,VEGF,-0.1781981416637285,7.05491149212149e-05,0.0007487104268215418,True
Frisingicoccus,LEPTIN,-0.11569954480651568,0.010215649507368503,0.03961822261623077,True
Frisingicoccus,ENA78,-0.2228216376375944,5.952371966536583e-07,1.3748812110941362e-05,True
Fusicatenibacter,IL5,0.12413338081779175,0.005832027641124078,0.025998594366108473,True
Fusicatenibacter,IL7,0.18917173590733463,2.404802057855733e-05,0.0003046082606617262,True
Fusicatenibacter,IL12P70,-0.20126092443008992,6.82916370457406e-06,0.00010690704111612282,True
Fusicatenibacter,HGF,-0.1507747074749281,0.0007935442435666337,0.005569122256561671,True
Fusicatenibacter,EGF,0.12092186690458298,0.0072483370873171055,0.03041332533876955,True
Fusicatenibacter,BDNF,0.14786915700173522,0.0010031022962488617,0.00661991319317176,True
Fusicatenibacter,IL15,0.17086338929883763,0.00013990635006293976,0.0013426450539645053,True
Fusicatenibacter,MIG,-0.13452340600381016,0.0027908278069569328,0.014759125282133634,True
Fusicatenibacter,RESISTIN,-0.20972144290722922,2.7015544097129216e-06,4.849598510993521e-05,True
Fusicatenibacter,VEGF,0.1260687106431863,0.005103816381984876,0.0232764259192996,True
GCA-900066575,IL10,-0.1569665372167573,0.000474923102899144,0.0035978097441491425,True
GCA-900066575,IL12P70,-0.12596386880519095,0.0051410612659975805,0.023372374063627074,True
GCA-900066575,IL17A,-0.1369514893638172,0.002331757409788109,0.012835561816497162,True
GCA-900066575,GMCSF,0.11680553576083971,0.00950974510928863,0.037435187096882226,True
GCA-900066575,VEGFD,-0.16845579584299233,0.00017411427554606636,0.00159927186427498,True
GCA-900066575,MCP3,-0.1310083700242173,0.003601924527668048,0.01784675959450246,True
GCA-900066575,ICAM1,-0.19447347380125626,1.3978286715714434e-05,0.00019315450734441763,True
GCA-900066575,LEPTIN,0.12788455880411617,0.004496168144847494,0.021021273350934573,True
GCA-900066575,CD40L,-0.17745482193992296,7.57132550990516e-05,0.0007910440311013993,True
Incertae Sedis,IL1B,0.18935850178591837,2.359869699913662e-05,0.0003005325952971128,True
Incertae Sedis,IL5,0.11364951293738268,0.011647955927252766,0.04376807681755585,True
Incertae Sedis,IL17A,0.1434780892497832,0.0014181687121868859,0.00883916795214895,True
Incertae Sedis,GMCSF,0.14823730798862997,0.0009739797745971858,0.0064879900148426825,True
Incertae Sedis,TNFA,0.15822518672420438,0.00042686306743743577,0.0033136388365159757,True
Incertae Sedis,TGFB,0.12087884877933591,0.007269235591859208,0.03047387732103255,True
Incertae Sedis,VEGFD,0.13827184054426078,0.0021121315157584166,0.011933289810855705,True
Incertae Sedis,IL15,0.17356173583084056,0.00010910419527744858,0.0010879089103112566,True
Incertae Sedis,MCP3,0.1176141097491405,0.00902145712361598,0.035994162545705755,True
Incertae Sedis,IL21,0.1659743499190884,0.0002174733928081907,0.001915391826004102,True
Incertae Sedis,IL22,0.16752885891202407,0.00018926367638138054,0.0017205770579793776,True
Incertae Sedis,VEGF,0.1579056374801694,0.0004386162850832845,0.0033881310414957976,True
Incertae Sedis,LEPTIN,0.13055807567659167,0.0037199962807392007,0.018295568997650745,True
Intestinimonas,SCF,-0.15686009372193183,0.00047921017674602227,0.0036244596353567525,True
Intestinimonas,GMCSF,0.14504298881045827,0.0012548897648338444,0.00797981183791778,True
Intestinimonas,BDNF,-0.1657989810451976,0.00022089188051380615,0.0019418704122780867,True
Intestinimonas,IL12P40,-0.13062635808784148,0.0037018692202191563,0.01825810674111224,True
Intestinimonas,IL22,-0.11811888910034275,0.008728063888882032,0.0350909872392595,True
Intestinimonas,LEPTIN,0.1848627567469028,3.697118468752391e-05,0.0004301437586360806,True
Intestinimonas,PAI1,-0.18812873872817926,2.671024013797929e-05,0.0003312069777109432,True
Intestinimonas,CD40L,-0.11450785546096215,0.011027943024030108,0.04197388330309359,True
Klebsiella,MIP1A,-0.16684089836744406,0.0002012965659987902,0.0017930234763446115,True
Klebsiella,IL31,0.13581363512978173,0.002537542517157445,0.013680664005544487,True
Klebsiella,HGF,-0.11287854036797025,0.012230937040187849,0.04541542579461399,True
Klebsiella,EGF,-0.12165786797183248,0.006899014110616839,0.029445792109806655,True
Klebsiella,MIG,-0.11289128734194917,0.012221092457202447,0.04541542579461399,True
Klebsiella,IL21,-0.1471140428318006,0.0010653661535087846,0.0069327714546594844,True
Klebsiella,PDGFBB,0.132511172141484,0.003232056643260914,0.016589815798524428,True
Klebsiella,VEGF,-0.1488478197960666,0.0009274004513581313,0.006207259839203856,True
Klebsiella,LEPTIN,0.1696062740465804,0.00015689158463871655,0.0014674080959045574,True
Klebsiella,PAI1,-0.11563867957555825,0.010255813393523583,0.039708621783305774,True
Klebsiella,CD40L,-0.12019237999245022,0.007610098871328768,0.031621504304851104,True
Klebsiella,ENA78,0.12676993689506663,0.004860895869352969,0.02245543268273646,True
Lachnoclostridium,IL17F,0.13175295536218273,0.003414122473756072,0.0171773604272441,True
Lachnoclostridium,TGFA,0.16639631077892947,0.00020944990552499758,0.0018621282166675255,True
Lachnoclostridium,MIP1A,-0.12124420274677788,0.007093446812676114,0.03008489773297016,True
Lachnoclostridium,IL27,0.14260830805093933,0.0015171499690176096,0.009344850528118924,True
Lachnoclostridium,LIF,0.13985993659180002,0.0018730939838996106,0.010936826334739734,True
Lachnoclostridium,IL1B,0.14429809045506733,0.0013303226982043547,0.008380321596175026,True
Lachnoclostridium,IL7,-0.12906430952557182,0.00413722219622241,0.019612264576056335,True
Lachnoclostridium,IFNB,0.15528367887387165,0.0005470632218292123,0.00407229368287401,True
Lachnoclostridium,IL13,0.11516886138278062,0.01057058258619792,0.04058606443168059,True
Lachnoclostridium,IL17A,0.2210442050998718,7.348849021440489e-07,1.6568314157429466e-05,True
Lachnoclostridium,IFNG,0.12332385935508669,0.0061633878330677695,0.026990598019902723,True
Lachnoclostridium,GMCSF,0.29373004976509204,3.015122565923914e-11,3.738751981745653e-09,True
Lachnoclostridium,TGFB,0.17453406798944548,9.966187842680476e-05,0.0010120835585066897,True
Lachnoclostridium,IL12P40,0.11521889032889705,0.010536661405581531,0.04052296113868915,True
Lachnoclostridium,IL15,0.16314046246605018,0.0002792786350255093,0.0023499302290003565,True
Lachnoclostridium,RESISTIN,0.13827888204351407,0.0021110127270294638,0.011933289810855705,True
Lachnoclostridium,ICAM1,-0.16183667625826537,0.0003129137291348085,0.002568727337427209,True
Lachnoclostridium,PDGFBB,0.1349849305882576,0.002697694618322048,0.014379566789065035,True
Lachnoclostridium,LEPTIN,0.26804416071339715,1.5289485814355042e-09,8.785860628931823e-08,True
Lachnoclostridium,ENA78,0.23879934630971505,8.271359822543164e-08,2.70657274193218e-06,True
Lachnospira,SDF1A,0.16219825196432622,0.00030322537280553916,0.0025066630818591238,True
Lachnospira,IL5,0.13245416438320204,0.0032454325566354646,0.01664034625339098,True
Lachnospira,IL13,0.13742817583441186,0.002250168221983109,0.01250329323347218,True
Lachnospira,IL31,0.14469268233093316,0.0012898595221326457,0.00816911030684009,True
Lachnospira,RANTES,0.1996723236733439,8.09341163085638e-06,0.00012223126796344634,True
Lachnospira,IFNG,0.14200075536834583,0.001590010823191772,0.009654807988246946,True
Lachnospira,GMCSF,0.11639165420872576,0.009768662384295931,0.038262624401332025,True
Lachnospira,TNFA,0.13604065051608535,0.002495209368266983,0.013545422284877907,True
Lachnospira,MIP1B,0.14674722765144946,0.001096881451424437,0.007089856514556854,True
Lachnospira,IFNA,0.16020943835503496,0.0003601990526625871,0.0028767083663493397,True
Lachnospira,VEGFD,-0.1796928861507765,6.115351312647816e-05,0.0006639524282303343,True
Lachnospira,NGF,0.14761781247420272,0.0010234442237530936,0.006707189405180218,True
Lachnospira,BDNF,0.1629957897972845,0.00028283698999614313,0.002367189870092054,True
Lachnospira,IL1A,0.12603765518410656,0.005114823356679313,0.02328603638325886,True
Lachnospira,IL15,0.1592234541916208,0.0003920075777055432,0.0030837056863915187,True
Lachnospira,IL18,0.14639396800001994,0.0011280424573614947,0.007251481663147834,True
Lachnospira,MCSF,0.1445419320042476,0.0013051825256582604,0.008243994719707404,True
Lachnospira,MCP3,-0.1289547950483939,0.004169416193311875,0.019725189862334895,True
Lachnospira,ICAM1,-0.2637304113557192,2.842688284069398e-09,1.5050277746668542e-07,True
Lachnospira,PDGFBB,0.11974840835750046,0.007838088923721752,0.03225596070618069,True
Lachnospira,LEPTIN,0.16772216181116412,0.0001860059887786573,0.0016952808880561572,True
Lachnospira,CD40L,-0.15932427546598535,0.0003886387829368892,0.0030674471443863016,True
Lachnospira,ENA78,0.1169061411887088,0.009447737300597383,0.03728453782279303,True
Lachnospiraceae FCS020 group,FASL,0.12327610253981709,0.00618345394755804,0.027053328691637405,True
Lachnospiraceae FCS020 group,MIP1A,-0.13205797074229045,0.0033397903851183335,0.01693185579356539,True
Lachnospiraceae FCS020 group,IL27,0.21910781537698665,9.227264187393637e-07,2.0036345092626183e-05,True
Lachnospiraceae FCS020 group,IL8,0.14024648628601133,0.0018187903730370316,0.010712675297188117,True
Lachnospiraceae FCS020 group,IL13,0.188246252343536,2.6396881927813544e-05,0.0003281849805906528,True
Lachnospiraceae FCS020 group,IL31,0.19701548250481254,1.0719944846012878e-05,0.00015735943960876224,True
Lachnospiraceae FCS020 group,SCF,0.2059046802228758,4.124561692710937e-06,6.965926414356248e-05,True
Lachnospiraceae FCS020 group,IFNG,0.18840774042132807,2.597194460025606e-05,0.00032512535812500405,True
Lachnospiraceae FCS020 group,GMCSF,0.14083525180869896,0.0017388455519865853,0.010332207113443619,True
Lachnospiraceae FCS020 group,TNFA,0.13315815155698407,0.003083724528130771,0.016002764291357042,True
Lachnospiraceae FCS020 group,TGFB,0.12831618843893494,0.004361702012033773,0.020490867278866537,True
Lachnospiraceae FCS020 group,IL9,0.13727356169813845,0.0022763415435412284,0.012607899703146953,True
Lachnospiraceae FCS020 group,TNFB,0.186003148131994,3.3024798907655967e-05,0.000392961748618371,True
Lachnospiraceae FCS020 group,NGF,0.12953086018986446,0.004002574863490258,0.019127923688403745,True
Lachnospiraceae FCS020 group,EGF,0.14143669383223936,0.0016605168965939375,0.00996733199586068,True
Lachnospiraceae FCS020 group,BDNF,0.20346046833310033,5.386019003730262e-06,8.751352257095515e-05,True
Lachnospiraceae FCS020 group,GROA,0.14472050584485555,0.001287049564331456,0.008162284720228561,True
Lachnospiraceae FCS020 group,IL12P40,0.11194736336457897,0.0129693095847521,0.04733647309322377,True
Lachnospiraceae FCS020 group,IL15,0.1539577008881906,0.0006109363343750567,0.004470080757104452,True
Lachnospiraceae FCS020 group,MCSF,0.11492184328282933,0.010739491904665213,0.0410417565732218,True
Lachnospiraceae FCS020 group,MIG,-0.12233196917457094,0.006592380471789286,0.02831658776943584,True
Lachnospiraceae FCS020 group,RESISTIN,0.12990260924107203,0.003898140610738745,0.01887773746947684,True
Lachnospiraceae FCS020 group,IL22,0.18360071180081475,4.185748039992072e-05,0.00047756040591870807,True
Lachnospiraceae FCS020 group,LEPTIN,0.12320042544938947,0.006215371515890504,0.02716774636630432,True
Lachnospiraceae ND3007 group,FASL,-0.14138549837027514,0.0016670560940571081,0.009987741809469604,True
Lachnospiraceae ND3007 group,SDF1A,-0.19380280299391842,1.4983601993542804e-05,0.00020464560172050346,True
Lachnospiraceae ND3007 group,IL27,-0.17307000687632154,0.00011419377886046447,0.0011280525911750703,True
Lachnospiraceae ND3007 group,LIF,-0.12233253640846446,0.006592127678899962,0.02831658776943584,True
Lachnospiraceae ND3007 group,IL1B,-0.1982686917003448,9.393354081297162e-06,0.00013962613385196286,True
Lachnospiraceae ND3007 group,IL2,-0.1436805661860293,0.001395995208185367,0.008747246570438098,True
Lachnospiraceae ND3007 group,IL4,-0.1580102087952533,0.000434737337653467,0.0033636819951118825,True
Lachnospiraceae ND3007 group,IL5,-0.15437504774284314,0.0005901225301177977,0.004365239186679848,True
Lachnospiraceae ND3007 group,IL6,-0.1421283402764701,0.001574448954885868,0.009609849061427735,True
Lachnospiraceae ND3007 group,IL8,-0.16569606239880244,0.00022292143799411095,0.001956062971747208,True
Lachnospiraceae ND3007 group,IL10,-0.1295008606215596,0.004011111984709337,0.019149300579483684,True
Lachnospiraceae ND3007 group,IL13,-0.17431296408270014,0.00010173889573786604,0.0010287417955296668,True
Lachnospiraceae ND3007 group,IL17A,-0.24062415589827993,6.54201423453602e-08,2.263224646857429e-06,True
Lachnospiraceae ND3007 group,IL31,-0.15935217159612608,0.0003877114496689113,0.0030652623336240104,True
Lachnospiraceae ND3007 group,IFNG,-0.16462240229859312,0.00024516038785428647,0.0021149307824614074,True
Lachnospiraceae ND3007 group,GMCSF,-0.1315803262627187,0.0034568544041862354,0.01729087905617657,True
Lachnospiraceae ND3007 group,HGF,0.11776923947004356,0.00893037005341734,0.035797691040396463,True
Lachnospiraceae ND3007 group,IFNA,-0.15432196338227303,0.0005927329154920662,0.004377676328837956,True
Lachnospiraceae ND3007 group,MCP1,0.13061711324957578,0.003704318770055879,0.01825810674111224,True
Lachnospiraceae ND3007 group,IL9,-0.22635348611520778,3.895493549115089e-07,1.0197536446350166e-05,True
Lachnospiraceae ND3007 group,VEGFD,-0.14437030698018416,0.0013228311047210953,0.008344284023354485,True
Lachnospiraceae ND3007 group,TNFB,-0.11313271890393115,0.012035950237257823,0.04487176869943511,True
Lachnospiraceae ND3007 group,TRAIL,-0.11378975386701164,0.01154459382587387,0.04348371391488223,True
Lachnospiraceae ND3007 group,GROA,-0.2236426448082231,5.397044943995559e-07,1.2779334560857826e-05,True
Lachnospiraceae ND3007 group,IL1A,-0.16007782100593487,0.00036430133854361055,0.002899641735164684,True
Lachnospiraceae ND3007 group,IL12P40,-0.13808612674987666,0.0021418350507757954,0.012043349354720224,True
Lachnospiraceae ND3007 group,IL15,-0.2158644981875236,1.3447502758146424e-06,2.7337657655127645e-05,True
Lachnospiraceae ND3007 group,IL18,-0.1729093770448987,0.00011590416784560584,0.001142146285030523,True
Lachnospiraceae ND3007 group,MCSF,-0.1123446391283481,0.012649614701761342,0.046493747640171175,True
Lachnospiraceae ND3007 group,MCP3,-0.15047977334985024,0.0008128016036114971,0.0056717848244610585,True
Lachnospiraceae ND3007 group,IL21,-0.17333635718501691,0.00011140987775097926,0.0011029020248170148,True
Lachnospiraceae ND3007 group,IL22,-0.1653398440535926,0.00023008160153931763,0.0020113998264439047,True
Lachnospiraceae ND3007 group,PDGFBB,-0.19099226873662897,1.9993734803430955e-05,0.0002609708542763619,True
Lachnospiraceae ND3007 group,LEPTIN,-0.1315661800091945,0.0034603775360726877,0.01729087905617657,True
Lachnospiraceae ND3007 group,PAI1,0.22345309976043073,5.520649903756944e-07,1.3006651173251361e-05,True
Lachnospiraceae ND3007 group,ENA78,-0.22934831378711817,2.7044018913930677e-07,7.540320539789429e-06,True
Lachnospiraceae NK3A20 group,IL27,0.1203814166355804,0.007514836403706655,0.03125322959776325,True
Lachnospiraceae NK3A20 group,EOTAXIN,0.13942474588393508,0.0019360049880207874,0.011234551112751172,True
Lachnospiraceae NK3A20 group,IL13,0.1258878876886086,0.005168206279171581,0.023442998614191458,True
Lachnospiraceae NK3A20 group,IL31,0.132135575062152,0.003321114224405636,0.016863243777369998,True
Lachnospiraceae NK3A20 group,GMCSF,0.1331946406501606,0.003075546053571096,0.015977919519765165,True
Lachnospiraceae NK3A20 group,VEGFD,-0.12637592905181114,0.0049960735591816,0.022900290477493868,True
Lachnospiraceae NK3A20 group,GROA,0.1145130882037396,0.011024254639748265,0.04197388330309359,True
Lachnospiraceae NK3A20 group,MCSF,0.11827928711555219,0.008636631904614474,0.03483719095653032,True
Lachnospiraceae NK3A20 group,LEPTIN,0.16468333936568993,0.0002438445903247097,0.002112124466194912,True
Lachnospiraceae NK4A136 group,IL1B,0.1245060654061098,0.005684930859467371,0.025529700938513582,True
Lachnospiraceae NK4A136 group,IL17A,0.11732095687470608,0.00919584762879599,0.036581920388128734,True
Lachnospiraceae NK4A136 group,MIP1B,0.1226123845637362,0.0064684654378789515,0.028030657156520727,True
Lachnospiraceae NK4A136 group,TNFB,0.128781943634003,0.004220690613620643,0.019927749670721914,True
Lachnospiraceae NK4A136 group,BDNF,0.14643589757412107,0.0011243016436869183,0.007237307848432731,True
Lachnospiraceae NK4A136 group,IL22,0.18839211014629528,2.6012788627573544e-05,0.00032512535812500405,True
Lachnospiraceae NK4A136 group,VEGF,0.12432173424842603,0.005757263274956009,0.025738353464509214,True
Lachnospiraceae NK4A136 group,PAI1,0.19056667527996235,2.0878867740894502e-05,0.00027102265783772694,True
Lachnospiraceae NK4A136 group,ENA78,0.14954848957293304,0.0008764825778469691,0.0059854868214708964,True
Lachnospiraceae UCG-001,TGFA,-0.21879500188321005,9.571018681554997e-07,2.0406624446826764e-05,True
Lachnospiraceae UCG-001,SDF1A,-0.12357742541440679,0.006057822251284987,0.02680230840192944,True
Lachnospiraceae UCG-001,IL27,-0.15834921362859167,0.00042238077639910585,0.003285357925095761,True
Lachnospiraceae UCG-001,LIF,-0.13676197607833637,0.002364937950352354,0.012957660025651501,True
Lachnospiraceae UCG-001,IL1B,-0.12759316586138372,0.00458905153603616,0.02140951568099246,True
Lachnospiraceae UCG-001,IL4,-0.13974060225500493,0.0018901559505228535,0.011022790642158026,True
Lachnospiraceae UCG-001,IP10,-0.16337297545025564,0.0002736472684464697,0.002320338488002905,True
Lachnospiraceae UCG-001,IL8,-0.16371359227115997,0.0002655889654574893,0.0022671289949921917,True
Lachnospiraceae UCG-001,IL10,-0.1336248835919645,0.002980589672588735,0.015553198823076545,True
Lachnospiraceae UCG-001,IFNB,-0.2186171167467973,9.771946069904238e-07,2.0741175622247193e-05,True
Lachnospiraceae UCG-001,IL12P70,-0.1689518997799716,0.00016648086901911122,0.0015411745674224992,True
Lachnospiraceae UCG-001,IL13,-0.1278985962361464,0.004491736797602764,0.021021273350934573,True
Lachnospiraceae UCG-001,IL17A,-0.225704773868357,4.2131559725736787e-07,1.0682192012218942e-05,True
Lachnospiraceae UCG-001,IL1RA,-0.1432360462579605,0.0014450997317691444,0.008995125410959324,True
Lachnospiraceae UCG-001,RANTES,-0.1265189527788894,0.004946617523283733,0.022717798995821586,True
Lachnospiraceae UCG-001,IFNG,-0.1268908061222582,0.004820093865037279,0.022310689874317936,True
Lachnospiraceae UCG-001,GMCSF,-0.21889784684532484,9.456667006444441e-07,2.0346947458614705e-05,True
Lachnospiraceae UCG-001,MIP1B,-0.157031096301717,0.0004723403522861433,0.0035862205016518123,True
Lachnospiraceae UCG-001,IFNA,-0.1317297901856074,0.0034198287045345195,0.0171773604272441,True
Lachnospiraceae UCG-001,TGFB,-0.1297071472371024,0.003952739439818979,0.019023251157307648,True
Lachnospiraceae UCG-001,IL9,-0.13927902480451193,0.0019574988189864596,0.011345306808197045,True
Lachnospiraceae UCG-001,VEGFD,-0.17070204508513462,0.00014198541124322466,0.001354322384166143,True
Lachnospiraceae UCG-001,TNFB,-0.15585725215068738,0.0005214041302017895,0.003924690513595578,True
Lachnospiraceae UCG-001,TRAIL,-0.13635066806844034,0.002438438465161766,0.013267808369332841,True
Lachnospiraceae UCG-001,GCSF,-0.12337939708631675,0.006140125924228955,0.02696390806613871,True
Lachnospiraceae UCG-001,GROA,-0.17224469721680083,0.00012324102168960517,0.0012047960460610364,True
Lachnospiraceae UCG-001,IL1A,-0.12405343818568024,0.005864022712488009,0.02609185554413928,True
Lachnospiraceae UCG-001,IL12P40,-0.2150897109352685,1.4700966646682657e-06,2.9228250986991002e-05,True
Lachnospiraceae UCG-001,IL18,-0.11192259613307078,0.012989474122296861,0.047373376210729734,True
Lachnospiraceae UCG-001,MCSF,-0.11117017361668223,0.013615392195751894,0.04923693632109204,True
Lachnospiraceae UCG-001,MCP3,-0.1379872300325833,0.002157808188320906,0.012089883690092876,True
Lachnospiraceae UCG-001,MIG,-0.19606656142043954,1.1841129559977303e-05,0.00016959088901706093,True
Lachnospiraceae UCG-001,RESISTIN,-0.18472824735048934,3.746504376936982e-05,0.0004348159759637207,True
Lachnospiraceae UCG-001,ICAM1,-0.15379215427233398,0.0006193794929571204,0.004510844158908734,True
Lachnospiraceae UCG-001,VCAM1,-0.16322971216618948,0.0002771043627248129,0.002343767763103583,True
Lachnospiraceae UCG-001,PDGFBB,-0.15569528950591954,0.0005285339446848457,0.003972012675207325,True
Lachnospiraceae UCG-001,LEPTIN,-0.2009058228027938,7.094256390923514e-06,0.00010924227488245619,True
Lachnospiraceae UCG-001,ENA78,-0.18518290502460064,3.5820410855099114e-05,0.00041882326538269734,True
Lachnospiraceae UCG-004,IL5,-0.16150453535594264,0.000322067253952097,0.0026210378249089485,True
Lachnospiraceae UCG-004,IL7,-0.1386262409111898,0.002056490589210914,0.011745677159226456,True
Lachnospiraceae UCG-004,TNFA,-0.11772903618128537,0.00895389714951753,0.03581558859807012,True
Lachnospiraceae UCG-004,HGF,0.13179304558126692,0.003404267546034462,0.017167938624114216,True
Lachnospiraceae UCG-004,MCP1,-0.20416987576678336,4.986267115241931e-06,8.215136589867126e-05,True
Lachnospiraceae UCG-004,VEGFD,-0.20336072359346719,5.444620312099814e-06,8.755990071882021e-05,True
Lachnospiraceae UCG-004,BDNF,0.14365300944931697,0.0013989941286641147,0.008754396194243438,True
Lachnospiraceae UCG-004,GCSF,-0.11126794258447799,0.01353258746088932,0.04901272261007723,True
Lachnospiraceae UCG-004,IL23,-0.15349250738224673,0.0006349378459718252,0.004588691917514172,True
Lachnospiraceae UCG-004,IL12P40,0.13636816827499723,0.0024352692155750655,0.013265882709583478,True
Lachnospiraceae UCG-004,RESISTIN,0.12282014417485058,0.006378008353997636,0.027698779137361164,True
Lachnospiraceae UCG-004,PDGFBB,0.12352267595960408,0.006080477311061769,0.026857652457684008,True
Lachnospiraceae UCG-008,IL27,-0.1451696726722973,0.0012424597725604223,0.00791144655176312,True
Lachnospiraceae UCG-008,IFNG,-0.11424033720498097,0.01121797001277144,0.042525402011407094,True
Lachnospiraceae UCG-008,RESISTIN,-0.13500655254346583,0.0026934016661149317,0.014372942979313201,True
Lachnospiraceae UCG-008,PDGFBB,-0.11362048821341544,0.01166945003562421,0.04381390324132373,True
Lactobacillus,FASL,0.132697476347542,0.0031886919968210823,0.01643885852190475,True
Lactobacillus,MIP1A,-0.13053230563227938,0.0037268583851499905,0.018295568997650745,True
Lactobacillus,IL27,0.12344563295414085,0.006112486195440133,0.026887935942646917,True
Lactobacillus,IL6,0.12668876710065596,0.004888471048899416,0.02250396325824742,True
Lactobacillus,IL8,0.1377447450121018,0.0021974345548978745,0.012253623222105069,True
Lactobacillus,IL31,0.21030863508095513,2.5295239245534857e-06,4.6019755723922874e-05,True
Lactobacillus,RANTES,0.15801625464211047,0.00043451405342560763,0.0033636819951118825,True
Lactobacillus,IFNG,0.11457027978094432,0.010984013399976426,0.04187432940185188,True
Lactobacillus,IL9,0.12120940219154153,0.0071100254742376265,0.030093357885607845,True
Lactobacillus,TNFB,0.1162715214933663,0.009844979058705836,0.038497544667736014,True
Lactobacillus,GROA,0.1827479166335737,4.5498539667598604e-05,0.0005128926289802024,True
Lactobacillus,MCSF,0.13023775621777647,0.0038061105585236584,0.018546424975970505,True
Lactobacillus,MIG,-0.13965754410262501,0.0019021151547224141,0.011078821519223752,True
Lactobacillus,IL22,0.16974931094586782,0.00015486570227089244,0.0014536398189251894,True
Lactobacillus,PDGFBB,0.17349428935221675,0.0001097894413090938,0.0010914089608617089,True
Lactobacillus,LEPTIN,0.13190478416808624,0.003376936218199061,0.0170914322880279,True
Lactobacillus,CD40L,-0.15078093884460078,0.0007931419659250259,0.005569122256561671,True
Lactobacillus,ENA78,0.14064478516316162,0.001764348274620877,0.010418056478713751,True
Marvinbryantia,FASL,0.1322358818810612,0.0032971150154508097,0.016832075788520275,True
Marvinbryantia,IL27,0.17630456099552738,8.441215277509678e-05,0.0008736205518071928,True
Marvinbryantia,IL8,0.1361952947255543,0.0024667416950133,0.013406328566208386,True
Marvinbryantia,IL13,0.12114859071145166,0.007139078764166398,0.03010784579758768,True
Marvinbryantia,IL31,0.2573898394199826,6.9330537115982514e-09,3.2668549089050963e-07,True
Marvinbryantia,SCF,0.11766597803830824,0.008990910152597904,0.03590342118933981,True
Marvinbryantia,RANTES,0.1270502598837919,0.004766739507542503,0.022128942423192386,True
Marvinbryantia,IFNG,0.11996337230333705,0.007726948898588459,0.031910064163145326,True
Marvinbryantia,IL9,0.1295585794877108,0.003994701271823209,0.019127923688403745,True
Marvinbryantia,VEGFD,0.22770642591645715,3.305457970101455e-07,9.055417415766311e-06,True
Marvinbryantia,TNFB,0.1254636858934721,0.005322143128385255,0.024090238636840847,True
Marvinbryantia,EGF,0.14767383560290281,0.0010188774466551532,0.0066865606248455185,True
Marvinbryantia,GROA,0.14464125698698355,0.001295067944785423,0.008191087457488474,True
Marvinbryantia,MCSF,0.14886864239406292,0.0009258486813801149,0.00620568845898023,True
Marvinbryantia,MIG,-0.17018659187405843,0.00014882351488121996,0.001408145385783752,True
Marvinbryantia,IL22,0.15349452795463842,0.0006348317302179688,0.004588691917514172,True
Monoglobus,SDF1A,0.166370725978942,0.00020992839161791427,0.0018628673847525651,True
Monoglobus,IL4,0.1239041185906705,0.005924206962500165,0.02633477661066111,True
Monoglobus,IL5,0.14756013561507847,0.0010281655310548866,0.006728772197681425,True
Monoglobus,IL8,0.12119981007137035,0.007114601163957373,0.030093357885607845,True
Monoglobus,IL13,0.11400238844363898,0.011389422969605031,0.043002372622418995,True
Monoglobus,IL1RA,0.14069904560184388,0.0017570483199698859,0.010387969490210919,True
Monoglobus,RANTES,0.13588201878865877,0.0025247221222664765,0.01362713704481058,True
Monoglobus,IFNG,0.13905701667334822,0.0019906650733998972,0.011467009567066401,True
Monoglobus,GMCSF,0.12930616930826086,0.00406691792291896,0.01934055547678156,True
Monoglobus,TNFA,0.21959039798243302,8.720085600608645e-07,1.911118295351997e-05,True
Monoglobus,MIP1B,0.1537592173366514,0.0006210721893291694,0.004516191598949146,True
Monoglobus,IFNA,0.12788220757768173,0.004496910767772082,0.021021273350934573,True
Monoglobus,IL9,0.11505758894562797,0.010646376168986085,0.04078514187663612,True
Monoglobus,TNFB,0.15197760509273367,0.0007192933423968099,0.005135318529354195,True
Monoglobus,NGF,0.1587595532282929,0.0004078616010775901,0.0031939718763934343,True
Monoglobus,GCSF,0.13310891540931843,0.003094791398109834,0.01604252702738563,True
Monoglobus,IL12P40,0.1284484300858169,0.004321238058919559,0.020341332401227735,True
Monoglobus,IL15,0.17073340677391058,0.00014157903084150792,0.0013531853819983475,True
Monoglobus,IL18,0.11576311565186993,0.010173849331642178,0.0394886145392899,True
Monoglobus,MCSF,0.1276671015020614,0.004565321472700519,0.021319915539509262,True
Monoglobus,VEGF,0.11325657640188153,0.011941935300171612,0.04462363135163254,True
NK4A214 group,IL17F,0.13126986122610806,0.003534928766806207,0.01753324668335879,True
NK4A214 group,TGFA,0.12363899133227234,0.006032437144298391,0.026715078781892873,True
NK4A214 group,MIP1A,0.12292574435021347,0.006332467171281811,0.02757084921536917,True
NK4A214 group,IL27,0.11236954467893064,0.012629806433512114,0.04648081967474446,True
NK4A214 group,LIF,0.16286462729086534,0.0002860996101538099,0.0023860201115836325,True
NK4A214 group,IL5,0.20110638476343562,6.943349425617745e-06,0.00010726905735577316,True
NK4A214 group,IP10,-0.12117284615992051,0.007127477768707714,0.03009379502343257,True
NK4A214 group,IL12P70,0.14137690242336684,0.0016681563675833145,0.009987741809469604,True
NK4A214 group,IL13,0.11359777806164761,0.011686292374700162,0.04384220515094519,True
NK4A214 group,IL1RA,0.13380683361603457,0.002941241017267724,0.015381939704068275,True
NK4A214 group,SCF,0.17936005366985902,6.313727918688877e-05,0.0006823460080931648,True
NK4A214 group,TNFA,0.2147854437619432,1.5223219406102353e-06,2.988825410064762e-05,True
NK4A214 group,MIP1B,0.16142156249056536,0.00032439260435648874,0.002635410261599612,True
NK4A214 group,IFNA,0.18154830450403367,5.11300194881796e-05,0.0005668815337136524,True
NK4A214 group,TGFB,0.13958583143803205,0.0019124964569653413,0.011125534944716898,True
NK4A214 group,MCP1,0.14951640882403852,0.0008787562769226353,0.005992329344224974,True
NK4A214 group,TRAIL,0.12991712926991586,0.0038941120780001683,0.018877629744379416,True
NK4A214 group,GCSF,0.21985544496381526,8.453029051179422e-07,1.8612463966895997e-05,True
NK4A214 group,IL1A,0.15146717065506438,0.0007499778926859696,0.005322132274602845,True
NK4A214 group,IL23,0.2012712209752974,6.821619804968227e-06,0.00010690704111612282,True
NK4A214 group,IL15,0.13953543441600444,0.001919823062518796,0.011154385043882328,True
NK4A214 group,MIG,0.11639210168636226,0.009768379100643942,0.038262624401332025,True
NK4A214 group,ICAM1,-0.2379631238290091,9.204122373174013e-08,2.970535933040818e-06,True
NK4A214 group,FGFB,0.14204356943832785,0.0015847730098243991,0.009647868762651899,True
NK4A214 group,PAI1,0.19695525700504576,1.0787990246220445e-05,0.00015737774006251002,True
NK4A214 group,CD40L,0.11108488833039844,0.013687988023193206,0.04938575770695742,True
Negativibacillus,FASL,-0.17232074131974093,0.00012238004216539458,0.0011988664421691043,True
Negativibacillus,MIP1A,0.11528119635966595,0.0104945509718984,0.04043362565787838,True
Negativibacillus,SDF1A,-0.17355164343454768,0.00010920647592895254,0.0010879089103112566,True
Negativibacillus,IL4,-0.12733940898387772,0.0046713456807953545,0.021771890057277653,True
Negativibacillus,IL7,0.1327459322144947,0.0031775002495322805,0.01639910314983144,True
Negativibacillus,IL8,-0.12255806660609056,0.006492304042320392,0.028040088586080373,True
Negativibacillus,IL12P70,0.16217145675043687,0.00030393362501284925,0.002508117760176087,True
Negativibacillus,RANTES,-0.13471002967607132,0.0027528211632668795,0.014607312298776504,True
Negativibacillus,IFNG,-0.11754258427844172,0.009063732402435055,0.03613223949261758,True
Negativibacillus,GMCSF,-0.12058085092914873,0.007415491094688258,0.030921941626700065,True
Negativibacillus,TNFA,-0.14559745830333967,0.0012013190282306437,0.0076702103807896925,True
Negativibacillus,MIP1B,-0.17764881056599532,7.433220457338367e-05,0.0007835645368004114,True
Negativibacillus,IL9,-0.13710891683476037,0.0023045183193471167,0.012730234842630262,True
Negativibacillus,VEGFD,0.12444818310013726,0.00570755564538217,0.025570788269590673,True
Negativibacillus,TNFB,-0.17177545808561615,0.00012868102652418686,0.0012450615954455204,True
Negativibacillus,EGF,-0.1253541460402808,0.0053625584749801124,0.024243008542940075,True
Negativibacillus,IL1A,-0.1480696430191656,0.0009871447096620185,0.006538312421114348,True
Negativibacillus,IL12P40,-0.1351864042883331,0.002657933291066536,0.014199752457489249,True
Negativibacillus,IL15,-0.15042988447618816,0.0008161014666775462,0.0056717848244610585,True
Negativibacillus,MCSF,-0.15175538310069217,0.0007325063462738964,0.005221739642424508,True
Negativibacillus,ICAM1,0.23690358274365483,1.0532547239368684e-07,3.286712754430811e-06,True
Negativibacillus,LEPTIN,-0.11632068015467462,0.00981368626250821,0.03840705122004874,True
Odoribacter,MIP1A,0.2239927073620138,5.17572279067077e-07,1.231717464123266e-05,True
Odoribacter,IL10,0.1484127338007174,0.0009603791278701487,0.006409782507824562,True
Odoribacter,GMCSF,-0.21134459668634403,2.251267463616732e-06,4.176367042740961e-05,True
Odoribacter,MCP1,0.18206167744445692,4.864383911958296e-05,0.0005431511135816941,True
Odoribacter,EGF,0.15038422792386635,0.0008191322412452055,0.005684464095357007,True
Odoribacter,TRAIL,0.13592384785934794,0.0025169092570453896,0.01361616121607104,True
Odoribacter,IL1A,0.13734217546319472,0.0022646923723385133,0.012569176040587838,True
Odoribacter,IL12P40,-0.17103213685683893,0.00013776249594881518,0.0013274782840712008,True
Odoribacter,MIG,0.1297552795359555,0.003939230667214489,0.018979197243266535,True
Odoribacter,IL21,0.1407025147969504,0.0017565825330068702,0.010387969490210919,True
Odoribacter,PDGFBB,-0.21484150277684774,1.5125680542085339e-06,2.9821006993433523e-05,True
Odoribacter,LEPTIN,-0.25580246918585264,8.63480364744907e-09,3.912230267959617e-07,True
Odoribacter,CD40L,0.24145956652513922,5.872216107394279e-08,2.096203204397109e-06,True
Oscillibacter,GMCSF,0.14979585038846502,0.0008591328172713043,0.0058755208054896745,True
Oscillibacter,IL12P40,0.11135056171961058,0.013462959905168609,0.04883561745431446,True
Oscillibacter,IL15,0.12063128987501595,0.007390552464662345,0.030845246424702363,True
Oscillospira,MIP1A,-0.14127861447307463,0.0016807845732420452,0.010037841456421441,True
Oxalobacter,IL5,0.1533330290427821,0.0006433653525357191,0.004635378503284875,True
Oxalobacter,IL31,0.14908905288846996,0.0009095693738760562,0.006140244827656127,True
Oxalobacter,HGF,-0.16317017820275997,0.0002785529462171184,0.002348016963461649,True
Oxalobacter,BDNF,-0.1124845919195699,0.012538660142132532,0.04630263839320414,True
Oxalobacter,IL23,0.14992165233649069,0.0008504314459256478,0.0058329446480373396,True
Oxalobacter,IL12P40,-0.16488426375743895,0.00023955272448435724,0.002078770603628529,True
Oxalobacter,PAI1,-0.13154887185923303,0.0034646925715662636,0.01729202977855678,True
Oxalobacter,CD40L,-0.20393957858206915,5.112827297514672e-06,8.336208382660601e-05,True
Parabacteroides,IL1B,0.2158564583033271,1.3459967266531438e-06,2.7337657655127645e-05,True
Parabacteroides,IL2,0.19461794324795015,1.3770292136267644e-05,0.00019196927972216907,True
Parabacteroides,IL8,-0.11264289466350352,0.012414193936383511,0.04595104621228524,True
Parabacteroides,IFNB,0.18148767404824417,5.14314451739833e-05,0.0005688849053047166,True
Parabacteroides,IL17A,0.11470335438082249,0.010890882445280562,0.041552905329685835,True
Parabacteroides,RANTES,-0.17641632753184372,8.352730936434062e-05,0.0008669178011558878,True
Parabacteroides,VEGFD,0.20450787954474292,4.805919953452388e-06,8.001941632744754e-05,True
Parabacteroides,IL15,0.12113917895788012,0.007143584805115243,0.03010784579758768,True
Parabacteroides,IL18,-0.11112246061080859,0.013655964164154502,0.049307971755935646,True
Parabacteroides,MIG,0.11601707201246443,0.010008374282264216,0.03903928776326903,True
Parabacteroides,IL21,0.18962655150360824,2.296771634479121e-05,0.0002940866288496092,True
Parabacteroides,VEGF,0.13132419964342296,0.003521149557465903,0.017483305284277488,True
Parabacteroides,CD40L,0.14232304667302614,0.0015509694091916247,0.009515843562644446,True
Paraprevotella,MIP1A,0.3022251747341235,7.520571194667972e-12,1.3124789433064992e-09,True
Paraprevotella,IL27,-0.17782596321495633,7.309179285723077e-05,0.0007722164303660793,True
Paraprevotella,LIF,-0.1225900322401197,0.006478265714426489,0.028030843017793954,True
Paraprevotella,IL1B,-0.1215585228099785,0.006945268119905786,0.029589605226940385,True
Paraprevotella,EOTAXIN,-0.24077461153440635,6.416171276074916e-08,2.2394814113233336e-06,True
Paraprevotella,IL13,-0.12291555563701534,0.006336848408371139,0.02757084921536917,True
Paraprevotella,IL17A,-0.14280999781510856,0.0014936485756560228,0.009239366382493334,True
Paraprevotella,IL31,-0.24653658458493075,3.0199045769267e-08,1.1568935257299683e-06,True
Paraprevotella,SCF,-0.1546261891352039,0.0005779168414720019,0.004281673202855461,True
Paraprevotella,RANTES,-0.11158013458554507,0.013271140775514795,0.04822469914407735,True
Paraprevotella,IFNG,-0.21648757161440857,1.2514478989989668e-06,2.5638358696013614e-05,True
Paraprevotella,GMCSF,-0.14893282044473868,0.0009210809927881182,0.00619134613126621,True
Paraprevotella,HGF,-0.1314624513302903,0.00348631091270282,0.01734135595383995,True
Paraprevotella,TGFB,-0.19358056570992763,1.533162547074069e-05,0.00020747537562824128,True
Paraprevotella,IL9,-0.1315358292760023,0.003467947398288658,0.01729202977855678,True
Paraprevotella,TNFB,-0.1884166234304899,2.5948759199696626e-05,0.00032512535812500405,True
Paraprevotella,BDNF,-0.13538883226461645,0.00261852212340639,0.014085018545080947,True
Paraprevotella,GROA,-0.11907082957452762,0.008197810264161932,0.033300070659250884,True
Paraprevotella,IL15,-0.20710130810873084,3.6151953701952217e-06,6.194472939767231e-05,True
Paraprevotella,IL18,-0.15872629226349244,0.0004090209466137365,0.00319619684982409,True
Paraprevotella,MCSF,-0.12170892591559736,0.006875349591999293,0.02939804653130732,True
Paraprevotella,MIG,0.13697177947131228,0.0023282302629957213,0.012831135671620864,True
Paraprevotella,IL22,-0.22852020353742777,2.9930471426592127e-07,8.296022433064829e-06,True
Paraprevotella,PDGFBB,-0.16685481075290506,0.0002010462871722949,0.0017930234763446115,True
Paraprevotella,LEPTIN,-0.19355829896094157,1.5366915554808194e-05,0.00020747537562824128,True
Paraprevotella,CD40L,0.13017507270526738,0.0038231721046720233,0.018591111410954153,True
Paraprevotella,ENA78,-0.1912931402517555,1.938961458840913e-05,0.0002537885109460662,True
Parasutterella,FASL,0.11208719777077962,0.012855978830407126,0.047068665306043804,True
Parasutterella,MIP1A,0.11589638959211798,0.010086709214028693,0.039285154720270124,True
Parasutterella,SDF1A,0.17438482835671285,0.00010105938642335415,0.0010240684490899887,True
Parasutterella,IL1B,0.12094870030923371,0.007235328470209968,0.030398391330328595,True
Parasutterella,IP10,0.19426006681879432,1.4291004780881223e-05,0.00019689828809214127,True
Parasutterella,IL8,0.12615825251006338,0.005072199481624222,0.023196529696553603,True
Parasutterella,EOTAXIN,-0.1205055729541651,0.007452850906307368,0.03103424933594587,True
Parasutterella,IL12P70,-0.1167291274773163,0.009557080572386372,0.03759011991409398,True
Parasutterella,IL17A,0.20267635081204646,5.8634203434827625e-06,9.30250392541777e-05,True
Parasutterella,RANTES,0.16930479251251607,0.00016124328762837984,0.0014985766692404848,True
Parasutterella,HGF,-0.18976906011720868,2.2638805907489247e-05,0.0002914591623936867,True
Parasutterella,MCP1,-0.2121489066095378,2.0556926482802066e-06,3.8901300235728246e-05,True
Parasutterella,IL9,0.15116186980951718,0.0007689055652069167,0.005440064599481969,True
Parasutterella,VEGFD,0.21935747830602842,8.961441544093969e-07,1.9549218775819806e-05,True
Parasutterella,TRAIL,0.15999601392717713,0.00036687302718026735,0.0029151866847781107,True
Parasutterella,GROA,0.17117289797816812,0.0001359978357478919,0.0013131594304181694,True
Parasutterella,IL1A,0.16460602737982225,0.00024551509719999786,0.0021149307824614074,True
Parasutterella,IL18,0.11987115309178813,0.007774454203745793,0.03202205262941449,True
Parasutterella,IL21,0.18340243907034878,4.2678565095188715e-05,0.00048484911631159434,True
Parasutterella,PDGFBB,0.1512846722043903,0.0007612396749567381,0.005393926839693458,True
Parasutterella,PAI1,-0.17043660732697086,0.00014546904505950537,0.0013847477582230087,True
Parasutterella,ENA78,0.23411300048358985,1.4976958972932802e-07,4.466546245598694e-06,True
Phascolarctobacterium,FASL,0.2782820636070671,3.3555672171276296e-10,2.4454093009296122e-08,True
Phascolarctobacterium,TGFA,0.11412039765829125,0.011304104201123594,0.04272013816953635,True
Phascolarctobacterium,MIP1A,0.1138682318688503,0.011487107799801196,0.043317963890303575,True
Phascolarctobacterium,SDF1A,0.3799446676144425,2.4176062857095374e-18,1.1391760818263341e-14,True
Phascolarctobacterium,IL27,0.18733601179916948,2.8918064966715933e-05,0.00035263114371944385,True
Phascolarctobacterium,IL1B,0.217928565029255,1.0588524286277435e-06,2.21747228608619e-05,True
Phascolarctobacterium,IL2,0.138983667731427,0.002001735320288841,0.011488644128137661,True
Phascolarctobacterium,IL4,0.29448555460893444,2.6697733771686864e-11,3.3999924738429327e-09,True
Phascolarctobacterium,IP10,0.23631434591370387,1.1349471224509899e-07,3.5183360795980687e-06,True
Phascolarctobacterium,IL6,0.18701765349195287,2.9852503709850145e-05,0.0003616066773285704,True
Phascolarctobacterium,IL7,0.17563078841581295,8.993623707810328e-05,0.0009252828583231936,True
Phascolarctobacterium,IL8,0.3533631837575859,6.467558155044107e-16,7.618783506641959e-13,True
Phascolarctobacterium,IL10,0.15554274219163314,0.0005353320147039131,0.004010309146716754,True
Phascolarctobacterium,IL13,0.1872929920972829,2.904269568799133e-05,0.0003527040775304514,True
Phascolarctobacterium,IL17A,0.19292305217661915,1.640684423843216e-05,0.00021900580751130973,True
Phascolarctobacterium,IL31,0.16336694128036863,0.00027379206267606434,0.002320338488002905,True
Phascolarctobacterium,RANTES,0.30631663238353246,3.790459729454902e-12,7.441935935496457e-10,True
Phascolarctobacterium,IFNG,0.248360105061436,2.3696922935206985e-08,9.152450891040599e-07,True
Phascolarctobacterium,GMCSF,0.13914763277629957,0.001977066128508676,0.011430595825193719,True
Phascolarctobacterium,TNFA,0.23104321146446705,2.1948771573770867e-07,6.1929707578208575e-06,True
Phascolarctobacterium,MIP1B,0.2986468182888138,1.357344432129341e-11,2.0631635368365985e-09,True
Phascolarctobacterium,IFNA,0.17333598702527678,0.00011141370199764411,0.0011029020248170148,True
Phascolarctobacterium,TGFB,0.17416034448027068,0.0001031962697500109,0.0010368034606866767,True
Phascolarctobacterium,MCP1,-0.2025154978279768,5.966223388331926e-06,9.43384047175169e-05,True
Phascolarctobacterium,IL9,0.31256592979665054,1.3036473942185927e-12,3.3366210323230664e-10,True
Phascolarctobacterium,VEGFD,0.15778543181082963,0.0004431149525490547,0.0034061299452057847,True
Phascolarctobacterium,TNFB,0.3364451068292898,1.7414096857374222e-14,1.3675870731991222e-11,True
Phascolarctobacterium,EGF,0.16249234980068722,0.0002955523751284822,0.0024561601262881975,True
Phascolarctobacterium,BDNF,0.18058297974579793,5.6133414609501035e-05,0.0006136906024129208,True
Phascolarctobacterium,TRAIL,0.29264762389691695,3.586950354716356e-11,4.122368310103285e-09,True
Phascolarctobacterium,GCSF,0.1321730989893032,0.003312117816964847,0.016863243777369998,True
Phascolarctobacterium,GROA,0.321230182122785,2.8457111905190407e-13,1.0314608561327477e-10,True
Phascolarctobacterium,IL1A,0.3603187936689332,1.5749127162866728e-16,2.473662906380934e-13,True
Phascolarctobacterium,IL23,0.12132317314078102,0.007055954329581555,0.029952843964854314,True
Phascolarctobacterium,IL15,0.2077862354057786,3.3513077642637616e-06,5.763270870514907e-05,True
Phascolarctobacterium,IL18,0.3299967567863718,5.79961225849205e-14,3.4159716202518176e-11,True
Phascolarctobacterium,MCSF,0.2887648055799872,6.647421604026105e-11,6.664393744291703e-09,True
Phascolarctobacterium,MCP3,0.21689124240680854,1.1943489928310382e-06,2.4683212518508123e-05,True
Phascolarctobacterium,MIG,0.15364926443093255,0.0006267540148907412,0.004547468828453128,True
Phascolarctobacterium,IL21,0.2115294904260763,2.2047915872718545e-06,4.106315398903154e-05,True
Phascolarctobacterium,FGFB,0.2011737148203856,6.893378803485191e-06,0.000107062107657099,True
Phascolarctobacterium,IL22,0.11719063596417242,0.00927433130038006,0.036785058154369395,True
Phascolarctobacterium,PDGFBB,0.1952624769959368,1.2877678556294558e-05,0.0001816755130456885,True
Phascolarctobacterium,VEGF,0.25435953132915984,1.0528133194360075e-08,4.5933855196133953e-07,True
Phascolarctobacterium,LEPTIN,0.12117978334184154,0.0071241629290873945,0.03009379502343257,True
Phascolarctobacterium,ENA78,0.21356849768009128,1.7495383819219142e-06,3.378616744104942e-05,True
Porphyromonas,IL17A,0.1517146424864989,0.0007349529710518044,0.0052312664646466805,True
Porphyromonas,IL31,-0.11211467917828173,0.012833809133601033,0.047024034710363975,True
Porphyromonas,MIP1B,0.13145221116584416,0.0034888806121053215,0.01734135595383995,True
Porphyromonas,IL12P40,0.1678621256205819,0.0001836800912181719,0.0016773267244574147,True
Porphyromonas,ICAM1,-0.15911036434566256,0.00039581866850000897,0.003108495943286737,True
Porphyromonas,ENA78,0.1472098004781732,0.001057277627457659,0.0068905839288803455,True
Prevotella,IL17F,-0.17806686624404727,7.143629621161039e-05,0.0007564220848294565,True
Prevotella,IL27,0.16940091755138767,0.00015984363427915346,0.001491451890541329,True
Prevotella,IL5,-0.16061501825647556,0.0003478270354499455,0.0027873486242179306,True
Prevotella,IP10,0.13410232743930953,0.0028783432368286385,0.015103288788348046,True
Prevotella,IL10,0.12954040908391842,0.003999860941391922,0.019127923688403745,True
Prevotella,IFNB,-0.11413858254712585,0.011291007247653593,0.04272013816953635,True
Prevotella,SCF,0.11578443196130216,0.010159867096980729,0.03947525985734389,True
Prevotella,RANTES,0.12415512484772818,0.005823352312082692,0.025984503877399284,True
Prevotella,IFNG,0.16156651637896666,0.0003203403682650755,0.0026114944900779164,True
Prevotella,HGF,0.16441527212513668,0.0002496827029978982,0.0021469067454855774,True
Prevotella,MCP1,-0.13161876810612463,0.0034472968768047237,0.017262128462809626,True
Prevotella,VEGFD,-0.11948054944780347,0.007978573140595059,0.03268516534688947,True
Prevotella,BDNF,0.14709839402296376,0.0010666934008124206,0.0069327714546594844,True
Prevotella,IL12P40,0.2449168959001226,3.739616557475515e-08,1.398497874509891e-06,True
Prevotella,IL18,0.13685849070282272,0.002347986410865206,0.012879757820718101,True
Prevotella,RESISTIN,0.1842429372020133,3.929928832835932e-05,0.00045498340688754086,True
Prevotella,PDGFBB,0.15058056141354456,0.0008061726733435459,0.005640041454474515,True
Prevotella,PAI1,-0.13417447375488986,0.0028631735186226163,0.0150404388180042,True
Prevotellaceae UCG-001,MIP1A,-0.17650257080651466,8.28505118587351e-05,0.0008634112703290365,True
Prevotellaceae UCG-001,RANTES,0.12614896232009895,0.005075471586830808,0.023196529696553603,True
Prevotellaceae UCG-001,MCP1,-0.11347114190394382,0.011780603233712737,0.04416086112748959,True
Prevotellaceae UCG-001,EGF,-0.1410889712388958,0.0017053983632273268,0.010159086077784025,True
Prevotellaceae UCG-001,TRAIL,-0.1379634358367909,0.002161667481560578,0.012097122533388887,True
Prevotellaceae UCG-001,GCSF,-0.1788098062657659,6.655066661657689e-05,0.000714320594754693,True
Prevotellaceae UCG-001,MIG,-0.1235064307218447,0.006087214133175698,0.026857652457684008,True
Prevotellaceae UCG-001,RESISTIN,0.11839547386445332,0.008570935802232227,0.03460689760078685,True
Prevotellaceae UCG-001,IL21,-0.1384877359632054,0.00207807432907489,0.011783256604814536,True
Prevotellaceae UCG-001,PDGFBB,0.17193155233008992,0.00012684682784742888,0.0012323757790042987,True
Prevotellaceae UCG-001,VEGF,-0.12449584748006437,0.005688918927300352,0.025529700938513582,True
Prevotellaceae UCG-001,LEPTIN,0.14822594797090213,0.000974866610405522,0.0064879900148426825,True
Prevotellaceae UCG-001,PAI1,-0.11520873701324463,0.010543537851450104,0.04052296113868915,True
Prevotellaceae UCG-001,CD40L,-0.11805193606873284,0.00876648366608765,0.035215405826602736,True
Prevotellaceae UCG-001,ENA78,0.12442222978372029,0.005717726428763229,0.025585875529280468,True
Prevotellaceae UCG-003,IL27,0.11496320345296941,0.010711044419381659,0.040966267292310364,True
Prevotellaceae UCG-003,IL31,0.21718838391214845,1.153924179023202e-06,2.3952822605979418e-05,True
Prevotellaceae UCG-003,IL9,0.1143507949467506,0.011139159663519946,0.042294698093880735,True
Prevotellaceae UCG-003,NGF,0.1111344179057416,0.013645786490845066,0.049307971755935646,True
Prevotellaceae UCG-003,GROA,0.14911496333238664,0.000907673124175223,0.006140244827656127,True
Prevotellaceae UCG-003,IL23,0.12343451083735181,0.006117119552316956,0.026887935942646917,True
Prevotellaceae UCG-003,MCSF,0.1267719947439211,0.004860198599566868,0.02245543268273646,True
Prevotellaceae UCG-003,MIG,-0.1385442440309171,0.002069243571882843,0.011770752989640705,True
Prevotellaceae UCG-003,IL22,0.12068111965661685,0.007365988701199441,0.030769981170258656,True
Prevotellaceae UCG-003,LEPTIN,0.12962120870162505,0.003976963209849309,0.019082943630152692,True
Prevotellaceae UCG-003,PAI1,-0.12005085554489263,0.007682123127204181,0.031808580118968456,True
Prevotellaceae UCG-003,CD40L,-0.11562276446703157,0.01026633857510415,0.03971673839564101,True
Prevotellaceae UCG-003,ENA78,0.1151464692147795,0.010585796516667115,0.04058606443168059,True
Prevotellaceae UCG-004,IL17F,-0.1247906363269369,0.005574867613746246,0.025089566567308798,True
Prevotellaceae UCG-004,TGFA,-0.11645786476090451,0.009726825894117672,0.03816220117658824,True
Prevotellaceae UCG-004,IL5,-0.11161988641556965,0.013238171990837919,0.048205770031551985,True
Prevotellaceae UCG-004,IFNB,-0.15678767861997217,0.0004821472754710257,0.003640830067338899,True
Prevotellaceae UCG-004,GMCSF,-0.1564755913142685,0.0004949978199546565,0.003731887564202147,True
Prevotellaceae UCG-004,TNFA,-0.1208373892491632,0.007289427913050601,0.03053136384559505,True
Prevotellaceae UCG-004,MCP1,-0.1156794981549228,0.010228862493459162,0.039636842162154254,True
Prevotellaceae UCG-004,LEPTIN,-0.14943859521156933,0.0008842939250219958,0.006021377131074631,True
Prevotellaceae UCG-004,PAI1,-0.11427806804750539,0.011190994144780437,0.04245729823688037,True
Rikenellaceae RC9 gut group,IL17F,-0.11944652395043732,0.007996578491327195,0.03269860281338629,True
Rikenellaceae RC9 gut group,TGFA,-0.11909509756014132,0.00818467648039642,0.03327540601866086,True
Rikenellaceae RC9 gut group,IL10,0.11329898914780691,0.011909891113916162,0.04454433432243678,True
Rikenellaceae RC9 gut group,IL12P70,0.14935308220365184,0.0008904166888152825,0.006050752994850382,True
Rikenellaceae RC9 gut group,SCF,0.14135092862209,0.0016714850391778755,0.009994971452545874,True
Rikenellaceae RC9 gut group,GMCSF,-0.22147272917830593,6.985889238003105e-07,1.582572600455319e-05,True
Rikenellaceae RC9 gut group,BDNF,0.141449944262135,0.00165882825605282,0.00996733199586068,True
Rikenellaceae RC9 gut group,LEPTIN,-0.25613865510346684,8.243594753142975e-09,3.808217497726441e-07,True
Romboutsia,TGFA,-0.12429504997116854,0.005767802585095879,0.02576102917627657,True
Romboutsia,IL7,0.11924085531638151,0.008106186954419274,0.033070435436557244,True
Romboutsia,EOTAXIN,-0.14011681674540316,0.0018368438312737722,0.010792030090975081,True
Romboutsia,GMCSF,-0.12693890789752704,0.0048039422033743125,0.022257793178269186,True
Romboutsia,MCP1,-0.11553253973944382,0.010326188529801847,0.03991550480100599,True
Romboutsia,IL21,0.12094251206095082,0.007238326628316783,0.030398391330328595,True
Romboutsia,LEPTIN,-0.1399136969993642,0.0018654537071881641,0.010905729365100036,True
Roseburia,IL2,-0.13259080140582805,0.0032134567960682247,0.016512331977179363,True
Roseburia,IP10,-0.13644041438905283,0.0024222253438511906,0.013210099328966215,True
Roseburia,IFNB,-0.11526845901869642,0.010503147530533349,0.04043368559139962,True
Roseburia,MIG,-0.16804861037604646,0.00018062345110258243,0.0016558321042711448,True
Roseburia,PAI1,0.2027561061390874,5.813076701371289e-06,9.25378966785862e-05,True
Ruminococcus,IL17F,0.14629353971567036,0.0011370490169910863,0.007299420937414167,True
Ruminococcus,IL17A,-0.1369791480771598,0.002326950541793933,0.012831135671620864,True
Ruminococcus,GMCSF,0.1332334341736089,0.003066872706727247,0.01595044613035186,True
Ruminococcus,TNFA,0.15927546122914862,0.0003902664566872166,0.0030751430500169973,True
Ruminococcus,HGF,0.13855471065385502,0.0020676116799253903,0.011770752989640705,True
Ruminococcus,MIP1B,0.2666979862358284,1.8576346787538905e-09,1.0545993501552207e-07,True
Ruminococcus,VEGFD,-0.17526159954531498,9.310574039808968e-05,0.0009558044635202583,True
Ruminococcus,IL1A,0.11288610269487986,0.012225095753969462,0.04541542579461399,True
Ruminococcus,ICAM1,-0.16246582128579162,0.0002962369909998548,0.0024575153197030205,True
Ruminococcus,PDGFBB,-0.12069338589784774,0.0073599532253037,0.030769981170258656,True
Ruminococcus,PAI1,0.17504042865686778,9.50545673205192e-05,0.0009730307172878899,True
Ruminococcus,ENA78,-0.14234415229991745,0.0015484436983185569,0.009512733645993534,True
Staphylococcus,IL7,-0.21880794964937295,9.55654958240628e-07,2.0406624446826764e-05,True
Staphylococcus,GMCSF,0.14171657012776523,0.0016251823302208073,0.009833246723718617,True
Staphylococcus,LEPTIN,0.16537858373300224,0.00022929261311725654,0.002008228239792775,True
Staphylococcus,CD40L,-0.13436920622335502,0.002822590995309895,0.014860903536582619,True
Streptococcus,FASL,0.27603580850031684,4.705746032112543e-10,3.21354714540787e-08,True
Streptococcus,SDF1A,0.2501221337859838,1.871327257787398e-08,7.472622066690016e-07,True
Streptococcus,IL27,0.22401481363408784,5.162043293897066e-07,1.231717464123266e-05,True
Streptococcus,LIF,0.18768629845728466,2.7921961398742184e-05,0.0003435203188273451,True
Streptococcus,IL1B,0.27131524006967195,9.482860046754622e-10,5.728620069270228e-08,True
Streptococcus,IL2,0.1484167616414746,0.0009600689215508264,0.006409782507824562,True
Streptococcus,IL4,0.2373651297098881,9.932577031694866e-08,3.1410941592849804e-06,True
Streptococcus,IP10,0.22472310944989005,4.741689851318827e-07,1.157660237275353e-05,True
Streptococcus,IL6,0.2713496534256804,9.435002193946687e-10,5.728620069270228e-08,True
Streptococcus,IL8,0.31760088368753875,5.415877359736447e-13,1.7013076079385424e-10,True
Streptococcus,IL10,0.18695122415328075,3.00510604853985e-05,0.00036242085914849574,True
Streptococcus,IL13,0.20432965357563895,4.9002243988832105e-06,8.130231467442848e-05,True
Streptococcus,IL17A,0.22625180175446638,3.9437166120952355e-07,1.0220882591764757e-05,True
Streptococcus,IL31,0.29108780637147985,4.6009656189273593e-11,4.817722221419048e-09,True
Streptococcus,IL1RA,0.14934251151581693,0.0008911762687661641,0.006050752994850382,True
Streptococcus,RANTES,0.3239526931126507,1.746028443028824e-13,8.227286023551819e-11,True
Streptococcus,IFNG,0.26388151270084975,2.782122087891221e-09,1.4896999179708446e-07,True
Streptococcus,GMCSF,0.1965290477942447,1.1281423386392546e-05,0.000163061555204545,True
Streptococcus,TNFA,0.15537382268351133,0.0005429544053483094,0.004054518475437772,True
Streptococcus,IFNA,0.22444246993612194,4.904147011535954e-07,1.1850431137619187e-05,True
Streptococcus,TGFB,0.22296300222412327,5.852991777322588e-07,1.358586071662268e-05,True
Streptococcus,MCP1,-0.15406526802596268,0.0006055075917928835,0.0044492878208641905,True
Streptococcus,IL9,0.32252165403388483,2.2585288500565988e-13,9.674716310424267e-11,True
Streptococcus,VEGFD,0.16999198729078766,0.00015148464036498553,0.0014275912507996237,True
Streptococcus,TNFB,0.29526135878353343,2.3553869626254486e-11,3.082939824414198e-09,True
Streptococcus,NGF,0.1144554778594783,0.011064922502406233,0.04208064151036172,True
Streptococcus,EGF,0.17579402368546265,8.856749712701098e-05,0.0009131948500272992,True
Streptococcus,BDNF,0.12595644461179692,0.005143707959248998,0.023372374063627074,True
Streptococcus,TRAIL,0.1505718116191929,0.0008067461672996228,0.005640041454474515,True
Streptococcus,GCSF,0.1400455444154984,0.001846836606153977,0.010837228005227321,True
Streptococcus,GROA,0.33256271841777224,3.6054189773267496e-14,2.4269620315948066e-11,True
Streptococcus,IL1A,0.22624325855556623,3.9477942098921596e-07,1.0220882591764757e-05,True
Streptococcus,IL23,0.18511546724843062,3.605996034380279e-05,0.00042058052757425424,True
Streptococcus,IL12P40,0.14680025699864346,0.001092272846554012,0.007069766006816628,True
Streptococcus,IL15,0.2629380726364417,3.1818387021868714e-09,1.6296547787722323e-07,True
Streptococcus,IL18,0.34946334569988996,1.4065041831253566e-15,1.325489542177336e-12,True
Streptococcus,MCSF,0.3131099763191457,1.18654852868941e-12,3.3366210323230664e-10,True
Streptococcus,MCP3,0.14012907230699215,0.0018351305326463673,0.010792030090975081,True
Streptococcus,RESISTIN,0.11947027991735355,0.00798400367450547,0.03268516534688947,True
Streptococcus,IL21,0.1407618126902494,0.0017486384587934512,0.010364257129351876,True
Streptococcus,FGFB,0.18551088354657688,3.4676703888399124e-05,0.00040951536020585635,True
Streptococcus,IL22,0.17025759566178766,0.00014786354458662168,0.0014028574529920729,True
Streptococcus,PDGFBB,0.19861204125181617,9.058136641318828e-06,0.0001350694299173871,True
Streptococcus,VEGF,0.1303780131262355,0.003768184228492703,0.01843788586153439,True
Streptococcus,LEPTIN,0.19357285878863384,1.5343831276272764e-05,0.00020747537562824128,True
Streptococcus,PAI1,-0.13178344094408564,0.0034066261913299643,0.017167938624114216,True
Streptococcus,CD40L,-0.13242101231171,0.0032532342367014066,0.016662217090583725,True
Streptococcus,ENA78,0.2327270472082006,1.780936194566835e-07,5.244857092999329e-06,True
Subdoligranulum,IL7,0.19217408442360745,1.771885355244694e-05,0.000233869013835098,True
Subdoligranulum,IFNB,-0.19563508572217078,1.238705035472537e-05,0.00017527862243683467,True
Subdoligranulum,EOTAXIN,0.2198582219517151,8.45027301752613e-07,1.8612463966895997e-05,True
Subdoligranulum,SCF,0.182931298353894,4.46911742673683e-05,0.000504999551913284,True
Subdoligranulum,GMCSF,-0.13645329661981734,0.002419906194535253,0.013210099328966215,True
Subdoligranulum,HGF,0.21465809163789096,1.5447048813720753e-06,3.020186473454448e-05,True
Subdoligranulum,VEGFD,-0.18222851895831743,4.786076291368059e-05,0.0005369521782125308,True
Subdoligranulum,EGF,0.1323939415862485,0.0032596174226698447,0.016676783165711518,True
Subdoligranulum,IL12P40,0.14224242751876465,0.0015606519611508964,0.009537992271002625,True
Subdoligranulum,IL22,0.16390189555901602,0.00026122983277587086,0.0022380272218907337,True
Subdoligranulum,PDGFBB,0.12260369449596518,0.006472273978415651,0.028030657156520727,True
Subdoligranulum,LEPTIN,-0.15779447528615742,0.0004427750148497439,0.0034061299452057847,True
Subdoligranulum,ENA78,-0.1141183145639564,0.011305605326275855,0.04272013816953635,True
Sutterella,IL17F,-0.15227475798901005,0.0007019698701140294,0.005026872382944234,True
Sutterella,FASL,-0.22189468717943417,6.64535395893852e-07,1.5200440706076846e-05,True
Sutterella,MIP1A,-0.15746991997073273,0.00045512797319356517,0.0034927736314138095,True
Sutterella,SDF1A,-0.3114595170020023,1.5777113170897212e-12,3.717087863063383e-10,True
Sutterella,IL27,-0.11515424780080946,0.01058050930568162,0.04058606443168059,True
Sutterella,LIF,-0.12074478819194814,0.007334709336626662,0.030693739248832,True
Sutterella,IL1B,-0.20979279527832395,2.6800677992721243e-06,4.8399819222769586e-05,True
Sutterella,IL2,-0.185192356072679,3.5786959859608286e-05,0.00041882326538269734,True
Sutterella,IL4,-0.20120991626828186,6.8666529818944095e-06,0.000107062107657099,True
Sutterella,IL5,-0.12504511569256835,0.005478070409056699,0.02470111748083748,True
Sutterella,IP10,-0.17830954686282627,6.980438121690803e-05,0.0007424791067586245,True
Sutterella,IL6,-0.19068749751337397,2.062387647162748e-05,0.00026845222633786926,True
Sutterella,IL8,-0.21419216862315738,1.629312152660831e-06,3.1724458112966266e-05,True
Sutterella,IL10,-0.18691812435739574,3.0150461966513225e-05,0.00036242085914849574,True
Sutterella,EOTAXIN,0.12312160786372266,0.006248770754799927,0.027263155367238202,True
Sutterella,IL13,-0.13853373805859553,0.002070882783430463,0.011770752989640705,True
Sutterella,IL17A,-0.25771703922333394,6.625142231312053e-09,3.1854765504022853e-07,True
Sutterella,IL31,-0.1258851099525649,0.005169201095107157,0.023442998614191458,True
Sutterella,IL1RA,-0.11817402057317113,0.008696540389308033,0.03501026083330498,True
Sutterella,RANTES,-0.2920285218107951,3.960220961130156e-11,4.3396653881035574e-09,True
Sutterella,IFNG,-0.16607154999366264,0.00021560005315558655,0.0019024484091182093,True
Sutterella,GMCSF,-0.2321748546737047,1.907606285372846e-07,5.583006718432825e-06,True
Sutterella,TNFA,-0.20970410416542212,2.706800527146214e-06,4.849598510993521e-05,True
Sutterella,MIP1B,-0.20795253397576113,3.2900723251478504e-06,5.720598079740469e-05,True
Sutterella,IFNA,-0.2176996911185137,1.0874166296621668e-06,2.267215557065544e-05,True
Sutterella,TGFB,-0.13215040624235166,0.0033175557824330114,0.016863243777369998,True
Sutterella,MCP1,0.1450057376505453,0.0012585664999138816,0.007992406128833169,True
Sutterella,IL9,-0.23293232808266134,1.735945319777928e-07,5.1445121677947145e-06,True
Sutterella,VEGFD,-0.24910912156181328,2.1438666999385197e-08,8.488991504294374e-07,True
Sutterella,TNFB,-0.22499700930164726,4.5881315486784145e-07,1.1281922106652017e-05,True
Sutterella,NGF,-0.15490359903270146,0.0005647071012535943,0.004190393482058167,True
Sutterella,EGF,-0.11419835684702602,0.011248051741972178,0.04260516061750234,True
Sutterella,TRAIL,-0.2535774531328908,1.1716471622948685e-08,5.064955439204974e-07,True
Sutterella,GCSF,-0.11708763753780538,0.009336781445189036,0.03693947453377895,True
Sutterella,GROA,-0.213022743665556,1.861676895634473e-06,3.5515066932103795e-05,True
Sutterella,IL1A,-0.2805781076809381,2.367384036294917e-10,1.9561828562013168e-08,True
Sutterella,IL15,-0.2533453119160022,1.2093535534934641e-08,5.180430858237456e-07,True
Sutterella,IL18,-0.2804669976217223,2.4078651455788705e-10,1.9561828562013168e-08,True
Sutterella,MCSF,-0.22436765043297985,4.948354192262395e-07,1.18962474254798e-05,True
Sutterella,MCP3,-0.15093793705609243,0.0007830687084305323,0.005526721668032758,True
Sutterella,MIG,-0.135716911239522,0.0025557774385769434,0.013763226617799496,True
Sutterella,IL21,-0.2111887668471628,2.2911646099773634e-06,4.218769945261527e-05,True
Sutterella,FGFB,-0.20979005548349178,2.680889816880913e-06,4.8399819222769586e-05,True
Sutterella,PDGFBB,-0.15733631703813325,0.0004603056064186361,0.0035267642560075016,True
Sutterella,VEGF,-0.26183032907407294,3.7225579866443697e-09,1.8463887613756073e-07,True
Sutterella,LEPTIN,-0.20035592481227102,7.524219006465046e-06,0.0001147382522927615,True
Sutterella,ENA78,-0.27257806554380043,7.872336754168417e-10,5.15200705356133e-08,True
Tyzzerella,SDF1A,0.13292473450370595,0.00313651083693004,0.01622309447158545,True
Tyzzerella,IL1B,0.16163661780563843,0.0003183976500327137,0.0026001555059863898,True
Tyzzerella,IL7,-0.2546331002555509,1.0140708478291806e-08,4.4657026495057e-07,True
Tyzzerella,IFNB,0.13999127667203737,0.0018544786078350066,0.010868536318555411,True
Tyzzerella,IL17A,0.19467285624185704,1.3692007794538708e-05,0.00019196927972216907,True
Tyzzerella,GMCSF,0.13300409895447043,0.003118471453520756,0.01614751372416462,True
Tyzzerella,MCP1,-0.14373631317511715,0.0013899464861074752,0.008732570456717898,True
Tyzzerella,IL9,0.1271899202919577,0.004720446530182269,0.021978996097054202,True
Tyzzerella,EGF,0.11267859449541753,0.012386276004537114,0.04588375199165006,True
Tyzzerella,IL12P40,0.1221252345379542,0.006685094471360728,0.02866257065427821,True
Tyzzerella,IL18,0.1260891058869727,0.0050965993196825776,0.023270519374364636,True
Tyzzerella,IL21,0.16503500478692185,0.00023637930643913329,0.0020626283184096224,True
Tyzzerella,IL22,-0.17009824344090804,0.00015002615285510972,0.0014166798241548636,True
Tyzzerella,PAI1,-0.28807375907992017,7.411574754319916e-11,6.930318060306967e-09,True
Tyzzerella,ENA78,0.13005728103074174,0.00385542082553476,0.018728600958680196,True
UCG-002,IL17F,0.2530170901418307,1.2646784079098519e-08,5.368616809073172e-07,True
UCG-002,TGFA,0.1855260980177142,3.4624497171602985e-05,0.00040951536020585635,True
UCG-002,MIP1A,0.15557093720840243,0.0005340694539853664,0.004007221763023959,True
UCG-002,IL2,0.1718715796407727,0.00012754861659596396,0.0012366442004118974,True
UCG-002,IL4,0.11229687051887091,0.012687683505690344,0.0465812818801512,True
UCG-002,IL5,0.1368723780823391,0.002345556422336728,0.012879757820718101,True
UCG-002,IFNB,0.12013866139218629,0.007637365836310684,0.03167893294075347,True
UCG-002,GMCSF,0.15973575871990373,0.0003751673991914029,0.002976075395605876,True
UCG-002,TNFA,0.2120090453500388,2.0884899458675776e-06,3.9363858499712104e-05,True
UCG-002,HGF,0.12375071823196056,0.005986613358059535,0.02656207358114551,True
UCG-002,MIP1B,0.18361974785322185,4.1779439560858185e-05,0.00047756040591870807,True
UCG-002,MCP1,0.14996917374687352,0.000847165778777141,0.005819016253058145,True
UCG-002,BDNF,-0.16489823777456195,0.00023925687447444726,0.002078770603628529,True
UCG-002,TRAIL,0.16733946771583597,0.0001925072274048775,0.0017377280757313845,True
UCG-002,IL1A,0.12695235478607247,0.0047994357346892585,0.022257793178269186,True
UCG-002,IL23,0.13596877731494406,0.0025085418647350956,0.013602128039852439,True
UCG-002,MIG,0.15404500033749716,0.0006065270353436839,0.0044492878208641905,True
UCG-002,IL21,0.12925122001760295,0.004082795105430429,0.019373746764137143,True
UCG-002,VCAM1,0.13523583514508342,0.0026482599224280927,0.014164132524950253,True
UCG-002,PDGFBB,-0.1762880111384767,8.454392436843802e-05,0.0008736205518071928,True
UCG-002,VEGF,0.21807677224705,1.0407412274776442e-06,2.18927351065833e-05,True
UCG-002,CD40L,0.1415063871615763,0.0016516527795945677,0.00995215843663632,True
UCG-003,IL17F,-0.13276811302637126,0.0031723891135791243,0.016390677086825477,True
UCG-003,FASL,-0.1119857296136641,0.012938127746492065,0.04729593323620683,True
UCG-003,SDF1A,-0.2224603742180898,6.213764278909655e-07,1.4282564527913314e-05,True
UCG-003,IL1B,-0.18990212247189292,2.2335735994044395e-05,0.00028834517261352657,True
UCG-003,IL4,-0.12947659721286925,0.004018028790671979,0.0191629065401279,True
UCG-003,IL7,0.14286622566014975,0.001487156631515342,0.00922037111539512,True
UCG-003,EOTAXIN,-0.1385178040736309,0.0020733711760190544,0.011770752989640705,True
UCG-003,IL13,-0.1129326471610063,0.012189198143710243,0.04540355861910092,True
UCG-003,IL17A,-0.2972506105412105,1.705262023434219e-11,2.4349074710369817e-09,True
UCG-003,GMCSF,-0.3097984279397742,2.0979255886138504e-12,4.4933751697947564e-10,True
UCG-003,TNFA,-0.20923934749500858,2.851107671489277e-06,5.05053358949529e-05,True
UCG-003,MIP1B,-0.28799749309117334,7.50098092265822e-11,6.930318060306967e-09,True
UCG-003,IFNA,-0.12050005424779546,0.007455596402438609,0.03103424933594587,True
UCG-003,TGFB,-0.18212980434799914,4.832263162184039e-05,0.0005408461762520473,True
UCG-003,IL9,-0.15403262530527825,0.0006071502692732755,0.0044492878208641905,True
UCG-003,TNFB,-0.12930383468122392,0.004067591357701725,0.01934055547678156,True
UCG-003,TRAIL,-0.16080310313275556,0.0003422251261442075,0.002751817055275607,True
UCG-003,GROA,-0.17407140102399946,0.00010405463228589879,0.001043203036874798,True
UCG-003,IL1A,-0.1465866064371502,0.001110950118387391,0.007161144949167422,True
UCG-003,IL12P40,-0.25041688202043316,1.798541891672546e-08,7.305801201345722e-07,True
UCG-003,IL15,-0.20835906537028265,3.1448486672078542e-06,5.488343303660522e-05,True
UCG-003,MCSF,-0.11589428379870845,0.010088080902276496,0.039285154720270124,True
UCG-003,MIG,-0.15229837167490137,0.000700609947852366,0.005024770280487593,True
UCG-003,ICAM1,0.13526220090075572,0.0026431134068014167,0.014152670878236675,True
UCG-003,VEGF,-0.11914906994518398,0.00815553402209371,0.033185558127897724,True
UCG-003,LEPTIN,-0.3213367070489761,2.792097423715854e-13,1.0314608561327477e-10,True
UCG-003,ENA78,-0.27199486688455266,8.579995224139633e-10,5.390524999486127e-08,True
UCG-005,SCF,0.16907827870588024,0.00016458709885566582,0.0015266425389919237,True
UCG-005,TNFA,0.11372044062629436,0.01159557806934313,0.043606036602350226,True
UCG-005,HGF,0.11776263967624928,0.008934228493952937,0.035797691040396463,True
UCG-005,MIG,0.17487411013688406,9.654529504673547e-05,0.0009825516852272518,True
UCG-005,PAI1,0.15305123949055355,0.000658510324219611,0.0047300314751872055,True
UCG-009,FASL,-0.2257320879356493,4.1992924129144225e-07,1.0682192012218942e-05,True
UCG-009,SDF1A,-0.26861074802536744,1.4081825584639554e-09,8.191797796891554e-08,True
UCG-009,IL27,-0.2001915028490009,7.65753053093376e-06,0.00011602020534327934,True
UCG-009,LIF,-0.24190058225254102,5.545857115156159e-08,2.010159902047371e-06,True
UCG-009,IL1B,-0.22327856846048336,5.636866906157991e-07,1.3214386498416146e-05,True
UCG-009,IL2,-0.18104284468751133,5.369482120442218e-05,0.0005897668939749121,True
UCG-009,IL4,-0.23761965164319626,9.615971706095822e-08,3.078481551241139e-06,True
UCG-009,IL5,-0.1941537828852834,1.444921929422007e-05,0.0001984977297794897,True
UCG-009,IL6,-0.21158513364606296,2.19098558106937e-06,4.096795261110663e-05,True
UCG-009,IL8,-0.23173871699737444,2.0137473033612328e-07,5.857269934221067e-06,True
UCG-009,IL10,-0.18380704582544477,4.101889043211252e-05,0.00047141710174661993,True
UCG-009,IL12P70,-0.1224764124404637,0.006528287979445244,0.02811818369208957,True
UCG-009,IL13,-0.2362465659271968,1.1447271664259784e-07,3.5254603975158233e-06,True
UCG-009,IL17A,-0.22635407349961303,3.895216641213612e-07,1.0197536446350166e-05,True
UCG-009,IL31,-0.18034157996842196,5.745501629237653e-05,0.000626685270300181,True
UCG-009,IL1RA,-0.14987438688174398,0.0008536910655729312,0.005846791135144843,True
UCG-009,SCF,-0.15012024221627202,0.0008368612259557065,0.00577348476823322,True
UCG-009,RANTES,-0.20025824265969097,7.603149400621495e-06,0.00011556787088944673,True
UCG-009,IFNG,-0.264401692437729,2.5830479871947882e-09,1.4152700134490514e-07,True
UCG-009,GMCSF,-0.25725894846016906,7.060075380298526e-09,3.293769820986797e-07,True
UCG-009,TNFA,-0.2168046792470569,1.2063787606312732e-06,2.4822955109583227e-05,True
UCG-009,MIP1B,-0.22567768032338456,4.2269510884165787e-07,1.0682192012218942e-05,True
UCG-009,IFNA,-0.2311092251039762,2.177032812403187e-07,6.1896508387638085e-06,True
UCG-009,TGFB,-0.20839272266799255,3.133104141669854e-06,5.488173500203849e-05,True
UCG-009,IL9,-0.27936903136110375,2.8459023265667075e-10,2.1983429119315288e-08,True
UCG-009,TNFB,-0.2703174958247963,1.0977720567565044e-09,6.54772396384386e-08,True
UCG-009,NGF,-0.17424191264125444,0.00010241494424251755,0.0010333602082885282,True
UCG-009,EGF,-0.11708825302195697,0.00933640715585023,0.03693947453377895,True
UCG-009,BDNF,-0.13384503920895963,0.002933038921627335,0.015358092391904339,True
UCG-009,TRAIL,-0.20338401118084729,5.430884350532794e-06,8.755990071882021e-05,True
UCG-009,GCSF,-0.16180913290541865,0.0003136634676106048,0.002570403929358556,True
UCG-009,GROA,-0.22463307919913594,4.793234537571167e-07,1.1642124299502751e-05,True
UCG-009,IL1A,-0.21551236515838942,1.4003932243187285e-06,2.8320398596522955e-05,True
UCG-009,IL23,-0.19504240195617872,1.3176084451302206e-05,0.00018533047741652533,True
UCG-009,IL12P40,-0.22509885944200525,4.532259619592976e-07,1.124000385659058e-05,True
UCG-009,IL15,-0.2885605000065082,6.8649611844489e-11,6.68860960131502e-09,True
UCG-009,IL18,-0.25599752130314163,8.405689236973764e-09,3.845398804332075e-07,True
UCG-009,MCSF,-0.2555541633860692,8.935241510514104e-09,4.0097959997659485e-07,True
UCG-009,MCP3,-0.11773935661231602,0.008947852340459134,0.03581558859807012,True
UCG-009,MIG,-0.11219306914601289,0.012770755873325362,0.0468294176459993,True
UCG-009,RESISTIN,-0.1707898758952703,0.0001408500639814299,0.0013489542713018244,True
UCG-009,IL21,-0.14166155871949923,0.0016320726022539857,0.009846768376210987,True
UCG-009,ICAM1,0.15076396559764457,0.0007942381486437699,0.005569122256561671,True
UCG-009,FGFB,-0.2078517743196238,3.3270456606656825e-06,5.763270870514907e-05,True
UCG-009,PDGFBB,-0.18732087708149925,2.896185327237368e-05,0.00035263114371944385,True
UCG-009,VEGF,-0.12979466326826664,0.003928208368259363,0.018954447516820027,True
UCG-009,LEPTIN,-0.19376264034889945,1.5045935608296513e-05,0.00020490303059622302,True
UCG-009,ENA78,-0.1956690950153699,1.2343165670838117e-05,0.00017518372482225666,True
Veillonella,MIP1A,-0.21329012857819735,1.805902138606104e-06,3.473228929433454e-05,True
Veillonella,IL12P70,-0.12410204814183977,0.005844549030681867,0.026029787365380867,True
Veillonella,MIP1B,-0.1570393082423321,0.0004720127634730525,0.0035862205016518123,True
Veillonella,VEGFD,0.15000114488998803,0.000844975253206366,0.005812442909647294,True
Veillonella,TRAIL,-0.16255184679160897,0.0002940223174005807,0.002447761766062785,True
Veillonella,IL1A,-0.13908950561823902,0.0019857795790638867,0.011452868269949857,True
Veillonella,MIG,-0.13645377099374412,0.00241982083311283,0.013210099328966215,True
Veillonella,IL21,-0.15005233657265438,0.0008414787225224621,0.005796853421821405,True
Veillonella,ICAM1,0.1321518928799046,0.003317199284763274,0.016863243777369998,True
Veillonella,IL22,0.13436873484286962,0.0028226885961887614,0.014860903536582619,True
Veillonella,PDGFBB,0.1382039099006716,0.002122952551356224,0.01198006278082698,True
Veillonella,LEPTIN,0.16497493895974816,0.00023763907704846206,0.0020697880426106346,True
Veillonella,CD40L,-0.14808253661802673,0.0009861265128602006,0.006538312421114348,True
Victivallis,FASL,-0.11662328790280305,0.00962299490508782,0.037817808167451054,True
Victivallis,SDF1A,-0.21529668673245517,1.4355569635815325e-06,2.866247632371263e-05,True
Victivallis,IL27,-0.12967961356297195,0.003960485862758659,0.019023251157307648,True
Victivallis,LIF,-0.12252443654988,0.006507102775910858,0.028078267655761872,True
Victivallis,IL1B,-0.19340724153991307,1.5608369533991582e-05,0.00020909114726200644,True
Victivallis,IL4,-0.11954641290115707,0.00794382283197705,0.03260565608386399,True
Victivallis,IL8,-0.13040255227888775,0.003761583996337928,0.018424723275201994,True
Victivallis,IL13,-0.12807961542460303,0.004434944909855435,0.020793492950486377,True
Victivallis,IL17A,-0.2053207555563822,4.3973481756960885e-06,7.37377388038433e-05,True
Victivallis,SCF,-0.14804176027788435,0.0009893499058265132,0.006538312421114348,True
Victivallis,RANTES,-0.15045865541769965,0.000814196924406814,0.0056717848244610585,True
Victivallis,IFNG,-0.1409907753988333,0.0017182726659154082,0.010222854547718943,True
Victivallis,GMCSF,-0.21077730438241188,2.39979072614826e-06,4.399927588175331e-05,True
Victivallis,TNFA,-0.23512042475226055,1.319620970883238e-07,4.011647751485044e-06,True
Victivallis,MIP1B,-0.19386336288047437,1.4890075191085635e-05,0.00020395940203603348,True
Victivallis,IFNA,-0.1698867602812375,0.00015294210759171414,0.001438449522898517,True
Victivallis,TGFB,-0.13755010134431075,0.0022297226607291107,0.012418975386945117,True
Victivallis,IL9,-0.14080209055260956,0.0017432612732074903,0.010345399394652007,True
Victivallis,TNFB,-0.18904184477386396,2.436528562720875e-05,0.00030779953317803654,True
Victivallis,EGF,-0.11313146009836818,0.012036909090850164,0.04487176869943511,True
Victivallis,BDNF,-0.17502445821015425,9.519676584671419e-05,0.0009730307172878899,True
Victivallis,TRAIL,-0.11884353286071866,0.008321738544911368,0.033687312735070765,True
Victivallis,GROA,-0.11607483985356445,0.009971068725509218,0.038927561401219724,True
Victivallis,IL1A,-0.16321130696889338,0.0002775514456306874,0.002343767763103583,True
Victivallis,IL12P40,-0.2111854109960388,2.292031209649726e-06,4.218769945261527e-05,True
Victivallis,IL15,-0.19247117035830863,1.7186931245881757e-05,0.00022812625360730938,True
Victivallis,IL18,-0.15834526815098335,0.00042252268731070265,0.003285357925095761,True
Victivallis,MCSF,-0.13456597801653786,0.0027821160278810628,0.014729585082444457,True
Victivallis,FGFB,-0.13657987661634055,0.002397225904237329,0.013119312962562479,True
Victivallis,PDGFBB,-0.12819234718833203,0.0043999057325842346,0.02064975678479772,True
Victivallis,LEPTIN,-0.2040226839094974,5.066807026340745e-06,8.318743800737836e-05,True
Victivallis,ENA78,-0.18924806568585675,2.386341365936272e-05,0.0003030846500348171,True
