Microbe,Cytokine,Correlation,P-value,Corrected_P-value,Exceeds_Perm_Threshold
Acidipropionibacterium,IL17F,0.04500588895871131,0.38544971789762694,0.7087825104907677,False
Acidipropionibacterium,FASL,0.015896133596861758,0.7592948484219785,0.9173238718712252,False
Acidipropionibacterium,TGFA,-0.02447768082807297,0.6370253298844601,0.8588093249157738,False
Acidipropionibacterium,MIP1A,0.0028869772107314668,0.9556248479508401,0.9850504294042394,False
Acidipropionibacterium,SDF1A,-0.0579403829068799,0.2636942634409259,0.5978645115946483,False
Acidipropionibacterium,IL27,-0.02496634117730185,0.6303140437966847,0.8553386100159291,False
Acidipropionibacterium,LIF,-0.002090089354551329,0.9678657965724983,0.9892852350591476,False
Acidipropionibacterium,IL1B,-0.025284672665274566,0.6259583035341498,0.8529438817977316,False
Acidipropionibacterium,IL2,-0.04386491153368182,0.3976226993350025,0.7145683292397147,False
Acidipropionibacterium,IL4,0.021229808741137012,0.6823659168233209,0.8847758252952572,False
Acidipropionibacterium,IL5,0.06550737301667638,0.20624092450077344,0.539786284575195,False
Acidipropionibacterium,IP10,0.0028803092332546176,0.9557272351568638,0.9850504294042394,False
Acidipropionibacterium,IL6,-0.026923109571620234,0.6037472339748906,0.839378013278769,False
Acidipropionibacterium,IL7,0.06397494715641727,0.21707627093968695,0.5528460026670257,False
Acidipropionibacterium,IL8,-0.07304789390111861,0.1585886130051273,0.4854220847880474,False
Acidipropionibacterium,IL10,-0.03920099187956821,0.4497307488633656,0.7479873557846737,False
Acidipropionibacterium,IFNB,0.0033463172875900457,0.9485734996166404,0.9839412097503842,False
Acidipropionibacterium,EOTAXIN,0.12930390169177838,0.012322804899392763,0.13415292375985113,True
Acidipropionibacterium,IL12P70,0.024612869432791434,0.6351656427379164,0.8584707857793811,False
Acidipropionibacterium,IL13,-0.0024281309937891748,0.9626720702989725,0.987204242733345,False
Acidipropionibacterium,IL17A,-0.03099990560699304,0.5500758297494633,0.8124465669671799,False
Acidipropionibacterium,IL31,0.019894328291221692,0.7013579033648925,0.8928003623063508,False
Acidipropionibacterium,IL1RA,-0.062303271806123606,0.22935471378906078,0.5632919467178518,False
Acidipropionibacterium,SCF,-0.0592708671627273,0.2528673437415668,0.5893900493224489,False
Acidipropionibacterium,RANTES,-0.12916776318677403,0.012415629539288065,0.1345227433577231,True
Acidipropionibacterium,IFNG,-0.05561917997836716,0.2833366905292162,0.6203862319935284,False
Acidipropionibacterium,GMCSF,-0.07373791722519996,0.15468164542871038,0.4801567910548505,False
Acidipropionibacterium,TNFA,-0.02945097497945417,0.5701902041704623,0.8218760786362871,False
Acidipropionibacterium,HGF,0.0455953793877391,0.37925034542884883,0.7033984466814136,False
Acidipropionibacterium,MIP1B,-0.029180069600858782,0.5737437280538409,0.8218760786362871,False
Acidipropionibacterium,IFNA,-0.05373828828022114,0.29995990784343424,0.6342781545993397,False
Acidipropionibacterium,TGFB,-0.027546060496285177,0.5953958936383824,0.8342721148492921,False
Acidipropionibacterium,MCP1,0.17226896250049034,0.0008215944724182694,0.029769462052558072,True
Acidipropionibacterium,IL9,-0.018053731892151478,0.727838527773076,0.9039258813651823,False
Acidipropionibacterium,VEGFD,-0.07099095602526262,0.17067654338105379,0.5023075485581646,False
Acidipropionibacterium,TNFB,-0.06843944365084999,0.18660997326304452,0.5214056013892924,False
Acidipropionibacterium,NGF,0.09354424326854828,0.07076727992038351,0.33143342119517916,False
Acidipropionibacterium,EGF,-0.06368510224035723,0.21917072920128008,0.5537438062536479,False
Acidipropionibacterium,BDNF,-0.10206595532083194,0.04856304313749937,0.27363519037579037,True
Acidipropionibacterium,TRAIL,-0.005178778717536412,0.9204886333687865,0.9766558162773976,False
Acidipropionibacterium,GCSF,0.006069656534875455,0.9068681952426608,0.9711310015486493,False
Acidipropionibacterium,GROA,0.0023197139270477295,0.964337646315472,0.9878839850266815,False
Acidipropionibacterium,IL1A,-0.038334272294529646,0.45982218850422596,0.7539840763601471,False
Acidipropionibacterium,IL23,0.08256834961573344,0.11089709288588996,0.41116663010183785,False
Acidipropionibacterium,IL12P40,-0.09821082800285293,0.05775685429991546,0.2989640510144047,True
Acidipropionibacterium,IL15,0.004216772501203278,0.9352225514188052,0.9811133365138057,False
Acidipropionibacterium,IL18,-0.11365241298592689,0.027970414567143793,0.2032810889062415,True
Acidipropionibacterium,MCSF,-0.022688151521740106,0.6618535218122665,0.8743235444394999,False
Acidipropionibacterium,MCP3,-0.029185026267886976,0.5736786166278662,0.8218760786362871,False
Acidipropionibacterium,MIG,-0.0419369053396185,0.4187095044770468,0.731038496552541,False
Acidipropionibacterium,RESISTIN,-0.092343257954893,0.0744775420500771,0.3382266138101689,False
Acidipropionibacterium,IL21,-0.02816290940232336,0.5871784754061244,0.8296925532454228,False
Acidipropionibacterium,ICAM1,0.03322173630298968,0.5218449903294956,0.7944287862848414,False
Acidipropionibacterium,VCAM1,-0.021772658409560136,0.6747020928633007,0.8820025084325231,False
Acidipropionibacterium,FGFB,-0.0040229146135307755,0.9381944855938186,0.9826120290648699,False
Acidipropionibacterium,IL22,0.01707233108709655,0.7420937329262225,0.9114864692336169,False
Acidipropionibacterium,PDGFBB,-0.128925441064085,0.012582381218393291,0.13538440205400726,True
Acidipropionibacterium,VEGF,0.03669558938156915,0.4792423067469468,0.7682194977443157,False
Acidipropionibacterium,LEPTIN,-0.08928305072687716,0.0846505666854008,0.3588565625482541,False
Acidipropionibacterium,PAI1,-0.03513791893825074,0.49810806919550155,0.7792102680434254,False
Acidipropionibacterium,CD40L,-0.017051183370507036,0.7424019035073472,0.9116643093246034,False
Acidipropionibacterium,ENA78,-0.04362469239848992,0.40021468170977703,0.7164795306000163,False
Acidothermus,IL17F,0.03488621618958537,0.501193082977065,0.781227574821409,False
Acidothermus,FASL,-0.04565586391303744,0.3786177344544642,0.7026791077787192,False
Acidothermus,TGFA,-0.06084111282889563,0.24049110328888446,0.5739693568656866,False
Acidothermus,MIP1A,0.012395157687058933,0.8111693906999298,0.9397508955522488,False
Acidothermus,SDF1A,-0.11123474477785557,0.03150344031187701,0.21447725198824422,True
Acidothermus,IL27,-0.03426573695685604,0.5088408797057308,0.7871727498635924,False
Acidothermus,LIF,-0.05448626560652321,0.29327333578491027,0.6284428623962363,False
Acidothermus,IL1B,-0.07722649817506419,0.13603578377390063,0.4512645568381185,False
Acidothermus,IL2,-0.11835223314108935,0.02206698821932907,0.17824832623968812,True
Acidothermus,IL4,-0.053108815647554514,0.3056649592656054,0.6388768274420974,False
Acidothermus,IL5,0.0400682278441537,0.43975966753733453,0.7426102592713689,False
Acidothermus,IP10,-0.01120009386555887,0.8290803254013545,0.9471731616593797,False
Acidothermus,IL6,-0.07580931050954529,0.14339047057679838,0.4621280555845757,False
Acidothermus,IL7,0.062161520030896256,0.23041807376909276,0.563339374738233,False
Acidothermus,IL8,-0.10778885752385599,0.037193502809051954,0.236329301689704,True
Acidothermus,IL10,-0.09946540869959314,0.054618483468841544,0.28977612437744127,True
Acidothermus,IFNB,0.021223813240906057,0.6824507440987073,0.8847758252952572,False
Acidothermus,EOTAXIN,0.12287667607505798,0.01743597243537902,0.16081442345357838,True
Acidothermus,IL12P70,0.0017913156291274024,0.9724573418221607,0.9918253913336719,False
Acidothermus,IL13,-0.07874634120108122,0.12847441758372405,0.44360848066318975,False
Acidothermus,IL17A,-0.0849028763377609,0.10112819949667645,0.3918717730496213,False
Acidothermus,IL31,0.00667724619897416,0.8975942638274423,0.9700996966245572,False
Acidothermus,IL1RA,-0.10577282065754234,0.040910096006127585,0.24999798769195816,True
Acidothermus,SCF,-0.095214883317068,0.06585852909913714,0.3194887325807199,False
Acidothermus,RANTES,-0.14405730650548912,0.005251577177791689,0.08288664644945708,True
Acidothermus,IFNG,-0.08395872276681753,0.10499347615506827,0.39937129556371637,False
Acidothermus,GMCSF,-0.125452948702673,0.01519819923355165,0.1483787459092167,True
Acidothermus,TNFA,-0.024985581492180765,0.630050412221326,0.8551888348808073,False
Acidothermus,HGF,-0.028451822283042112,0.5833477609637866,0.8277768197049001,False
Acidothermus,MIP1B,-0.09527023136745638,0.06570081158678412,0.3191573420224949,False
Acidothermus,IFNA,-0.09346024638751453,0.07102176898956611,0.33163303009353884,False
Acidothermus,TGFB,-0.0921322866556596,0.0751453691267789,0.33971354882386934,False
Acidothermus,MCP1,0.20826802476388187,4.932065348720264e-05,0.004828232394010363,True
Acidothermus,IL9,-0.04403571360681861,0.39578587823075806,0.7137754472445211,False
Acidothermus,VEGFD,0.042054433140093196,0.41740562722305885,0.7298550523779658,False
Acidothermus,TNFB,-0.12419421140345516,0.016257966342298764,0.15454761872236303,True
Acidothermus,NGF,0.02182749093346373,0.673929829131487,0.8820025084325231,False
Acidothermus,EGF,-0.04589953649947779,0.37607570915426236,0.7009916413310645,False
Acidothermus,BDNF,-0.12092366994263276,0.019319148591206665,0.16947765482904475,True
Acidothermus,TRAIL,-0.02137529360241459,0.6803087530916554,0.8836446797191053,False
Acidothermus,GCSF,-0.05593798673999704,0.2805819174402729,0.6171253840428548,False
Acidothermus,GROA,-0.05910057609250606,0.2542356233058449,0.5903598743431605,False
Acidothermus,IL1A,-0.06786119646905567,0.1903684195046864,0.5228157829725131,False
Acidothermus,IL23,0.06213104926251961,0.23064710727358287,0.5634308385754114,False
Acidothermus,IL12P40,-0.130656218977191,0.01143347681183748,0.1309780080655698,True
Acidothermus,IL15,-0.02955170140146959,0.568871624259897,0.8215287234578871,False
Acidothermus,IL18,-0.14356439561405937,0.005410295365208597,0.08335291169521077,True
Acidothermus,MCSF,-0.05961755851579209,0.25009750988796486,0.5864667470115381,False
Acidothermus,MCP3,-0.07174907490944547,0.16614375376869198,0.4947076552984532,False
Acidothermus,MIG,-0.0590133820621408,0.2549382053383301,0.5912531944255537,False
Acidothermus,RESISTIN,-0.11753413271431773,0.023009440796610287,0.18263666707506712,True
Acidothermus,IL21,-0.016248846957503487,0.7541237457605499,0.9163834056327133,False
Acidothermus,ICAM1,0.013883106411727653,0.7890067177135148,0.9276564443407949,False
Acidothermus,VCAM1,-0.021917975389247085,0.672656190328003,0.8819975348548134,False
Acidothermus,FGFB,-0.06295210478074971,0.22453185092436745,0.558327864598026,False
Acidothermus,IL22,-0.0450208740392608,0.38529136746588655,0.7087825104907677,False
Acidothermus,PDGFBB,-0.19442791896810666,0.00015455218941812834,0.01039037610786935,True
Acidothermus,VEGF,-0.015983152858839576,0.7580180594509939,0.9173238718712252,False
Acidothermus,LEPTIN,-0.14536602894431314,0.004850295591735039,0.08031053234979678,True
Acidothermus,PAI1,-0.06197613991673618,0.2318139754931204,0.5655977189556677,False
Acidothermus,CD40L,0.006885642366149784,0.8944165546905702,0.9677805652847357,False
Acidothermus,ENA78,-0.08122956766357621,0.11682533957979116,0.422479193036445,False
Acinetobacter,IL17F,-0.05091480433400144,0.32610650739942615,0.6534917662490877,False
Acinetobacter,FASL,0.04590934320311028,0.3759736244236732,0.7009916413310645,False
Acinetobacter,TGFA,0.009436205313999574,0.8556763376849182,0.9545125489171852,False
Acinetobacter,MIP1A,-0.08722981398632196,0.09208321071612496,0.37531559585000024,False
Acinetobacter,SDF1A,-0.1286086934432997,0.012803324132129007,0.13582233585034195,True
Acinetobacter,IL27,-0.008218620160334174,0.8741327985050034,0.9609261260161385,False
Acinetobacter,LIF,-0.1071809932819653,0.03828270997935446,0.24035929244746962,True
Acinetobacter,IL1B,-0.00882351288890309,0.864954509329641,0.9582400226814163,False
Acinetobacter,IL2,-0.05736696868318634,0.26845729062485346,0.6054938082807931,False
Acinetobacter,IL4,0.01840521582350429,0.7227555242990202,0.902669551671955,False
Acinetobacter,IL5,-0.15331375442975437,0.0029527440014929323,0.06335908394263566,True
Acinetobacter,IP10,0.06698413570467598,0.19617457949481315,0.5290740229971278,False
Acinetobacter,IL6,-0.01943599965355848,0.7079196390841292,0.89634481191047,False
Acinetobacter,IL7,-0.023175990917701568,0.6550468847911024,0.8694485292898076,False
Acinetobacter,IL8,-0.00842167294792584,0.8710498495926311,0.9596781581368697,False
Acinetobacter,IL10,-0.041242096112886116,0.42646648994094394,0.7358327191930943,False
Acinetobacter,IFNB,0.013814454758056987,0.7900256844285666,0.9286587990544347,False
Acinetobacter,EOTAXIN,-0.0616342928354548,0.2344037237109558,0.5667091594237808,False
Acinetobacter,IL12P70,-0.07518456097527342,0.1467275919525342,0.4670507490559846,False
Acinetobacter,IL13,-0.09673790869979437,0.06163043761987665,0.30732604282297743,False
Acinetobacter,IL17A,-0.09673863463261496,0.061628477021626125,0.30732604282297743,False
Acinetobacter,IL31,-0.008042058575880343,0.8768150811594355,0.9625126686909422,False
Acinetobacter,IL1RA,-0.06730547228662999,0.19403250649958445,0.5257108784552108,False
Acinetobacter,SCF,-0.09314247377020057,0.0719913082494218,0.3327423982498587,False
Acinetobacter,RANTES,-0.0037503711059826334,0.9423741491186015,0.9834388913562364,False
Acinetobacter,IFNG,-0.04055374763630639,0.43423301767208855,0.739951007058545,False
Acinetobacter,GMCSF,-0.09790974645725539,0.058531831393752405,0.30129854167632697,False
Acinetobacter,TNFA,-0.09408362602976607,0.06915078257187998,0.32672427328627457,False
Acinetobacter,HGF,0.03488421171452574,0.5012176913728753,0.781227574821409,False
Acinetobacter,MIP1B,-0.06861950561904352,0.18545084325826147,0.520065742443049,False
Acinetobacter,IFNA,-0.04425444698487516,0.3934410690419322,0.7124462033645862,False
Acinetobacter,TGFB,-0.05011562113050164,0.3337674420400639,0.6623123494251624,False
Acinetobacter,MCP1,-0.10957135939473196,0.03414984460434408,0.22471242086349053,True
Acinetobacter,IL9,-0.004170921891033248,0.9359253835910482,0.9815858438643,False
Acinetobacter,VEGFD,-0.015192612139121228,0.7696409851123378,0.920402206799581,False
Acinetobacter,TNFB,-0.03225849739826249,0.5339923322407651,0.8029705643222577,False
Acinetobacter,NGF,-0.08755896788931108,0.09085771691630008,0.3721046578258385,False
Acinetobacter,EGF,0.04838976802953501,0.3507023456547259,0.6776035625877322,False
Acinetobacter,BDNF,-0.015097251112300744,0.7710465790885963,0.9212933428938689,False
Acinetobacter,TRAIL,-0.05987463256362309,0.24805733394680252,0.5852505225119526,False
Acinetobacter,GCSF,-0.1119353854619492,0.030442332298838977,0.2112788734173153,True
Acinetobacter,GROA,-0.045859109928662635,0.37649671705577636,0.7012188521933351,False
Acinetobacter,IL1A,-0.060465501437488106,0.2434121639304536,0.5789598784023576,False
Acinetobacter,IL23,-0.12161701369519103,0.01863125292096422,0.1670821674573353,True
Acinetobacter,IL12P40,-0.05855612751456059,0.2586446291177934,0.5945856147134241,False
Acinetobacter,IL15,-0.02959184475453422,0.5683465241108965,0.8213826437808069,False
Acinetobacter,IL18,0.07414283104214736,0.15242314277606275,0.4756829623548267,False
Acinetobacter,MCSF,0.004339690765709608,0.933338618621991,0.9807531110289827,False
Acinetobacter,MCP3,-0.08070275569487755,0.11922496916497323,0.425997154321674,False
Acinetobacter,MIG,-0.01570817480697769,0.7620548982456363,0.9176417501795119,False
Acinetobacter,RESISTIN,0.020485334598636346,0.6929293633229905,0.890018251894288,False
Acinetobacter,IL21,-0.009070772291106944,0.8612078850559743,0.9565927395989228,False
Acinetobacter,ICAM1,-0.00872934221980744,0.8663822404932298,0.9586195256639534,False
Acinetobacter,VCAM1,-0.00681200582047908,0.8955392044325261,0.9688074371332873,False
Acinetobacter,FGFB,-0.06881173941198773,0.18421922087886697,0.5186393806781422,False
Acinetobacter,IL22,-0.16227219100061444,0.0016406383319015668,0.045546079064730065,True
Acinetobacter,PDGFBB,-0.033881719183317734,0.51360447405873,0.7906963232608833,False
Acinetobacter,VEGF,-0.04694588792950322,0.36527975435103843,0.692273864296804,False
Acinetobacter,LEPTIN,-0.09904636112967324,0.055650601115640144,0.29267705393522336,True
Acinetobacter,PAI1,-0.15289880118087615,0.003032013179795347,0.06337025977600687,True
Acinetobacter,CD40L,0.04425999387307576,0.3933817158745163,0.7124462033645862,False
Acinetobacter,ENA78,-0.06285619941898535,0.22524014606340817,0.5590606812685972,False
Actinomadura,IL17F,-0.01071023169432574,0.8364483126498473,0.9486547936150708,False
Actinomadura,FASL,-0.04279854442240645,0.40920578736234015,0.7229409232183127,False
Actinomadura,TGFA,-0.023882986101396973,0.6452330334296557,0.8632605443338809,False
Actinomadura,MIP1A,-0.03996739003890083,0.4409125213214746,0.7432146318525491,False
Actinomadura,SDF1A,-0.09777323487948869,0.05888603265063087,0.30256359317727466,False
Actinomadura,IL27,0.010170966821733197,0.8445758956418105,0.9520850681727203,False
Actinomadura,LIF,-0.027813224947079718,0.5918304180796466,0.8331013453290688,False
Actinomadura,IL1B,-0.03305812237174852,0.5238982913883956,0.7959032033616247,False
Actinomadura,IL2,-0.14544122203588533,0.004828102194691752,0.08018098287613087,True
Actinomadura,IL4,-0.0010745771326308908,0.9834755757165834,0.9964350733111645,False
Actinomadura,IL5,0.013047544721235338,0.8014325315959431,0.9361727615765634,False
Actinomadura,IP10,-0.060005238072968224,0.2470252854752937,0.5840682597254826,False
Actinomadura,IL6,-0.02423509970551381,0.6403680434271908,0.8609958685715912,False
Actinomadura,IL7,-0.016191010500817435,0.7549709361678042,0.9163834056327133,False
Actinomadura,IL8,-0.09327220422638943,0.07159419821119857,0.3326358251611058,False
Actinomadura,IL10,-0.0451857535616613,0.3835516674116277,0.7076526872976874,False
Actinomadura,IFNB,0.04066160876854257,0.43301068749385563,0.7395774827718746,False
Actinomadura,EOTAXIN,0.15129281708466188,0.003357356817636754,0.06619806022054095,True
Actinomadura,IL12P70,0.0601479699278536,0.24590084388061278,0.582151409351827,False
Actinomadura,IL13,-0.00471908462959196,0.9275261489342804,0.9804121824310068,False
Actinomadura,IL17A,0.03802274914588299,0.46347994045179974,0.7566121985061804,False
Actinomadura,IL31,-0.024035907020974488,0.6431183223298388,0.8623791089847366,False
Actinomadura,IL1RA,-0.1034683124475466,0.04553766260763425,0.26496366772742347,True
Actinomadura,SCF,-0.0165276639837672,0.750043774735457,0.9155879330079004,False
Actinomadura,RANTES,-0.18903503613228567,0.00023624370258685593,0.013451427147292408,True
Actinomadura,IFNG,0.012616328971701783,0.8078650733352127,0.939340481624686,False
Actinomadura,GMCSF,-0.028486347114740514,0.5828907711398426,0.8277768197049001,False
Actinomadura,TNFA,-0.04926235216188832,0.3420734002719371,0.6695330205950158,False
Actinomadura,HGF,0.0427932877342866,0.40926337732758766,0.7229409232183127,False
Actinomadura,MIP1B,-0.054085842854322524,0.2968404392971045,0.631479089316753,False
Actinomadura,IFNA,-0.08074432005319254,0.11903425645782088,0.425997154321674,False
Actinomadura,TGFB,-0.08701081235708268,0.09290589104180286,0.3764653193389206,False
Actinomadura,MCP1,0.22612367250523752,1.0067904555138002e-05,0.001937203704057588,True
Actinomadura,IL9,-0.025909035026293784,0.6174528881101864,0.847847600635133,False
Actinomadura,VEGFD,0.0320625110466931,0.5364812021362559,0.8040834306706127,False
Actinomadura,TNFB,-0.0998371562702678,0.05371622418233017,0.28713867548482197,True
Actinomadura,NGF,0.03649258550775176,0.4816787722606496,0.7692523037247924,False
Actinomadura,EGF,-0.04255862114211611,0.4118391709153606,0.72494087498666,False
Actinomadura,BDNF,-0.15280439946819716,0.0030503146846239584,0.06337025977600687,True
Actinomadura,TRAIL,-0.06011159039212685,0.24618710190480522,0.5825801648128979,False
Actinomadura,GCSF,-0.03709578633928134,0.4744588029368537,0.7643399448382395,False
Actinomadura,GROA,-0.0436095895701367,0.4003779796161674,0.7165199250347063,False
Actinomadura,IL1A,-0.11205587063283529,0.03026297559372545,0.21052242490204603,True
Actinomadura,IL23,0.02641770158458767,0.6105610483047386,0.844676562668359,False
Actinomadura,IL12P40,-0.018419483589934414,0.7225494456085995,0.902669551671955,False
Actinomadura,IL15,-0.03939324583879445,0.4475093532874763,0.7477320012988994,False
Actinomadura,IL18,-0.11933263652927563,0.020981773747904487,0.1734206910255814,True
Actinomadura,MCSF,-0.10326449989303638,0.04596728079831988,0.2654396072696868,True
Actinomadura,MCP3,-0.009141668626271924,0.8601341905799402,0.956372511759696,False
Actinomadura,MIG,-0.026398822044858127,0.610816235911255,0.844676562668359,False
Actinomadura,RESISTIN,-0.0676986694895145,0.19143472747095225,0.523143309568533,False
Actinomadura,IL21,-0.06631369267175563,0.20069930283259962,0.5329378929080653,False
Actinomadura,ICAM1,0.07778806198510947,0.13320304783022685,0.44829493781222307,False
Actinomadura,VCAM1,-0.03641950890201649,0.4825574825191059,0.7693871426847527,False
Actinomadura,FGFB,-0.04024841483538112,0.4377039302138075,0.7405663828359751,False
Actinomadura,IL22,0.05167909577957916,0.3188874036538864,0.646961254641305,False
Actinomadura,PDGFBB,-0.16900590570280907,0.0010339901375104959,0.03363971708113897,True
Actinomadura,VEGF,-0.06559934156592166,0.20560331416378747,0.5388757599971508,False
Actinomadura,LEPTIN,-0.04906956655434549,0.34396811181053766,0.6724143178784152,False
Actinomadura,PAI1,0.011515825184487244,0.824339310415277,0.9458797762939021,False
Actinomadura,CD40L,0.051908464712237326,0.3167413879538936,0.646112226674723,False
Actinomadura,ENA78,0.026037091161881156,0.6157146818879575,0.8474537130884997,False
Actinomyces,IL17F,0.013995982731250209,0.7873321253632031,0.9270940039139035,False
Actinomyces,FASL,0.013943884277255545,0.7881049180515884,0.9275733901556346,False
Actinomyces,TGFA,0.07741617815789377,0.1350738322873675,0.4510403643372403,False
Actinomyces,MIP1A,0.008742823560542987,0.8661778217586255,0.9586021906809065,False
Actinomyces,SDF1A,-0.00867865902401507,0.8671508337030505,0.958824794477731,False
Actinomyces,IL27,0.09946003084119047,0.05463162775001223,0.28977612437744127,True
Actinomyces,LIF,0.029157222480780672,0.5740438958893211,0.8218760786362871,False
Actinomyces,IL1B,0.03262880653430099,0.5293056106920905,0.7984658847423262,False
Actinomyces,IL2,-0.06511785440492857,0.20895728202230768,0.5420755007938203,False
Actinomyces,IL4,0.056070239659138425,0.2794444692254043,0.6161784758382565,False
Actinomyces,IL5,0.004838434871088738,0.9256984356706769,0.9788808278045139,False
Actinomyces,IP10,0.07547492902040248,0.14516929503362416,0.46527551194004757,False
Actinomyces,IL6,0.10793008790427291,0.03694423403110382,0.236329301689704,True
Actinomyces,IL7,-0.05344775667409825,0.302584214991901,0.6366590948924614,False
Actinomyces,IL8,0.024374989534723574,0.6384395002401075,0.8599852853564175,False
Actinomyces,IL10,0.03282649811246645,0.526812137824619,0.7965424030831106,False
Actinomyces,IFNB,0.03380817295819655,0.5145194175197612,0.7906963232608833,False
Actinomyces,EOTAXIN,0.1272311506773708,0.013804471501200297,0.14030774312695385,True
Actinomyces,IL12P70,0.10413384104361668,0.04415818970933526,0.260192923524911,True
Actinomyces,IL13,0.054101213052877746,0.29670298518142163,0.6314274055348332,False
Actinomyces,IL17A,-0.01178185199799008,0.8203495987534559,0.9440195423890048,False
Actinomyces,IL31,0.05632239677122166,0.27728444061859575,0.6141467234539015,False
Actinomyces,IL1RA,0.022843099273070943,0.6596885433001033,0.8728298006737332,False
Actinomyces,SCF,0.16994079428080175,0.0009684720867968962,0.032660227768696384,True
Actinomyces,RANTES,-0.05238362010309258,0.31232584345457975,0.6451374916736159,False
Actinomyces,IFNG,0.1427802146498549,0.005671706631511293,0.0848475147555845,True
Actinomyces,GMCSF,-0.020970091541778348,0.6860441735601017,0.8863606845546627,False
Actinomyces,TNFA,-0.005421026460225959,0.9167824902005575,0.9756184137947054,False
Actinomyces,HGF,0.09734226234640334,0.06001590799847537,0.3052954805850084,False
Actinomyces,MIP1B,-0.0549952505270221,0.2887806398210111,0.624103775276448,False
Actinomyces,IFNA,-0.0026079187230744092,0.9599104111430394,0.9866089692720869,False
Actinomyces,TGFB,-0.0024236193179232954,0.9627413785180904,0.987204242733345,False
Actinomyces,MCP1,0.11743809344019572,0.023122329408716138,0.18275155538333715,True
Actinomyces,IL9,0.07836137424036668,0.13035817969135613,0.44543701327481156,False
Actinomyces,VEGFD,0.04414358648304508,0.39462843820979765,0.7133225413704797,False
Actinomyces,TNFB,0.029756544145002287,0.5661945729531281,0.8207128369260381,False
Actinomyces,NGF,0.012798194234186776,0.8051505437415065,0.9371921970270095,False
Actinomyces,EGF,0.1433454434681661,0.005482171790706515,0.08335291169521077,True
Actinomyces,BDNF,-0.000764663135323055,0.9882408978991606,0.9972218265937813,False
Actinomyces,TRAIL,0.004493711384693745,0.9309785150676939,0.9807531110289827,False
Actinomyces,GCSF,0.051835119136717275,0.31742659326256817,0.6462022584476944,False
Actinomyces,GROA,0.030250790039303414,0.5597602721810897,0.816819457373765,False
Actinomyces,IL1A,-0.039251250393493434,0.4491494372994499,0.7477320012988994,False
Actinomyces,IL23,0.05852081011634273,0.2589324451171363,0.5945856147134241,False
Actinomyces,IL12P40,0.1403632158336112,0.006550308239523034,0.09300437653063238,True
Actinomyces,IL15,0.021968851398149795,0.6719404814114798,0.881596023107467,False
Actinomyces,IL18,0.04468950997786855,0.3888021982201484,0.7105523000675212,False
Actinomyces,MCSF,-0.014210861465046168,0.7841469731828343,0.9264879422151057,False
Actinomyces,MCP3,0.06912137421777904,0.18224811995979665,0.5172657728258725,False
Actinomyces,MIG,0.028918195043756117,0.5771886959380484,0.8235011309982896,False
Actinomyces,RESISTIN,0.0063054031705828475,0.9032683095190277,0.9701135837313933,False
Actinomyces,IL21,0.05897080122638025,0.25528179654379257,0.5913127541363066,False
Actinomyces,ICAM1,0.14375991384206968,0.005346829102801467,0.08288664644945708,True
Actinomyces,VCAM1,-0.030754784650447082,0.5532356475682243,0.8129606335602598,False
Actinomyces,FGFB,0.015239362559806718,0.7689521723808896,0.9203551015720071,False
Actinomyces,IL22,0.05983659876067203,0.24835844230228274,0.5854837803323776,False
Actinomyces,PDGFBB,-0.0061339434130294026,0.9058863330489468,0.9710346846499248,False
Actinomyces,VEGF,0.016314961988189963,0.7531556514534037,0.9163834056327133,False
Actinomyces,LEPTIN,-0.04441873264147169,0.39168545913927877,0.7121554466198964,False
Actinomyces,PAI1,-0.06628334871090216,0.2009058693143114,0.5330018335393817,False
Actinomyces,CD40L,0.12734796849183125,0.0137169780318371,0.13992822197011154,True
Actinomyces,ENA78,-0.014722665593288848,0.7765750709448545,0.9239421952819377,False
Aeribacillus,IL17F,0.0005098144149374917,0.992159841956294,0.9988429180103221,False
Aeribacillus,FASL,-0.11682264057597994,0.023857191467048965,0.1851503871851644,True
Aeribacillus,TGFA,-0.07823005545403511,0.1310056227379826,0.44601060090173456,False
Aeribacillus,MIP1A,0.00011251538054616698,0.9982696608999491,0.9997953913454289,False
Aeribacillus,SDF1A,-0.09724449593963683,0.0602746971064794,0.3057570998674137,False
Aeribacillus,IL27,-0.13297279189438743,0.010041261292204184,0.12075482329848997,True
Aeribacillus,LIF,-0.055368959327240286,0.2855115585386624,0.6220829740904866,False
Aeribacillus,IL1B,-0.1125262846470197,0.02957133959329281,0.2078187341694885,True
Aeribacillus,IL2,-0.022438663913470127,0.6653453585183757,0.8776896218753042,False
Aeribacillus,IL4,-0.13146451651113816,0.010929439836578686,0.12679059103556978,True
Aeribacillus,IL5,0.04677734833210762,0.3670055532572317,0.6932603206416226,False
Aeribacillus,IP10,-0.01759451111449016,0.7344975506783449,0.9083377561343547,False
Aeribacillus,IL6,-0.1287516123565413,0.012703213165294627,0.13538440205400726,True
Aeribacillus,IL7,0.06606031379965444,0.20242892213137403,0.5338042122568725,False
Aeribacillus,IL8,-0.13677777734783503,0.008078735278865911,0.10639097072735755,True
Aeribacillus,IL10,-0.10223895233693263,0.04818096765116643,0.27239088094580416,True
Aeribacillus,IFNB,-0.029683082213561796,0.5671539403939682,0.8207258784746738,False
Aeribacillus,EOTAXIN,0.005326850825207233,0.9182230717449579,0.9759473207461933,False
Aeribacillus,IL12P70,-0.06511245358076373,0.2089951259509214,0.5420755007938203,False
Aeribacillus,IL13,-0.08838339468998788,0.08784553147654477,0.3663513196107024,False
Aeribacillus,IL17A,-0.10532785752527374,0.04177132115073089,0.25171055293852956,True
Aeribacillus,IL31,-0.1020169437046945,0.04867174809546335,0.27363597833445313,True
Aeribacillus,IL1RA,-0.035192955558899695,0.49743485183022484,0.7785936811255694,False
Aeribacillus,SCF,-0.1413900811205737,0.006163131446885893,0.08954528751170568,True
Aeribacillus,RANTES,-0.08567612054796542,0.09804744308279253,0.38501388627866456,False
Aeribacillus,IFNG,-0.15441876034837212,0.0027507535350683133,0.06058444054012097,True
Aeribacillus,GMCSF,-0.0202407399396837,0.696413091696455,0.8908723181261392,False
Aeribacillus,TNFA,0.0021531562411471897,0.9668967171353791,0.9892852350591476,False
Aeribacillus,HGF,-0.09457515239465371,0.06770413503161028,0.32400315332540236,False
Aeribacillus,MIP1B,-0.036866852577820054,0.4771920165553172,0.766414724220088,False
Aeribacillus,IFNA,-0.11217101377283721,0.03009241695174283,0.21005857266697134,True
Aeribacillus,TGFB,-0.03638239003541946,0.4830041506854281,0.7693871426847527,False
Aeribacillus,MCP1,0.0742995706093367,0.15155563316302786,0.47377055072812074,False
Aeribacillus,IL9,-0.1329790601994091,0.010037707763208942,0.12075482329848997,True
Aeribacillus,VEGFD,0.031219050509549637,0.5472583822936835,0.8095709897133495,False
Aeribacillus,TNFB,-0.08964858418841162,0.08337948567807707,0.35651918014074335,False
Aeribacillus,NGF,0.0065675849588092295,0.8992670831837632,0.9700996966245572,False
Aeribacillus,EGF,-0.11297487242613574,0.028924450810559794,0.20559100531353514,True
Aeribacillus,BDNF,-0.0335909278172701,0.5172269502638893,0.7922389191524849,False
Aeribacillus,TRAIL,-0.07525991670261208,0.14632196679586293,0.4670450274078124,False
Aeribacillus,GCSF,-0.027663847466539784,0.5938227501819229,0.8338024524446728,False
Aeribacillus,GROA,-0.1300361089848315,0.01183398422688124,0.13210104366291336,True
Aeribacillus,IL1A,-0.0698325560143952,0.17777987261793585,0.5111622950295994,False
Aeribacillus,IL23,0.01921201888424894,0.711134206106989,0.8979103463240506,False
Aeribacillus,IL12P40,-0.09018833929717882,0.08153077755890731,0.3522282010513652,False
Aeribacillus,IL15,-0.04152726648771022,0.42327274252737135,0.7331181434413502,False
Aeribacillus,IL18,-0.14755379925885087,0.00424080061699564,0.07488502355327745,True
Aeribacillus,MCSF,-0.08617136898426363,0.09611382499064963,0.38344294909155885,False
Aeribacillus,MCP3,-0.05387887505940633,0.2986954618986137,0.6326042199008574,False
Aeribacillus,MIG,-0.10907511048602292,0.03497511831630774,0.22933156310810482,True
Aeribacillus,RESISTIN,-0.12766503096187273,0.01348196061048026,0.13839322332939283,True
Aeribacillus,IL21,-0.10703582414433797,0.038546791294529203,0.24167538811626174,True
Aeribacillus,ICAM1,0.015560273292298463,0.7642288566862814,0.9186551099331,False
Aeribacillus,VCAM1,0.04438418689759725,0.3920542325164571,0.7123616468387596,False
Aeribacillus,FGFB,-0.037922063385452544,0.46466558659006896,0.7576954918680844,False
Aeribacillus,IL22,-0.08341781987331581,0.10725995440339048,0.40355232356201515,False
Aeribacillus,PDGFBB,-0.0983037807347892,0.057519319266901923,0.29853641180132373,True
Aeribacillus,VEGF,-0.007116520172116379,0.8908980080595353,0.9674419892098807,False
Aeribacillus,LEPTIN,0.004519165421333005,0.9305885329649709,0.9807531110289827,False
Aeribacillus,PAI1,0.12184524109571812,0.018409536639087516,0.1670821674573353,True
Aeribacillus,CD40L,-0.11143466232486503,0.031197494508681693,0.2137050887827085,True
Aeribacillus,ENA78,-0.0913610417038767,0.07762828753195626,0.34323759463416476,False
Aestuariimicrobium,IL17F,-4.369837842321358e-05,0.9993279757615949,0.9997953913454289,False
Aestuariimicrobium,FASL,-0.07897325061811775,0.1273739915127674,0.4420823536746333,False
Aestuariimicrobium,TGFA,0.004408999033394809,0.9322765140419995,0.9807531110289827,False
Aestuariimicrobium,MIP1A,-0.07719656173411236,0.13618808489523146,0.4512645568381185,False
Aestuariimicrobium,SDF1A,-0.10881057422846109,0.035421936321635414,0.2306352446612901,True
Aestuariimicrobium,IL27,0.014050656527319103,0.7865213560534007,0.9270940039139035,False
Aestuariimicrobium,LIF,-0.011114072795114874,0.8303730991313589,0.9474924775815956,False
Aestuariimicrobium,IL1B,-0.01522253254457987,0.7692001220643525,0.9203551015720071,False
Aestuariimicrobium,IL2,-0.1057289721441787,0.040994293680670556,0.24999798769195816,True
Aestuariimicrobium,IL4,0.00206450938065493,0.968258869432556,0.9892852350591476,False
Aestuariimicrobium,IL5,0.017160873861495035,0.7408039098987078,0.9107040795846639,False
Aestuariimicrobium,IP10,-0.10010969903127571,0.05306264542868523,0.28641724799652474,True
Aestuariimicrobium,IL6,-0.0316217361365168,0.5420998452743633,0.8068123839874511,False
Aestuariimicrobium,IL7,-0.044576174347929744,0.39000743671100724,0.7109576925342764,False
Aestuariimicrobium,IL8,-0.10848883804874726,0.03597189773576733,0.23285752826633607,True
Aestuariimicrobium,IL10,-0.05044965998940492,0.33055140608455713,0.6585065497864437,False
Aestuariimicrobium,IFNB,0.0284385357065821,0.5835236737707596,0.8277768197049001,False
Aestuariimicrobium,EOTAXIN,0.1564859346383552,0.002406299496018055,0.05665464636194408,True
Aestuariimicrobium,IL12P70,0.06407961984787269,0.21632342782152603,0.5519586458368243,False
Aestuariimicrobium,IL13,0.01435694099601192,0.7819836841054943,0.9262298784352915,False
Aestuariimicrobium,IL17A,0.05532208266927424,0.285920247863939,0.622399812990561,False
Aestuariimicrobium,IL31,-0.03291332390772194,0.5257188995992463,0.795909546722539,False
Aestuariimicrobium,IL1RA,-0.06052671757236769,0.24293441124196247,0.5780699423156292,False
Aestuariimicrobium,SCF,-0.003338748237827812,0.948689661426938,0.9839412097503842,False
Aestuariimicrobium,RANTES,-0.17328207822334343,0.0007643502310060987,0.02805969926982915,True
Aestuariimicrobium,IFNG,0.034949701803133525,0.5004140172756765,0.7810657947967201,False
Aestuariimicrobium,GMCSF,0.024000358773629358,0.6436096555215878,0.8624740340563064,False
Aestuariimicrobium,TNFA,-0.030854259835920148,0.5519522600361584,0.8128513093169077,False
Aestuariimicrobium,HGF,0.06239806561551495,0.22864555534412376,0.5625406520371299,False
Aestuariimicrobium,MIP1B,-0.042812582651315614,0.40905201423329685,0.7229409232183127,False
Aestuariimicrobium,IFNA,-0.05235518985988715,0.3125888995743113,0.6451374916736159,False
Aestuariimicrobium,TGFB,-0.06228762435394634,0.22947192309128456,0.5633318657498319,False
Aestuariimicrobium,MCP1,0.23890056344496058,2.9758370731382066e-06,0.0010725291529581741,True
Aestuariimicrobium,IL9,-0.04927112954626874,0.34198729402352357,0.6695330205950158,False
Aestuariimicrobium,VEGFD,0.009469719778249945,0.8551693794777673,0.9545125489171852,False
Aestuariimicrobium,TNFB,-0.11977306938211928,0.020509531301483426,0.17157898749966644,True
Aestuariimicrobium,NGF,0.03908986745169676,0.4510175685660127,0.7490113192256996,False
Aestuariimicrobium,EGF,-0.060361046869865397,0.24422888231994017,0.5801605633653751,False
Aestuariimicrobium,BDNF,-0.1283402256622263,0.012993260094339636,0.13643917948357107,True
Aestuariimicrobium,TRAIL,-0.07585884883254752,0.1431283617428107,0.46165101648837215,False
Aestuariimicrobium,GCSF,-0.0580963162311778,0.2624091171602138,0.5964329424659849,False
Aestuariimicrobium,GROA,-0.07256397780388162,0.16137265756741248,0.48805389117949144,False
Aestuariimicrobium,IL1A,-0.1316424998879125,0.010821131972151909,0.12605828059417046,True
Aestuariimicrobium,IL23,0.03181465183471802,0.5396371179713504,0.8061383103964559,False
Aestuariimicrobium,IL12P40,-0.006562895138138553,0.8993386337031876,0.9700996966245572,False
Aestuariimicrobium,IL15,-0.025781208291050538,0.6191901113178341,0.8484172942867224,False
Aestuariimicrobium,IL18,-0.1261954705714728,0.014601880217545844,0.1457575878602966,True
Aestuariimicrobium,MCSF,-0.11353480698967369,0.028134049884042014,0.2032810889062415,True
Aestuariimicrobium,MCP3,-0.02285159089062252,0.6595699775563375,0.8728298006737332,False
Aestuariimicrobium,MIG,-0.043889115474110105,0.39736209713163506,0.7143300586322564,False
Aestuariimicrobium,RESISTIN,-0.029317096828416454,0.5719450063677545,0.8218760786362871,False
Aestuariimicrobium,IL21,-0.11847459032465658,0.02192894736333215,0.17811284757990303,True
Aestuariimicrobium,ICAM1,0.02629193920772275,0.6122618181367445,0.8450212577796276,False
Aestuariimicrobium,VCAM1,-0.010737858147002044,0.8360323979916181,0.9486274812122903,False
Aestuariimicrobium,FGFB,-0.06744480865321198,0.19310900537532716,0.5243543795592825,False
Aestuariimicrobium,IL22,0.10559805258662812,0.041246555285158526,0.25066230681854074,True
Aestuariimicrobium,PDGFBB,-0.0968447598833252,0.061342406882686475,0.30732604282297743,False
Aestuariimicrobium,VEGF,-0.07913194694543171,0.12660872362866418,0.44044680663837044,False
Aestuariimicrobium,LEPTIN,0.006551310310810143,0.8995153817805481,0.9700996966245572,False
Aestuariimicrobium,PAI1,0.0042287582745086875,0.9350388328598065,0.981105055915329,False
Aestuariimicrobium,CD40L,0.0035315368384462066,0.9457312901070714,0.9839412097503842,False
Aestuariimicrobium,ENA78,0.06376090386490021,0.21862158610674404,0.5537438062536479,False
Alloprevotella,IL17F,-0.07737296818323773,0.1352925075052543,0.45124458570192405,False
Alloprevotella,FASL,-0.024586458868462936,0.6355287732067014,0.8584707857793811,False
Alloprevotella,TGFA,-0.09330628362040991,0.07149017685239568,0.3326358251611058,False
Alloprevotella,MIP1A,0.005676119946839204,0.9128817679323823,0.9730430305754906,False
Alloprevotella,SDF1A,-0.029521754482018592,0.5692634989641728,0.8216477817434259,False
Alloprevotella,IL27,-0.09637930993147495,0.06260524686420235,0.30997096495319354,False
Alloprevotella,LIF,-0.10434309167961313,0.04373179259284238,0.25877349169465585,True
Alloprevotella,IL1B,-0.08756127621871182,0.09084916898608839,0.3721046578258385,False
Alloprevotella,IL2,-0.024230894229370924,0.6404260583393897,0.8609958685715912,False
Alloprevotella,IL4,-0.0535445418218383,0.3017082921306716,0.6360152134828665,False
Alloprevotella,IL5,-0.09457124397398077,0.06771553962462579,0.32400315332540236,False
Alloprevotella,IP10,0.035693905008607876,0.49132940392633484,0.7747084629619355,False
Alloprevotella,IL6,-0.09027428116468598,0.08123949980255754,0.3515788564492202,False
Alloprevotella,IL7,0.07046444941364985,0.17387839044274342,0.5068474965667482,False
Alloprevotella,IL8,-0.010541341976357038,0.8389919236856059,0.9499496562442994,False
Alloprevotella,IL10,-0.04332345813367844,0.4034792780693186,0.7184205261184251,False
Alloprevotella,IFNB,-0.07469033862775488,0.1494091551834857,0.47022170666883817,False
Alloprevotella,EOTAXIN,-0.08127450331061815,0.11662241887651197,0.422479193036445,False
Alloprevotella,IL12P70,-0.09458807168355865,0.0676664483343982,0.32400315332540236,False
Alloprevotella,IL13,-0.12026795467881417,0.01998994379063124,0.16987722079658224,True
Alloprevotella,IL17A,-0.12156259903272576,0.01868445743608911,0.1670821674573353,True
Alloprevotella,IL31,-0.07317546107608588,0.1578607660889434,0.4847898044998922,False
Alloprevotella,IL1RA,-0.061385689401188014,0.23629985671333803,0.5685869773438664,False
Alloprevotella,SCF,-0.06215267369737731,0.230484550632148,0.563339374738233,False
Alloprevotella,RANTES,0.010792338296573225,0.8352123363619705,0.9486274812122903,False
Alloprevotella,IFNG,-0.0858996082270908,0.09717107325038894,0.38465995194174746,False
Alloprevotella,GMCSF,-0.11236327240308949,0.029809462911427418,0.20857647786431704,True
Alloprevotella,TNFA,-0.08828387896504068,0.08820481593283516,0.36723801607260315,False
Alloprevotella,HGF,-0.10932986070240792,0.03454936855365332,0.22707358837383454,True
Alloprevotella,MIP1B,-0.08560876407962757,0.0983127999949497,0.38566551883896666,False
Alloprevotella,IFNA,-0.10503209719792646,0.04235218081133172,0.2535677778189174,True
Alloprevotella,TGFB,-0.07656921207952358,0.13940996108163506,0.456477535250123,False
Alloprevotella,MCP1,-0.11456352236638712,0.026730174036382597,0.19781746833291103,True
Alloprevotella,IL9,-0.06062959416309573,0.2421330049265477,0.5766774676509239,False
Alloprevotella,VEGFD,-0.01645505028602606,0.751105676497941,0.916133993872393,False
Alloprevotella,TNFB,-0.011390344621860757,0.826222769950652,0.946541030266426,False
Alloprevotella,NGF,-0.1533873626302162,0.002938880813600119,0.06331642833933848,True
Alloprevotella,EGF,-0.037078781328046734,0.4746615288979983,0.7643899945889843,False
Alloprevotella,BDNF,0.056452486055538965,0.27617451095859713,0.6127340879397071,False
Alloprevotella,TRAIL,0.0019345438980507754,0.9702560914801268,0.9905402799913391,False
Alloprevotella,GCSF,-0.055226189905994066,0.28675750504991926,0.6226055808280716,False
Alloprevotella,GROA,-0.05393962837555344,0.29815014120225347,0.6324810659725972,False
Alloprevotella,IL1A,0.011696144540091283,0.8216344879410982,0.9446256146245459,False
Alloprevotella,IL23,-0.09258978257939594,0.07370329888350055,0.3376062798340236,False
Alloprevotella,IL12P40,-0.019291730099529558,0.7099896025493337,0.8977434811296809,False
Alloprevotella,IL15,-0.06596332836521221,0.2030938204943206,0.5345582633765609,False
Alloprevotella,IL18,-0.027595850690032838,0.5947306728987642,0.8342375954688548,False
Alloprevotella,MCSF,-0.020250781527763446,0.6962699444981432,0.8908723181261392,False
Alloprevotella,MCP3,0.01866871806109903,0.7189528342959592,0.9009110297263536,False
Alloprevotella,MIG,-0.015372350162491973,0.7669937504169877,0.9197990817379736,False
Alloprevotella,RESISTIN,-0.06604696490825061,0.2025203436107167,0.5338042122568725,False
Alloprevotella,IL21,0.014031562356794392,0.7868044814089337,0.9270940039139035,False
Alloprevotella,ICAM1,0.013365264076654332,0.7967015781376816,0.9333602364073617,False
Alloprevotella,VCAM1,0.00785296628428236,0.8796892898852086,0.9629305130458963,False
Alloprevotella,FGFB,-0.040716024896090025,0.4323947730874128,0.7395774827718746,False
Alloprevotella,IL22,-0.08463139811755042,0.10222786023359529,0.39394437852449016,False
Alloprevotella,PDGFBB,0.0474698472656616,0.3599468623892943,0.6870261569836554,False
Alloprevotella,VEGF,-0.03997250560509831,0.44085399480742493,0.7432146318525491,False
Alloprevotella,LEPTIN,-0.09442465944402191,0.06814440435153638,0.32503997725200034,False
Alloprevotella,PAI1,-0.059550481963180885,0.2506317536243087,0.5870872771168388,False
Alloprevotella,CD40L,-0.07053026499891085,0.17347571913154727,0.5067538009239395,False
Alloprevotella,ENA78,-0.09104265180252531,0.07867252215621993,0.3451200264400214,False
Allorhizobium-Neorhizobium-Pararhizobium-Rhizobium,IL17F,0.12290186135614813,0.017412773538495525,0.16081442345357838,True
Allorhizobium-Neorhizobium-Pararhizobium-Rhizobium,FASL,-0.009174573942500501,0.8596359410935335,0.956372511759696,False
Allorhizobium-Neorhizobium-Pararhizobium-Rhizobium,TGFA,0.0525640174296092,0.31066006985662287,0.6439387777860162,False
Allorhizobium-Neorhizobium-Pararhizobium-Rhizobium,MIP1A,0.1299234941328501,0.011908033147391651,0.13210104366291336,True
Allorhizobium-Neorhizobium-Pararhizobium-Rhizobium,SDF1A,0.05875035132189807,0.2570657663262095,0.5927859349532835,False
Allorhizobium-Neorhizobium-Pararhizobium-Rhizobium,IL27,-0.0004681869975226652,0.9927999892464257,0.9988863937964398,False
Allorhizobium-Neorhizobium-Pararhizobium-Rhizobium,LIF,0.012598686558233593,0.8081285280355678,0.939340481624686,False
Allorhizobium-Neorhizobium-Pararhizobium-Rhizobium,IL1B,-0.024335888105465307,0.6389783141734242,0.8599852853564175,False
Allorhizobium-Neorhizobium-Pararhizobium-Rhizobium,IL2,0.02885116901597222,0.5780719827642671,0.8243390171820549,False
Allorhizobium-Neorhizobium-Pararhizobium-Rhizobium,IL4,-0.030553018409209085,0.5558432169400371,0.8142645643826116,False
Allorhizobium-Neorhizobium-Pararhizobium-Rhizobium,IL5,0.061847091588655645,0.23278922581917352,0.5667091594237808,False
Allorhizobium-Neorhizobium-Pararhizobium-Rhizobium,IP10,0.012571145375706035,0.80853984466727,0.939340481624686,False
Allorhizobium-Neorhizobium-Pararhizobium-Rhizobium,IL6,0.007550421978400154,0.8842912429964985,0.9656252712173115,False
Allorhizobium-Neorhizobium-Pararhizobium-Rhizobium,IL7,-0.009439203023417471,0.855630990265565,0.9545125489171852,False
Allorhizobium-Neorhizobium-Pararhizobium-Rhizobium,IL8,-0.02377330219512344,0.6467515919476642,0.8643111037342129,False
Allorhizobium-Neorhizobium-Pararhizobium-Rhizobium,IL10,0.020840114649252523,0.6878877690413258,0.8872607137424385,False
Allorhizobium-Neorhizobium-Pararhizobium-Rhizobium,IFNB,0.06406988729116786,0.21639334878599123,0.5519586458368243,False
Allorhizobium-Neorhizobium-Pararhizobium-Rhizobium,EOTAXIN,-0.05616361566163828,0.2786432669685543,0.6153438780388792,False
Allorhizobium-Neorhizobium-Pararhizobium-Rhizobium,IL12P70,-0.01838914296439982,0.7229876991163962,0.902669551671955,False
Allorhizobium-Neorhizobium-Pararhizobium-Rhizobium,IL13,0.004507239662868833,0.9307712458277759,0.9807531110289827,False
Allorhizobium-Neorhizobium-Pararhizobium-Rhizobium,IL17A,0.052456217478337584,0.3116547819974435,0.64480299723609,False
Allorhizobium-Neorhizobium-Pararhizobium-Rhizobium,IL31,0.009164969170880895,0.8597813699814291,0.956372511759696,False
Allorhizobium-Neorhizobium-Pararhizobium-Rhizobium,IL1RA,0.015657855553422174,0.7627943164301956,0.9181249908643326,False
Allorhizobium-Neorhizobium-Pararhizobium-Rhizobium,SCF,-0.05837556421719368,0.26011843677898727,0.5953490062455903,False
Allorhizobium-Neorhizobium-Pararhizobium-Rhizobium,RANTES,0.03709287802818531,0.4744934711325559,0.7643399448382395,False
Allorhizobium-Neorhizobium-Pararhizobium-Rhizobium,IFNG,-0.010768576651349452,0.8355699862821218,0.9486274812122903,False
Allorhizobium-Neorhizobium-Pararhizobium-Rhizobium,GMCSF,0.05091170098194375,0.3261360340802185,0.6534917662490877,False
Allorhizobium-Neorhizobium-Pararhizobium-Rhizobium,TNFA,0.10435473068577274,0.04370817741667513,0.25877349169465585,True
Allorhizobium-Neorhizobium-Pararhizobium-Rhizobium,HGF,-0.07311749126421226,0.1581912054663343,0.4852372856765934,False
Allorhizobium-Neorhizobium-Pararhizobium-Rhizobium,MIP1B,0.03290096803921416,0.5258744038815091,0.795909546722539,False
Allorhizobium-Neorhizobium-Pararhizobium-Rhizobium,IFNA,0.051984612614999585,0.31603102618368845,0.646112226674723,False
Allorhizobium-Neorhizobium-Pararhizobium-Rhizobium,TGFB,0.055106343168303755,0.28780622458163657,0.6235242444073272,False
Allorhizobium-Neorhizobium-Pararhizobium-Rhizobium,MCP1,0.03737125906054452,0.4711813508042596,0.7624446930781632,False
Allorhizobium-Neorhizobium-Pararhizobium-Rhizobium,IL9,-0.005009005934970549,0.9230870139278913,0.9775717475265958,False
Allorhizobium-Neorhizobium-Pararhizobium-Rhizobium,VEGFD,0.10152470918514783,0.0497748230681949,0.2767171208535585,True
Allorhizobium-Neorhizobium-Pararhizobium-Rhizobium,TNFB,0.002887786697102106,0.9556124182872253,0.9850504294042394,False
Allorhizobium-Neorhizobium-Pararhizobium-Rhizobium,NGF,0.06276109021333078,0.22594412944722206,0.5595953139438522,False
Allorhizobium-Neorhizobium-Pararhizobium-Rhizobium,EGF,0.02810009281022249,0.5880128973653168,0.830661257543916,False
Allorhizobium-Neorhizobium-Pararhizobium-Rhizobium,BDNF,-0.06062837027542454,0.24214252808353312,0.5766774676509239,False
Allorhizobium-Neorhizobium-Pararhizobium-Rhizobium,TRAIL,0.09444099916412374,0.06809648908598524,0.32503997725200034,False
Allorhizobium-Neorhizobium-Pararhizobium-Rhizobium,GCSF,0.07792363152187924,0.13252604696425438,0.44816771931732385,False
Allorhizobium-Neorhizobium-Pararhizobium-Rhizobium,GROA,-0.005559858225643445,0.914659312381314,0.9738215918885198,False
Allorhizobium-Neorhizobium-Pararhizobium-Rhizobium,IL1A,0.1131530329211014,0.02867092022776106,0.2043215004736995,True
Allorhizobium-Neorhizobium-Pararhizobium-Rhizobium,IL23,0.0726916611258923,0.16063453039286202,0.48731671292957585,False
Allorhizobium-Neorhizobium-Pararhizobium-Rhizobium,IL12P40,-0.07452081925112684,0.1503374657065578,0.47207825472289955,False
Allorhizobium-Neorhizobium-Pararhizobium-Rhizobium,IL15,0.037119985102391645,0.474170398039069,0.7643399448382395,False
Allorhizobium-Neorhizobium-Pararhizobium-Rhizobium,IL18,0.028077221678653418,0.5883168407529011,0.8306700332492885,False
Allorhizobium-Neorhizobium-Pararhizobium-Rhizobium,MCSF,0.01908938636711182,0.712896399333572,0.8986117005997283,False
Allorhizobium-Neorhizobium-Pararhizobium-Rhizobium,MCP3,-0.016202166189676653,0.7548075043657374,0.9163834056327133,False
Allorhizobium-Neorhizobium-Pararhizobium-Rhizobium,MIG,0.012198417311790702,0.8141115286477106,0.940721128567866,False
Allorhizobium-Neorhizobium-Pararhizobium-Rhizobium,RESISTIN,-0.011379454325024515,0.826386280125925,0.946541030266426,False
Allorhizobium-Neorhizobium-Pararhizobium-Rhizobium,IL21,0.07848765408746351,0.12973791517386543,0.444430643991045,False
Allorhizobium-Neorhizobium-Pararhizobium-Rhizobium,ICAM1,-0.04169439388361792,0.42140750852235476,0.7321561169059574,False
Allorhizobium-Neorhizobium-Pararhizobium-Rhizobium,VCAM1,-0.014654993748618764,0.7775750491186106,0.9241467037448023,False
Allorhizobium-Neorhizobium-Pararhizobium-Rhizobium,FGFB,0.07187626558615534,0.1653921971616953,0.4943184441028804,False
Allorhizobium-Neorhizobium-Pararhizobium-Rhizobium,IL22,-0.09301014601246321,0.07239821804017586,0.33386946831750525,False
Allorhizobium-Neorhizobium-Pararhizobium-Rhizobium,PDGFBB,-0.17497331360162371,0.0006769415417808329,0.025872149336555118,True
Allorhizobium-Neorhizobium-Pararhizobium-Rhizobium,VEGF,0.08558140804520042,0.09842073455675422,0.38566551883896666,False
Allorhizobium-Neorhizobium-Pararhizobium-Rhizobium,LEPTIN,0.03564236245619171,0.4919557364886794,0.7747084629619355,False
Allorhizobium-Neorhizobium-Pararhizobium-Rhizobium,PAI1,0.03754843731783711,0.46907995331226227,0.7606701945604253,False
Allorhizobium-Neorhizobium-Pararhizobium-Rhizobium,CD40L,0.0063190549873077765,0.9030599042057492,0.9701135837313933,False
Allorhizobium-Neorhizobium-Pararhizobium-Rhizobium,ENA78,0.011749000257432501,0.8208420413018565,0.9442415535443633,False
Anaerococcus,IL17F,0.025266035383800897,0.6262129620933645,0.8529438817977316,False
Anaerococcus,FASL,0.0008059723852225407,0.9876056877705086,0.9972218265937813,False
Anaerococcus,TGFA,0.10927277610085592,0.0346443855643721,0.22743020170493683,True
Anaerococcus,MIP1A,-0.1899287150317903,0.00022037741991738627,0.013081978756798037,True
Anaerococcus,SDF1A,0.014458544085814184,0.7804800345311191,0.925776463744268,False
Anaerococcus,IL27,0.1927087273240174,0.0001771604683688944,0.011494830389516635,True
Anaerococcus,LIF,0.15682815665735889,0.002353227239379473,0.056123770370187946,True
Anaerococcus,IL1B,0.16201402475525242,0.001669364179083583,0.04611363677135065,True
Anaerococcus,IL2,0.004013306731325022,0.9383418016715344,0.9826120290648699,False
Anaerococcus,IL4,0.0022389604233202715,0.9655783371592087,0.9887919106897385,False
Anaerococcus,IL5,0.06480210962868718,0.21117804029424292,0.5455432707601275,False
Anaerococcus,IP10,-0.16130373992360778,0.0017507913180094246,0.047424347351905774,True
Anaerococcus,IL6,0.008394123999866226,0.871468011731993,0.9596781581368697,False
Anaerococcus,IL7,-0.16002946718784875,0.001906047270811179,0.04933618659353547,True
Anaerococcus,IL8,0.0520448079304256,0.31547021925810625,0.646112226674723,False
Anaerococcus,IL10,-0.01104347955772356,0.8314343564676375,0.9479778727195376,False
Anaerococcus,IFNB,0.10378549849362725,0.044875769599537436,0.263115926115262,True
Anaerococcus,EOTAXIN,0.10516298169047697,0.04209429566189043,0.25263576064136584,True
Anaerococcus,IL12P70,0.0802546792609423,0.12129608365881944,0.4308288649371181,False
Anaerococcus,IL13,0.13576188493044405,0.008566071749022392,0.10920814860518685,True
Anaerococcus,IL17A,0.20287806866131317,7.765941576045109e-05,0.007103926884316674,True
Anaerococcus,IL31,0.05101845073097493,0.3251213633171445,0.652849359307081,False
Anaerococcus,IL1RA,0.1284163457575398,0.012939156015204208,0.13643917948357107,True
Anaerococcus,SCF,0.12000706745793444,0.020262409050563954,0.17105029122866394,True
Anaerococcus,RANTES,0.062403840038692225,0.2286024068232342,0.5625406520371299,False
Anaerococcus,IFNG,0.1298535183424068,0.011954250969779302,0.13235063573684228,True
Anaerococcus,GMCSF,0.23566326326287548,4.079180139094944e-06,0.0011839241602282868,True
Anaerococcus,TNFA,0.07181171186116399,0.16577331940880383,0.4943184441028804,False
Anaerococcus,HGF,0.052252569262952714,0.31353962465091983,0.6455908138568756,False
Anaerococcus,MIP1B,0.028806396981656456,0.5786623531007364,0.8243390171820549,False
Anaerococcus,IFNA,0.12019812291488174,0.02006256066396912,0.16987722079658224,True
Anaerococcus,TGFB,0.11962684911239398,0.020665278049293235,0.1721078380821735,True
Anaerococcus,MCP1,0.16235276468301657,0.0016317661917694764,0.045546079064730065,True
Anaerococcus,IL9,0.08655537481282115,0.09463555646162357,0.3796307728654633,False
Anaerococcus,VEGFD,0.0635218457315644,0.22035678560776184,0.5537438062536479,False
Anaerococcus,TNFB,0.020816196013601376,0.6882272333360785,0.8872607137424385,False
Anaerococcus,NGF,0.09731864619243177,0.060078336092258766,0.30531613423934784,False
Anaerococcus,EGF,0.008849313924700414,0.8645634135896634,0.9581632090182796,False
Anaerococcus,BDNF,0.01492899540215841,0.7735284438399626,0.9226782207411268,False
Anaerococcus,TRAIL,-0.12450562579910045,0.01598992779200023,0.15282875397871146,True
Anaerococcus,GCSF,-0.09233287226513204,0.07451030441631344,0.3382266138101689,False
Anaerococcus,GROA,0.09621691648825693,0.0630508537517911,0.3105240634907276,False
Anaerococcus,IL1A,-0.08568062140282783,0.09802973188835513,0.38501388627866456,False
Anaerococcus,IL23,0.06537266024795015,0.20717745692303552,0.5409378233362142,False
Anaerococcus,IL12P40,0.03132012989535876,0.5459612508826104,0.8085094957338019,False
Anaerococcus,IL15,0.08875913283649339,0.08649957940423815,0.3633872221816582,False
Anaerococcus,IL18,0.036981036598263815,0.475827715094029,0.7651638761454413,False
Anaerococcus,MCSF,0.03170335815985377,0.541057192036692,0.8061817157461093,False
Anaerococcus,MCP3,-0.12182587008111499,0.018428265278697842,0.1670821674573353,True
Anaerococcus,MIG,-0.103691593695425,0.04507087955241719,0.26334608157328576,True
Anaerococcus,RESISTIN,0.1928088973441271,0.00017576246419490502,0.011494830389516635,True
Anaerococcus,IL21,-0.18728278551973218,0.00027049764331466035,0.014864867891482773,True
Anaerococcus,ICAM1,-0.1948098778855837,0.00014991076943077645,0.01039037610786935,True
Anaerococcus,VCAM1,0.01615943165118681,0.7554336282472099,0.916567466115112,False
Anaerococcus,FGFB,-0.014196558862979294,0.7843588697683923,0.9264879422151057,False
Anaerococcus,IL22,0.10992614904484928,0.033570034219715675,0.22224595697764937,True
Anaerococcus,PDGFBB,0.09753085867535866,0.05951928315682483,0.3041369963508082,False
Anaerococcus,VEGF,-0.06277500703074945,0.22584102177825016,0.5595883221681331,False
Anaerococcus,LEPTIN,0.2632497010937248,2.399827071754666e-07,0.0004463678353463679,True
Anaerococcus,PAI1,0.05004214134822783,0.3344775738586978,0.66283948675443,False
Anaerococcus,CD40L,0.012502312513775687,0.8095680663655449,0.9397508955522488,False
Anaerococcus,ENA78,0.25642269333202483,4.990695495311364e-07,0.0004947088274818098,True
Aquabacterium,IL17F,-0.07169332592728618,0.16647397393141058,0.4948986545217214,False
Aquabacterium,FASL,-0.07504558328361359,0.14747792764801515,0.4671832555296118,False
Aquabacterium,TGFA,-0.1307199797701568,0.011392983240847119,0.13080832609861506,True
Aquabacterium,MIP1A,0.008249178098901088,0.8736687147059804,0.9607945266179287,False
Aquabacterium,SDF1A,-0.06260739292889975,0.22708507617177756,0.5606184145938868,False
Aquabacterium,IL27,-0.11279269358984914,0.029185684944651135,0.2061469898622194,True
Aquabacterium,LIF,-0.06922940701094274,0.18156407394427318,0.5167287055721632,False
Aquabacterium,IL1B,-0.14265145610255905,0.005715697269900361,0.0852769806578717,True
Aquabacterium,IL2,-0.0378854962604925,0.4650966060178171,0.7577340325779326,False
Aquabacterium,IL4,-0.09434222925268511,0.0683865471852775,0.32503997725200034,False
Aquabacterium,IL5,0.05501123243689818,0.28864032316843935,0.624103775276448,False
Aquabacterium,IP10,-0.09856786822561164,0.05684887037967166,0.2967415310744321,True
Aquabacterium,IL6,-0.14706818137802952,0.004369777669352,0.07643686330716037,True
Aquabacterium,IL7,0.042672483029898144,0.4105881835104106,0.7241736676806378,False
Aquabacterium,IL8,-0.11026304724742711,0.03302724645716461,0.2202308245212553,True
Aquabacterium,IL10,-0.05817181473321412,0.2617884362454409,0.5960310228788737,False
Aquabacterium,IFNB,-0.07896820201521489,0.1273983956584653,0.4420823536746333,False
Aquabacterium,EOTAXIN,-0.07883645172179225,0.1280365374306793,0.4429286291774275,False
Aquabacterium,IL12P70,-0.08110400005961615,0.11739384285715407,0.4234373905254814,False
Aquabacterium,IL13,-0.05167147630406197,0.3189588551107939,0.646961254641305,False
Aquabacterium,IL17A,-0.09002798883854149,0.08207650012765244,0.35284042427758133,False
Aquabacterium,IL31,-0.07180112861956939,0.1658358651183857,0.4943184441028804,False
Aquabacterium,IL1RA,-0.05627532889469985,0.27768677119609203,0.6141467234539015,False
Aquabacterium,SCF,-0.1420129853349207,0.00593839233436463,0.08812826921743255,True
Aquabacterium,RANTES,-0.03655737288448572,0.4809004615643858,0.7687013354724876,False
Aquabacterium,IFNG,-0.12928829652771429,0.01233341395856696,0.13415292375985113,True
Aquabacterium,GMCSF,-0.0723692503486792,0.16250326945191487,0.4901449965090189,False
Aquabacterium,TNFA,-0.023790237415835164,0.6465170302814833,0.8642944487232096,False
Aquabacterium,HGF,-0.1519418170583593,0.0032222481781720535,0.06421480297928592,True
Aquabacterium,MIP1B,-0.036443976289606744,0.4822631776361309,0.7693871426847527,False
Aquabacterium,IFNA,-0.03909045135695265,0.45101080152927187,0.7490113192256996,False
Aquabacterium,TGFB,-0.04769601613637407,0.35766002431196475,0.6846459470534351,False
Aquabacterium,MCP1,-0.02574119157240398,0.6197343929379233,0.8484172942867224,False
Aquabacterium,IL9,-0.12545844014179738,0.01519371181691124,0.1483787459092167,True
Aquabacterium,VEGFD,-0.012979589149702797,0.8024453625898318,0.9361727615765634,False
Aquabacterium,TNFB,-0.10526853044777475,0.041887295237303425,0.252137116962409,True
Aquabacterium,NGF,0.037272171525547924,0.47235881573730365,0.7631478859414194,False
Aquabacterium,EGF,-0.10069736117123036,0.051675884703594695,0.2836881330380545,True
Aquabacterium,BDNF,-0.029662093903892076,0.5674281771535654,0.8208895755407731,False
Aquabacterium,TRAIL,-0.023286439922045828,0.6535097617214156,0.869009448634532,False
Aquabacterium,GCSF,-0.018314488954816945,0.7240664199495337,0.9028582398476868,False
Aquabacterium,GROA,-0.11727269313732604,0.023317870937153724,0.18334549203787762,True
Aquabacterium,IL1A,0.018109715311317783,0.7270281150556335,0.9039253302162288,False
Aquabacterium,IL23,-0.0029672617133380554,0.9543921321903283,0.9850504294042394,False
Aquabacterium,IL12P40,-0.12390258801453484,0.016512527621388707,0.15589530613797128,True
Aquabacterium,IL15,-0.05931902995654348,0.25248128698073957,0.5887361393031871,False
Aquabacterium,IL18,-0.10338855584971825,0.04570537915777737,0.26516594920493153,True
Aquabacterium,MCSF,-0.05486416516816758,0.2899332599320584,0.6246941697752795,False
Aquabacterium,MCP3,-0.10438314471723212,0.04365057129550609,0.25877349169465585,True
Aquabacterium,MIG,-0.06376206640491479,0.21861317178456582,0.5537438062536479,False
Aquabacterium,RESISTIN,-0.11942428558559258,0.020882735241035528,0.1734206910255814,True
Aquabacterium,IL21,-0.058435404758549185,0.25962936170570666,0.59507715406237,False
Aquabacterium,ICAM1,-0.057889726535672974,0.2641126840440969,0.5978696863959678,False
Aquabacterium,VCAM1,-0.02062044500945351,0.691007767745957,0.8888481659802765,False
Aquabacterium,FGFB,-0.037172992670100595,0.47353898039842934,0.7639138956486065,False
Aquabacterium,IL22,-0.025623693598545882,0.6213337235396182,0.8497368967951219,False
Aquabacterium,PDGFBB,-0.13465095956931916,0.009128806078197974,0.11319719536965488,True
Aquabacterium,VEGF,-0.07330848454182423,0.15710447492896423,0.48326514338678084,False
Aquabacterium,LEPTIN,-0.017082610451722224,0.7419439539505915,0.9114864692336169,False
Aquabacterium,PAI1,0.10323549326309862,0.04602869962098838,0.2654396072696868,True
Aquabacterium,CD40L,-0.11601748254680634,0.024848964277813773,0.18864927982340254,True
Aquabacterium,ENA78,-0.08659333644116937,0.09449041048808197,0.379321216203955,False
Arthrobacter,IL17F,0.004464460315285009,0.931426692006484,0.9807531110289827,False
Arthrobacter,FASL,-0.017774288970138993,0.7318882449383572,0.9072902990475319,False
Arthrobacter,TGFA,0.06551609008237948,0.20618042851969598,0.539786284575195,False
Arthrobacter,MIP1A,-0.06114689072356463,0.23813135548350647,0.5705890521898477,False
Arthrobacter,SDF1A,-0.08511160033177838,0.10028913196831098,0.3903608179206569,False
Arthrobacter,IL27,0.0650756987458145,0.2092528008440661,0.5420755007938203,False
Arthrobacter,LIF,0.12485310422198145,0.015695423380552628,0.15140956208548562,True
Arthrobacter,IL1B,0.043851005532886254,0.3977724707167447,0.7146073363166243,False
Arthrobacter,IL2,0.10984928968343509,0.03369492396800674,0.2227697579875327,True
Arthrobacter,IL4,-0.09905676581334182,0.05562477974104849,0.29267705393522336,True
Arthrobacter,IL5,-0.053393450669523355,0.30307643107796806,0.6369741941299667,False
Arthrobacter,IP10,0.09143298681828066,0.07739389086896192,0.34274437384825995,False
Arthrobacter,IL6,-0.014959424082892251,0.7730794323067234,0.9225200346616081,False
Arthrobacter,IL7,0.007488945933900094,0.8852268259488068,0.9656864550432089,False
Arthrobacter,IL8,-0.030960288865734098,0.5505859228478716,0.8125053088311556,False
Arthrobacter,IL10,-0.06179925930430569,0.23315144162974064,0.5667091594237808,False
Arthrobacter,IFNB,0.019866178276099253,0.7017602847805833,0.8928003623063508,False
Arthrobacter,EOTAXIN,0.02962375474525558,0.5679292862318939,0.8210492880122533,False
Arthrobacter,IL12P70,-0.011008482141352801,0.8319606007504168,0.948190311196987,False
Arthrobacter,IL13,-0.023272551690826287,0.6537029644797889,0.869009448634532,False
Arthrobacter,IL17A,-0.1206822059801132,0.01956385153382111,0.169554920973967,True
Arthrobacter,IL31,0.051561209968517596,0.3199940435696704,0.6478834408994053,False
Arthrobacter,IL1RA,0.13530865129441288,0.008791814007176185,0.11049171657667367,True
Arthrobacter,SCF,-0.021341494361296266,0.6807864656115472,0.8836446797191053,False
Arthrobacter,RANTES,0.08580125143504536,0.09755599152400633,0.3849475008303008,False
Arthrobacter,IFNG,0.07006605687265263,0.1763306816771756,0.5100700900770554,False
Arthrobacter,GMCSF,0.03585235098165707,0.48940668071884286,0.7739775866650843,False
Arthrobacter,TNFA,0.08003380270754541,0.12232728787291142,0.43256417384717727,False
Arthrobacter,HGF,0.08977726863847406,0.0829356886010369,0.354893514105664,False
Arthrobacter,MIP1B,-0.11746877058051136,0.02308621824977749,0.18272496146632397,True
Arthrobacter,IFNA,-0.025979517894375387,0.6164959040769558,0.8475109989527995,False
Arthrobacter,TGFB,0.12272361318337639,0.01757754444943729,0.16132022701950668,True
Arthrobacter,MCP1,-0.025729607497135466,0.6198919908256213,0.8484172942867224,False
Arthrobacter,IL9,0.018759915477552045,0.7176383405391047,0.9001998136296341,False
Arthrobacter,VEGFD,0.07233597393647848,0.16269707047802368,0.4901995967966372,False
Arthrobacter,TNFB,-0.021438186134277552,0.6794201812486662,0.8836446797191053,False
Arthrobacter,NGF,0.012371985371139762,0.811515782103404,0.9397508955522488,False
Arthrobacter,EGF,-0.045894948747948576,0.3761234720690335,0.7009916413310645,False
Arthrobacter,BDNF,0.05322351331686341,0.30462012433554514,0.6385350465035093,False
Arthrobacter,TRAIL,-0.049735796609168215,0.3374486286385777,0.6653580734287151,False
Arthrobacter,GCSF,0.014294545797393478,0.7829074890280889,0.9264879422151057,False
Arthrobacter,GROA,-0.013058756434014648,0.8012654606273768,0.9361727615765634,False
Arthrobacter,IL1A,-0.043591039925524905,0.4005786004619386,0.7166491152861871,False
Arthrobacter,IL23,0.02018669284505242,0.697183741365513,0.8912451951476661,False
Arthrobacter,IL12P40,-0.041177719738905605,0.4271894006229784,0.7361423446516184,False
Arthrobacter,IL15,0.04565125049568697,0.3786659636363098,0.7026791077787192,False
Arthrobacter,IL18,0.12766917460597024,0.013478912806359397,0.13839322332939283,True
Arthrobacter,MCSF,-0.0017133044548502821,0.9736563709580075,0.9922991593010085,False
Arthrobacter,MCP3,-0.03751211914940924,0.46951027861030303,0.761146820059701,False
Arthrobacter,MIG,-0.05423648294390797,0.2954951092150791,0.6302834093622258,False
Arthrobacter,RESISTIN,0.14232702018834661,0.005827903587930179,0.08671920538840107,True
Arthrobacter,IL21,0.00032435758590964816,0.9950118338713336,0.9996455141182167,False
Arthrobacter,ICAM1,0.016206572640723307,0.7547429524901349,0.9163834056327133,False
Arthrobacter,VCAM1,0.058021961788407385,0.26302138129933833,0.5970949176770983,False
Arthrobacter,FGFB,0.06735626438858915,0.1936954905988406,0.5256910688431569,False
Arthrobacter,IL22,-0.17164946570719974,0.0008585234870172393,0.030708724727924328,True
Arthrobacter,PDGFBB,0.021552241743530747,0.6778098880358672,0.88306775046466,False
Arthrobacter,VEGF,-0.02353459187592542,0.650061565326647,0.8667327499141265,False
Arthrobacter,LEPTIN,0.031528295564581775,0.5432946947356048,0.8071562075433573,False
Arthrobacter,PAI1,-0.06526750623633412,0.207910627932009,0.5417386776423638,False
Arthrobacter,CD40L,-0.030542729921228536,0.555976342347267,0.8142645643826116,False
Arthrobacter,ENA78,-0.10446893373047746,0.04347703148386935,0.2583271942516326,True
Atopobium,IL17F,0.0320129044408758,0.5371120869337859,0.8045866966685974,False
Atopobium,FASL,0.02667210023076359,0.6071270433717096,0.8423095231263401,False
Atopobium,TGFA,0.055206595347182,0.2869287913819043,0.6226055808280716,False
Atopobium,MIP1A,-0.008506782120008827,0.8697582150581863,0.9596781581368697,False
Atopobium,SDF1A,-0.06290995547192126,0.22484294302721042,0.5587555486730358,False
Atopobium,IL27,0.0944005833069622,0.06821505651503267,0.32503997725200034,False
Atopobium,LIF,0.010593356904775027,0.8382083584192546,0.9497588510034946,False
Atopobium,IL1B,0.03511500746737949,0.49838846848644214,0.7794032289597425,False
Atopobium,IL2,-0.0949944002943267,0.06648989618924671,0.3212239140571399,False
Atopobium,IL4,0.037873653978045874,0.46523623932935276,0.7577402847220631,False
Atopobium,IL5,-0.016838005681760183,0.745510679165339,0.9138137476512359,False
Atopobium,IP10,-0.004627671602092833,0.9289262936460784,0.9807531110289827,False
Atopobium,IL6,0.049810763471236356,0.3367200133543793,0.6650428397563227,False
Atopobium,IL7,-0.059539155993333016,0.2507220396719403,0.5870872771168388,False
Atopobium,IL8,0.0010108026160686183,0.9844561476635085,0.9966079346336277,False
Atopobium,IL10,0.003537524042943603,0.9456394272355595,0.9839412097503842,False
Atopobium,IFNB,0.09181578486710297,0.07615637672123113,0.3402984168905705,False
Atopobium,EOTAXIN,0.060243742077449196,0.24514835746986566,0.5813547958698897,False
Atopobium,IL12P70,0.051425026686591824,0.32127555895098797,0.6488301190541125,False
Atopobium,IL13,-0.006167934450732483,0.9053672411296199,0.9707819380290698,False
Atopobium,IL17A,0.041852963579441634,0.4196422310548904,0.7319798841157513,False
Atopobium,IL31,0.04872204694930936,0.3474003808214431,0.6754334930256628,False
Atopobium,IL1RA,-0.0024524683727916033,0.9622982051259936,0.987204242733345,False
Atopobium,SCF,0.03490626300917182,0.50094700868987,0.781227574821409,False
Atopobium,RANTES,-0.043899952407832066,0.3972454498468019,0.7143300586322564,False
Atopobium,IFNG,0.08440798694054939,0.10313990928699193,0.39554686860578353,False
Atopobium,GMCSF,-0.015005672291561988,0.7723971296256773,0.9221172407597945,False
Atopobium,TNFA,-0.03924208395713553,0.4492554285739695,0.7477320012988994,False
Atopobium,HGF,0.0035201914382450242,0.9459053668131088,0.9839412097503842,False
Atopobium,MIP1B,-0.031235727781940205,0.5470442616415405,0.8094752059939753,False
Atopobium,IFNA,-0.006270222036755866,0.9038054067107639,0.9702258886968185,False
Atopobium,TGFB,-0.019354660748674375,0.7090864174589986,0.897211385356284,False
Atopobium,MCP1,0.1172132935636979,0.02338844311346758,0.18334549203787762,True
Atopobium,IL9,0.037172531312974336,0.473544474023034,0.7639138956486065,False
Atopobium,VEGFD,0.015805881583247704,0.7606197605459447,0.9176417501795119,False
Atopobium,TNFB,-0.03388234695174456,0.5135966680088682,0.7906963232608833,False
Atopobium,NGF,0.040467476346760727,0.43521210971798396,0.7401656727297624,False
Atopobium,EGF,-0.00015368967622866086,0.9976364557893156,0.9997953913454289,False
Atopobium,BDNF,-0.08638881268127857,0.09527450995439087,0.3811596887719333,False
Atopobium,TRAIL,0.0003620889954435465,0.9944315864456112,0.9996267793850677,False
Atopobium,GCSF,-0.023349367688149568,0.6526346473675619,0.8689337466740624,False
Atopobium,GROA,0.04435247150365897,0.3923929767268487,0.7124462033645862,False
Atopobium,IL1A,-0.015272989942753518,0.7684568245080113,0.9200531338996716,False
Atopobium,IL23,0.05133279037081262,0.3221454171202216,0.6489427536212405,False
Atopobium,IL12P40,-0.014745955193376514,0.7762310086966907,0.9237297992167912,False
Atopobium,IL15,0.03763439349809128,0.46806234532615265,0.7596823405817138,False
Atopobium,IL18,0.008081343783227682,0.8762181464021197,0.9623837678244319,False
Atopobium,MCSF,-0.015589258368138327,0.7638026676129654,0.9186252210609525,False
Atopobium,MCP3,0.0029238474915740166,0.9550587157217305,0.9850504294042394,False
Atopobium,MIG,-0.02602411606345961,0.6158907055581936,0.8474537130884997,False
Atopobium,RESISTIN,0.05573037749209162,0.28237378046389133,0.6198448839451274,False
Atopobium,IL21,0.02778441575539909,0.5922144245801687,0.833221505082537,False
Atopobium,ICAM1,0.0044435804181053706,0.931746621373337,0.9807531110289827,False
Atopobium,VCAM1,-0.04991127865064706,0.33574467236933647,0.664095731818584,False
Atopobium,FGFB,0.014811322151034178,0.7752655624318806,0.923550896923887,False
Atopobium,IL22,0.040334587914964165,0.4367227390270756,0.7405137110915162,False
Atopobium,PDGFBB,-0.08119982644532499,0.11695979698617275,0.4226914942894067,False
Atopobium,VEGF,-0.041177707931822766,0.42718953327510545,0.7361423446516184,False
Atopobium,LEPTIN,-0.03377549134398834,0.514926260054187,0.790732243530674,False
Atopobium,PAI1,-0.12064657679610082,0.019600185989797316,0.169554920973967,True
Atopobium,CD40L,0.0627170938609604,0.22627031210193194,0.5599061381502352,False
Atopobium,ENA78,0.051877023735713665,0.3170349958127942,0.646112226674723,False
Bacillus,IL17F,0.16082769545904585,0.0018073837692521761,0.048024768725843534,True
Bacillus,FASL,0.06802546861022084,0.18929509496558689,0.5228157829725131,False
Bacillus,TGFA,0.14339001687174166,0.005467470265775244,0.08335291169521077,True
Bacillus,MIP1A,0.13667327001984492,0.00812770206909485,0.10646144963743959,True
Bacillus,SDF1A,0.17140775939908603,0.0008733431498008389,0.030843384657523298,True
Bacillus,IL27,0.17766400496927817,0.0005567417865089255,0.02318372513970003,True
Bacillus,LIF,0.22561828132028366,1.0550221026520451e-05,0.0019623411109328036,True
Bacillus,IL1B,0.14141936667539862,0.006152396922122796,0.08954528751170568,True
Bacillus,IL2,0.1915749232712716,0.00019372727765274981,0.012011091214470488,True
Bacillus,IL4,0.13322542831787124,0.009898921173991146,0.11981774436197526,True
Bacillus,IL5,0.24054952511665795,2.52985729753989e-06,0.0010725291529581741,True
Bacillus,IP10,0.04976639422468754,0.33715112357346033,0.6652416087481997,False
Bacillus,IL6,0.15205847926437638,0.003198491365978155,0.06396982731956309,True
Bacillus,IL7,-0.02070594053662381,0.6897928378730932,0.8883092627121764,False
Bacillus,IL8,0.05397179020122656,0.2978617255058062,0.6324810659725972,False
Bacillus,IL10,0.07929614248036289,0.12582069478666066,0.438251858245672,False
Bacillus,IFNB,0.03883934769556373,0.45392618541363583,0.7506891445697644,False
Bacillus,EOTAXIN,0.0910771750513987,0.07855874766793655,0.3451200264400214,False
Bacillus,IL12P70,0.21177656408504963,3.646953153081157e-05,0.003990195802782913,True
Bacillus,IL13,0.19196067283520735,0.00018793457921836775,0.011944793796233458,True
Bacillus,IL17A,0.1277034437995221,0.01345372977786398,0.13839322332939283,True
Bacillus,IL31,0.16394540566909765,0.001465179916927173,0.042804732651589655,True
Bacillus,IL1RA,0.19450946229164862,0.00015355013821668047,0.01039037610786935,True
Bacillus,SCF,0.17973281182819262,0.00047813479948780567,0.0220286047511177,True
Bacillus,RANTES,0.03809277818727142,0.4626562897639964,0.7563333067420595,False
Bacillus,IFNG,0.1603718260642782,0.0018631424104935555,0.04903596492596001,True
Bacillus,GMCSF,0.3080857325364441,1.1516466492503614e-09,6.426188302817016e-06,True
Bacillus,TNFA,0.23851862667439508,3.089366075705092e-06,0.0010725291529581741,True
Bacillus,HGF,0.1778959458398159,0.0005473670094576033,0.023138696308889595,True
Bacillus,MIP1B,0.17930551028353675,0.0004934723286540703,0.0220286047511177,True
Bacillus,IFNA,0.17015929889902204,0.0009537215765313002,0.032660227768696384,True
Bacillus,TGFB,0.23166020333280798,5.987622245446506e-06,0.00133643728518366,True
Bacillus,MCP1,0.05678387533427671,0.27336072652315235,0.6118071150996554,False
Bacillus,IL9,0.14342592060367093,0.005455654018923698,0.08335291169521077,True
Bacillus,VEGFD,0.0066288611918335115,0.898332293945114,0.9700996966245572,False
Bacillus,TNFB,0.1020505373045309,0.048597217502223705,0.27363519037579037,True
Bacillus,NGF,0.2323203035625736,5.623051622242924e-06,0.0013073595021714797,True
Bacillus,EGF,0.056602531429557026,0.2748980669085324,0.612619445934162,False
Bacillus,BDNF,0.07722145708757279,0.13606142104429347,0.4512645568381185,False
Bacillus,TRAIL,0.1690072464830036,0.0010338933169971537,0.03363971708113897,True
Bacillus,GCSF,0.13717377890840185,0.007895567289658805,0.10483232845139796,True
Bacillus,GROA,0.1479048452931898,0.0041497172106850595,0.07378670947882157,True
Bacillus,IL1A,0.10055470580109153,0.052009714763502024,0.2845015876935675,True
Bacillus,IL23,0.14632611113832314,0.004573715791660838,0.07780894548008378,True
Bacillus,IL12P40,0.10889042846234566,0.035286549262943764,0.2305608253948785,True
Bacillus,IL15,0.16880899318267345,0.0010483006791136436,0.03363971708113897,True
Bacillus,IL18,0.09675270136112608,0.06159049577432906,0.30732604282297743,False
Bacillus,MCSF,0.07171758484982578,0.16633021974095494,0.49473487534889576,False
Bacillus,MCP3,0.10114055518191557,0.050650132357304534,0.279829444112633,True
Bacillus,MIG,0.1338268089928143,0.00956727152077488,0.11656195433607823,True
Bacillus,RESISTIN,0.15117415137958004,0.0033826091236754383,0.06622792600038226,True
Bacillus,IL21,0.14187364105273764,0.0059880180726039805,0.08862902080936397,True
Bacillus,ICAM1,-0.04609565230357444,0.374037442588666,0.6994858684367358,False
Bacillus,VCAM1,-0.05674071792093863,0.27372606093976176,0.6118964774735898,False
Bacillus,FGFB,0.18048394946573007,0.00045224213850234414,0.021568471220881028,True
Bacillus,IL22,0.08471030765653856,0.10190725344920883,0.3933442536337908,False
Bacillus,PDGFBB,0.007524033242425195,0.8846928245608064,0.9656864550432089,False
Bacillus,VEGF,0.1562011261095407,0.0024512974457450427,0.05719918494195435,True
Bacillus,LEPTIN,0.24739924622094225,1.272741038306357e-06,0.000887736874218684,True
Bacillus,PAI1,0.1287451019320666,0.012707758502462502,0.13538440205400726,True
Bacillus,CD40L,0.011153628103289216,0.8297785823749649,0.9474924775815956,False
Bacillus,ENA78,0.05262826791937776,0.31006819917706213,0.643428988995168,False
Bacteroides,IL17F,-0.016654243405042388,0.7481938075228053,0.9146979993961235,False
Bacteroides,FASL,-0.026311265006071664,0.6120003266032457,0.8450212577796276,False
Bacteroides,TGFA,-0.02944318107917886,0.5702922922766119,0.8218760786362871,False
Bacteroides,MIP1A,0.042975484723492385,0.40727010982212863,0.7214499088277706,False
Bacteroides,SDF1A,-0.02739682035216281,0.5973918358051065,0.8357494246384283,False
Bacteroides,IL27,-0.06704284112565556,0.19578195834750795,0.5283024633161872,False
Bacteroides,LIF,-0.0751491667572226,0.14691840751953658,0.4671832555296118,False
Bacteroides,IL1B,-0.07318888767283918,0.1577843061622591,0.4847898044998922,False
Bacteroides,IL2,-0.014878401946049358,0.774275177765047,0.9231742504121714,False
Bacteroides,IL4,-0.039315255000570974,0.44840974751585616,0.7477320012988994,False
Bacteroides,IL5,-0.03481883855459606,0.5020206091906125,0.7817195597421817,False
Bacteroides,IP10,0.008521875376898472,0.8695291926682749,0.959648384808978,False
Bacteroides,IL6,-0.07720251992427453,0.1361577622617374,0.4512645568381185,False
Bacteroides,IL7,0.11831834942049675,0.022105347985280317,0.17824832623968812,True
Bacteroides,IL8,0.00938636837556151,0.8564303082546838,0.9546306672115732,False
Bacteroides,IL10,-0.055567904337112936,0.2837814551499649,0.6204939340661458,False
Bacteroides,IFNB,-0.023536047835018184,0.6500413559556422,0.8667327499141265,False
Bacteroides,EOTAXIN,-0.07199219851053963,0.16470938389012377,0.49412815167037133,False
Bacteroides,IL12P70,-0.05203658353987057,0.3155468029968014,0.646112226674723,False
Bacteroides,IL13,-0.0664615123701045,0.19969522791203714,0.5329378929080653,False
Bacteroides,IL17A,-0.07180731641577079,0.16579929382632771,0.4943184441028804,False
Bacteroides,IL31,-0.09181199186120174,0.07616855946898103,0.3402984168905705,False
Bacteroides,IL1RA,-0.029258376657178134,0.5727154842639044,0.8218760786362871,False
Bacteroides,SCF,-0.06274449578281845,0.22606711889515385,0.5596515188265122,False
Bacteroides,RANTES,-0.00791283687491507,0.8787790823757978,0.9625126686909422,False
Bacteroides,IFNG,-0.035648544440495825,0.49188059200711687,0.7747084629619355,False
Bacteroides,GMCSF,-0.07577709667694404,0.14356111165743637,0.46215467023220586,False
Bacteroides,TNFA,-0.047197166454857144,0.36271612117717533,0.6890031506520897,False
Bacteroides,HGF,-0.11656510886149861,0.024170625958536623,0.18603047289466806,True
Bacteroides,MIP1B,-0.0552825586642541,0.2862651396296331,0.622399812990561,False
Bacteroides,IFNA,-0.03288755486731811,0.5260432413208612,0.7959114117598713,False
Bacteroides,TGFB,-0.04929383170203539,0.3417646496522324,0.6695330205950158,False
Bacteroides,MCP1,-0.034416861091816284,0.5069725855533939,0.7855892883609936,False
Bacteroides,IL9,-0.024532682415475716,0.6362684391165973,0.8584707857793811,False
Bacteroides,VEGFD,0.022835713408458094,0.6597916766922605,0.8728298006737332,False
Bacteroides,TNFB,0.02155861571692737,0.6777199402950274,0.88306775046466,False
Bacteroides,NGF,-0.06631470410024834,0.2006924201937051,0.5329378929080653,False
Bacteroides,EGF,-0.0723861170968758,0.1624051041833845,0.49011383523163093,False
Bacteroides,BDNF,0.05230516057582071,0.31305215768525946,0.6454604964435653,False
Bacteroides,TRAIL,0.03850541774383711,0.4578195522253593,0.7526909550434605,False
Bacteroides,GCSF,0.0010847847979374916,0.9833186289294048,0.9964350733111645,False
Bacteroides,GROA,-0.0244168098712301,0.6378634304088415,0.8595213575661279,False
Bacteroides,IL1A,0.042827981102209575,0.4088833807843325,0.7229409232183127,False
Bacteroides,IL23,-0.032180297938159005,0.534984706083855,0.8037734679450486,False
Bacteroides,IL12P40,-0.05286582296748053,0.3078863039044432,0.6412402539593287,False
Bacteroides,IL15,-0.0191326661564864,0.7122743066203804,0.8985961182323587,False
Bacteroides,IL18,-0.030590627407657844,0.5553567162689559,0.8139980238457509,False
Bacteroides,MCSF,0.003007859775635871,0.95376881681112,0.9850504294042394,False
Bacteroides,MCP3,0.02925900561952927,0.5727072289369061,0.8218760786362871,False
Bacteroides,MIG,-0.01165327573554732,0.8222773376051362,0.9446793378292485,False
Bacteroides,RESISTIN,-0.06947493147479565,0.18001651313910516,0.5147459086305529,False
Bacteroides,IL21,0.010110597564747987,0.84548680001643,0.9527092778860419,False
Bacteroides,ICAM1,1.4107332716283212e-05,0.9997830475439433,0.9997953913454289,False
Bacteroides,VCAM1,-0.004466977433202545,0.931388124555979,0.9807531110289827,False
Bacteroides,FGFB,0.022854284012013382,0.6595323761412754,0.8728298006737332,False
Bacteroides,IL22,-0.09251547037052163,0.07393599299554235,0.3376062798340236,False
Bacteroides,PDGFBB,0.05174012981748207,0.3183154350144518,0.646782143111073,False
Bacteroides,VEGF,-0.0037128673125926934,0.9429494248484613,0.9834958245232497,False
Bacteroides,LEPTIN,-0.04484344381235632,0.3871688498864404,0.7094916855061864,False
Bacteroides,PAI1,0.04447089282139681,0.39112905031231937,0.7121554466198964,False
Bacteroides,CD40L,-0.06783886025560992,0.19051470432145784,0.5228157829725131,False
Bacteroides,ENA78,-0.04759779923304077,0.3586519936855439,0.6857554752726087,False
Bergeyella,IL17F,-0.03524796077107308,0.4967625011339952,0.7779777592836636,False
Bergeyella,FASL,-0.0025179325135606142,0.9612926013769221,0.987204242733345,False
Bergeyella,TGFA,-0.08530480083987034,0.09951740380698978,0.38832665261748467,False
Bergeyella,MIP1A,0.028083655472999246,0.5882313322419968,0.8306700332492885,False
Bergeyella,SDF1A,0.020416548794812844,0.6939084205362054,0.8905168554280045,False
Bergeyella,IL27,-0.1415906670616732,0.006089942564247277,0.08942599870657843,True
Bergeyella,LIF,-0.15960939886547584,0.0019599247872604305,0.04993780964800549,True
Bergeyella,IL1B,-0.04637161596402361,0.37118085603692696,0.6969007996924805,False
Bergeyella,IL2,-0.031089793827552392,0.5489193169121608,0.8112788266703042,False
Bergeyella,IL4,-0.015733167210108853,0.7616877267718754,0.9176417501795119,False
Bergeyella,IL5,-0.15942370498131933,0.001984182568423582,0.05017106540049998,True
Bergeyella,IP10,0.07304949600341384,0.15857945639273915,0.4854220847880474,False
Bergeyella,IL6,-0.04059461494882426,0.4337696577051702,0.739951007058545,False
Bergeyella,IL7,0.10479993893731834,0.04281288280080632,0.2555036214208548,True
Bergeyella,IL8,0.023182510832889303,0.6549561063504968,0.8694485292898076,False
Bergeyella,IL10,0.012681203054438915,0.8068964934929174,0.9387995066076895,False
Bergeyella,IFNB,-0.057073083760452774,0.27092110012818704,0.6077091024560186,False
Bergeyella,EOTAXIN,-0.08616574610391303,0.09613560677044639,0.38344294909155885,False
Bergeyella,IL12P70,-0.09728961146640325,0.060155161389305635,0.3054283899475209,False
Bergeyella,IL13,-0.10817099918594925,0.036522300407097356,0.23505701992111103,True
Bergeyella,IL17A,-0.012303252052338266,0.8125434581607248,0.9398823583202414,False
Bergeyella,IL31,-0.13550021069173795,0.008695765904181828,0.10977912612066651,True
Bergeyella,IL1RA,-0.1158138102169519,0.025105407397875968,0.18956451052794035,True
Bergeyella,SCF,-0.08638480604692414,0.09528992219298332,0.3811596887719333,False
Bergeyella,RANTES,0.04414470888173546,0.3946164059744707,0.7133225413704797,False
Bergeyella,IFNG,-0.04067933974001749,0.43280994220221536,0.7395774827718746,False
Bergeyella,GMCSF,-0.1848544445559874,0.00032567815165136403,0.017144189492590674,True
Bergeyella,TNFA,-0.11328712338062935,0.02848136262811914,0.20416219681109113,True
Bergeyella,HGF,-0.12274345085274657,0.0175591396278165,0.16132022701950668,True
Bergeyella,MIP1B,-0.043295443832052805,0.40378368541314824,0.7184205261184251,False
Bergeyella,IFNA,-0.07732780659893357,0.13552135037890273,0.4512645568381185,False
Bergeyella,TGFB,-0.12476942728463983,0.015765905709790144,0.15140956208548562,True
Bergeyella,MCP1,-0.07011634311163008,0.17601973807704555,0.5096990858691822,False
Bergeyella,IL9,-0.03412826872994658,0.5105434666483337,0.7891502891683385,False
Bergeyella,VEGFD,-0.03877177281461276,0.45471255243697495,0.7508454402974536,False
Bergeyella,TNFB,0.02321492391030459,0.6545048862296734,0.8692485619532494,False
Bergeyella,NGF,-0.14617060055492526,0.004617526710262245,0.07814426879378186,True
Bergeyella,EGF,-0.02972840052172868,0.5665620196207988,0.8207128369260381,False
Bergeyella,BDNF,0.046937379055458577,0.36536676171220217,0.692273864296804,False
Bergeyella,TRAIL,0.028636456799289944,0.5809057724617672,0.8262692353649403,False
Bergeyella,GCSF,-0.025862792731710812,0.6180810964751009,0.848402411776782,False
Bergeyella,GROA,-0.014212133108941321,0.7841281342354454,0.9264879422151057,False
Bergeyella,IL1A,0.04393271319091742,0.3968929423165295,0.7141404079189425,False
Bergeyella,IL23,-0.11320015695083198,0.028604180173845174,0.2043215004736995,True
Bergeyella,IL12P40,-0.03571416487617395,0.4910833277631159,0.7747084629619355,False
Bergeyella,IL15,-0.08337889126818267,0.10742454964941867,0.40365588353114895,False
Bergeyella,IL18,-0.04716174053772481,0.3630768680628107,0.6893395453523252,False
Bergeyella,MCSF,0.005911691760366052,0.9092814117400572,0.9722278147837818,False
Bergeyella,MCP3,0.08585791218931837,0.09733410233009994,0.38465995194174746,False
Bergeyella,MIG,0.01960571342340997,0.7054873545894687,0.8950930965459833,False
Bergeyella,RESISTIN,-0.12449971306494051,0.015994980703148295,0.15282875397871146,True
Bergeyella,IL21,0.011248257711366727,0.8283566926675144,0.9471731616593797,False
Bergeyella,ICAM1,0.06801351551291594,0.18937304416323114,0.5228157829725131,False
Bergeyella,VCAM1,0.028450243156485065,0.583368667136062,0.8277768197049001,False
Bergeyella,FGFB,-0.058471099761903414,0.2593379295879734,0.5950269930513534,False
Bergeyella,IL22,0.04299789954991098,0.40702528654771697,0.7214499088277706,False
Bergeyella,PDGFBB,0.08099051011375343,0.11790952353634938,0.4246951277112236,False
Bergeyella,VEGF,-0.009895321273361152,0.8487367446708775,0.9538482397054872,False
Bergeyella,LEPTIN,-0.15319663398913547,0.0029749247299230364,0.06335908394263566,True
Bergeyella,PAI1,-0.046012376716417065,0.3749021077838395,0.7005873280086485,False
Bergeyella,CD40L,-0.03800149721289928,0.4637300571489493,0.7566121985061804,False
Bergeyella,ENA78,0.01191106255232065,0.8184134383598407,0.9431225472298475,False
Bifidobacterium,IL17F,0.015579217418268686,0.7639502990865505,0.9186252210609525,False
Bifidobacterium,FASL,-0.040491997579255,0.4349336894907563,0.740143332527728,False
Bifidobacterium,TGFA,-0.017210132773859278,0.7400866576716486,0.9104371215689435,False
Bifidobacterium,MIP1A,-0.04329158297913483,0.4038256487182962,0.7184205261184251,False
Bifidobacterium,SDF1A,-0.05762336893079519,0.26632029343779273,0.6015332315438122,False
Bifidobacterium,IL27,-0.035612835508032833,0.4923147329145203,0.7747084629619355,False
Bifidobacterium,LIF,0.003391879080400947,0.9478742882543125,0.9839412097503842,False
Bifidobacterium,IL1B,-0.06849038541123059,0.18628150160547952,0.5214056013892924,False
Bifidobacterium,IL2,0.00965700856955711,0.8523374479338208,0.9545125489171852,False
Bifidobacterium,IL4,-0.03812185388358683,0.4623145532794467,0.7563333067420595,False
Bifidobacterium,IL5,-0.014168120961380813,0.7847802316013006,0.9264879422151057,False
Bifidobacterium,IP10,-0.03884626829758184,0.4538456937012051,0.7506891445697644,False
Bifidobacterium,IL6,-0.04047361092046012,0.4351424466224034,0.7401656727297624,False
Bifidobacterium,IL7,0.048412459876639294,0.3504762208136075,0.6774012165361725,False
Bifidobacterium,IL8,-0.03888567871826349,0.4533874742654198,0.7506891445697644,False
Bifidobacterium,IL10,-0.04874266098375924,0.34719618339275227,0.675271768327486,False
Bifidobacterium,IFNB,-0.05990683277417938,0.2478026082900009,0.5852505225119526,False
Bifidobacterium,EOTAXIN,0.053105069219561776,0.3056991271093907,0.6388768274420974,False
Bifidobacterium,IL12P70,-0.050672853047469185,0.3284137322176719,0.6558871244719431,False
Bifidobacterium,IL13,-0.044193475145201964,0.3940938397881807,0.713049165375502,False
Bifidobacterium,IL17A,-0.0804981584127306,0.1201672157023965,0.4276792857068238,False
Bifidobacterium,IL31,-0.0692492884849859,0.18143839470205825,0.5167287055721632,False
Bifidobacterium,IL1RA,0.005863925056541517,0.9100113054693355,0.9723119422825781,False
Bifidobacterium,SCF,-0.019809523897103,0.7025703651642772,0.8932200131275159,False
Bifidobacterium,RANTES,-0.021186918649614604,0.6829728347700106,0.885041434746089,False
Bifidobacterium,IFNG,0.02918026435941142,0.5737411696142096,0.8218760786362871,False
Bifidobacterium,GMCSF,0.021347326550315744,0.6807040253673382,0.8836446797191053,False
Bifidobacterium,TNFA,0.0016483865923276732,0.974654201649636,0.9922991593010085,False
Bifidobacterium,HGF,-0.009710346922199221,0.8515312815183909,0.9545125489171852,False
Bifidobacterium,MIP1B,-0.029001147168091553,0.5760964084200995,0.8228571494854608,False
Bifidobacterium,IFNA,-0.006474951341034511,0.9006805035957002,0.9701135837313933,False
Bifidobacterium,TGFB,-0.06365650876828616,0.21937812995481543,0.5537438062536479,False
Bifidobacterium,MCP1,0.10623480163595742,0.040031837888676064,0.2476470680918098,True
Bifidobacterium,IL9,-0.06283084077199742,0.2254276940599182,0.5590606812685972,False
Bifidobacterium,VEGFD,0.040262796336895196,0.4375400905857937,0.7405137110915162,False
Bifidobacterium,TNFB,-0.0323697513936628,0.5325820842712522,0.8018909957457063,False
Bifidobacterium,NGF,-0.07744384791057608,0.134933945299181,0.4508571345924731,False
Bifidobacterium,EGF,-0.05979835914480732,0.24866143668745025,0.5855341899775998,False
Bifidobacterium,BDNF,-0.011944549707806947,0.8179118282386388,0.9428270530487174,False
Bifidobacterium,TRAIL,-0.02351250181942284,0.6503682167503428,0.8667327499141265,False
Bifidobacterium,GCSF,-0.018197270720148716,0.7257612779626657,0.9039253302162288,False
Bifidobacterium,GROA,-0.03211848949977537,0.5357697279390252,0.8040834306706127,False
Bifidobacterium,IL1A,-0.025795586026484896,0.618994605371243,0.8484172942867224,False
Bifidobacterium,IL23,-0.008656568273904748,0.8674858715107799,0.958824794477731,False
Bifidobacterium,IL12P40,-0.025758855897035377,0.6194941085666699,0.8484172942867224,False
Bifidobacterium,IL15,0.015983936237391236,0.7580065683188084,0.9173238718712252,False
Bifidobacterium,IL18,-0.044587317566417276,0.38988883684963516,0.7109576925342764,False
Bifidobacterium,MCSF,-0.022640323970684238,0.662522353489358,0.8749999366794361,False
Bifidobacterium,MCP3,-0.043163453434864864,0.40521975313191094,0.7193411487651402,False
Bifidobacterium,MIG,-0.05147040270105889,0.32084819007013804,0.6488301190541125,False
Bifidobacterium,RESISTIN,0.020950761804439336,0.6863182295882717,0.8864208309284624,False
Bifidobacterium,IL21,-0.06299143601211671,0.22424183468276096,0.5581041202184684,False
Bifidobacterium,ICAM1,-0.07282296903154932,0.1598781030094356,0.4870877368111666,False
Bifidobacterium,VCAM1,0.007495809950623983,0.8851223568910863,0.9656864550432089,False
Bifidobacterium,FGFB,-0.006936043858550539,0.8936482637314952,0.9675120899537724,False
Bifidobacterium,IL22,0.03845532512961454,0.45840519931028223,0.752766631003936,False
Bifidobacterium,PDGFBB,0.0680881367418021,0.18888680552717013,0.5228157829725131,False
Bifidobacterium,VEGF,-0.020208586711033677,0.6968715223629836,0.8912451951476661,False
Bifidobacterium,LEPTIN,0.03665969653281787,0.4796726068569216,0.7686884394777779,False
Bifidobacterium,PAI1,0.045841024265586686,0.3766851573837733,0.7013357284622805,False
Bifidobacterium,CD40L,-0.09265848418152728,0.07348870417778232,0.3373442157909717,False
Bifidobacterium,ENA78,-0.019888472926453883,0.7014415941431952,0.8928003623063508,False
Brevibacterium,IL17F,0.06164602501323912,0.23431450677466736,0.5667091594237808,False
Brevibacterium,FASL,-0.029382608186872747,0.5710859996109473,0.8218760786362871,False
Brevibacterium,TGFA,0.05885986756204872,0.25617844232605214,0.5916847277269434,False
Brevibacterium,MIP1A,0.03152460749314762,0.5433418818613767,0.8071562075433573,False
Brevibacterium,SDF1A,-0.051805749571553296,0.31770123929734706,0.646428478855075,False
Brevibacterium,IL27,-0.028585098639045507,0.5815845603263168,0.8270239160603587,False
Brevibacterium,LIF,0.01650256469909205,0.7504107731112657,0.9156553933874618,False
Brevibacterium,IL1B,0.02157475528289662,0.6774922036885354,0.88306775046466,False
Brevibacterium,IL2,0.08386286766607122,0.10539234196319298,0.40006281732797894,False
Brevibacterium,IL4,-0.03802424846786809,0.4634622975684273,0.7566121985061804,False
Brevibacterium,IL5,-0.027856928912775143,0.5912480921125612,0.8327986871236965,False
Brevibacterium,IP10,-0.00856442683333687,0.8688835831946624,0.9595131404059564,False
Brevibacterium,IL6,-0.07289190912047364,0.15948203433085542,0.4868215271149744,False
Brevibacterium,IL7,-0.004273843209049991,0.9343477995638574,0.9810533421000199,False
Brevibacterium,IL8,-0.05881384784817639,0.25655104543648555,0.592285822728833,False
Brevibacterium,IL10,-0.10995892788426886,0.0335168915444963,0.22224595697764937,True
Brevibacterium,IFNB,0.029187029901084863,0.573652297630187,0.8218760786362871,False
Brevibacterium,EOTAXIN,-0.010614132200438225,0.8378954390222014,0.9497588510034946,False
Brevibacterium,IL12P70,-0.049344104708152946,0.3412719415401302,0.6693488343739636,False
Brevibacterium,IL13,-0.06506026171582381,0.20936109261061522,0.542104360448832,False
Brevibacterium,IL17A,-0.12803915386531117,0.01320921171413178,0.13821727585883184,True
Brevibacterium,IL31,0.03239098122645202,0.5323131898366924,0.8017024559483789,False
Brevibacterium,IL1RA,0.057800236153902194,0.2648529866457253,0.5992806767322619,False
Brevibacterium,SCF,-0.06523588325180146,0.20813148066120404,0.5419382464253469,False
Brevibacterium,RANTES,0.009153938001488912,0.8599484022539028,0.956372511759696,False
Brevibacterium,IFNG,0.012541891277356118,0.8089768007358062,0.9396524871161114,False
Brevibacterium,GMCSF,-0.007276541019042082,0.8884605625752249,0.9666713644267235,False
Brevibacterium,TNFA,0.016137489113589174,0.755755180924983,0.916567466115112,False
Brevibacterium,HGF,0.07417542967899046,0.15224240913444456,0.47565097590716726,False
Brevibacterium,MIP1B,-0.020812119746843303,0.6882850918334478,0.8872607137424385,False
Brevibacterium,IFNA,-0.07531239856824205,0.14603997237382985,0.4669750497614949,False
Brevibacterium,TGFB,0.039531110925815,0.4459202253462057,0.7469855946087514,False
Brevibacterium,MCP1,0.050679297055400946,0.32835214642528654,0.6558871244719431,False
Brevibacterium,IL9,-0.055533878013643644,0.2840768590361975,0.6208965426643095,False
Brevibacterium,VEGFD,-0.008770888522767877,0.8657522989242765,0.9583213306878523,False
Brevibacterium,TNFB,-0.06335135113131532,0.2216003138925672,0.5551536046096568,False
Brevibacterium,NGF,-0.06813664376373106,0.18857122149642663,0.5228157829725131,False
Brevibacterium,EGF,-0.018366031003113202,0.723321599319311,0.902669551671955,False
Brevibacterium,BDNF,0.006497170734930315,0.900341447317915,0.9701135837313933,False
Brevibacterium,TRAIL,0.027392026770603695,0.5974559954986901,0.8357494246384283,False
Brevibacterium,GCSF,0.034541415200048324,0.5054354702438177,0.7842964193438551,False
Brevibacterium,GROA,-0.02234793472581171,0.6666170067998991,0.8784615675561044,False
Brevibacterium,IL1A,-0.01347963540174067,0.7950003584521899,0.9323182707532089,False
Brevibacterium,IL23,-0.02387962673419697,0.6452795215800389,0.8632605443338809,False
Brevibacterium,IL12P40,-0.12168383604502556,0.01856609730031623,0.1670821674573353,True
Brevibacterium,IL15,0.001413275418463941,0.978268335929074,0.9935816007433989,False
Brevibacterium,IL18,0.014118036478978786,0.785522481581966,0.9270760252172949,False
Brevibacterium,MCSF,-0.020921170103114894,0.686737858799954,0.8864208309284624,False
Brevibacterium,MCP3,-0.050863270232462024,0.32659705015749896,0.6541319238617531,False
Brevibacterium,MIG,-0.010821398636348234,0.8347749789429857,0.9486274812122903,False
Brevibacterium,RESISTIN,0.0399846470956738,0.44071510337982045,0.7432146318525491,False
Brevibacterium,IL21,0.053699187590036807,0.30031221270153274,0.6347508132100578,False
Brevibacterium,ICAM1,-0.00968279146265673,0.8519477409478777,0.9545125489171852,False
Brevibacterium,VCAM1,0.010435410731505211,0.8405881880080748,0.9502158828971545,False
Brevibacterium,FGFB,-0.022882842978193544,0.6591336880113556,0.8727968626253831,False
Brevibacterium,IL22,-0.09867867238660633,0.05656950276859535,0.29667088857966356,True
Brevibacterium,PDGFBB,-0.004243444183827188,0.9348137311730835,0.9810533421000199,False
Brevibacterium,VEGF,0.03900666921441058,0.4519823604656482,0.7497210378710812,False
Brevibacterium,LEPTIN,-0.01679254981138541,0.7461740994287308,0.9138831156304473,False
Brevibacterium,PAI1,-0.03979631997099945,0.4428722636376218,0.7432146318525491,False
Brevibacterium,CD40L,0.002098781871544514,0.9677322253901338,0.9892852350591476,False
Brevibacterium,ENA78,-0.10254918943335231,0.04750208792039799,0.27047107203655185,True
Burkholderia-Caballeronia-Paraburkholderia,IL17F,-0.02917812984479143,0.5737692098925753,0.8218760786362871,False
Burkholderia-Caballeronia-Paraburkholderia,FASL,-0.015650224276537703,0.7629064733655682,0.9181249908643326,False
Burkholderia-Caballeronia-Paraburkholderia,TGFA,-0.08259168536069565,0.11079589797093442,0.41106456826982324,False
Burkholderia-Caballeronia-Paraburkholderia,MIP1A,0.08453632652786508,0.1026151941073051,0.3946194232382925,False
Burkholderia-Caballeronia-Paraburkholderia,SDF1A,0.014024083542612711,0.786915383741886,0.9270940039139035,False
Burkholderia-Caballeronia-Paraburkholderia,IL27,-0.09180525371853916,0.07619020559983813,0.3402984168905705,False
Burkholderia-Caballeronia-Paraburkholderia,LIF,-0.07722033141531884,0.13606714634103184,0.4512645568381185,False
Burkholderia-Caballeronia-Paraburkholderia,IL1B,-0.08681826045729447,0.09363405757237817,0.37776209504146613,False
Burkholderia-Caballeronia-Paraburkholderia,IL2,-0.009404678690190557,0.8561532808836043,0.9545125489171852,False
Burkholderia-Caballeronia-Paraburkholderia,IL4,-0.0459877493188477,0.3751580539799846,0.7008309143650197,False
Burkholderia-Caballeronia-Paraburkholderia,IL5,-0.02825905176824598,0.5859024302026965,0.8287515895448946,False
Burkholderia-Caballeronia-Paraburkholderia,IP10,0.01199022050546215,0.8172278368619661,0.9427946679474761,False
Burkholderia-Caballeronia-Paraburkholderia,IL6,-0.06488752131812532,0.2105756357453235,0.5442390215187147,False
Burkholderia-Caballeronia-Paraburkholderia,IL7,0.09122486960903162,0.07807351162881794,0.3441154777952639,False
Burkholderia-Caballeronia-Paraburkholderia,IL8,-0.01775826391109954,0.7321207087330488,0.9072902990475319,False
Burkholderia-Caballeronia-Paraburkholderia,IL10,0.0007307189857534511,0.9887628608479331,0.9973421481437936,False
Burkholderia-Caballeronia-Paraburkholderia,IFNB,-0.03929204560940106,0.4486778946457698,0.7477320012988994,False
Burkholderia-Caballeronia-Paraburkholderia,EOTAXIN,-0.12762317496728035,0.013512781270825088,0.13839322332939283,True
Burkholderia-Caballeronia-Paraburkholderia,IL12P70,-0.09967424735097155,0.05411007915073125,0.2886560627734994,True
Burkholderia-Caballeronia-Paraburkholderia,IL13,-0.0632732857647971,0.2221713638255721,0.5551796731512281,False
Burkholderia-Caballeronia-Paraburkholderia,IL17A,-0.05341976386121904,0.3028378687004883,0.6369526224458065,False
Burkholderia-Caballeronia-Paraburkholderia,IL31,-0.0837125834081508,0.10602010415376646,0.4009634965496223,False
Burkholderia-Caballeronia-Paraburkholderia,IL1RA,-0.014004257361927619,0.7872094043437736,0.9270940039139035,False
Burkholderia-Caballeronia-Paraburkholderia,SCF,-0.08989548089445666,0.08252968907331994,0.35424281925317325,False
Burkholderia-Caballeronia-Paraburkholderia,RANTES,0.048249139610463995,0.3521057653535,0.6789446439785721,False
Burkholderia-Caballeronia-Paraburkholderia,IFNG,-0.08567755679989016,0.09804179104941818,0.38501388627866456,False
Burkholderia-Caballeronia-Paraburkholderia,GMCSF,-0.10743799853972287,0.03781894075972954,0.23872136814399414,True
Burkholderia-Caballeronia-Paraburkholderia,TNFA,-0.032873109042582525,0.5262251080682925,0.7959707516999383,False
Burkholderia-Caballeronia-Paraburkholderia,HGF,-0.15578154627019195,0.00251898653661718,0.05808241683604902,True
Burkholderia-Caballeronia-Paraburkholderia,MIP1B,-0.03474191930097491,0.5029662042322484,0.7825709962838422,False
Burkholderia-Caballeronia-Paraburkholderia,IFNA,-0.023530794843199438,0.650114271065027,0.8667327499141265,False
Burkholderia-Caballeronia-Paraburkholderia,TGFB,-0.07050333943426264,0.17364037049580147,0.5067538009239395,False
Burkholderia-Caballeronia-Paraburkholderia,MCP1,-0.11756494479907664,0.022973324133022693,0.18263666707506712,True
Burkholderia-Caballeronia-Paraburkholderia,IL9,-0.05200123964587728,0.3158760560853743,0.646112226674723,False
Burkholderia-Caballeronia-Paraburkholderia,VEGFD,-0.009945012199506746,0.8479863501112945,0.9537349953427646,False
Burkholderia-Caballeronia-Paraburkholderia,TNFB,-0.014902415336451418,0.7739207262401928,0.9229488464245086,False
Burkholderia-Caballeronia-Paraburkholderia,NGF,-0.038121951252758725,0.4623134091023876,0.7563333067420595,False
Burkholderia-Caballeronia-Paraburkholderia,EGF,-0.041639809204602814,0.4220161749365521,0.7321561169059574,False
Burkholderia-Caballeronia-Paraburkholderia,BDNF,0.02033061157452598,0.6951323161968427,0.8908723181261392,False
Burkholderia-Caballeronia-Paraburkholderia,TRAIL,0.03873973761006807,0.4550856121477702,0.7508454402974536,False
Burkholderia-Caballeronia-Paraburkholderia,GCSF,0.003784245043682554,0.9418545779568037,0.9834388913562364,False
Burkholderia-Caballeronia-Paraburkholderia,GROA,-0.04719508163804468,0.3627373449555876,0.6890031506520897,False
Burkholderia-Caballeronia-Paraburkholderia,IL1A,0.07297058237932942,0.15903095111214785,0.48571029403710186,False
Burkholderia-Caballeronia-Paraburkholderia,IL23,-0.051335543039094496,0.32211943523952535,0.6489427536212405,False
Burkholderia-Caballeronia-Paraburkholderia,IL12P40,-0.051579761151295075,0.3198197307685825,0.6478834408994053,False
Burkholderia-Caballeronia-Paraburkholderia,IL15,-0.019840794904546485,0.7021231907173445,0.8930584463648923,False
Burkholderia-Caballeronia-Paraburkholderia,IL18,-0.020144865485184647,0.6977803653217822,0.8913952469083206,False
Burkholderia-Caballeronia-Paraburkholderia,MCSF,0.015907420542308544,0.75912920389351,0.9173238718712252,False
Burkholderia-Caballeronia-Paraburkholderia,MCP3,-0.016112129304344563,0.7561268638445692,0.9167546885152978,False
Burkholderia-Caballeronia-Paraburkholderia,MIG,-0.01681520331400507,0.7458434521678524,0.9138137476512359,False
Burkholderia-Caballeronia-Paraburkholderia,RESISTIN,-0.07512371297134643,0.14705574951413097,0.4671832555296118,False
Burkholderia-Caballeronia-Paraburkholderia,IL21,0.03196562360346706,0.5377137386652684,0.8048201858047956,False
Burkholderia-Caballeronia-Paraburkholderia,ICAM1,-0.02325737165481689,0.6539141643111221,0.869009448634532,False
Burkholderia-Caballeronia-Paraburkholderia,VCAM1,-0.005184616219233518,0.9203993049987593,0.9766558162773976,False
Burkholderia-Caballeronia-Paraburkholderia,FGFB,-0.012836395088157872,0.8045806519392666,0.9368864853549891,False
Burkholderia-Caballeronia-Paraburkholderia,IL22,-0.05173036404110198,0.3184069080871178,0.646782143111073,False
Burkholderia-Caballeronia-Paraburkholderia,PDGFBB,-0.009851172073979701,0.8494035668631839,0.9538482397054872,False
Burkholderia-Caballeronia-Paraburkholderia,VEGF,0.012203419067708592,0.8140366977424622,0.940721128567866,False
Burkholderia-Caballeronia-Paraburkholderia,LEPTIN,-0.06923159105604919,0.1815502645225373,0.5167287055721632,False
Burkholderia-Caballeronia-Paraburkholderia,PAI1,0.013564714194951666,0.7937354803467783,0.9312539908189703,False
Burkholderia-Caballeronia-Paraburkholderia,CD40L,-0.08097703520426416,0.11797086880867322,0.4246951277112236,False
Burkholderia-Caballeronia-Paraburkholderia,ENA78,-0.05600083818207133,0.28004097038097103,0.6161784758382565,False
Campylobacter,IL17F,-0.18016577627905725,0.0004630466448141269,0.02189661252595617,True
Campylobacter,FASL,0.02909242601316946,0.5748956013263988,0.8223320829021546,False
Campylobacter,TGFA,-0.0782972668541956,0.13067393972970354,0.44561632324730643,False
Campylobacter,MIP1A,-0.1752137448198315,0.000665295278077935,0.025602397597757776,True
Campylobacter,SDF1A,-0.10756648935198104,0.03758886787593363,0.2379856928550578,True
Campylobacter,IL27,-0.08518365358601135,0.10000076570006769,0.3899400926669306,False
Campylobacter,LIF,-0.17040622493092553,0.00093730203103177,0.032660227768696384,True
Campylobacter,IL1B,-0.009441278077386242,0.8555996004622894,0.9545125489171852,False
Campylobacter,IL2,-0.035623588282770784,0.49218398164461064,0.7747084629619355,False
Campylobacter,IL4,0.0037650916354866324,0.9421483571022142,0.9834388913562364,False
Campylobacter,IL5,-0.25698517855170055,4.70220803719681e-07,0.0004947088274818098,True
Campylobacter,IP10,-0.022715137325133476,0.6614762645258034,0.8742391179663627,False
Campylobacter,IL6,-0.12343787242281351,0.01692539000915163,0.15780754213859324,True
Campylobacter,IL7,-0.022059444648209,0.6706667752048839,0.8813997997784825,False
Campylobacter,IL8,0.06729837338132924,0.19407964330066924,0.5257108784552108,False
Campylobacter,IL10,0.00021138205787845087,0.9967492273879378,0.9996986286583941,False
Campylobacter,IFNB,0.03350021909484382,0.51835962624755,0.7928856125168117,False
Campylobacter,EOTAXIN,-0.1514115254345906,0.0033322666197501244,0.06593633949718332,True
Campylobacter,IL12P70,-0.21304716176333582,3.265235985339089e-05,0.003749135351455244,True
Campylobacter,IL13,-0.18364664679142859,0.00035687464820804786,0.018275629597219248,True
Campylobacter,IL17A,-0.02940645841054356,0.5707734194703458,0.8218760786362871,False
Campylobacter,IL31,-0.14603400673092698,0.004656320185938392,0.07849627382941457,True
Campylobacter,IL1RA,-0.0934215879981062,0.07113914487890369,0.3318819050626841,False
Campylobacter,SCF,-0.1448876808290092,0.004993646436934718,0.08134745737853283,True
Campylobacter,RANTES,0.003687404234298959,0.9433400233421414,0.9834958245232497,False
Campylobacter,IFNG,-0.09533484405137035,0.06551708638856717,0.3191573420224949,False
Campylobacter,GMCSF,-0.13000867218674275,0.011851987484171014,0.13210104366291336,True
Campylobacter,TNFA,-0.2241896374068832,1.2035333825781084e-05,0.0019670552382317842,True
Campylobacter,HGF,-0.1505799392681299,0.0035116682550524816,0.06733714385976924,True
Campylobacter,MIP1B,-0.1276600088407452,0.013485655380078981,0.13839322332939283,True
Campylobacter,IFNA,-0.11235016625086702,0.029828679092423836,0.20857647786431704,True
Campylobacter,TGFB,-0.12097199166885628,0.019270499852502898,0.16947765482904475,True
Campylobacter,MCP1,-0.2189477393047464,1.93711388369125e-05,0.0025735941597612323,True
Campylobacter,IL9,-0.005031256968845441,0.9227464136372205,0.9775717475265958,False
Campylobacter,VEGFD,0.012593069975080352,0.8082124051928137,0.939340481624686,False
Campylobacter,TNFB,-0.06882653873793869,0.18412465373373438,0.5186393806781422,False
Campylobacter,NGF,-0.21374580933894288,3.0717817138747e-05,0.003646923822004431,True
Campylobacter,EGF,-0.09224913142397147,0.07477489931622602,0.338397354569782,False
Campylobacter,BDNF,-0.0806975948264915,0.1192486657796514,0.425997154321674,False
Campylobacter,TRAIL,-0.11669519297942524,0.024011862685929856,0.18557974116105097,True
Campylobacter,GCSF,-0.2234559193047252,1.2873272992091635e-05,0.0019953573137742034,True
Campylobacter,GROA,-0.02436932598664183,0.6385175316208602,0.8599852853564175,False
Campylobacter,IL1A,-0.0696053473071973,0.1791984717543407,0.5130464199021145,False
Campylobacter,IL23,-0.19372969692579786,0.00016338682228707452,0.010853553194784236,True
Campylobacter,IL12P40,-0.13807071573712368,0.007494326686830652,0.10052486277046883,True
Campylobacter,IL15,-0.1127012020807115,0.029317639598057936,0.20678285036088193,True
Campylobacter,IL18,0.008477726470068938,0.8701991309308059,0.9596781581368697,False
Campylobacter,MCSF,0.009832059920175766,0.8496922669815079,0.953980452667367,False
Campylobacter,MCP3,-0.07624747827597353,0.14108479820751024,0.4581508431254485,False
Campylobacter,MIG,-0.050006101732428705,0.3348262263632845,0.6632340586109788,False
Campylobacter,RESISTIN,-0.03490394370418517,0.5009754748473181,0.781227574821409,False
Campylobacter,IL21,-0.06320511288006213,0.2226709078769684,0.5556814248450285,False
Campylobacter,ICAM1,0.0015510037424577062,0.9761511143732244,0.9923343447262876,False
Campylobacter,VCAM1,-0.005717253988504389,0.9122529663313438,0.9727444204335751,False
Campylobacter,FGFB,-0.23087515569151368,6.450548422140026e-06,0.001384386930597744,True
Campylobacter,IL22,-0.08951140257229903,0.08385469478081414,0.35745545979903964,False
Campylobacter,PDGFBB,0.13953863927886548,0.0068768336168038265,0.0952369471276502,True
Campylobacter,VEGF,-0.09526385764760603,0.06571895806162126,0.3191573420224949,False
Campylobacter,LEPTIN,-0.10593429776685294,0.04060128586590137,0.24896173091398863,True
Campylobacter,PAI1,-0.253936532956149,6.482333478121192e-07,0.0005167345829702322,True
Campylobacter,CD40L,0.08927845785471067,0.08466663638728929,0.3588565625482541,False
Campylobacter,ENA78,0.06610088612980326,0.2021512415397956,0.5338042122568725,False
Capnocytophaga,IL17F,-0.05414584637746692,0.29630407429558664,0.6310598223547227,False
Capnocytophaga,FASL,0.0698838961835467,0.17746048193009764,0.5110165926260042,False
Capnocytophaga,TGFA,-0.016574491852887552,0.7493592145852137,0.9155119881597532,False
Capnocytophaga,MIP1A,0.06333560734636025,0.22171539563797793,0.5551536046096568,False
Capnocytophaga,SDF1A,0.07368235188140171,0.15499353954612766,0.4801567910548505,False
Capnocytophaga,IL27,-0.028309485372253015,0.5852335653671801,0.8287515895448946,False
Capnocytophaga,LIF,-0.106424005423762,0.03967677423212661,0.24599600023918497,True
Capnocytophaga,IL1B,0.020671964752159357,0.690275553904321,0.8884941774064882,False
Capnocytophaga,IL2,-0.042222473409804985,0.4155455004330735,0.7285405191218416,False
Capnocytophaga,IL4,0.09684246480762382,0.0613485818592137,0.30732604282297743,False
Capnocytophaga,IL5,-0.16023173564783158,0.0018805907695619072,0.04903596492596001,True
Capnocytophaga,IP10,0.1786261969823786,0.000518798995646043,0.02274248753411071,True
Capnocytophaga,IL6,0.02899726772227174,0.5761474700787985,0.8228571494854608,False
Capnocytophaga,IL7,0.020984073531335617,0.6858459632525882,0.8863606845546627,False
Capnocytophaga,IL8,0.11687702020308499,0.023791458423820865,0.1851503871851644,True
Capnocytophaga,IL10,0.06882361239855846,0.184143350094074,0.5186393806781422,False
Capnocytophaga,IFNB,-0.069618103375274,0.17911860657587675,0.5130464199021145,False
Capnocytophaga,EOTAXIN,-0.051891491392899176,0.3168998692246467,0.646112226674723,False
Capnocytophaga,IL12P70,-0.013064171091336821,0.8011847775306533,0.9361727615765634,False
Capnocytophaga,IL13,-0.0013460814994383445,0.979301327247966,0.9944497554219563,False
Capnocytophaga,IL17A,0.0016296905790218552,0.9749415791955889,0.9922991593010085,False
Capnocytophaga,IL31,-0.01794580886447304,0.7294016702117007,0.9052627490616747,False
Capnocytophaga,IL1RA,-0.05562866269482149,0.2832544890573317,0.6203862319935284,False
Capnocytophaga,SCF,-0.01195824695198912,0.8177066761387695,0.9428270530487174,False
Capnocytophaga,RANTES,0.127979994656435,0.013252014800085133,0.13821727585883184,True
Capnocytophaga,IFNG,0.0533529020082963,0.30344429955487007,0.637134190604188,False
Capnocytophaga,GMCSF,-0.05128239832082879,0.3226212982063764,0.649666850953295,False
Capnocytophaga,TNFA,-0.04696548395301315,0.3650794245286453,0.692273864296804,False
Capnocytophaga,HGF,0.0029375453902102033,0.9548483942878879,0.9850504294042394,False
Capnocytophaga,MIP1B,0.052357406276244245,0.3125683865465471,0.6451374916736159,False
Capnocytophaga,IFNA,-0.02292956738492008,0.6584816151846506,0.8723474389198362,False
Capnocytophaga,TGFB,-0.034392661772330475,0.5072715115758402,0.785834268349025,False
Capnocytophaga,MCP1,-0.11661975307345493,0.02410382447714429,0.18602951671157003,True
Capnocytophaga,IL9,0.056011931153801126,0.27994556920057073,0.6161784758382565,False
Capnocytophaga,VEGFD,-0.028170022100599153,0.5870840285558301,0.8296925532454228,False
Capnocytophaga,TNFB,0.13852601990782767,0.007297700959899299,0.0990263700637797,True
Capnocytophaga,NGF,-0.1102987476539578,0.03297016925283353,0.2202308245212553,True
Capnocytophaga,EGF,0.024529331101247193,0.6363145465920287,0.8584707857793811,False
Capnocytophaga,BDNF,0.1440569376405657,0.005251694369797808,0.08288664644945708,True
Capnocytophaga,TRAIL,0.09089821583176527,0.07914997276762294,0.3463975278771263,False
Capnocytophaga,GCSF,0.030522618992083448,0.5562366076004379,0.8144319785910373,False
Capnocytophaga,GROA,0.08880002547186791,0.08635410192618795,0.363116720985779,False
Capnocytophaga,IL1A,0.08474666859984319,0.10175978870982505,0.3933442536337908,False
Capnocytophaga,IL23,-0.0832815200897598,0.10783712023444796,0.40438920087917984,False
Capnocytophaga,IL12P40,0.02965190826721131,0.5675612871749647,0.8208895755407731,False
Capnocytophaga,IL15,-0.06105781062071434,0.23881711705730826,0.5716857628398885,False
Capnocytophaga,IL18,0.08717677922366564,0.09228189919465957,0.37531559585000024,False
Capnocytophaga,MCSF,0.09399570400939625,0.06941219966661337,0.3271067793417978,False
Capnocytophaga,MCP3,0.11766788642881068,0.022853015568003492,0.18263666707506712,True
Capnocytophaga,MIG,0.10728129305441204,0.038101147997765136,0.23995982599043955,True
Capnocytophaga,RESISTIN,0.019608500939601387,0.7054474297109026,0.8950930965459833,False
Capnocytophaga,IL21,0.09666991541048288,0.061814301900958955,0.3079676826851348,False
Capnocytophaga,ICAM1,0.13180308916180525,0.010724225486759862,0.12571676095823536,True
Capnocytophaga,VCAM1,0.0737026617322435,0.15487948310954797,0.4801567910548505,False
Capnocytophaga,FGFB,0.0736999104145271,0.1548949302918782,0.4801567910548505,False
Capnocytophaga,IL22,-0.030008219552671325,0.5629137411420226,0.818836985290012,False
Capnocytophaga,PDGFBB,0.14349236672102159,0.005433846540550801,0.08335291169521077,True
Capnocytophaga,VEGF,0.03593539895317843,0.48840051736540147,0.7739775866650843,False
Capnocytophaga,LEPTIN,-0.045506374022378775,0.3801824342775406,0.70455595591786,False
Capnocytophaga,PAI1,-0.03661219230034824,0.48024243222486973,0.7687013354724876,False
Capnocytophaga,CD40L,-0.00722903560749654,0.8891840588017288,0.966994162563564,False
Capnocytophaga,ENA78,0.04445174916313142,0.3913332061081395,0.7121554466198964,False
Cellulomonas,IL17F,-0.031497355330607185,0.5436906233342572,0.8071562075433573,False
Cellulomonas,FASL,0.0003030281829739508,0.9953398464184342,0.9996455141182167,False
Cellulomonas,TGFA,0.004146805755635631,0.9362950736009179,0.9815858438643,False
Cellulomonas,MIP1A,-0.026758703713499428,0.6059599875233235,0.8413586769795429,False
Cellulomonas,SDF1A,-0.05373662160027473,0.29997491935262677,0.6342781545993397,False
Cellulomonas,IL27,0.028328754214875206,0.5849781097965552,0.8287515895448946,False
Cellulomonas,LIF,0.08997890298481537,0.08224414315867559,0.3532889290418859,False
Cellulomonas,IL1B,0.03789277154734329,0.46501083403088195,0.7577340325779326,False
Cellulomonas,IL2,0.05743280384262107,0.2679074639651853,0.6045949690516423,False
Cellulomonas,IL4,-0.07490051502512644,0.1482642583661093,0.4684680417230407,False
Cellulomonas,IL5,0.008353970422439714,0.8720775620659,0.9596781581368697,False
Cellulomonas,IP10,0.025760835238129793,0.6194671864963333,0.8484172942867224,False
Cellulomonas,IL6,0.0009052936453822332,0.9860784628520982,0.9970791801315255,False
Cellulomonas,IL7,0.04942486397739029,0.3404813968866277,0.6687385408755306,False
Cellulomonas,IL8,-0.0029688670959873123,0.9543674836933572,0.9850504294042394,False
Cellulomonas,IL10,-0.05886869882636087,0.2561069819681754,0.5916847277269434,False
Cellulomonas,IFNB,-0.06693437434414158,0.19650783253537,0.5297167659649104,False
Cellulomonas,EOTAXIN,0.03617198259306276,0.4855403004051494,0.7718322808097845,False
Cellulomonas,IL12P70,-0.03123539244635375,0.5470485666314123,0.8094752059939753,False
Cellulomonas,IL13,-0.003027536405860135,0.9534667251562235,0.9850504294042394,False
Cellulomonas,IL17A,-0.1104384038564762,0.032747696572503385,0.21989428023413826,True
Cellulomonas,IL31,0.1058330045316269,0.04079476893386092,0.2498735572458221,True
Cellulomonas,IL1RA,0.12030824353412704,0.01994815211978371,0.16987722079658224,True
Cellulomonas,SCF,-0.002413395411211708,0.9628984388800834,0.987204242733345,False
Cellulomonas,RANTES,0.040688641951964685,0.43270464651777985,0.7395774827718746,False
Cellulomonas,IFNG,0.027045198596322744,0.6021063702548755,0.8385630847490803,False
Cellulomonas,GMCSF,0.0062180120151528705,0.904602558289175,0.9705214911081709,False
Cellulomonas,TNFA,0.07826968955860358,0.13080995295324155,0.44561632324730643,False
Cellulomonas,HGF,0.030083804688059327,0.5619302028631662,0.8180460558248023,False
Cellulomonas,MIP1B,-0.12047627316514102,0.019774672796985172,0.16970233446846072,True
Cellulomonas,IFNA,0.017730016527683065,0.7325305324447542,0.9075311658618402,False
Cellulomonas,TGFB,0.07805657639331988,0.13186473353404712,0.4469365016560198,False
Cellulomonas,MCP1,-0.0024802537394211037,0.9618713828651804,0.987204242733345,False
Cellulomonas,IL9,0.061670575521077804,0.23412789082841223,0.5667091594237808,False
Cellulomonas,VEGFD,0.025989228158085447,0.6163641133753495,0.8475109989527995,False
Cellulomonas,TNFB,0.0078114068151892944,0.8803212081562518,0.9631749689238991,False
Cellulomonas,NGF,0.005339195044053167,0.9180342299332978,0.9759473207461933,False
Cellulomonas,EGF,0.007060778991036432,0.8917473029005263,0.9675120899537724,False
Cellulomonas,BDNF,0.024548932476587876,0.6360448902221486,0.8584707857793811,False
Cellulomonas,TRAIL,-0.01673030081607687,0.7470829163588222,0.9143940937227962,False
Cellulomonas,GCSF,0.03447546560617921,0.5062490459086932,0.7849040500612693,False
Cellulomonas,GROA,0.012513953410356961,0.8093941522038435,0.9397508955522488,False
Cellulomonas,IL1A,-0.03694865473185529,0.47621440584727803,0.7652932541023585,False
Cellulomonas,IL23,0.03839203799972121,0.4591457051363318,0.7533175638520234,False
Cellulomonas,IL12P40,-0.06350103691820097,0.22050829020341178,0.5537438062536479,False
Cellulomonas,IL15,0.058045797492627865,0.26282500174011214,0.5968919453438445,False
Cellulomonas,IL18,0.0613290954644298,0.23673301192048649,0.5691383914331385,False
Cellulomonas,MCSF,0.022694000934459172,0.6617717406805477,0.8743235444394999,False
Cellulomonas,MCP3,-0.013285315194924617,0.7978913522623239,0.9343617514425535,False
Cellulomonas,MIG,-0.08809581921344593,0.08888699471381943,0.36840283076081093,False
Cellulomonas,RESISTIN,0.022311373668027528,0.667129711835474,0.8784999363252015,False
Cellulomonas,IL21,0.061215153857596655,0.23760678624589465,0.5705016640499536,False
Cellulomonas,ICAM1,-0.04502498603604189,0.38524792207362235,0.7087825104907677,False
Cellulomonas,VCAM1,0.01993021802937769,0.7008450099098125,0.8927961165893216,False
Cellulomonas,FGFB,0.06025930394549738,0.24502623924910277,0.5813122512797592,False
Cellulomonas,IL22,-0.1144776696047403,0.026844986282205593,0.19840400457577115,True
Cellulomonas,PDGFBB,0.0477925958448629,0.35668626922512425,0.6836158314875628,False
Cellulomonas,VEGF,-0.006978084769722355,0.8930074925827663,0.9675120899537724,False
Cellulomonas,LEPTIN,0.02145737636883062,0.6791491418680504,0.8836446797191053,False
Cellulomonas,PAI1,-0.06571859672436349,0.20477865399645215,0.537471725917311,False
Cellulomonas,CD40L,-0.08130815620886273,0.11647062954481086,0.422479193036445,False
Cellulomonas,ENA78,-0.0778119227498628,0.13308370011799078,0.44829493781222307,False
Chryseobacterium,IL17F,-0.009635435095365283,0.8526635573842655,0.9545125489171852,False
Chryseobacterium,FASL,-0.0176707180203943,0.7333911046138462,0.9079976758892703,False
Chryseobacterium,TGFA,-0.07442710597430588,0.15085252850038106,0.4728128848739086,False
Chryseobacterium,MIP1A,0.019948025005841998,0.7005905841622158,0.8927961165893216,False
Chryseobacterium,SDF1A,-0.0246934848180396,0.6340577670727348,0.8579293471044017,False
Chryseobacterium,IL27,-0.1099225536030762,0.033575867693935196,0.22224595697764937,True
Chryseobacterium,LIF,-0.13714360496582226,0.007909392522945976,0.10483232845139796,True
Chryseobacterium,IL1B,-0.09314765822856552,0.07197540402117684,0.3327423982498587,False
Chryseobacterium,IL2,0.005788906214267568,0.911157774895993,0.9725058117673375,False
Chryseobacterium,IL4,-0.024054631048700915,0.642859589022263,0.8623791089847366,False
Chryseobacterium,IL5,-0.09435997463576706,0.06833435981293283,0.32503997725200034,False
Chryseobacterium,IP10,0.021768224051938314,0.674764561484442,0.8820025084325231,False
Chryseobacterium,IL6,-0.13869149113390866,0.0072273915965916265,0.09860353327379284,True
Chryseobacterium,IL7,0.0653043655241305,0.2076534189094863,0.5417045710682251,False
Chryseobacterium,IL8,-0.020045272212972712,0.6992017087041291,0.8921896946190352,False
Chryseobacterium,IL10,-0.048467623449959724,0.34992689852642234,0.6770430283555605,False
Chryseobacterium,IFNB,-0.05475110016135555,0.2909299032890256,0.6260658929243205,False
Chryseobacterium,EOTAXIN,-0.10268283738240098,0.04721210972146814,0.269116503140798,True
Chryseobacterium,IL12P70,-0.11930714922702827,0.021009388375142123,0.1734206910255814,True
Chryseobacterium,IL13,-0.07086690128557208,0.17142696762096843,0.502948302383037,False
Chryseobacterium,IL17A,-0.07185548800020243,0.1655147953407526,0.4943184441028804,False
Chryseobacterium,IL31,-0.1405539965677665,0.006476767912630495,0.0921948085522402,True
Chryseobacterium,IL1RA,-0.11327233635088155,0.028502213497462365,0.20416219681109113,True
Chryseobacterium,SCF,-0.16731544398317622,0.001162931321907516,0.03608985412657571,True
Chryseobacterium,RANTES,-0.001817666634686467,0.972052341621856,0.9917813249679935,False
Chryseobacterium,IFNG,-0.09998140780072563,0.05336946876120114,0.28662332597449697,True
Chryseobacterium,GMCSF,-0.14669475497088041,0.0044713545956451385,0.07737842832467022,True
Chryseobacterium,TNFA,-0.10030705386766557,0.052593515257455134,0.28484156816104067,True
Chryseobacterium,HGF,-0.14911208412585633,0.0038498184084615967,0.0716066223973857,True
Chryseobacterium,MIP1B,-0.0272859003847365,0.5988772424617568,0.8366887864137714,False
Chryseobacterium,IFNA,-0.10885290801777772,0.035350107575470364,0.2306352446612901,True
Chryseobacterium,TGFB,-0.08507120579395736,0.10045108462988767,0.3903608179206569,False
Chryseobacterium,MCP1,-0.09265023685424577,0.07351443842326552,0.3373442157909717,False
Chryseobacterium,IL9,-0.05886820690940131,0.25611096207309436,0.5916847277269434,False
Chryseobacterium,VEGFD,-0.10093460795267527,0.05112465513815089,0.28105968046392316,True
Chryseobacterium,TNFB,0.015270356385156777,0.7684956147100626,0.9200531338996716,False
Chryseobacterium,NGF,-0.11265333370064566,0.029386881780677304,0.20678285036088193,True
Chryseobacterium,EGF,-0.09969654317513238,0.05405603453565131,0.28864370594156397,True
Chryseobacterium,BDNF,0.03655071435846505,0.4809804210219071,0.7687013354724876,False
Chryseobacterium,TRAIL,0.0008447213973524611,0.9870098533862897,0.9971962668650184,False
Chryseobacterium,GCSF,-0.05185496136235094,0.3172411287991984,0.6462022584476944,False
Chryseobacterium,GROA,-0.05546083311297911,0.2847117077042007,0.6216656222758843,False
Chryseobacterium,IL1A,0.0041238208315500765,0.9366474353600474,0.9815858438643,False
Chryseobacterium,IL23,-0.08606194444346629,0.09653841833825293,0.384225659292048,False
Chryseobacterium,IL12P40,-0.07855712420387796,0.129397664504153,0.444430643991045,False
Chryseobacterium,IL15,-0.04362355238474523,0.40022700660936394,0.7164795306000163,False
Chryseobacterium,IL18,-0.10294491920831143,0.0466477703480194,0.26739044396805595,True
Chryseobacterium,MCSF,-0.020630878660135507,0.6908594583367381,0.8888481659802765,False
Chryseobacterium,MCP3,-0.008399695873133986,0.8713834340534086,0.9596781581368697,False
Chryseobacterium,MIG,-0.008441379101606717,0.8707507542935137,0.9596781581368697,False
Chryseobacterium,RESISTIN,-0.1508805353995762,0.0034458331863532845,0.06699564174164226,True
Chryseobacterium,IL21,-0.007000526737475702,0.892665469322504,0.9675120899537724,False
Chryseobacterium,ICAM1,-0.023814324562705273,0.6461834709651628,0.8640555398959043,False
Chryseobacterium,VCAM1,-0.026932271391562592,0.6036240306397814,0.839378013278769,False
Chryseobacterium,FGFB,-0.04749046400223958,0.3597380244864624,0.6869740508673717,False
Chryseobacterium,IL22,-0.03077861980468191,0.5529280036492011,0.8129606335602598,False
Chryseobacterium,PDGFBB,0.04526623374320439,0.38270423616300353,0.707497027036868,False
Chryseobacterium,VEGF,-0.03357339507836273,0.5174457812837372,0.792356602514614,False
Chryseobacterium,LEPTIN,-0.1414149419538177,0.006154017713266788,0.08954528751170568,True
Chryseobacterium,PAI1,-0.05418568217229008,0.2959483433904933,0.6305428622065493,False
Chryseobacterium,CD40L,-0.12379945697078007,0.016603382775798797,0.15593868685780585,True
Chryseobacterium,ENA78,-0.031572556510916325,0.5427285554839092,0.8068123839874511,False
Cloacibacterium,IL17F,-0.004028394082305854,0.9381104707433296,0.9826120290648699,False
Cloacibacterium,FASL,-0.06612701195443553,0.2019725805152079,0.5336733045463431,False
Cloacibacterium,TGFA,-0.1253880282843875,0.015251338143573568,0.1483787459092167,True
Cloacibacterium,MIP1A,0.029707960079823726,0.5668289639753165,0.8207128369260381,False
Cloacibacterium,SDF1A,-0.07942209407358083,0.1252187947935983,0.43741975915960374,False
Cloacibacterium,IL27,-0.11937059474000161,0.020940705708512582,0.1734206910255814,True
Cloacibacterium,LIF,-0.10224451488543951,0.04816872424749545,0.27239088094580416,True
Cloacibacterium,IL1B,-0.11114589028322565,0.03164024027632929,0.21473293034493598,True
Cloacibacterium,IL2,-0.0286856635541877,0.5802557658504386,0.8257656652500504,False
Cloacibacterium,IL4,-0.09412660271737226,0.0690232940806203,0.32639828895750955,False
Cloacibacterium,IL5,-0.01613733011870504,0.7557575110386434,0.916567466115112,False
Cloacibacterium,IP10,-0.06362257064604263,0.21962447983497838,0.5537438062536479,False
Cloacibacterium,IL6,-0.14381082175192342,0.005330414374904953,0.08288664644945708,True
Cloacibacterium,IL7,0.08902228567895097,0.08556683934743371,0.36093260100955393,False
Cloacibacterium,IL8,-0.09528601023262256,0.06565590563087914,0.3191573420224949,False
Cloacibacterium,IL10,-0.13203361468273658,0.010586459888866558,0.1251950349916605,True
Cloacibacterium,IFNB,-0.07042142138604589,0.17414201915104455,0.5068474965667482,False
Cloacibacterium,EOTAXIN,-0.09764008373861736,0.05923322032424337,0.30344133310449983,False
Cloacibacterium,IL12P70,-0.11343519411441422,0.028273291916837428,0.20383070916789775,True
Cloacibacterium,IL13,-0.10200627624526995,0.04869543485414193,0.27363597833445313,True
Cloacibacterium,IL17A,-0.14376304718929048,0.005345817475975862,0.08288664644945708,True
Cloacibacterium,IL31,-0.04254087718786098,0.412034324293294,0.7250556699957681,False
Cloacibacterium,IL1RA,-0.036476768041205206,0.4818688959651678,0.769318355622147,False
Cloacibacterium,SCF,-0.16169577213814534,0.0017054097727683768,0.046420422107548986,True
Cloacibacterium,RANTES,-0.042077583329176514,0.4171490755969145,0.7296839629563583,False
Cloacibacterium,IFNG,-0.1383592579032391,0.007369176562841453,0.09932368410786307,True
Cloacibacterium,GMCSF,-0.071915054351778,0.16516350614654846,0.4943184441028804,False
Cloacibacterium,TNFA,-0.06352940650316469,0.22030175564201182,0.5537438062536479,False
Cloacibacterium,HGF,-0.13992244843556223,0.006723078651830466,0.0942582383849598,True
Cloacibacterium,MIP1B,-0.027043437549563475,0.6021300243039192,0.8385630847490803,False
Cloacibacterium,IFNA,-0.0917648354206535,0.07632015338229611,0.3402984168905705,False
Cloacibacterium,TGFB,-0.0500791481314434,0.3341198074652001,0.6627758711894122,False
Cloacibacterium,MCP1,-0.03551631599799389,0.49348921821441305,0.7748615029107524,False
Cloacibacterium,IL9,-0.10814346551350251,0.036570315151773676,0.23509488311854507,True
Cloacibacterium,VEGFD,0.015099595210154226,0.7710120187652114,0.9212933428938689,False
Cloacibacterium,TNFB,-0.05583883907077882,0.28143669334784843,0.618123890033437,False
Cloacibacterium,NGF,-0.03351394068177464,0.5181882034315728,0.7928407390041613,False
Cloacibacterium,EGF,-0.09415190137071286,0.06894833668287927,0.32639828895750955,False
Cloacibacterium,BDNF,-0.02037820947480483,0.6944543412102341,0.8908172928627831,False
Cloacibacterium,TRAIL,-0.021512467640599733,0.6783712724027428,0.8833843141287149,False
Cloacibacterium,GCSF,0.02376697198602337,0.6468392776333465,0.8643111037342129,False
Cloacibacterium,GROA,-0.07642634450318112,0.1401517899912079,0.45709225610168414,False
Cloacibacterium,IL1A,0.006066850972206171,0.9069110482204321,0.9711310015486493,False
Cloacibacterium,IL23,-0.057427656724907336,0.2679504226639268,0.6045949690516423,False
Cloacibacterium,IL12P40,-0.13582478133200965,0.008535156182679648,0.10920814860518685,True
Cloacibacterium,IL15,-0.07441660095826769,0.15091034909685147,0.4728128848739086,False
Cloacibacterium,IL18,-0.1317362261324144,0.010764479754915382,0.12579435246446322,True
Cloacibacterium,MCSF,-0.04595780348437531,0.375469418153085,0.7009432429890312,False
Cloacibacterium,MCP3,-0.06871270998537365,0.18485293702569341,0.5196369715885991,False
Cloacibacterium,MIG,-0.09167095240786684,0.07662268892953886,0.3408357858268256,False
Cloacibacterium,RESISTIN,-0.11068175508723552,0.03236309619540367,0.21757358647030423,True
Cloacibacterium,IL21,-0.014690370692531667,0.7770522426649732,0.9240182723824918,False
Cloacibacterium,ICAM1,-0.06317859997913612,0.2228654000805367,0.5559181638128721,False
Cloacibacterium,VCAM1,-0.0029350130309305747,0.9548872766174312,0.9850504294042394,False
Cloacibacterium,FGFB,-0.020243031068142958,0.6963804297169476,0.8908723181261392,False
Cloacibacterium,IL22,-0.11543089224795303,0.02559371988950192,0.1922112476223697,True
Cloacibacterium,PDGFBB,-0.08811770253029501,0.08880739689459162,0.36840283076081093,False
Cloacibacterium,VEGF,0.007979590928549718,0.8777644143273938,0.9625126686909422,False
Cloacibacterium,LEPTIN,-0.0676350532492131,0.19185329086448807,0.5232700877975136,False
Cloacibacterium,PAI1,0.061722896133982866,0.2337305357990089,0.5667091594237808,False
Cloacibacterium,CD40L,-0.10972411897100881,0.03389916247285021,0.2233262415566755,True
Cloacibacterium,ENA78,-0.12873985555125275,0.01271142237428282,0.13538440205400726,True
Clostridium sensu stricto 1,IL17F,-0.03190142196363863,0.5385312479522102,0.8055320241771192,False
Clostridium sensu stricto 1,FASL,-0.0028542226848246653,0.9561278026949125,0.9850610768789602,False
Clostridium sensu stricto 1,TGFA,-0.016991867766170864,0.743266486801099,0.9121238170992153,False
Clostridium sensu stricto 1,MIP1A,-0.01696665415781237,0.7436340977099649,0.9123742887470546,False
Clostridium sensu stricto 1,SDF1A,-0.03726990178824233,0.4723858061006563,0.7631478859414194,False
Clostridium sensu stricto 1,IL27,-0.052865790166374195,0.30788660447578153,0.6412402539593287,False
Clostridium sensu stricto 1,LIF,0.03591333911524514,0.4886676737898209,0.7739775866650843,False
Clostridium sensu stricto 1,IL1B,-0.01887544485850699,0.7159743279464915,0.9000015584002166,False
Clostridium sensu stricto 1,IL2,0.09681094603496643,0.06143343602693156,0.30732604282297743,False
Clostridium sensu stricto 1,IL4,-0.11417264471863485,0.027256337296517007,0.20064691571842333,True
Clostridium sensu stricto 1,IL5,-0.011012844362977326,0.8318950034051673,0.948190311196987,False
Clostridium sensu stricto 1,IP10,-0.06889424879234463,0.18369244553179342,0.5186393806781422,False
Clostridium sensu stricto 1,IL6,-0.05964340171161747,0.24989188848146157,0.5864667470115381,False
Clostridium sensu stricto 1,IL7,0.10132402201454056,0.050230507139751926,0.2780617359521982,True
Clostridium sensu stricto 1,IL8,-0.049377357976731304,0.3409462868951607,0.6691805419890949,False
Clostridium sensu stricto 1,IL10,-0.0586709654200763,0.25771029456099553,0.5936425416416157,False
Clostridium sensu stricto 1,IFNB,0.029949631479271946,0.5636766768245648,0.8192565888352524,False
Clostridium sensu stricto 1,EOTAXIN,-0.06910443152067942,0.18235557080062462,0.5173076182346138,False
Clostridium sensu stricto 1,IL12P70,-0.11669484260844677,0.024012289089297274,0.18557974116105097,True
Clostridium sensu stricto 1,IL13,-0.0958555463126796,0.06405182603472132,0.31406782888729784,False
Clostridium sensu stricto 1,IL17A,-0.07137778645458866,0.16835229004055757,0.49763900306710085,False
Clostridium sensu stricto 1,IL31,0.002131465534922903,0.9672300089247178,0.9892852350591476,False
Clostridium sensu stricto 1,IL1RA,0.09828500413986607,0.057567236397531245,0.29853641180132373,True
Clostridium sensu stricto 1,SCF,-0.10661697808062612,0.03931738346997056,0.2452200263365854,True
Clostridium sensu stricto 1,RANTES,0.03322471643546473,0.521807628906745,0.7944287862848414,False
Clostridium sensu stricto 1,IFNG,-0.06508400736680879,0.2091945320593355,0.5420755007938203,False
Clostridium sensu stricto 1,GMCSF,-0.027041407425608833,0.6021572930648609,0.8385630847490803,False
Clostridium sensu stricto 1,TNFA,0.0051570001635700795,0.9208219085009658,0.9766558162773976,False
Clostridium sensu stricto 1,HGF,-0.04347709398199991,0.401812284580918,0.7172464964688172,False
Clostridium sensu stricto 1,MIP1B,-0.0480458344220227,0.3541409267938287,0.6818862565595458,False
Clostridium sensu stricto 1,IFNA,0.02390710680249257,0.6448992829169677,0.8631786316243388,False
Clostridium sensu stricto 1,TGFB,0.0089129457761497,0.8635990144312561,0.9574572820437928,False
Clostridium sensu stricto 1,MCP1,-0.06044169046757694,0.24359817079027163,0.5791554294885878,False
Clostridium sensu stricto 1,IL9,-0.05950201728668303,0.2510182530409784,0.5872560298966301,False
Clostridium sensu stricto 1,VEGFD,0.027528881986017703,0.5956254851586433,0.8342721148492921,False
Clostridium sensu stricto 1,TNFB,-0.07233780658864503,0.16268639263964638,0.4901995967966372,False
Clostridium sensu stricto 1,NGF,-0.026047371581802196,0.6155752305821467,0.8474537130884997,False
Clostridium sensu stricto 1,EGF,-0.09463315650612737,0.06753506658672906,0.32400315332540236,False
Clostridium sensu stricto 1,BDNF,-0.05537505310320288,0.2854584594814942,0.6220829740904866,False
Clostridium sensu stricto 1,TRAIL,-0.013728070361616855,0.7913083585580323,0.9296253127064109,False
Clostridium sensu stricto 1,GCSF,-0.003820488646574101,0.9412986872759437,0.9832807274259884,False
Clostridium sensu stricto 1,GROA,-0.08027712696976705,0.12119166250396148,0.430732150810258,False
Clostridium sensu stricto 1,IL1A,0.014622445880549319,0.7780561356229081,0.9243247257346875,False
Clostridium sensu stricto 1,IL23,-0.02581784928816473,0.6186919263804717,0.8484172942867224,False
Clostridium sensu stricto 1,IL12P40,-0.10146927946078822,0.04990033638873652,0.27678317798126223,True
Clostridium sensu stricto 1,IL15,0.0069051155082943605,0.8941197057323333,0.9677276574514574,False
Clostridium sensu stricto 1,IL18,0.017568033938523048,0.7348821007666562,0.9083377561343547,False
Clostridium sensu stricto 1,MCSF,0.008550465062865747,0.86909540776192,0.9595473635361127,False
Clostridium sensu stricto 1,MCP3,-0.061416281373398086,0.23606594631787833,0.5684754235983955,False
Clostridium sensu stricto 1,MIG,-0.06351776773935654,0.22038647075152495,0.5537438062536479,False
Clostridium sensu stricto 1,RESISTIN,0.01681444668613499,0.7458544950471412,0.9138137476512359,False
Clostridium sensu stricto 1,IL21,0.035058948954239055,0.49907488626788177,0.7798665253424446,False
Clostridium sensu stricto 1,ICAM1,-0.10400223882224978,0.044428146173181395,0.2609569006803707,True
Clostridium sensu stricto 1,VCAM1,0.11017240649621965,0.03317253992312548,0.22062309031113253,True
Clostridium sensu stricto 1,FGFB,-0.009884957832277972,0.8488932627036958,0.9538482397054872,False
Clostridium sensu stricto 1,IL22,-0.12541501342370434,0.015229230409687747,0.1483787459092167,True
Clostridium sensu stricto 1,PDGFBB,-0.02079686784778812,0.6885015932804228,0.8872607137424385,False
Clostridium sensu stricto 1,VEGF,-0.0038989006371023104,0.9400961316209355,0.9832476937214277,False
Clostridium sensu stricto 1,LEPTIN,0.003734086305830634,0.9426239401979368,0.9834958245232497,False
Clostridium sensu stricto 1,PAI1,-0.014021654063832668,0.7869514110834601,0.9270940039139035,False
Clostridium sensu stricto 1,CD40L,0.005336014415636754,0.9180828867343828,0.9759473207461933,False
Clostridium sensu stricto 1,ENA78,-0.053178339233095784,0.30503135408256216,0.6388768274420974,False
Comamonas,IL17F,-0.030313370132541997,0.5589481042904907,0.8164739324452717,False
Comamonas,FASL,-0.035894732011517716,0.48889307673185056,0.7739775866650843,False
Comamonas,TGFA,-0.09346502180781967,0.07100728067955414,0.33163303009353884,False
Comamonas,MIP1A,0.07012323244393637,0.17597716981197603,0.5096990858691822,False
Comamonas,SDF1A,0.01539777254100871,0.7666195398511991,0.9197990817379736,False
Comamonas,IL27,-0.10449458945369841,0.043425246245678645,0.2583271942516326,True
Comamonas,LIF,-0.07356040981603591,0.1556796801782695,0.4810601222349411,False
Comamonas,IL1B,-0.12946814511127328,0.012211632567843127,0.13360962691875422,True
Comamonas,IL2,0.006387616200764571,0.9020133662798135,0.9701135837313933,False
Comamonas,IL4,-0.04974274779736225,0.33738102647875134,0.6653580734287151,False
Comamonas,IL5,0.0154155505609532,0.7663578843888066,0.9197990817379736,False
Comamonas,IP10,0.039243109373799774,0.44924357100478884,0.7477320012988994,False
Comamonas,IL6,-0.10822990262478845,0.03641976094766759,0.23466774375056024,True
Comamonas,IL7,0.0672265225791306,0.19455720456250017,0.5262381005616825,False
Comamonas,IL8,-0.06221591606533597,0.2300096064454794,0.563339374738233,False
Comamonas,IL10,-0.027082939071566187,0.6015995475789275,0.8385630847490803,False
Comamonas,IFNB,-0.045170236838708626,0.3837151851576125,0.7076526872976874,False
Comamonas,EOTAXIN,-0.0812826465887292,0.11658567493513597,0.422479193036445,False
Comamonas,IL12P70,-0.08574091312494862,0.09779272488977771,0.38501388627866456,False
Comamonas,IL13,-0.055135778077156375,0.28754841585470975,0.6233567056990211,False
Comamonas,IL17A,-0.05027198020710863,0.3322595646307577,0.660024339850348,False
Comamonas,IL31,-0.10613661478136813,0.040217152944642946,0.24796874412277087,True
Comamonas,IL1RA,-0.047334635336608685,0.361318374642824,0.687638652969631,False
Comamonas,SCF,-0.124738318009588,0.015792180131496886,0.15140956208548562,True
Comamonas,RANTES,0.011796023349585672,0.8201371941311356,0.9439697902746982,False
Comamonas,IFNG,-0.10151833400139115,0.04978924540089116,0.2767171208535585,True
Comamonas,GMCSF,-0.07145053571858358,0.16791783540658808,0.4970724252354172,False
Comamonas,TNFA,-0.0291180174037843,0.5745591488118825,0.8222723904514759,False
Comamonas,HGF,-0.10355879747426461,0.04534801146361404,0.26432378690583647,True
Comamonas,MIP1B,-0.03386015285026052,0.513872680148685,0.7906963232608833,False
Comamonas,IFNA,-0.046126372461139466,0.3737187802365458,0.6994858684367358,False
Comamonas,TGFB,-0.05176344370116106,0.3180971302440414,0.6466236745944448,False
Comamonas,MCP1,-0.09531365661548678,0.06557728600021918,0.3191573420224949,False
Comamonas,IL9,-0.0775083797098122,0.13460813214203396,0.45078248658960407,False
Comamonas,VEGFD,-0.04679669079977103,0.36680723500941803,0.6931684281717276,False
Comamonas,TNFB,-0.012348161235869008,0.8118719555449471,0.9397508955522488,False
Comamonas,NGF,-0.03354628484199511,0.5177842456636943,0.7926388750640422,False
Comamonas,EGF,-0.08608548724447278,0.09644694069790324,0.384225659292048,False
Comamonas,BDNF,0.047591477429651974,0.358715901490802,0.6857554752726087,False
Comamonas,TRAIL,0.04265103280253428,0.41082368265077907,0.7241736676806378,False
Comamonas,GCSF,-0.035554400961877876,0.4930256078168117,0.7748615029107524,False
Comamonas,GROA,-0.08607440461835185,0.09648999461633183,0.384225659292048,False
Comamonas,IL1A,0.04579648981482755,0.3771494230849637,0.7017318375505494,False
Comamonas,IL23,-0.03456709072755891,0.5051189141306439,0.7840232380664793,False
Comamonas,IL12P40,-0.029499480178946755,0.5695550557692206,0.8218010088463611,False
Comamonas,IL15,-0.016277900277118805,0.7536982828433973,0.9163834056327133,False
Comamonas,IL18,-0.05940521722685017,0.2517914603501238,0.5878645810684898,False
Comamonas,MCSF,-0.022561184857426326,0.6636296421233687,0.8760476468058664,False
Comamonas,MCP3,-0.025598920208277958,0.6216711559046858,0.8498101543234069,False
Comamonas,MIG,0.024569908185237466,0.6357563803368158,0.8584707857793811,False
Comamonas,RESISTIN,-0.1241388865520139,0.016305994344801365,0.15474055857821703,True
Comamonas,IL21,0.03670574040349321,0.47912064966698253,0.7682194977443157,False
Comamonas,ICAM1,0.013198040571773512,0.7991906796781074,0.9356869476718086,False
Comamonas,VCAM1,0.010345834913718701,0.841938504382068,0.9504895462772672,False
Comamonas,FGFB,-0.005912967640369653,0.9092619168425542,0.9722278147837818,False
Comamonas,IL22,-0.06164750386399123,0.2343032626063985,0.5667091594237808,False
Comamonas,PDGFBB,-0.014684716272018221,0.7771357979016189,0.9240182723824918,False
Comamonas,VEGF,-0.0011314542208923427,0.9826010768516285,0.995988012503558,False
Comamonas,LEPTIN,-0.04681204833222231,0.3666498216858588,0.6931684281717276,False
Comamonas,PAI1,0.03028545609371824,0.5593103037998424,0.8167891900557761,False
Comamonas,CD40L,-0.11032935816091757,0.03292129668307938,0.2202308245212553,True
Comamonas,ENA78,-0.042097315483397596,0.4169304759258504,0.7295302777253826,False
Corynebacterium,IL17F,-0.05144939263276942,0.32104602501908647,0.6488301190541125,False
Corynebacterium,FASL,-0.07576300996207766,0.14363577964531477,0.46215467023220586,False
Corynebacterium,TGFA,0.03473418637065244,0.5030613196541472,0.7825709962838422,False
Corynebacterium,MIP1A,-0.031704563285274975,0.5410418050435195,0.8061817157461093,False
Corynebacterium,SDF1A,-0.06359766017546825,0.21980542564319352,0.5537438062536479,False
Corynebacterium,IL27,0.019113315535317744,0.7125524239993297,0.8986117005997283,False
Corynebacterium,LIF,0.08273602021850017,0.11017160596426902,0.4090203335200407,False
Corynebacterium,IL1B,0.0877244919378376,0.09024639918930673,0.3713679258675011,False
Corynebacterium,IL2,0.14133902636978346,0.006181885573470535,0.08954528751170568,True
Corynebacterium,IL4,-0.05213276149036711,0.31465197523083843,0.646112226674723,False
Corynebacterium,IL5,-0.08222219559895691,0.11240673205848403,0.41373981852661007,False
Corynebacterium,IP10,0.02778472472684125,0.5922103056015778,0.833221505082537,False
Corynebacterium,IL6,-0.015512372348999909,0.7649333356716169,0.9193039011517601,False
Corynebacterium,IL7,-0.051925078885317215,0.31658631022351047,0.646112226674723,False
Corynebacterium,IL8,-0.049315537641991605,0.3415518617597999,0.6695330205950158,False
Corynebacterium,IL10,-0.0005059176653835305,0.9922197660450207,0.9988429180103221,False
Corynebacterium,IFNB,-0.027471319717884305,0.5963951003016688,0.8350919335457576,False
Corynebacterium,EOTAXIN,0.024218567878501185,0.6405961140386234,0.8609958685715912,False
Corynebacterium,IL12P70,0.036144707523414844,0.48586958570997774,0.7718322808097845,False
Corynebacterium,IL13,-0.012019764554800678,0.8167854424697998,0.9427946679474761,False
Corynebacterium,IL17A,-0.05203999204999848,0.3155150622151524,0.646112226674723,False
Corynebacterium,IL31,-0.042919959875958716,0.4078769498932089,0.7220664277931806,False
Corynebacterium,IL1RA,0.058429238892485545,0.25967972583187654,0.59507715406237,False
Corynebacterium,SCF,0.06719417206707703,0.1947725045822872,0.5264494250543635,False
Corynebacterium,RANTES,-0.024591373389480736,0.635461194681197,0.8584707857793811,False
Corynebacterium,IFNG,0.04136097797961115,0.42513338221358477,0.7342807038238766,False
Corynebacterium,GMCSF,-0.026487425944539934,0.609619019017806,0.844082280886828,False
Corynebacterium,TNFA,-0.007739686587591407,0.8814119038255677,0.9636125437591433,False
Corynebacterium,HGF,0.11551852516301087,0.02548125058317049,0.1918831015574782,True
Corynebacterium,MIP1B,-0.09455534449345757,0.06776194980837716,0.32400315332540236,False
Corynebacterium,IFNA,-0.0777935801029535,0.1331754397598409,0.44829493781222307,False
Corynebacterium,TGFB,0.05246365646609985,0.3115860724518384,0.64480299723609,False
Corynebacterium,MCP1,-0.08774742036411702,0.09016197987766766,0.37129435255895615,False
Corynebacterium,IL9,0.0014696005002009902,0.977402462243788,0.992882894469386,False
Corynebacterium,VEGFD,-0.11166768343076684,0.030844096582119056,0.21322171376486027,True
Corynebacterium,TNFB,-0.029351327273095792,0.5714960890726941,0.8218760786362871,False
Corynebacterium,NGF,-0.07061154549861494,0.17297938910032387,0.5058831190669849,False
Corynebacterium,EGF,-0.03168152104150321,0.5413360452039904,0.8063681613022601,False
Corynebacterium,BDNF,0.044629167626273565,0.38944361203186806,0.7109409168915487,False
Corynebacterium,TRAIL,-0.06405087092348702,0.21653001357290472,0.5519586458368243,False
Corynebacterium,GCSF,-0.04519909895918848,0.38341106544150694,0.7076526872976874,False
Corynebacterium,GROA,-0.04379401973056651,0.3983865768464647,0.7149954788544798,False
Corynebacterium,IL1A,-0.11420580865223193,0.027211352102635516,0.20058037613303326,True
Corynebacterium,IL23,-0.10164353794747136,0.0495066393324731,0.2762470474751999,True
Corynebacterium,IL12P40,0.14962187454328482,0.0037291757504295123,0.07010299586361139,True
Corynebacterium,IL15,-0.03268930587700112,0.52854190147683,0.7982402810389643,False
Corynebacterium,IL18,0.020455571705859696,0.6933529284918405,0.890018251894288,False
Corynebacterium,MCSF,-0.0922997184039691,0.07461496901118267,0.3382266138101689,False
Corynebacterium,MCP3,0.032941456881277094,0.5253649205872071,0.795909546722539,False
Corynebacterium,MIG,0.04855258201946166,0.3490819407700583,0.676760612924668,False
Corynebacterium,RESISTIN,0.038564279792405134,0.457131913912603,0.7522253257541506,False
Corynebacterium,IL21,-0.01438436431374562,0.781577759337058,0.9259456257114189,False
Corynebacterium,ICAM1,0.08802390676774928,0.0891489704823348,0.3685096330140297,False
Corynebacterium,VCAM1,-0.07619449811794095,0.1413620659531631,0.4581508431254485,False
Corynebacterium,FGFB,-0.04868867894073012,0.34773107714260165,0.6757825494281032,False
Corynebacterium,IL22,0.035818278442964646,0.4898198061212372,0.7739775866650843,False
Corynebacterium,PDGFBB,0.07995505376228601,0.12269658793329488,0.4331969046832223,False
Corynebacterium,VEGF,-0.01630853913604906,0.7532496816260715,0.9163834056327133,False
Corynebacterium,LEPTIN,-0.03979381952919738,0.4429009448973422,0.7432146318525491,False
Corynebacterium,PAI1,-0.03306012710475469,0.5238731077051679,0.7959032033616247,False
Corynebacterium,CD40L,0.005629057078175486,0.9136012680343906,0.9735657908844376,False
Corynebacterium,ENA78,-0.0708593011972622,0.1714730214505859,0.502948302383037,False
Cutibacterium,IL17F,0.04525867432890754,0.38278378577496497,0.707497027036868,False
Cutibacterium,FASL,-0.0211135632014424,0.684011327017227,0.8860001098497449,False
Cutibacterium,TGFA,0.040306309651534485,0.43704458419206127,0.7405137110915162,False
Cutibacterium,MIP1A,-0.009706372706280345,0.8515913432876018,0.9545125489171852,False
Cutibacterium,SDF1A,-0.027683784522989127,0.5935566616808683,0.8336386036192412,False
Cutibacterium,IL27,0.06673855398591337,0.19782325658248393,0.5327479593292762,False
Cutibacterium,LIF,-0.019403089842441032,0.7083916368348185,0.8967389595141305,False
Cutibacterium,IL1B,-0.010478150952226144,0.8399440621593743,0.9502158828971545,False
Cutibacterium,IL2,-0.14899953211655256,0.0038769253600900422,0.07163325665331932,True
Cutibacterium,IL4,0.03613591055436238,0.48597581504247545,0.7718322808097845,False
Cutibacterium,IL5,0.08578578861649223,0.09761661535392037,0.3849475008303008,False
Cutibacterium,IP10,-0.09994603076082398,0.053454336172095405,0.28680307292335805,True
Cutibacterium,IL6,0.026652886357567206,0.607386102144728,0.8424594705363118,False
Cutibacterium,IL7,-0.030398732034807387,0.5578411926219349,0.8159249947130791,False
Cutibacterium,IL8,-0.02066221392088524,0.6904141134828912,0.8884941774064882,False
Cutibacterium,IL10,0.0033052675767450876,0.9492035003738921,0.9839412097503842,False
Cutibacterium,IFNB,0.05885910147372232,0.2561846419692285,0.5916847277269434,False
Cutibacterium,EOTAXIN,0.11319030410899021,0.028618123367248175,0.2043215004736995,True
Cutibacterium,IL12P70,0.12594917048985116,0.014797366021022202,0.14692046689911725,True
Cutibacterium,IL13,0.07650034870602314,0.13976715217079558,0.45688383662158133,False
Cutibacterium,IL17A,0.07676589286751628,0.13839364078744792,0.45533025957246814,False
Cutibacterium,IL31,0.04425472091722749,0.3934381377666858,0.7124462033645862,False
Cutibacterium,IL1RA,-0.08064815273459905,0.11947587014876251,0.426535736039728,False
Cutibacterium,SCF,0.07933352116497924,0.12564183499415177,0.4379022106604415,False
Cutibacterium,RANTES,-0.14814040419572377,0.004089593453836568,0.07355424511758316,True
Cutibacterium,IFNG,0.04574855819455579,0.3776494962458353,0.7021635190476628,False
Cutibacterium,GMCSF,-0.004307980213032701,0.9338246019528647,0.9807531110289827,False
Cutibacterium,TNFA,-0.04866926789602925,0.3479235435569894,0.6757825494281032,False
Cutibacterium,HGF,0.022825044237660165,0.6599406682871829,0.8728298006737332,False
Cutibacterium,MIP1B,-0.005117984434212814,0.9214189970753948,0.9770240902122078,False
Cutibacterium,IFNA,-0.00981978086522393,0.8498777597908309,0.9539967611411861,False
Cutibacterium,TGFB,-0.06014787507586309,0.2459015899358882,0.582151409351827,False
Cutibacterium,MCP1,0.19715660270508983,0.00012414203392185,0.0098958935611989,True
Cutibacterium,IL9,0.03694933279792,0.4762063069071224,0.7652932541023585,False
Cutibacterium,VEGFD,0.062160770643954734,0.23042370460323602,0.563339374738233,False
Cutibacterium,TNFB,-0.04026522952702573,0.43751237421959943,0.7405137110915162,False
Cutibacterium,NGF,0.10029545588875101,0.0526209888681548,0.28484156816104067,True
Cutibacterium,EGF,0.016261973458027542,0.7539315093151122,0.9163834056327133,False
Cutibacterium,BDNF,-0.09436094485617505,0.0683315074335082,0.32503997725200034,False
Cutibacterium,TRAIL,-0.019192895944733314,0.7114088962542344,0.8979103463240506,False
Cutibacterium,GCSF,0.012215011734018065,0.8138632672075284,0.940721128567866,False
Cutibacterium,GROA,0.028257843231076895,0.585918462500826,0.8287515895448946,False
Cutibacterium,IL1A,-0.039370417403477596,0.4477727986307024,0.7477320012988994,False
Cutibacterium,IL23,0.0892584804857813,0.08473656250366676,0.3588565625482541,False
Cutibacterium,IL12P40,0.011073688428850897,0.8309801764242519,0.9476536653274731,False
Cutibacterium,IL15,0.0006348384548935168,0.9902372515384839,0.9979273728706411,False
Cutibacterium,IL18,-0.08697388542360135,0.09304518433325211,0.37649900549640813,False
Cutibacterium,MCSF,-0.05762715247017208,0.2662888466410606,0.6015332315438122,False
Cutibacterium,MCP3,-0.01564623143400196,0.762965158178837,0.9181249908643326,False
Cutibacterium,MIG,-0.026506978684117017,0.6093549621476315,0.844082280886828,False
Cutibacterium,RESISTIN,-0.05616059371904259,0.27866917200792973,0.6153438780388792,False
Cutibacterium,IL21,-0.038909376293904126,0.4531120711093197,0.7506891445697644,False
Cutibacterium,ICAM1,0.050297343577788416,0.3320153821232451,0.660024339850348,False
Cutibacterium,VCAM1,-0.06913475380012657,0.1821632994992219,0.5172657728258725,False
Cutibacterium,FGFB,-0.009874979398311409,0.8490439716186633,0.9538482397054872,False
Cutibacterium,IL22,0.12083367239849802,0.019410040169803876,0.16947765482904475,True
Cutibacterium,PDGFBB,-0.11800211059693765,0.022466156184243673,0.18015502634508573,True
Cutibacterium,VEGF,-0.019630988793505666,0.7051253715056003,0.8950784579601592,False
Cutibacterium,LEPTIN,-0.027608061208428226,0.59456758619548,0.8342218080573319,False
Cutibacterium,PAI1,0.022361036058395366,0.6664333211974418,0.8784615675561044,False
Cutibacterium,CD40L,0.09012948586098753,0.08173073252561878,0.3522282010513652,False
Cutibacterium,ENA78,0.06657353914978491,0.19893671649538308,0.5328544607815906,False
Dermabacter,IL17F,0.014162862365386103,0.7848581546327607,0.9264879422151057,False
Dermabacter,FASL,0.0590658359299812,0.2545153876124474,0.5905180303024767,False
Dermabacter,TGFA,-0.014387024576674503,0.7815383848088292,0.9259456257114189,False
Dermabacter,MIP1A,0.004981529585383965,0.9235076183736608,0.9775899527214417,False
Dermabacter,SDF1A,0.02869549953132603,0.5801258762360846,0.8257656652500504,False
Dermabacter,IL27,-0.06602698315479366,0.2026572470256775,0.5339128604359209,False
Dermabacter,LIF,-0.044921609322994466,0.38634105572175725,0.7089297436028932,False
Dermabacter,IL1B,0.08149855205739684,0.115614769995156,0.42055437846999383,False
Dermabacter,IL2,0.061647286305041064,0.2343049167517662,0.5667091594237808,False
Dermabacter,IL4,0.07148352261021135,0.1677211160140396,0.4970021666156368,False
Dermabacter,IL5,-0.010723123218391096,0.8362542258213721,0.9486274812122903,False
Dermabacter,IP10,-0.0177546238724093,0.7321735155216911,0.9072902990475319,False
Dermabacter,IL6,-0.022184568881727727,0.6689091262099991,0.880309651946178,False
Dermabacter,IL7,0.07941172979198732,0.1252682392718722,0.43741975915960374,False
Dermabacter,IL8,0.03824075155269514,0.4609185695054917,0.7554388136457059,False
Dermabacter,IL10,0.021601342385627605,0.6771171116049461,0.8829898300433745,False
Dermabacter,IFNB,0.05311923142102682,0.30556997949721754,0.6388768274420974,False
Dermabacter,EOTAXIN,-0.05655070810705803,0.2753384764140098,0.612619445934162,False
Dermabacter,IL12P70,-0.04460098353214228,0.3897434166256716,0.7109409168915487,False
Dermabacter,IL13,-0.05628194307578345,0.2776302100701107,0.6141467234539015,False
Dermabacter,IL17A,0.09917141434066143,0.05534091346358817,0.29242641773373296,True
Dermabacter,IL31,-0.032099529150670984,0.5360106569139229,0.8040834306706127,False
Dermabacter,IL1RA,-0.029929702884189134,0.5639363006659865,0.8192565888352524,False
Dermabacter,SCF,-0.17147758190150442,0.0008690380626324447,0.030843384657523298,True
Dermabacter,RANTES,0.001583347292519351,0.9756539385316051,0.9923343447262876,False
Dermabacter,IFNG,-0.028411571867108427,0.5838807476884436,0.8277768197049001,False
Dermabacter,GMCSF,-0.03823550361388267,0.4609801362838044,0.7554388136457059,False
Dermabacter,TNFA,-0.05589604153894426,0.28094332256525506,0.617676808476802,False
Dermabacter,HGF,-0.06338982553231752,0.2213192584121325,0.5547895156961812,False
Dermabacter,MIP1B,0.052595166662863777,0.31037303278578743,0.6435828773484555,False
Dermabacter,IFNA,0.005079924714736946,0.922001497585656,0.9773354947429126,False
Dermabacter,TGFB,0.02922886503145013,0.5731028967888734,0.8218760786362871,False
Dermabacter,MCP1,0.007376073906862918,0.8869450008847952,0.9663606236194999,False
Dermabacter,IL9,0.058232102611101566,0.26129352958201374,0.595979059770441,False
Dermabacter,VEGFD,-0.012365287458522434,0.8116159127109139,0.9397508955522488,False
Dermabacter,TNFB,-0.006585089579292253,0.8990000301387555,0.9700996966245572,False
Dermabacter,NGF,-0.012975284246174017,0.802509535365898,0.9361727615765634,False
Dermabacter,EGF,-0.07680217202510875,0.1382067960061384,0.45525024894583954,False
Dermabacter,BDNF,-0.03756024861931904,0.46894005086228097,0.7606643848289324,False
Dermabacter,TRAIL,0.04315637461879157,0.4052968571097566,0.7193411487651402,False
Dermabacter,GCSF,-0.03980029316264422,0.4428266914105109,0.7432146318525491,False
Dermabacter,GROA,0.061010254059643006,0.23918378739641546,0.5720726676690948,False
Dermabacter,IL1A,0.027069721073562904,0.6017770323059322,0.8385630847490803,False
Dermabacter,IL23,-0.007741076681161355,0.8813907616420692,0.9636125437591433,False
Dermabacter,IL12P40,-0.17465403038972258,0.0006926991806146339,0.02614325838298552,True
Dermabacter,IL15,0.057617754653664435,0.26636696105807467,0.6015332315438122,False
Dermabacter,IL18,-0.04114007276442053,0.42761248440701294,0.7362164958318828,False
Dermabacter,MCSF,0.0611726994384936,0.2379329323059109,0.5705890521898477,False
Dermabacter,MCP3,-0.009437700729510293,0.8556537159418784,0.9545125489171852,False
Dermabacter,MIG,0.06248724026985374,0.2279798548886357,0.5616457352223343,False
Dermabacter,RESISTIN,-0.08051236906061254,0.12010158328523715,0.4276792857068238,False
Dermabacter,IL21,0.02649673449054491,0.6094933021568645,0.844082280886828,False
Dermabacter,ICAM1,-0.10973555059315682,0.033880466088501614,0.2233262415566755,True
Dermabacter,VCAM1,0.025471646501023282,0.6234059683067689,0.8512898775051172,False
Dermabacter,FGFB,-0.04852260109724066,0.3493799693791716,0.676760612924668,False
Dermabacter,IL22,0.0015600691123787362,0.9760117631491363,0.9923343447262876,False
Dermabacter,PDGFBB,0.007439503852634377,0.8859793838256711,0.9656864550432089,False
Dermabacter,VEGF,0.02989470651466268,0.5643923617942772,0.8195623871756003,False
Dermabacter,LEPTIN,-0.05544918023463597,0.28481307367833264,0.6216656222758843,False
Dermabacter,PAI1,-0.09661571454517569,0.061961193028614386,0.3081492487519325,False
Dermabacter,CD40L,-0.04151158631048648,0.4234479885862852,0.7331181434413502,False
Dermabacter,ENA78,0.12541086892058856,0.015232623990504537,0.1483787459092167,True
Dialister,IL17F,-0.1247838736699185,0.015753717538091745,0.15140956208548562,True
Dialister,FASL,-0.01986807378474515,0.7017331874197694,0.8928003623063508,False
Dialister,TGFA,-0.08392788469835726,0.10512166703691712,0.39957690876430346,False
Dialister,MIP1A,-0.07809565252728402,0.13167084054320322,0.4468487585191044,False
Dialister,SDF1A,-0.06466603397692594,0.21214033744828556,0.5462589215327335,False
Dialister,IL27,-0.13000860160433947,0.011852033829541565,0.13210104366291336,True
Dialister,LIF,-0.12233818410579601,0.01793849197600581,0.1640930905346105,True
Dialister,IL1B,-0.10786276537510428,0.037062879648204546,0.236329301689704,True
Dialister,IL2,-0.09275027010356034,0.07320279830241887,0.3367449419023061,False
Dialister,IL4,-0.0752315246958248,0.14647469497556842,0.4670450274078124,False
Dialister,IL5,-0.11853976186388879,0.0218557280569498,0.17811284757990303,True
Dialister,IP10,-0.09910692980313311,0.055500426898076376,0.29267705393522336,True
Dialister,IL6,-0.11152557063522973,0.031059214147434237,0.21343647160428944,True
Dialister,IL7,-0.059414712983327934,0.2517155382467236,0.5878645810684898,False
Dialister,IL8,-0.006305444754452327,0.9032676746997055,0.9701135837313933,False
Dialister,IL10,-0.04518242741967623,0.3835867152572918,0.7076526872976874,False
Dialister,IFNB,0.04315597771461155,0.405301180533459,0.7193411487651402,False
Dialister,EOTAXIN,-0.1550534058551574,0.0026405081519716,0.05989445320325825,True
Dialister,IL12P70,-0.22108778097606133,1.597235882729239e-05,0.0021772515472351516,True
Dialister,IL13,-0.13648894786712945,0.008214711208108164,0.10659847010391608,True
Dialister,IL17A,-0.04321231981440307,0.40468772831556243,0.719158447134025,False
Dialister,IL31,-0.09207396610011712,0.07533083883813854,0.33971354882386934,False
Dialister,IL1RA,-0.10875863380320278,0.03551023428685511,0.23094068452290384,True
Dialister,SCF,-0.1687997016590859,0.001048980425110785,0.03363971708113897,True
Dialister,RANTES,0.003817696340369367,0.9413415136038763,0.9832807274259884,False
Dialister,IFNG,-0.16783142354479186,0.001122085736978115,0.035374228318293115,True
Dialister,GMCSF,-0.11753399561831689,0.023009601604618672,0.18263666707506712,True
Dialister,TNFA,-0.14615679159397657,0.0046214352512451646,0.07814426879378186,True
Dialister,HGF,-0.20142142697026122,8.761992873289933e-05,0.00788579358596094,True
Dialister,MIP1B,-0.007972485400053042,0.8778724095639853,0.9625126686909422,False
Dialister,IFNA,-0.07843575342208858,0.1299925653771006,0.4444598742672925,False
Dialister,TGFB,-0.1187885436088825,0.02157816996726986,0.17680791250714512,True
Dialister,MCP1,-0.19178732647122815,0.00019051732040587416,0.011944793796233458,True
Dialister,IL9,-0.07734688767014286,0.13542462643288547,0.4512645568381185,False
Dialister,VEGFD,-0.01889195619202105,0.7157366185578546,0.9000015584002166,False
Dialister,TNFB,-0.10289916443026997,0.046745884474262145,0.2675302926834695,True
Dialister,NGF,-0.08087416402360356,0.1184400178183102,0.42528655046729147,False
Dialister,EGF,-0.09165272372517368,0.07668154312945127,0.3408357858268256,False
Dialister,BDNF,-0.09138166037992612,0.07756105323805959,0.34321227364660783,False
Dialister,TRAIL,-0.04879542040592411,0.34667390841101353,0.6749617616655462,False
Dialister,GCSF,-0.10835610028651727,0.03620089759378468,0.23352717754140867,True
Dialister,GROA,-0.040004599288750435,0.44048691643150484,0.7432146318525491,False
Dialister,IL1A,0.0357871491398345,0.4901974084712777,0.7739775866650843,False
Dialister,IL23,-0.1489149956574166,0.0038973984924585295,0.07177387322745411,True
Dialister,IL12P40,-0.21274350430123062,3.352863315224716e-05,0.003749135351455244,True
Dialister,IL15,-0.11401664241299221,0.027468804971698596,0.20136381022699676,True
Dialister,IL18,-0.022034794279678346,0.6710132567479072,0.8814202928842048,False
Dialister,MCSF,-0.006105754629398497,0.9063168466097808,0.9711310015486493,False
Dialister,MCP3,-0.11546444871656257,0.025550602619116288,0.19214604125966156,True
Dialister,MIG,-0.00862053145634944,0.8680324722264431,0.9589430201986838,False
Dialister,RESISTIN,-0.015785070349988654,0.7609253717479588,0.9176417501795119,False
Dialister,IL21,-0.035468524958228935,0.49407130995772097,0.7752862512834879,False
Dialister,ICAM1,-0.08571535072780337,0.0978931550303497,0.38501388627866456,False
Dialister,VCAM1,-0.003695432585251392,0.943216868585977,0.9834958245232497,False
Dialister,FGFB,-0.11384360904058097,0.027706131132646025,0.2018279526372909,True
Dialister,IL22,-0.17026407570511015,0.0009467222157254454,0.032660227768696384,True
Dialister,PDGFBB,-0.06170909250654342,0.23383532280352406,0.5667091594237808,False
Dialister,VEGF,-0.11111465387482782,0.03168845209019323,0.21473293034493598,True
Dialister,LEPTIN,-0.07520679436946437,0.14660782495288122,0.4670507490559846,False
Dialister,PAI1,-0.10103784646901505,0.05088632200730294,0.2801371694065421,True
Dialister,CD40L,0.058524003176125376,0.258906414476017,0.5945856147134241,False
Dialister,ENA78,0.01298058194356763,0.8024305632970202,0.9361727615765634,False
Dietzia,IL17F,0.007589295801217959,0.8836997183896587,0.9651682185582883,False
Dietzia,FASL,0.007951794435049597,0.8781868995033927,0.9625126686909422,False
Dietzia,TGFA,-0.00020599261892190825,0.9968321092930654,0.9996986286583941,False
Dietzia,MIP1A,-0.0007693712259976432,0.9881685014580341,0.9972218265937813,False
Dietzia,SDF1A,-0.06675908319891213,0.19768505119525526,0.5326328274599345,False
Dietzia,IL27,0.013316490684315042,0.7974273526489795,0.9340144054956561,False
Dietzia,LIF,0.052342040150597346,0.3127106188569193,0.6451374916736159,False
Dietzia,IL1B,-0.01510209930137391,0.7709751000717787,0.9212933428938689,False
Dietzia,IL2,0.04058771987770886,0.4338478151282602,0.739951007058545,False
Dietzia,IL4,-0.0875496493054336,0.09089223093487776,0.3721046578258385,False
Dietzia,IL5,-0.0472102096146367,0.3625833572412174,0.6890031506520897,False
Dietzia,IP10,0.08428262172734,0.10365451302902164,0.3967024572715643,False
Dietzia,IL6,-0.01819430333974776,0.7258042007089062,0.9039253302162288,False
Dietzia,IL7,0.03185052892019383,0.5391797335483752,0.8059289777428763,False
Dietzia,IL8,-0.0014977954570793244,0.9769690369728837,0.9926233114181885,False
Dietzia,IL10,-0.09074426441475231,0.07966145916510814,0.34754569362103477,False
Dietzia,IFNB,-0.019440089411162417,0.7078609909316006,0.89634481191047,False
Dietzia,EOTAXIN,-0.001907476876970577,0.9706720630308728,0.9907353414509366,False
Dietzia,IL12P70,-0.046093287774079575,0.3740619769561325,0.6994858684367358,False
Dietzia,IL13,-0.05676045807370921,0.27355891616015054,0.6118071150996554,False
Dietzia,IL17A,-0.16580544667121996,0.0012904564064434405,0.03913449319540433,True
Dietzia,IL31,0.0769708759472369,0.13734048019692383,0.4529313708621956,False
Dietzia,IL1RA,0.05356857549794048,0.3014910438916806,0.6357974394994624,False
Dietzia,SCF,-0.05972803825431032,0.249219301289749,0.5855341899775998,False
Dietzia,RANTES,0.05600301094047274,0.2800222826082451,0.6161784758382565,False
Dietzia,IFNG,-0.011797055549958971,0.8201217237042941,0.9439697902746982,False
Dietzia,GMCSF,0.02435717790149796,0.6386849192734452,0.8599852853564175,False
Dietzia,TNFA,0.026046274451118026,0.6155901122245113,0.8474537130884997,False
Dietzia,HGF,0.039851842744542315,0.4422356634905238,0.7432146318525491,False
Dietzia,MIP1B,-0.10122788960313642,0.05045001776408434,0.27900009823943567,True
Dietzia,IFNA,-0.06752775315126477,0.19256079061423167,0.5236302200913318,False
Dietzia,TGFB,0.009603638858944366,0.8531442421057023,0.9545125489171852,False
Dietzia,MCP1,-0.01099718701951046,0.8321304576938433,0.948190311196987,False
Dietzia,IL9,-0.006315967434993203,0.9031070374467224,0.9701135837313933,False
Dietzia,VEGFD,0.12342130716280218,0.016940271996598092,0.15780754213859324,True
Dietzia,TNFB,0.025301108366321358,0.6257337640851017,0.8529438817977316,False
Dietzia,NGF,0.004796570143333193,0.9263395024088872,0.9793433920882134,False
Dietzia,EGF,-0.009937069812276999,0.8481062808048025,0.9537349953427646,False
Dietzia,BDNF,0.002829150376333253,0.9565128066463164,0.9850610768789602,False
Dietzia,TRAIL,-0.014420592805230453,0.7810415897027431,0.925776463744268,False
Dietzia,GCSF,0.03702846040606191,0.4752617093235515,0.7644740092318874,False
Dietzia,GROA,-0.0005456058912714981,0.9916094438929746,0.998769078866931,False
Dietzia,IL1A,0.0027588481791713396,0.9575924027943417,0.9854971611199606,False
Dietzia,IL23,0.01622434154782039,0.754482665930883,0.9163834056327133,False
Dietzia,IL12P40,-0.11352795842539234,0.02814360414569832,0.2032810889062415,True
Dietzia,IL15,-0.01579698290740453,0.7607504322986638,0.9176417501795119,False
Dietzia,IL18,0.09017981391393318,0.08155971809901497,0.3522282010513652,False
Dietzia,MCSF,0.03243201147366176,0.5317936998921786,0.801136297353768,False
Dietzia,MCP3,-0.05090914890014716,0.3261603170257543,0.6534917662490877,False
Dietzia,MIG,-0.05859348656232447,0.25834041530392665,0.5944492855240868,False
Dietzia,RESISTIN,0.10008325045277594,0.05312577987032314,0.28641724799652474,True
Dietzia,IL21,0.02994022381224412,0.5637992299791261,0.8192565888352524,False
Dietzia,ICAM1,0.016212880797628965,0.7546505447292117,0.9163834056327133,False
Dietzia,VCAM1,0.08456312749667676,0.10250588601159868,0.39447092685842805,False
Dietzia,FGFB,0.08588277542519679,0.09723686233504296,0.38465995194174746,False
Dietzia,IL22,-0.14132790188052322,0.006185978756782067,0.08954528751170568,True
Dietzia,PDGFBB,-0.003636713556970443,0.9441176484300342,0.9834958245232497,False
Dietzia,VEGF,0.021101019077253983,0.684188973717303,0.8860001098497449,False
Dietzia,LEPTIN,0.017989035616048775,0.7287754449250285,0.9046867592172768,False
Dietzia,PAI1,-0.06659738017701565,0.1987755645846208,0.5328544607815906,False
Dietzia,CD40L,-0.029433296780431217,0.5704217738657075,0.8218760786362871,False
Dietzia,ENA78,-0.13757609286390152,0.007713282330664608,0.1027210391530036,True
Dolosigranulum,IL17F,-0.03331192762728346,0.5207148838525849,0.7940937556429144,False
Dolosigranulum,FASL,-0.13171724423577563,0.010775931985307064,0.12579435246446322,True
Dolosigranulum,TGFA,-0.13051811617923112,0.011521620444528844,0.13147370568603467,True
Dolosigranulum,MIP1A,0.056582734705772415,0.2750662485870684,0.612619445934162,False
Dolosigranulum,SDF1A,-0.12564156190881656,0.015044734895102739,0.1483787459092167,True
Dolosigranulum,IL27,-0.20116706106221105,8.947809281864918e-05,0.00789483953635014,True
Dolosigranulum,LIF,-0.1815211005919506,0.000418627841834073,0.020514812680835128,True
Dolosigranulum,IL1B,-0.11405349286919816,0.02741848846564719,0.20130942847146224,True
Dolosigranulum,IL2,-0.0923356462336012,0.07450155259606955,0.3382266138101689,False
Dolosigranulum,IL4,-0.13397381296835864,0.009487717955662209,0.1160997065627086,True
Dolosigranulum,IL5,-0.12571626701700062,0.014984328269079179,0.14824920521535784,True
Dolosigranulum,IP10,0.006077861939578254,0.9067428650619322,0.9711310015486493,False
Dolosigranulum,IL6,-0.17333064336350992,0.0007617010697260993,0.02805969926982915,True
Dolosigranulum,IL7,0.06179690774628229,0.23316925935055882,0.5667091594237808,False
Dolosigranulum,IL8,-0.14861826390971453,0.003970037802798389,0.07263216701513117,True
Dolosigranulum,IL10,-0.1131747337110708,0.028640169613661063,0.2043215004736995,True
Dolosigranulum,IFNB,-0.0954013542064449,0.06532840661845105,0.3189260795546429,False
Dolosigranulum,EOTAXIN,-0.033827636049542906,0.5142772070640375,0.7906963232608833,False
Dolosigranulum,IL12P70,-0.09413123917294176,0.06900955173527488,0.32639828895750955,False
Dolosigranulum,IL13,-0.19553806564088913,0.00014142201477047577,0.010365451924622241,True
Dolosigranulum,IL17A,-0.15624235491330152,0.00244473643035119,0.05719918494195435,True
Dolosigranulum,IL31,-0.16699756613211755,0.0011887716354229926,0.036648318926299994,True
Dolosigranulum,IL1RA,-0.15252570874942184,0.0031049308967129492,0.0634454024991715,True
Dolosigranulum,SCF,-0.17832448171440743,0.0005304302919909256,0.022944194025653994,True
Dolosigranulum,RANTES,-0.13640883873664122,0.008252784782238665,0.10659847010391608,True
Dolosigranulum,IFNG,-0.1896421267720122,0.00022535357851547237,0.013082246139630408,True
Dolosigranulum,GMCSF,-0.18528203109044386,0.0003152571238568413,0.01688656467692175,True
Dolosigranulum,TNFA,-0.08930018522684248,0.08459063758152104,0.3588565625482541,False
Dolosigranulum,HGF,-0.10027040282009013,0.052680376046988164,0.28484156816104067,True
Dolosigranulum,MIP1B,-0.03979349598610297,0.44290465616818486,0.7432146318525491,False
Dolosigranulum,IFNA,-0.20937969888440475,4.484628709638598e-05,0.004468612178532746,True
Dolosigranulum,TGFB,-0.11385562783373872,0.027689589874473446,0.2018279526372909,True
Dolosigranulum,MCP1,0.00842185210783594,0.8710471302634591,0.9596781581368697,False
Dolosigranulum,IL9,-0.14280919993797356,0.005661845784833082,0.0848475147555845,True
Dolosigranulum,VEGFD,-0.007140511648210585,0.8905325026872605,0.967394316038491,False
Dolosigranulum,TNFB,-0.11083547392689322,0.032122145414621446,0.21647532779418802,True
Dolosigranulum,NGF,-0.1494497478623833,0.0037695215757583478,0.070583659036012,True
Dolosigranulum,EGF,-0.06623910351667052,0.2012073452486913,0.5330018335393817,False
Dolosigranulum,BDNF,-0.07369749206090398,0.15490850902061942,0.4801567910548505,False
Dolosigranulum,TRAIL,-0.011192071065369702,0.8292008771874677,0.9471731616593797,False
Dolosigranulum,GCSF,-0.06878141208237834,0.18441312327670606,0.5186619092157357,False
Dolosigranulum,GROA,-0.14481758992733845,0.005014968698604892,0.08134745737853283,True
Dolosigranulum,IL1A,-0.06755450485721963,0.19238422064555016,0.5235171392786456,False
Dolosigranulum,IL23,-0.16486567610021496,0.0013761871656558426,0.04084640629978512,True
Dolosigranulum,IL12P40,-0.14510821390704456,0.00492708988492533,0.081100771557178,True
Dolosigranulum,IL15,-0.19521012954033637,0.0001451875035276614,0.010386490636978853,True
Dolosigranulum,IL18,-0.21272101689702363,3.35944027908176e-05,0.003749135351455244,True
Dolosigranulum,MCSF,-0.13523922492530785,0.008826856851693978,0.1106828342302301,True
Dolosigranulum,MCP3,-0.007482237216100384,0.8853289333059609,0.9656864550432089,False
Dolosigranulum,MIG,-0.009124612505705567,0.8603924747372176,0.956372511759696,False
Dolosigranulum,RESISTIN,-0.16666778493066645,0.001216137102663825,0.03728596171903376,True
Dolosigranulum,IL21,-0.02618292884873133,0.6137377250102063,0.8464301793269776,False
Dolosigranulum,ICAM1,0.0737633431855396,0.15453908528468357,0.4801567910548505,False
Dolosigranulum,VCAM1,-0.01740362943780404,0.7372713628004115,0.9093693945852054,False
Dolosigranulum,FGFB,-0.11130438433269906,0.03139657707216542,0.2141722494653827,True
Dolosigranulum,IL22,-0.07804577774086503,0.131918354521051,0.4469365016560198,False
Dolosigranulum,PDGFBB,-0.11360612355229391,0.0280347232549291,0.2032810889062415,True
Dolosigranulum,VEGF,-0.032654697834637675,0.5289787052632082,0.7983749319257267,False
Dolosigranulum,LEPTIN,-0.17367899829647804,0.0007429462507108773,0.027823087778299966,True
Dolosigranulum,PAI1,0.0411500502100563,0.427500332331885,0.7362164958318828,False
Dolosigranulum,CD40L,-0.05293990606809283,0.30720794047732997,0.6403512543382522,False
Dolosigranulum,ENA78,-0.15238351715211063,0.003133137563317318,0.06357420946658413,True
Enterobacter,IL17F,-0.11336173689718623,0.02837635122713001,0.20416219681109113,True
Enterobacter,FASL,-0.04892115889452321,0.3454312101431388,0.673482233612409,False
Enterobacter,TGFA,-0.12885010356398538,0.012634624886791151,0.13538440205400726,True
Enterobacter,MIP1A,-0.03164400454834493,0.5418152859105763,0.8068123839874511,False
Enterobacter,SDF1A,-0.08985293200955181,0.08267563781444826,0.35459650961154593,False
Enterobacter,IL27,-0.13647008683031617,0.008223661200566904,0.10659847010391608,True
Enterobacter,LIF,-0.08789248387442503,0.08962934200776454,0.3699309647338299,False
Enterobacter,IL1B,-0.15068859726249062,0.003487740100460886,0.06710893020886809,True
Enterobacter,IL2,-0.07817833426554163,0.131261305197344,0.4463364308355756,False
Enterobacter,IL4,-0.14585781713320198,0.004706793065655955,0.0789140314638491,True
Enterobacter,IL5,-0.040060887324259206,0.4398435317010527,0.7426102592713689,False
Enterobacter,IP10,-0.12715453306948057,0.013862122248343838,0.14063753117410657,True
Enterobacter,IL6,-0.11519916117975623,0.025893189770098163,0.19419788673926186,True
Enterobacter,IL7,0.05496940221671334,0.2890076775736172,0.624103775276448,False
Enterobacter,IL8,-0.07771997430115893,0.1335440651317461,0.44917171997296157,False
Enterobacter,IL10,-0.10235135299711759,0.0479340737679296,0.27154531129446413,True
Enterobacter,IFNB,-0.06790973361935633,0.1900508229826496,0.5228157829725131,False
Enterobacter,EOTAXIN,-0.09638429849864677,0.06259159942855029,0.30997096495319354,False
Enterobacter,IL12P70,-0.1608792517799161,0.0018011748654185296,0.048024768725843534,True
Enterobacter,IL13,-0.1396007864118859,0.0068517257632581445,0.0952369471276502,True
Enterobacter,IL17A,-0.1520840002343645,0.0031933155768159144,0.06396982731956309,True
Enterobacter,IL31,-0.0393409834412496,0.44811260277692944,0.7477320012988994,False
Enterobacter,IL1RA,-0.05665050540051789,0.2744907974913283,0.6123533823911901,False
Enterobacter,SCF,-0.1385444032597442,0.007289859735216718,0.0990263700637797,True
Enterobacter,RANTES,-0.04737666421356471,0.3608917086787984,0.6874784054067715,False
Enterobacter,IFNG,-0.20579636810085786,6.082427760675842e-05,0.005851714983546759,True
Enterobacter,GMCSF,-0.1265257000054551,0.014343340670886074,0.14343340670886073,True
Enterobacter,TNFA,-0.07789326284026102,0.13267746953084633,0.44816771931732385,False
Enterobacter,HGF,-0.13439992733066528,0.009260429283982984,0.11406886402786987,True
Enterobacter,MIP1B,-0.04861666579887045,0.34844544838767233,0.6762871659141606,False
Enterobacter,IFNA,-0.0734926589930684,0.15606188971935683,0.48172571747268994,False
Enterobacter,TGFB,-0.07670386396912852,0.13871355073544817,0.45572496759214776,False
Enterobacter,MCP1,-0.08370274299437436,0.10606131199054526,0.4009634965496223,False
Enterobacter,IL9,-0.12110687197059428,0.019135270565601693,0.1686805841327922,True
Enterobacter,VEGFD,-0.03340729956967476,0.5195212310936492,0.7936649806209499,False
Enterobacter,TNFB,-0.10557923877101129,0.04128291397244425,0.25066230681854074,True
Enterobacter,NGF,-0.03631950984189117,0.4837613266176085,0.7701156071674266,False
Enterobacter,EGF,-0.08340279953776503,0.10732343876144915,0.40355232356201515,False
Enterobacter,BDNF,-0.035327046893224065,0.49579664597725226,0.7769012312701679,False
Enterobacter,TRAIL,-0.04246534319733217,0.4128656809284599,0.725831915431886,False
Enterobacter,GCSF,-0.052972090135020765,0.306913545079456,0.6402159183339681,False
Enterobacter,GROA,-0.10037863811213467,0.05242420874213373,0.28483649930000604,True
Enterobacter,IL1A,0.013054579637543072,0.8013276999648113,0.9361727615765634,False
Enterobacter,IL23,-0.06666067961483918,0.19834815726954944,0.5328412846685912,False
Enterobacter,IL12P40,-0.1428291329876277,0.005655073466696033,0.0848475147555845,True
Enterobacter,IL15,-0.10157896998533043,0.04965221212419258,0.2767171208535585,True
Enterobacter,IL18,-0.09091328245627976,0.07910005882581249,0.3463975278771263,False
Enterobacter,MCSF,-0.03369548462097939,0.5159229391625801,0.7911657319998069,False
Enterobacter,MCP3,-0.13260265442368532,0.010253082232157852,0.12303698678589423,True
Enterobacter,MIG,-0.09288694041361738,0.0727787611551185,0.33507053403099113,False
Enterobacter,RESISTIN,-0.0572757609743463,0.2692202924775813,0.6057456580745579,False
Enterobacter,IL21,-0.05197210960961691,0.3161475915740086,0.646112226674723,False
Enterobacter,ICAM1,-0.0764655282163984,0.13994803122220145,0.45709225610168414,False
Enterobacter,VCAM1,0.016104378651778974,0.7562404715476552,0.9167546885152978,False
Enterobacter,FGFB,-0.03808515916821636,0.4627458618669159,0.7563333067420595,False
Enterobacter,IL22,-0.14584363788203591,0.004710876350701258,0.0789140314638491,True
Enterobacter,PDGFBB,-0.15156693058895004,0.0032996772699804395,0.06552384045014538,True
Enterobacter,VEGF,-0.08673522755479766,0.09394946381317774,0.3782381010660403,False
Enterobacter,LEPTIN,-0.06982811355126144,0.17780752950760795,0.5111622950295994,False
Enterobacter,PAI1,0.04522936253849271,0.38309233651786556,0.7075985560310128,False
Enterobacter,CD40L,-0.05796429742536647,0.26349688834563156,0.5978645115946483,False
Enterobacter,ENA78,-0.13226840933910403,0.010447756764435183,0.12430380116321603,True
Enterococcus,IL17F,0.02770041355186575,0.5933347651232372,0.8335367546293212,False
Enterococcus,FASL,-0.04424693196767332,0.3935214903254586,0.7124462033645862,False
Enterococcus,TGFA,0.029870076695897873,0.5647134354240907,0.8195623871756003,False
Enterococcus,MIP1A,0.03848186587087438,0.45809485180819964,0.7527000215223068,False
Enterococcus,SDF1A,0.023145002295926854,0.6554784166762302,0.8696075998700343,False
Enterococcus,IL27,0.08920487752847696,0.08492441707364244,0.3592708470590787,False
Enterococcus,LIF,0.14503107436291057,0.004950279060550404,0.08124281517020958,True
Enterococcus,IL1B,0.09988928178658155,0.05359070801812356,0.2870443220086356,True
Enterococcus,IL2,0.1287526972915801,0.012702455843179307,0.13538440205400726,True
Enterococcus,IL4,0.00029098112770675316,0.9955251114614571,0.9996455141182167,False
Enterococcus,IL5,0.09607295377052374,0.06344806714048618,0.3122047748182653,False
Enterococcus,IP10,0.08826984229775627,0.08825558773357721,0.36723801607260315,False
Enterococcus,IL6,0.039541019683845026,0.445806133622056,0.7469855946087514,False
Enterococcus,IL7,-0.055875829044427755,0.2811175882948224,0.6178165193718429,False
Enterococcus,IL8,-0.028166445574594256,0.5871315190262367,0.8296925532454228,False
Enterococcus,IL10,-0.025072458283421115,0.6288606075163412,0.8541972224783797,False
Enterococcus,IFNB,-0.05822461329045703,0.2613549747774676,0.595979059770441,False
Enterococcus,EOTAXIN,0.0811533863854735,0.11716999036664937,0.4231770525863453,False
Enterococcus,IL12P70,0.10329862780176077,0.04589510619044509,0.2654396072696868,True
Enterococcus,IL13,0.04394481250965473,0.39676280063566727,0.7141404079189425,False
Enterococcus,IL17A,0.006172844462168783,0.9052922615328691,0.9707819380290698,False
Enterococcus,IL31,0.03316898966014852,0.5225064928476857,0.7948708369929351,False
Enterococcus,IL1RA,0.1215719839013246,0.018675271844840698,0.1670821674573353,True
Enterococcus,SCF,0.1076834047764462,0.037380553400601174,0.23702669088108475,True
Enterococcus,RANTES,-0.005790199544769787,0.9111380081090203,0.9725058117673375,False
Enterococcus,IFNG,0.11351576343736225,0.028160623964968583,0.2032810889062415,True
Enterococcus,GMCSF,0.2010225603901236,9.0550130882869e-05,0.00789483953635014,True
Enterococcus,TNFA,0.11986254804930076,0.020414726653203877,0.17129951086447764,True
Enterococcus,HGF,0.1383662788332519,0.007366154766541467,0.09932368410786307,True
Enterococcus,MIP1B,0.003384157244378085,0.9479927881556922,0.9839412097503842,False
Enterococcus,IFNA,0.06443720086381807,0.21376570261004912,0.5491770812910102,False
Enterococcus,TGFB,0.15940180153505745,0.001987061909231272,0.05017106540049998,True
Enterococcus,MCP1,0.03886032885471351,0.45368218373269653,0.7506891445697644,False
Enterococcus,IL9,0.03277611698586873,0.5274470246252094,0.7971707468604194,False
Enterococcus,VEGFD,-0.02027241458542039,0.6959615924825115,0.8908723181261392,False
Enterococcus,TNFB,0.013458751377581603,0.7953109263056047,0.9323182707532089,False
Enterococcus,NGF,0.12436742508942869,0.01610839767490286,0.15338713144361427,True
Enterococcus,EGF,2.8558753269355637e-05,0.9995608034805212,0.9997953913454289,False
Enterococcus,BDNF,0.07624426646016129,0.14110159514486212,0.4581508431254485,False
Enterococcus,TRAIL,0.03066126488467492,0.5544435276907747,0.8133004428271615,False
Enterococcus,GCSF,0.040309309332367885,0.4370104372895496,0.7405137110915162,False
Enterococcus,GROA,0.04101208344871025,0.429052668786264,0.7377538554027551,False
Enterococcus,IL1A,-0.014445358427791334,0.780675126352011,0.925776463744268,False
Enterococcus,IL23,0.06123505573677275,0.23745400308060688,0.5705016640499536,False
Enterococcus,IL12P40,0.05561767181754184,0.2833497655911269,0.6203862319935284,False
Enterococcus,IL15,0.08667936306186212,0.0941621460536309,0.37882103459211275,False
Enterococcus,IL18,0.04401786153627642,0.39597762178054485,0.7137754472445211,False
Enterococcus,MCSF,-0.0026662999505894036,0.9590137380839869,0.9860506096385936,False
Enterococcus,MCP3,0.07299112514035146,0.15891332503087208,0.48571029403710186,False
Enterococcus,MIG,0.03075754607641236,0.5532000011491572,0.8129606335602598,False
Enterococcus,RESISTIN,0.14016974559151357,0.006625648250611682,0.09383532294013498,True
Enterococcus,IL21,0.0413737140205147,0.4249907077463574,0.7342807038238766,False
Enterococcus,ICAM1,-0.010509733486107151,0.8394681592241267,0.9501485453287276,False
Enterococcus,VCAM1,-0.0031535046223304477,0.9515329180915172,0.984709510932987,False
Enterococcus,FGFB,0.09321015740666584,0.07178390237038114,0.3327423982498587,False
Enterococcus,IL22,0.028285858292519037,0.5855468704464781,0.8287515895448946,False
Enterococcus,PDGFBB,0.07211985602257115,0.16395996404665103,0.4932057139516511,False
Enterococcus,VEGF,0.07496523631281155,0.1479130487012777,0.46788821527955193,False
Enterococcus,LEPTIN,0.22191130005269827,1.4822001592558536e-05,0.0021764939180651745,True
Enterococcus,PAI1,0.04096940756610862,0.42953349764652726,0.7378030653242645,False
Enterococcus,CD40L,-0.10573850937287929,0.04097596791286814,0.24999798769195816,True
Enterococcus,ENA78,0.006574476197861593,0.8991619480774873,0.9700996966245572,False
Erysipelothrix,IL17F,-0.04070452337864365,0.4325249120429804,0.7395774827718746,False
Erysipelothrix,FASL,-0.022478451686449973,0.6647880003502344,0.8771617502847737,False
Erysipelothrix,TGFA,-0.06991866618333573,0.17724441723905393,0.5109230360345389,False
Erysipelothrix,MIP1A,0.04041653400446535,0.4357908492019342,0.7405137110915162,False
Erysipelothrix,SDF1A,-0.02601590563723521,0.6160021017754742,0.8474537130884997,False
Erysipelothrix,IL27,-0.08820702674982749,0.08848308438037532,0.3679102912388184,False
Erysipelothrix,LIF,-0.04076356677398775,0.431857079337411,0.7395774827718746,False
Erysipelothrix,IL1B,-0.012435477900140185,0.8105667517278903,0.9397508955522488,False
Erysipelothrix,IL2,0.011234299706397489,0.8285663883722152,0.9471731616593797,False
Erysipelothrix,IL4,-0.10534262340260811,0.041742498546802294,0.25171055293852956,True
Erysipelothrix,IL5,-0.03872181592162886,0.4552943905227851,0.7508454402974536,False
Erysipelothrix,IP10,0.006465183417725064,0.90082956268898,0.9701135837313933,False
Erysipelothrix,IL6,-0.06306397340631331,0.22370766622594257,0.5575206688435729,False
Erysipelothrix,IL7,0.05561203280202067,0.28339865687302934,0.6203862319935284,False
Erysipelothrix,IL8,-0.015115014496607612,0.7707846950338608,0.9212933428938689,False
Erysipelothrix,IL10,-0.06513687074449175,0.2088240726433718,0.5420755007938203,False
Erysipelothrix,IFNB,-0.040863470518822206,0.4307284364706131,0.738618523511377,False
Erysipelothrix,EOTAXIN,-0.058682985337516806,0.2576126340897737,0.5936425416416157,False
Erysipelothrix,IL12P70,-0.10028935976735073,0.05263543431776486,0.28484156816104067,True
Erysipelothrix,IL13,-0.08725569587416666,0.09198637162597796,0.3752075684743838,False
Erysipelothrix,IL17A,-0.0563461876154412,0.27708122988195827,0.6140243299210989,False
Erysipelothrix,IL31,-0.0643646847466107,0.21428263536194359,0.5497498658647887,False
Erysipelothrix,IL1RA,-0.021874591044661426,0.6732667421383469,0.8820025084325231,False
Erysipelothrix,SCF,-0.11131267342947214,0.03138387794393201,0.2141722494653827,True
Erysipelothrix,RANTES,0.02602389839372316,0.615893658712026,0.8474537130884997,False
Erysipelothrix,IFNG,-0.07415909779779808,0.15233293617077423,0.4756674783620146,False
Erysipelothrix,GMCSF,-0.0466340005020378,0.3684773717864157,0.6948643915404527,False
Erysipelothrix,TNFA,-0.04286023059236853,0.40853033968416474,0.7228440104185935,False
Erysipelothrix,HGF,-0.0846645495669685,0.10209306977361784,0.39369684128319804,False
Erysipelothrix,MIP1B,-0.05433163181164314,0.29464745647284196,0.6298806836122995,False
Erysipelothrix,IFNA,-0.05831883406452155,0.26058267680076364,0.5954346177511307,False
Erysipelothrix,TGFB,-0.014666389335138212,0.777406632252399,0.9241433762182332,False
Erysipelothrix,MCP1,-0.0719926192236851,0.16470690986035963,0.49412815167037133,False
Erysipelothrix,IL9,-0.02469795942482479,0.6339962976393406,0.8579293471044017,False
Erysipelothrix,VEGFD,0.033399500369712044,0.5196187912158441,0.7936649806209499,False
Erysipelothrix,TNFB,-0.01903773781496506,0.7136390314958108,0.8992313228053638,False
Erysipelothrix,NGF,-0.03597450546620618,0.48792710941739226,0.7739150854317933,False
Erysipelothrix,EGF,-0.06455838074394306,0.21290387006720568,0.5477194997579565,False
Erysipelothrix,BDNF,0.015928207226807347,0.7588241722585651,0.9173238718712252,False
Erysipelothrix,TRAIL,0.010532695191183782,0.8391221963491311,0.9499496562442994,False
Erysipelothrix,GCSF,0.010381498329510902,0.841400838242803,0.9502158828971545,False
Erysipelothrix,GROA,-0.03394707783791737,0.5127920955246794,0.7904364345380417,False
Erysipelothrix,IL1A,0.04093931589199862,0.4298727276954717,0.7378030653242645,False
Erysipelothrix,IL23,-0.06178753919984528,0.23324025423830164,0.5667091594237808,False
Erysipelothrix,IL12P40,-0.07707092166984326,0.13682870655659382,0.45258102109412773,False
Erysipelothrix,IL15,-0.026980003508854874,0.6029823363770375,0.83927199725215,False
Erysipelothrix,IL18,-0.032644912796550705,0.5291022398317808,0.7983749319257267,False
Erysipelothrix,MCSF,-0.02098585772612571,0.6858206718484741,0.8863606845546627,False
Erysipelothrix,MCP3,-0.009783511187187042,0.8504257138042598,0.9544198477529706,False
Erysipelothrix,MIG,0.0009528794898863925,0.9853467712346,0.996960105800375,False
Erysipelothrix,RESISTIN,-0.04489181885523046,0.38665641795315653,0.7089297436028932,False
Erysipelothrix,IL21,0.031575889842179586,0.5426859308911796,0.8068123839874511,False
Erysipelothrix,ICAM1,-0.016645964442642665,0.748314761154714,0.9146979993961235,False
Erysipelothrix,VCAM1,0.004981264202670801,0.9235116809223508,0.9775899527214417,False
Erysipelothrix,FGFB,-0.005034980145955453,0.9226894237197285,0.9775717475265958,False
Erysipelothrix,IL22,-0.09476370406709918,0.06715581630282298,0.323042633594614,False
Erysipelothrix,PDGFBB,0.018741668206456175,0.7179012850630595,0.9001998136296341,False
Erysipelothrix,VEGF,-0.018801179235659125,0.7170438496272206,0.9000419384983249,False
Erysipelothrix,LEPTIN,-0.04071779284614219,0.4323747708449214,0.7395774827718746,False
Erysipelothrix,PAI1,-0.006023141871055701,0.907578708484756,0.9713027524402409,False
Erysipelothrix,CD40L,-0.0718140327178134,0.165759605783051,0.4943184441028804,False
Erysipelothrix,ENA78,-0.05453986895893952,0.2927980021774623,0.6283132000431386,False
Escherichia-Shigella,IL17F,-0.04354182124067372,0.4011112091163911,0.7169124109127041,False
Escherichia-Shigella,FASL,0.032156199224221756,0.535290712351558,0.8040167361834976,False
Escherichia-Shigella,TGFA,-0.008443747557022253,0.8707148076807292,0.9596781581368697,False
Escherichia-Shigella,MIP1A,-0.08191991382550101,0.11373819416443066,0.41562483525705507,False
Escherichia-Shigella,SDF1A,-0.030608938085241073,0.5551199288900059,0.8138647407268085,False
Escherichia-Shigella,IL27,1.3304677048659766e-05,0.9997953913454289,0.9997953913454289,False
Escherichia-Shigella,LIF,0.01270925266358329,0.8064777998099747,0.9385080548362167,False
Escherichia-Shigella,IL1B,0.01853226746453343,0.7209211408499332,0.9018595201403578,False
Escherichia-Shigella,IL2,-0.02136947339735422,0.6803910057448953,0.8836446797191053,False
Escherichia-Shigella,IL4,-0.016736862854003925,0.7469870960043107,0.9143940937227962,False
Escherichia-Shigella,IL5,-0.002982315598389223,0.9541610016895623,0.9850504294042394,False
Escherichia-Shigella,IP10,-0.08209150845564421,0.11298086068501499,0.41495259856041433,False
Escherichia-Shigella,IL6,0.012967502793223779,0.8026255360900142,0.9361727615765634,False
Escherichia-Shigella,IL7,0.00897343061454132,0.8626824987284877,0.9570115989870698,False
Escherichia-Shigella,IL8,0.026423547974029325,0.6104820344212124,0.844676562668359,False
Escherichia-Shigella,IL10,-0.06087172446867735,0.24025413085755407,0.5736491442811945,False
Escherichia-Shigella,IFNB,-0.021946386551566097,0.6722564738799708,0.8818032732135019,False
Escherichia-Shigella,EOTAXIN,0.041001978759437896,0.4291664900783768,0.7377538554027551,False
Escherichia-Shigella,IL12P70,-0.07575115715966893,0.14369862954352638,0.46215467023220586,False
Escherichia-Shigella,IL13,-0.07552703176633042,0.14489101988223044,0.4646505120361183,False
Escherichia-Shigella,IL17A,-0.02206143872720486,0.6706387498051118,0.8813997997784825,False
Escherichia-Shigella,IL31,0.08548687390805515,0.0987944493435171,0.3866031463992602,False
Escherichia-Shigella,IL1RA,0.05028179532346118,0.3321650571898024,0.660024339850348,False
Escherichia-Shigella,SCF,0.00784565692918624,0.8798004242613406,0.9629305130458963,False
Escherichia-Shigella,RANTES,0.007459796541307577,0.8856704963975707,0.9656864550432089,False
Escherichia-Shigella,IFNG,-0.0543218536906263,0.29473449191966206,0.6298806836122995,False
Escherichia-Shigella,GMCSF,-0.027073407598117778,0.6017275291160136,0.8385630847490803,False
Escherichia-Shigella,TNFA,0.03031508189474756,0.558925896957155,0.8164739324452717,False
Escherichia-Shigella,HGF,-0.03914590053476784,0.4503684467831083,0.748601707789617,False
Escherichia-Shigella,MIP1B,-0.05794632372900977,0.26364522222558917,0.5978645115946483,False
Escherichia-Shigella,IFNA,0.048262324188635936,0.35197403789179427,0.6789446439785721,False
Escherichia-Shigella,TGFB,0.027886131069265283,0.590859139261996,0.8325742416873579,False
Escherichia-Shigella,MCP1,-0.008922031833043591,0.8634613233715296,0.9574572820437928,False
Escherichia-Shigella,IL9,0.03857274070237991,0.45703311937333124,0.7522253257541506,False
Escherichia-Shigella,VEGFD,-0.0028094323983314045,0.9568155979720365,0.9850610768789602,False
Escherichia-Shigella,TNFB,-0.06424895295399866,0.21510949081587005,0.5503945763119499,False
Escherichia-Shigella,NGF,-0.010582619259084738,0.8383700998102173,0.9497588510034946,False
Escherichia-Shigella,EGF,0.01667773844036254,0.7478505843788488,0.9146979993961235,False
Escherichia-Shigella,BDNF,-0.09194606825287117,0.07573887988474656,0.3402984168905705,False
Escherichia-Shigella,TRAIL,-0.052169030070788366,0.314314968653886,0.646112226674723,False
Escherichia-Shigella,GCSF,-0.004314938558173649,0.9337179590099323,0.9807531110289827,False
Escherichia-Shigella,GROA,0.02403900331124517,0.643075534039045,0.8623791089847366,False
Escherichia-Shigella,IL1A,-0.04427828605047688,0.3931860230298504,0.7124462033645862,False
Escherichia-Shigella,IL23,0.017035690523899916,0.742627695810302,0.9117409334700737,False
Escherichia-Shigella,IL12P40,-0.1442272506670445,0.005197833845342567,0.0826322303618562,True
Escherichia-Shigella,IL15,0.01140151513741641,0.8260550602852286,0.946541030266426,False
Escherichia-Shigella,IL18,0.06605655541414707,0.2024546588542657,0.5338042122568725,False
Escherichia-Shigella,MCSF,0.02072561620731092,0.6895133503010594,0.8882774285624199,False
Escherichia-Shigella,MCP3,-0.07870003715375193,0.12869987641052735,0.44377895601364586,False
Escherichia-Shigella,MIG,-0.0889977744744554,0.08565337542904751,0.36093260100955393,False
Escherichia-Shigella,RESISTIN,0.07042264586650342,0.1741345127657783,0.5068474965667482,False
Escherichia-Shigella,IL21,-0.009011933733266897,0.8620991638030974,0.9565927395989228,False
Escherichia-Shigella,ICAM1,-0.06780110266583825,0.1907621745756338,0.5228157829725131,False
Escherichia-Shigella,VCAM1,-0.007369646826981012,0.887042852003419,0.9663606236194999,False
Escherichia-Shigella,FGFB,-0.02469272444937004,0.6340682128061923,0.8579293471044017,False
Escherichia-Shigella,IL22,-0.0835296466182481,0.10678824280635475,0.40262053706720236,False
Escherichia-Shigella,PDGFBB,-0.05193705920997981,0.3164745159185341,0.646112226674723,False
Escherichia-Shigella,VEGF,-0.02326506147358411,0.6538071724165417,0.869009448634532,False
Escherichia-Shigella,LEPTIN,0.026322802396401997,0.6118442411279248,0.8450212577796276,False
Escherichia-Shigella,PAI1,-0.048948651210197834,0.34515987542267446,0.673482233612409,False
Escherichia-Shigella,CD40L,0.017904390559010212,0.7300018652698863,0.9056048039586406,False
Escherichia-Shigella,ENA78,0.030039788988704567,0.5625028488174662,0.8184526457370173,False
Finegoldia,IL17F,-0.15432994156715524,0.002766512070276066,0.06058444054012097,True
Finegoldia,FASL,0.012998326237725927,0.8021660661122286,0.9361727615765634,False
Finegoldia,TGFA,0.00081307442958653,0.9874964807909155,0.9972218265937813,False
Finegoldia,MIP1A,-0.16102935172347574,0.0017832093989923012,0.04791589031944532,True
Finegoldia,SDF1A,-0.04523137977301801,0.3830710972251271,0.7075985560310128,False
Finegoldia,IL27,-0.033369621079432074,0.5199926380950426,0.793860169786686,False
Finegoldia,LIF,-0.058405512894805806,0.2598735877464591,0.5952769374487855,False
Finegoldia,IL1B,0.03248818638556717,0.5310828763240422,0.8007139826771562,False
Finegoldia,IL2,0.005359027856146732,0.9177308372990248,0.9759473207461933,False
Finegoldia,IL4,-0.01740346999402428,0.7372736812013386,0.9093693945852054,False
Finegoldia,IL5,-0.196602635377622,0.000129819968728293,0.010061047576442706,True
Finegoldia,IP10,-0.07157785789678023,0.1671594930779514,0.49620604759358433,False
Finegoldia,IL6,-0.07532357395966643,0.14597997853563036,0.4669750497614949,False
Finegoldia,IL7,-0.15295399319041714,0.0030213594602080214,0.06337025977600687,True
Finegoldia,IL8,0.0607251169726706,0.2413905445322536,0.5753777182785028,False
Finegoldia,IL10,-0.01151602110870523,0.824336370383123,0.9458797762939021,False
Finegoldia,IFNB,0.049017652982532585,0.34447946052911993,0.6725666164284427,False
Finegoldia,EOTAXIN,-0.053510856796419565,0.30201295669866873,0.6360252549084451,False
Finegoldia,IL12P70,-0.13574933465496777,0.008572252524923269,0.10920814860518685,True
Finegoldia,IL13,-0.12080576791593639,0.01943829732806248,0.16947765482904475,True
Finegoldia,IL17A,0.019357980592352008,0.7090387821239782,0.897211385356284,False
Finegoldia,IL31,-0.14666669057587317,0.004479073897646681,0.07737842832467022,True
Finegoldia,IL1RA,-0.01659562477126635,0.749050344239929,0.915396609912134,False
Finegoldia,SCF,-0.042570244321431944,0.41171136527902963,0.72494087498666,False
Finegoldia,RANTES,0.009592871003189132,0.8533070392187823,0.9545125489171852,False
Finegoldia,IFNG,-0.0466599324923534,0.3682108453379662,0.6948314227209508,False
Finegoldia,GMCSF,0.006072577539377432,0.9068235792597681,0.9711310015486493,False
Finegoldia,TNFA,-0.15776041471850974,0.0022140209519336427,0.053948632802575225,True
Finegoldia,HGF,0.0010146987375913505,0.9843962417417431,0.9966079346336277,False
Finegoldia,MIP1B,-0.08493814903835194,0.10098601395910094,0.3915927434967222,False
Finegoldia,IFNA,-0.06153073290878999,0.23519228112326912,0.5678809730280578,False
Finegoldia,TGFB,-0.07512864331168881,0.14702913904997866,0.4671832555296118,False
Finegoldia,MCP1,-0.15895255185717252,0.0020469674894029663,0.05054017075605554,True
Finegoldia,IL9,0.018622165520419336,0.7196241491044961,0.9009543365072772,False
Finegoldia,VEGFD,-0.13183526759315908,0.010704900315901187,0.12571676095823536,True
Finegoldia,TNFB,-0.040927936316121606,0.4300010525253187,0.7378030653242645,False
Finegoldia,NGF,-0.19555875686433605,0.00014118752940094648,0.010365451924622241,True
Finegoldia,EGF,-0.07271173276166175,0.16051872934671696,0.48731671292957585,False
Finegoldia,BDNF,-0.06623127395379061,0.2012607281841357,0.5330018335393817,False
Finegoldia,TRAIL,-0.11556694798475364,0.02541928693639546,0.19167516365552253,True
Finegoldia,GCSF,-0.1912836429063471,0.00019821163435598615,0.0121540760407297,True
Finegoldia,GROA,-0.03884330863305905,0.45388011580409227,0.7506891445697644,False
Finegoldia,IL1A,-0.09589102056531099,0.06395298968411556,0.3139604349498097,False
Finegoldia,IL23,-0.1633536583518892,0.0015251619369486473,0.04432387820168821,True
Finegoldia,IL12P40,-0.00047334139975005343,0.9927207244831063,0.9988863937964398,False
Finegoldia,IL15,-0.05435822908011089,0.29441079992634267,0.6298806836122995,False
Finegoldia,IL18,0.028771006074690096,0.5791292221644808,0.8247935323322622,False
Finegoldia,MCSF,0.010478477372815757,0.8399391431766162,0.9502158828971545,False
Finegoldia,MCP3,-0.09548658287306806,0.06508727769750908,0.3180271537233806,False
Finegoldia,MIG,-0.013061835318514917,0.8012195823153289,0.9361727615765634,False
Finegoldia,RESISTIN,0.08757991214804135,0.090780182225208,0.3721046578258385,False
Finegoldia,IL21,-0.10672901490024027,0.039109992853538555,0.2443947801011559,True
Finegoldia,ICAM1,-0.08599325371293795,0.09680571740188036,0.38465995194174746,False
Finegoldia,VCAM1,0.06755943516082093,0.19235169197713914,0.5235171392786456,False
Finegoldia,FGFB,-0.16073009105123529,0.001819191903593899,0.04810943517561117,True
Finegoldia,IL22,-0.05486151289920663,0.2899566128526835,0.6246941697752795,False
Finegoldia,PDGFBB,0.154303297185462,0.0027712553973156776,0.06058444054012097,True
Finegoldia,VEGF,-0.11287210679188137,0.029071563338524682,0.205862085569756,True
Finegoldia,LEPTIN,0.02755954572766015,0.5952156911289924,0.8342721148492921,False
Finegoldia,PAI1,-0.21109819086107054,3.867659458007574e-05,0.004115784708667722,True
Finegoldia,CD40L,0.08124725380032728,0.11674543946978708,0.422479193036445,False
Finegoldia,ENA78,0.08104961314080233,0.11764074812360481,0.4240538595153197,False
Flavobacterium,IL17F,0.011359169817996456,0.8266908577696089,0.946541030266426,False
Flavobacterium,FASL,-0.038812496563627605,0.4542385598026334,0.7506891445697644,False
Flavobacterium,TGFA,-0.05297887004800593,0.306851551325417,0.6402159183339681,False
Flavobacterium,MIP1A,0.03381230553634216,0.5144679842849814,0.7906963232608833,False
Flavobacterium,SDF1A,-0.03402475220816248,0.5118275061644781,0.7901030726026752,False
Flavobacterium,IL27,-0.12384027805540049,0.016567368555522755,0.15589530613797128,True
Flavobacterium,LIF,-0.10543120437821536,0.04156994260909737,0.2515838175257737,True
Flavobacterium,IL1B,-0.039295302688221866,0.4486402588788475,0.7477320012988994,False
Flavobacterium,IL2,0.017670432061240266,0.7333952554180898,0.9079976758892703,False
Flavobacterium,IL4,-0.0024982857405236487,0.9615943918148555,0.987204242733345,False
Flavobacterium,IL5,-0.040788172271931926,0.43157894528277774,0.7393953069321154,False
Flavobacterium,IP10,-0.0038048571856802724,0.9415384332373322,0.983302350264704,False
Flavobacterium,IL6,-0.10606547890985014,0.040351864967835674,0.24825072383740138,True
Flavobacterium,IL7,0.08472596244228715,0.1018437434468032,0.3933442536337908,False
Flavobacterium,IL8,-0.06409679114770399,0.21620010468790196,0.5519586458368243,False
Flavobacterium,IL10,-0.03981231383751294,0.44268883138264636,0.7432146318525491,False
Flavobacterium,IFNB,-0.011084045197172402,0.8308244788890146,0.9476536653274731,False
Flavobacterium,EOTAXIN,-0.03402697432217684,0.5117999250034915,0.7901030726026752,False
Flavobacterium,IL12P70,-0.09701950336635234,0.06087375690747955,0.3065663930900144,False
Flavobacterium,IL13,-0.07600451449316765,0.14235976121639135,0.4602360762383915,False
Flavobacterium,IL17A,-0.0674555872336153,0.19303770075774804,0.5243543795592825,False
Flavobacterium,IL31,-0.09951832425612533,0.05448929006763197,0.28977612437744127,True
Flavobacterium,IL1RA,-0.05714405003657263,0.27032473957646336,0.6072295782177867,False
Flavobacterium,SCF,-0.14575086939781348,0.004737670347740044,0.0789140314638491,True
Flavobacterium,RANTES,-0.05490263905170557,0.2895946436750088,0.6244695321460352,False
Flavobacterium,IFNG,-0.07263983477884173,0.16093382743446033,0.48731671292957585,False
Flavobacterium,GMCSF,-0.08515991428363609,0.1000957005727488,0.3900377159189513,False
Flavobacterium,TNFA,-0.07040911517054506,0.17421747283423353,0.5068474965667482,False
Flavobacterium,HGF,-0.07728352520176518,0.13574602218667242,0.4512645568381185,False
Flavobacterium,MIP1B,0.007989689480126815,0.8776109327440728,0.9625126686909422,False
Flavobacterium,IFNA,-0.09347481256210466,0.07097758372377594,0.33163303009353884,False
Flavobacterium,TGFB,-0.03995743211292025,0.4410264613493571,0.7432146318525491,False
Flavobacterium,MCP1,-0.023220909691708518,0.6544215723402113,0.8692485619532494,False
Flavobacterium,IL9,-0.047403992533643136,0.3606144478144162,0.6873297579422463,False
Flavobacterium,VEGFD,-0.082019139466649,0.1132997774342693,0.41511014975917443,False
Flavobacterium,TNFB,-0.06239846639545368,0.2286425603889584,0.5625406520371299,False
Flavobacterium,NGF,-0.05667637374575618,0.27427136161607096,0.6123533823911901,False
Flavobacterium,EGF,-0.10793316288310628,0.036938822554989356,0.236329301689704,True
Flavobacterium,BDNF,0.012877697940743556,0.8039645999409437,0.9367555789664787,False
Flavobacterium,TRAIL,0.026350375754886784,0.6114712815329814,0.8447659695355375,False
Flavobacterium,GCSF,-0.05602481081401254,0.27983482983665636,0.6161784758382565,False
Flavobacterium,GROA,-0.027899076103076636,0.590686757729709,0.8325415782095924,False
Flavobacterium,IL1A,0.03452035450530604,0.5056952072833758,0.784481305710658,False
Flavobacterium,IL23,-0.04828638944437097,0.35173368144297834,0.6789446439785721,False
Flavobacterium,IL12P40,-0.10787596161456538,0.03703959787545082,0.236329301689704,True
Flavobacterium,IL15,-0.05195696839507915,0.3162887905872005,0.646112226674723,False
Flavobacterium,IL18,-0.09176637690787852,0.07631519408827007,0.3402984168905705,False
Flavobacterium,MCSF,-0.02005339252208683,0.6990857804741224,0.8921896946190352,False
Flavobacterium,MCP3,0.010915452615648677,0.8333598183719246,0.9486274812122903,False
Flavobacterium,MIG,0.013903232037076132,0.788708069825351,0.9276556731055121,False
Flavobacterium,RESISTIN,-0.12042349746754319,0.019829018292730538,0.16970233446846072,True
Flavobacterium,IL21,0.0010679255595490572,0.9835778465587623,0.9964350733111645,False
Flavobacterium,ICAM1,-0.011941226328643176,0.8179616064173549,0.9428270530487174,False
Flavobacterium,VCAM1,0.017553534167441643,0.7350927210869156,0.9083377561343547,False
Flavobacterium,FGFB,-0.06037755412273331,0.24409968664660509,0.5801006181806032,False
Flavobacterium,IL22,-0.08583958573920883,0.09740582654008767,0.38465995194174746,False
Flavobacterium,PDGFBB,0.0064662115842966965,0.9008138726415607,0.9701135837313933,False
Flavobacterium,VEGF,0.024154397107522197,0.6414817245442872,0.8617557733247029,False
Flavobacterium,LEPTIN,-0.08925116584826362,0.08476217731874532,0.3588565625482541,False
Flavobacterium,PAI1,-0.029703270658366837,0.5668902144939909,0.8207128369260381,False
Flavobacterium,CD40L,-0.05670117459071323,0.2740610932263748,0.6121941153735674,False
Flavobacterium,ENA78,-0.035944338884767384,0.48829227235380546,0.7739775866650843,False
Fusobacterium,IL17F,-0.01009099929247028,0.8457825602614504,0.952850128459296,False
Fusobacterium,FASL,0.07590947740706545,0.1428608628298115,0.4613550906589503,False
Fusobacterium,TGFA,-0.01416394236965718,0.7848421507167738,0.9264879422151057,False
Fusobacterium,MIP1A,0.04820498398547249,0.3525471516883677,0.679286293653692,False
Fusobacterium,SDF1A,0.04605843758110297,0.3744236976900006,0.6999277162848253,False
Fusobacterium,IL27,-0.06934099469482793,0.18085951309185974,0.5163804200147465,False
Fusobacterium,LIF,-0.12607323101524912,0.014698615218317675,0.14620012997898862,True
Fusobacterium,IL1B,-0.0847265070702972,0.1018415345068751,0.3933442536337908,False
Fusobacterium,IL2,-0.02659568398063437,0.608157646932454,0.8431104769895884,False
Fusobacterium,IL4,0.04216209874152853,0.4162132576615898,0.7290019757971761,False
Fusobacterium,IL5,-0.1476116615148278,0.004225664297015083,0.07485462468998147,True
Fusobacterium,IP10,0.1377794367624288,0.00762258580016329,0.10175841667742654,True
Fusobacterium,IL6,0.0011352586471548645,0.982542583617314,0.995988012503558,False
Fusobacterium,IL7,0.05722050171659322,0.2696832865398141,0.606542820996438,False
Fusobacterium,IL8,0.07133057317373913,0.16863469449337454,0.49763900306710085,False
Fusobacterium,IL10,0.0104318135161252,0.8406424054860312,0.9502158828971545,False
Fusobacterium,IFNB,-0.03399913876172813,0.5121454792715909,0.7901030726026752,False
Fusobacterium,EOTAXIN,-0.08619717227577824,0.09601391925526914,0.38344294909155885,False
Fusobacterium,IL12P70,-0.060281819674248255,0.2448496274485449,0.5811403322683456,False
Fusobacterium,IL13,-0.0684355587817297,0.1866350403161477,0.5214056013892924,False
Fusobacterium,IL17A,-0.10370470451842473,0.045043595931144015,0.26334608157328576,True
Fusobacterium,IL31,-0.03180681537759218,0.5397370479643654,0.8061383103964559,False
Fusobacterium,IL1RA,-0.11649488575701536,0.024256706997576392,0.1860762792965429,True
Fusobacterium,SCF,-0.041911326127466966,0.4189936014428013,0.7313056916017614,False
Fusobacterium,RANTES,0.11154759094083685,0.031025798060276954,0.21343647160428944,True
Fusobacterium,IFNG,-0.014195119206937654,0.7843801995108628,0.9264879422151057,False
Fusobacterium,GMCSF,-0.1448595049339066,0.005002207956349542,0.08134745737853283,True
Fusobacterium,TNFA,-0.09182552449694203,0.07612510127555193,0.3402984168905705,False
Fusobacterium,HGF,-0.07013693558502312,0.17589252265963568,0.5096990858691822,False
Fusobacterium,MIP1B,-0.03384512795366276,0.514059577645327,0.7906963232608833,False
Fusobacterium,IFNA,-0.09029273423274517,0.08117706772826204,0.3515788564492202,False
Fusobacterium,TGFB,-0.09762434038806407,0.05927438227310123,0.30344133310449983,False
Fusobacterium,MCP1,-0.106609162246615,0.03933188594466737,0.2452200263365854,True
Fusobacterium,IL9,0.01871575749795497,0.7182747174684327,0.9004657208433733,False
Fusobacterium,VEGFD,-0.04324117316971292,0.4043737875250577,0.7188294789390959,False
Fusobacterium,TNFB,0.10110969552693425,0.0507210011074075,0.2799438043316853,True
Fusobacterium,NGF,-0.16729982465355847,0.0011641888427927649,0.03608985412657571,True
Fusobacterium,EGF,-0.014225585247997786,0.7839288533473656,0.9264879422151057,False
Fusobacterium,BDNF,0.11763574462385279,0.022890521240928628,0.18263666707506712,True
Fusobacterium,TRAIL,0.04646529686096652,0.3702142091979853,0.6957882409312085,False
Fusobacterium,GCSF,-0.005206462372338179,0.9200650131256106,0.9765955437019037,False
Fusobacterium,GROA,0.05046412917073761,0.3304125535096689,0.6584650173514117,False
Fusobacterium,IL1A,0.06359974290220145,0.21979029295742167,0.5537438062536479,False
Fusobacterium,IL23,-0.06997970939569716,0.1768655600149003,0.5105586264268721,False
Fusobacterium,IL12P40,0.018126784958443713,0.7267810762851495,0.9039253302162288,False
Fusobacterium,IL15,-0.0388778051854446,0.4534789979369498,0.7506891445697644,False
Fusobacterium,IL18,0.0377028063460335,0.46725329841913554,0.7596823405817138,False
Fusobacterium,MCSF,0.06653466109763476,0.1991997141918276,0.5328544607815906,False
Fusobacterium,MCP3,0.07462761721668042,0.14975211685850198,0.4710354070295609,False
Fusobacterium,MIG,0.036634477354912445,0.47997507156693164,0.7687013354724876,False
Fusobacterium,RESISTIN,-0.04039226865541353,0.43606667533393506,0.7405137110915162,False
Fusobacterium,IL21,0.08448631961103512,0.1028193948575836,0.3948604427428193,False
Fusobacterium,ICAM1,0.1148388495298318,0.026364819355184362,0.19537276494280045,True
Fusobacterium,VCAM1,0.046141753903692614,0.37355929033685364,0.6994858684367358,False
Fusobacterium,FGFB,0.00963274431167486,0.8527042336316428,0.9545125489171852,False
Fusobacterium,IL22,-0.010053625798755367,0.8463466287990041,0.9531007444396454,False
Fusobacterium,PDGFBB,0.12761758674687373,0.013516900844895896,0.13839322332939283,True
Fusobacterium,VEGF,0.03516844159128212,0.4977346512614098,0.7788444627141522,False
Fusobacterium,LEPTIN,-0.13342422435307993,0.00978817741813696,0.11873484781131355,True
Fusobacterium,PAI1,-0.08691721170567326,0.09325928977233229,0.37654619170015496,False
Fusobacterium,CD40L,-0.01596744164121997,0.7582485335726731,0.9173238718712252,False
Fusobacterium,ENA78,-0.048538402828495614,0.34922287050901457,0.676760612924668,False
Gemella,IL17F,-0.01868260514366321,0.7187526162487772,0.9008624435463111,False
Gemella,FASL,0.034580309991502016,0.5049559730978926,0.7839884056444745,False
Gemella,TGFA,-0.014291827542317498,0.7829477416531254,0.9264879422151057,False
Gemella,MIP1A,0.08765189003159196,0.09051412736653613,0.3719210829935726,False
Gemella,SDF1A,0.08431183967503501,0.1035343968585718,0.3967024572715643,False
Gemella,IL27,-0.03344176454377352,0.519090221792901,0.7936649806209499,False
Gemella,LIF,-0.04637594357178505,0.37113616725717213,0.6969007996924805,False
Gemella,IL1B,0.05053917967058421,0.3296929395658863,0.6575978547516668,False
Gemella,IL2,0.11849330848273518,0.02190789605043297,0.17811284757990303,True
Gemella,IL4,0.11804096182315423,0.02242155645857554,0.18015502634508573,True
Gemella,IL5,-0.05144970394058319,0.3210430931041175,0.6488301190541125,False
Gemella,IP10,0.10212682157678,0.04842832800473289,0.2732356625545091,True
Gemella,IL6,0.03796487052955101,0.4641612969049138,0.757094427573639,False
Gemella,IL7,0.055200625357884066,0.2869809918645561,0.6226055808280716,False
Gemella,IL8,0.06903932117541814,0.1827689370052199,0.5179536152814256,False
Gemella,IL10,0.031867078191601964,0.5389688178906256,0.8058536987753726,False
Gemella,IFNB,-0.037327563757816117,0.4717003866394329,0.7626461383837085,False
Gemella,EOTAXIN,-0.02983479181179553,0.5651735606235422,0.8199866012166837,False
Gemella,IL12P70,0.009068865122261146,0.8612367718452135,0.9565927395989228,False
Gemella,IL13,-0.01840929319920348,0.7226966300478689,0.902669551671955,False
Gemella,IL17A,0.020999025901989897,0.685634020528554,0.8863606845546627,False
Gemella,IL31,-0.043325652907063604,0.4034554351363273,0.7184205261184251,False
Gemella,IL1RA,-0.029048938473251587,0.5754675490099976,0.8225176545788389,False
Gemella,SCF,0.041379145027380354,0.424929875805132,0.7342807038238766,False
Gemella,RANTES,0.013135302330733695,0.8001250567116497,0.9361727615765634,False
Gemella,IFNG,0.06790346407313413,0.1900918250656338,0.5228157829725131,False
Gemella,GMCSF,-0.04998553111452524,0.3350253340406314,0.6633929609463176,False
Gemella,TNFA,-0.04119498393678785,0.4269954635868428,0.7361423446516184,False
Gemella,HGF,0.07642481044553749,0.1401597718476229,0.45709225610168414,False
Gemella,MIP1B,0.007509695646068578,0.8849110252725859,0.9656864550432089,False
Gemella,IFNA,-0.0028675865913583595,0.9559225941261571,0.9850504294042394,False
Gemella,TGFB,-0.04374557743649086,0.39890906104398083,0.7150047529069384,False
Gemella,MCP1,-0.06625586400803817,0.20109310471207004,0.5330018335393817,False
Gemella,IL9,0.08225622273688,0.11225762218614123,0.41346371735885684,False
Gemella,VEGFD,-0.11025843681397574,0.033034623678188296,0.2202308245212553,True
Gemella,TNFB,0.04990510149136118,0.33580455964849754,0.664095731818584,False
Gemella,NGF,-0.07657227601867772,0.1393940848503294,0.456477535250123,False
Gemella,EGF,0.041472012192421824,0.4238904680427025,0.7334290888924898,False
Gemella,BDNF,0.09702172482863036,0.06086781817004964,0.3065663930900144,False
Gemella,TRAIL,0.08532121950504927,0.09945203853749962,0.38832665261748467,False
Gemella,GCSF,0.02019674771131432,0.6970403468984445,0.8912451951476661,False
Gemella,GROA,0.0530079578574121,0.30658567374805834,0.6400104973865192,False
Gemella,IL1A,0.0556826491917234,0.28278681059622196,0.6200198047649974,False
Gemella,IL23,-0.07504003125385784,0.14750796342897313,0.4671832555296118,False
Gemella,IL12P40,0.0479144907098576,0.35545965412222247,0.6828524805111957,False
Gemella,IL15,-0.01971635051004613,0.7039033491488633,0.8940998607445156,False
Gemella,IL18,0.033039689766489244,0.5241298728355277,0.795909546722539,False
Gemella,MCSF,0.04091733013604853,0.4301206758960273,0.7378030653242645,False
Gemella,MCP3,0.16989467066487507,0.0009716125106816487,0.032660227768696384,True
Gemella,MIG,0.09397756764873168,0.06946622464516675,0.3271067793417978,False
Gemella,RESISTIN,-0.031083953926838104,0.548994417474385,0.8112788266703042,False
Gemella,IL21,0.12141755047205957,0.01882692746180184,0.1678182991004062,True
Gemella,ICAM1,0.08981955230438449,0.08279028074416238,0.354815488903553,False
Gemella,VCAM1,0.006176258371067271,0.905240129051555,0.9707819380290698,False
Gemella,FGFB,-0.015857910771090295,0.7598558791817556,0.917549406153256,False
Gemella,IL22,0.05838606251127827,0.2600325886117953,0.5953490062455903,False
Gemella,PDGFBB,0.1497004023807333,0.003710899328771882,0.07010299586361139,True
Gemella,VEGF,0.06786672306544733,0.19033223731559412,0.5228157829725131,False
Gemella,LEPTIN,-0.07373389648761172,0.15470419830343718,0.4801567910548505,False
Gemella,PAI1,-0.10283486802163241,0.046884050534163745,0.26804610858671485,True
Gemella,CD40L,0.00262924070295024,0.9595829224782623,0.9864540728497979,False
Gemella,ENA78,0.020523647016397664,0.6923842678776004,0.8899586165802095,False
Glutamicibacter,IL17F,0.11658325934640204,0.02414841963692765,0.18603047289466806,True
Glutamicibacter,FASL,0.006020878666553585,0.9076132809024755,0.9713027524402409,False
Glutamicibacter,TGFA,0.05285568737945241,0.3079791900736561,0.6412402539593287,False
Glutamicibacter,MIP1A,0.004398766437009782,0.9324333144830685,0.9807531110289827,False
Glutamicibacter,SDF1A,-0.0823010259888132,0.11206152743023241,0.41309976361685047,False
Glutamicibacter,IL27,0.061636095642260545,0.23439001277132107,0.5667091594237808,False
Glutamicibacter,LIF,0.05540990548866129,0.28515489561269775,0.6218447490177496,False
Glutamicibacter,IL1B,-0.004973548849425641,0.9236297904565305,0.9775899527214417,False
Glutamicibacter,IL2,-0.07217815912500443,0.16361854520016128,0.4927099202465731,False
Glutamicibacter,IL4,-0.0033900390980009863,0.9479025246644478,0.9839412097503842,False
Glutamicibacter,IL5,0.0785393191331359,0.12948480431307252,0.444430643991045,False
Glutamicibacter,IP10,0.020969265977679896,0.6860558775253742,0.8863606845546627,False
Glutamicibacter,IL6,0.016201579179748907,0.7548161038392779,0.9163834056327133,False
Glutamicibacter,IL7,0.06235351781776123,0.22897862631188193,0.5626159114136069,False
Glutamicibacter,IL8,-0.05164624454782735,0.3191955398336551,0.6470583161446313,False
Glutamicibacter,IL10,0.00031919493601504544,0.9950912272021624,0.9996455141182167,False
Glutamicibacter,IFNB,0.12023229929183639,0.020026992626547356,0.16987722079658224,True
Glutamicibacter,EOTAXIN,0.10554938597154928,0.04134066156100864,0.25074009946785675,True
Glutamicibacter,IL12P70,0.10032009818383213,0.052562629793608304,0.28484156816104067,True
Glutamicibacter,IL13,-0.011350164708709925,0.826826080373941,0.946541030266426,False
Glutamicibacter,IL17A,-0.029079006330657055,0.5750720682879715,0.8223736906834651,False
Glutamicibacter,IL31,0.04171928284751482,0.42113014537607196,0.7321561169059574,False
Glutamicibacter,IL1RA,-0.02575412945272911,0.6195583975036627,0.8484172942867224,False
Glutamicibacter,SCF,-0.04902053158172732,0.34445109368013427,0.6725666164284427,False
Glutamicibacter,RANTES,-0.07887489554984119,0.12785007682070992,0.4426469329542464,False
Glutamicibacter,IFNG,0.025232887335373818,0.6266660044937583,0.8530852171444673,False
Glutamicibacter,GMCSF,-0.08070879351400422,0.11919725061336123,0.425997154321674,False
Glutamicibacter,TNFA,0.04572609726245561,0.37788397231828974,0.7021635190476628,False
Glutamicibacter,HGF,0.05068332453279279,0.3283136593569135,0.6558871244719431,False
Glutamicibacter,MIP1B,-0.036400736701687995,0.4827833489783112,0.7693871426847527,False
Glutamicibacter,IFNA,-0.01996540820297202,0.7003422456311086,0.8927961165893216,False
Glutamicibacter,TGFB,-0.006299850375068517,0.9033530790445017,0.9701135837313933,False
Glutamicibacter,MCP1,0.2166278275180518,2.3826106831942847e-05,0.003091852933075374,True
Glutamicibacter,IL9,-0.004322091286121433,0.9336083382092476,0.9807531110289827,False
Glutamicibacter,VEGFD,0.06329635709734846,0.22200248735230896,0.5551796731512281,False
Glutamicibacter,TNFB,-0.09196954898317523,0.07566383341643654,0.3402984168905705,False
Glutamicibacter,NGF,0.08019046353043259,0.12159518632808948,0.431342110432765,False
Glutamicibacter,EGF,-0.05397638776044684,0.2978205114187585,0.6324810659725972,False
Glutamicibacter,BDNF,-0.12116177413776259,0.019080463386137992,0.1686805841327922,True
Glutamicibacter,TRAIL,0.003116006914225616,0.9521085367425894,0.9847573002824187,False
Glutamicibacter,GCSF,0.04953663242169641,0.3393892357859387,0.6676457929408413,False
Glutamicibacter,GROA,-0.003654653378069164,0.9438424348202695,0.9834958245232497,False
Glutamicibacter,IL1A,-0.024985732073166168,0.6300483491395483,0.8551888348808073,False
Glutamicibacter,IL23,0.08185540853073055,0.11402391608158158,0.4161239056476293,False
Glutamicibacter,IL12P40,-0.10244922346841229,0.04771995944997872,0.27143463173382393,True
Glutamicibacter,IL15,0.025488161813678734,0.6231807374753191,0.8512898775051172,False
Glutamicibacter,IL18,-0.016653807550556714,0.7482001750971983,0.9146979993961235,False
Glutamicibacter,MCSF,-0.033790795639990004,0.514735721248297,0.790732243530674,False
Glutamicibacter,MCP3,-0.027976123374383523,0.5896612409087523,0.8317264217064807,False
Glutamicibacter,MIG,0.01992238413496225,0.7009569510354512,0.8927961165893216,False
Glutamicibacter,RESISTIN,-0.013466880432864444,0.7951900346862393,0.9323182707532089,False
Glutamicibacter,IL21,0.03431939530715794,0.5081771093301464,0.7865820444000601,False
Glutamicibacter,ICAM1,0.0784462894847741,0.12994083903517062,0.4444598742672925,False
Glutamicibacter,VCAM1,-0.040385618734356435,0.43614228300514957,0.7405137110915162,False
Glutamicibacter,FGFB,0.041357512036032364,0.4251722139883414,0.7342807038238766,False
Glutamicibacter,IL22,-0.0029599105707365124,0.9545049996780473,0.9850504294042394,False
Glutamicibacter,PDGFBB,-0.19495757530739297,0.00014815130241973954,0.01039037610786935,True
Glutamicibacter,VEGF,0.023275039833160153,0.6536683495912727,0.869009448634532,False
Glutamicibacter,LEPTIN,-0.12162337845183245,0.018625038344765952,0.1670821674573353,True
Glutamicibacter,PAI1,-0.0397947142586088,0.44289068180285707,0.7432146318525491,False
Glutamicibacter,CD40L,0.09577907312961094,0.06426531859644959,0.31456182260367427,False
Glutamicibacter,ENA78,-0.04876205567706738,0.3470041339136736,0.675271768327486,False
Granulicatella,IL17F,0.0003709200940175137,0.994295778991831,0.9996267793850677,False
Granulicatella,FASL,-0.04591507802867754,0.37591393457148825,0.7009916413310645,False
Granulicatella,TGFA,-0.055088688658845864,0.28796092792790007,0.6235242444073272,False
Granulicatella,MIP1A,0.06842598208580979,0.18669684436842404,0.5214056013892924,False
Granulicatella,SDF1A,-0.0003896152231402864,0.9940082798743883,0.9995613987563682,False
Granulicatella,IL27,-0.10338399300661072,0.04571498980916562,0.26516594920493153,True
Granulicatella,LIF,-0.03396088391673078,0.5126205775601613,0.7904364345380417,False
Granulicatella,IL1B,-0.05644017919102262,0.2762793844545346,0.6127340879397071,False
Granulicatella,IL2,0.021705760309310002,0.6756447509466228,0.8823236192422893,False
Granulicatella,IL4,-0.0887453443217296,0.08654867711100783,0.3633872221816582,False
Granulicatella,IL5,-0.0016807496645948649,0.9741567546846862,0.9922991593010085,False
Granulicatella,IP10,0.04866728207630706,0.3479432373668352,0.6757825494281032,False
Granulicatella,IL6,-0.07490826060733789,0.14822219362341094,0.4684680417230407,False
Granulicatella,IL7,0.061144872251463055,0.23814687885337735,0.5705890521898477,False
Granulicatella,IL8,-0.04679420847950023,0.36683268250736767,0.6931684281717276,False
Granulicatella,IL10,-0.015217673054429113,0.7692717193067816,0.9203551015720071,False
Granulicatella,IFNB,-0.01973622977435674,0.703618870471086,0.893942007565724,False
Granulicatella,EOTAXIN,-0.08198205095381648,0.11346349318703662,0.41531714353898147,False
Granulicatella,IL12P70,-0.05621586122549896,0.2781956595923727,0.6147848635744315,False
Granulicatella,IL13,-0.06775253941148811,0.1910808135591461,0.5230025446275944,False
Granulicatella,IL17A,-0.05361084447946454,0.3011092124945968,0.6352322894971079,False
Granulicatella,IL31,-0.10405183204646211,0.04432625287520145,0.26067426518590264,True
Granulicatella,IL1RA,-0.0012563997079580594,0.9806800846180304,0.9949445222124744,False
Granulicatella,SCF,-0.07896753196446711,0.12740163484981218,0.4420823536746333,False
Granulicatella,RANTES,0.021760387426332947,0.6748749647130958,0.8820025084325231,False
Granulicatella,IFNG,-0.07851938036828315,0.1295824404976623,0.444430643991045,False
Granulicatella,GMCSF,-0.07881596610570608,0.12813598292576717,0.44299800788462257,False
Granulicatella,TNFA,-0.019339066022734365,0.7093101961630172,0.897291066558521,False
Granulicatella,HGF,-0.10451511691294854,0.04338384962395478,0.2583271942516326,True
Granulicatella,MIP1B,-0.0482331295070925,0.3522657644966608,0.6789785719832011,False
Granulicatella,IFNA,-0.06212083502112256,0.23072391866394537,0.5634308385754114,False
Granulicatella,TGFB,-0.04490457006379742,0.3865214143672572,0.7089297436028932,False
Granulicatella,MCP1,-0.0688817788919247,0.183771987378013,0.5186393806781422,False
Granulicatella,IL9,-0.0663555651122516,0.20041450978716827,0.5329378929080653,False
Granulicatella,VEGFD,-0.016072545405502063,0.7567071326955597,0.9167875005741323,False
Granulicatella,TNFB,-0.021106029875845284,0.6841180099722457,0.8860001098497449,False
Granulicatella,NGF,-0.03857775158153936,0.45697461504684156,0.7522253257541506,False
Granulicatella,EGF,-0.0491142886897861,0.34352798593137324,0.6721199724744259,False
Granulicatella,BDNF,0.015770962115283737,0.7611325711184447,0.9176417501795119,False
Granulicatella,TRAIL,0.01588351492651092,0.7594800500509746,0.9173238718712252,False
Granulicatella,GCSF,0.01958874980331404,0.7057303375727426,0.8951978367028651,False
Granulicatella,GROA,-0.06930915249749049,0.1810603571678235,0.5165218778100487,False
Granulicatella,IL1A,0.023039719889911815,0.6569453815471922,0.8709521448193535,False
Granulicatella,IL23,-0.0536675118518806,0.30059781862236024,0.6351139068204354,False
Granulicatella,IL12P40,-0.02958079809811874,0.568490998258329,0.8213826437808069,False
Granulicatella,IL15,-0.035776673813554635,0.4903245105485794,0.7739775866650843,False
Granulicatella,IL18,-0.03558475105729002,0.49265632087272615,0.7748089826577824,False
Granulicatella,MCSF,-0.03156767472364491,0.5427909837793713,0.8068123839874511,False
Granulicatella,MCP3,-0.010330384905993919,0.8421714534459843,0.9504895462772672,False
Granulicatella,MIG,0.022392668012330225,0.6659899114495625,0.8783322396333157,False
Granulicatella,RESISTIN,-0.06150990985473788,0.23535106391569374,0.5680185712152124,False
Granulicatella,IL21,0.011599224547605596,0.8230880447852253,0.944957167352646,False
Granulicatella,ICAM1,0.00727961306912598,0.8884137791552509,0.9666713644267235,False
Granulicatella,VCAM1,-0.012201120993762976,0.814071078849194,0.940721128567866,False
Granulicatella,FGFB,-0.005730259073602596,0.9120541735433481,0.9727444204335751,False
Granulicatella,IL22,-0.05489878848085073,0.289628521360921,0.6244695321460352,False
Granulicatella,PDGFBB,0.00034603143690487665,0.9946785251172098,0.9996455141182167,False
Granulicatella,VEGF,0.00337165329260742,0.9481846772092017,0.9839412097503842,False
Granulicatella,LEPTIN,-0.06767427853153622,0.19159512874727877,0.523143309568533,False
Granulicatella,PAI1,0.04903088662334734,0.3443490633017666,0.6725666164284427,False
Granulicatella,CD40L,-0.047812290289572665,0.3564879064023171,0.6836158314875628,False
Granulicatella,ENA78,-0.05977827744756401,0.2488206585509786,0.5855341899775998,False
Haemophilus,IL17F,-0.07051209338297995,0.1735868268461974,0.5067538009239395,False
Haemophilus,FASL,-0.015730282441456637,0.7617301051145933,0.9176417501795119,False
Haemophilus,TGFA,-0.09678957751609943,0.06149101893106929,0.30732604282297743,False
Haemophilus,MIP1A,0.00010689534624773457,0.9983560895373327,0.9997953913454289,False
Haemophilus,SDF1A,-0.013725420592639998,0.7913477124292925,0.9296253127064109,False
Haemophilus,IL27,-0.1490474797654798,0.0038653566376257832,0.07163325665331932,True
Haemophilus,LIF,-0.18548347324912476,0.0003104561278390257,0.01681888537225013,True
Haemophilus,IL1B,-0.0799459955049817,0.12273912299357966,0.4331969046832223,False
Haemophilus,IL2,-0.033017250019713715,0.5244118692622102,0.795909546722539,False
Haemophilus,IL4,-0.05518812067877081,0.2870903511596108,0.6226055808280716,False
Haemophilus,IL5,-0.13455574401308779,0.00917853317071625,0.11356145253347377,True
Haemophilus,IP10,0.05424828981294425,0.29538983706068417,0.6302834093622258,False
Haemophilus,IL6,-0.07003564057227223,0.17651895787955987,0.5100858544629436,False
Haemophilus,IL7,0.06768587212297424,0.19151887400401302,0.523143309568533,False
Haemophilus,IL8,-0.02187763152243739,0.6732239462247369,0.8820025084325231,False
Haemophilus,IL10,-0.04214818306743835,0.4163672575027958,0.7290019757971761,False
Haemophilus,IFNB,-0.05889637708101827,0.2558831058800931,0.5916847277269434,False
Haemophilus,EOTAXIN,-0.13317505553409162,0.00992715840567495,0.11989944567893122,True
Haemophilus,IL12P70,-0.13623415288805274,0.008336353789704936,0.10742085534176171,True
Haemophilus,IL13,-0.1544176615262301,0.0027509479919323307,0.06058444054012097,True
Haemophilus,IL17A,-0.12739193422019746,0.0136841754167299,0.13984926524789898,True
Haemophilus,IL31,-0.10647348795986829,0.039584354644478854,0.24586830411582752,True
Haemophilus,IL1RA,-0.11653399770702572,0.024208730104562363,0.1860670991507686,True
Haemophilus,SCF,-0.09874551495585376,0.05640152536693826,0.29606821406163264,True
Haemophilus,RANTES,0.012417090034771639,0.8108415688756334,0.9397508955522488,False
Haemophilus,IFNG,-0.09382510079917931,0.06992175717564617,0.3289742032378631,False
Haemophilus,GMCSF,-0.16966491464244746,0.000987396322530343,0.032992044788738406,True
Haemophilus,TNFA,-0.11965919504149412,0.020630736545654643,0.1721078380821735,True
Haemophilus,HGF,-0.12693219422288038,0.014030620987241709,0.1415549522309871,True
Haemophilus,MIP1B,-0.05196916753591279,0.3161750245816039,0.646112226674723,False
Haemophilus,IFNA,-0.09437023086938946,0.06830421214233762,0.32503997725200034,False
Haemophilus,TGFB,-0.13018429130520093,0.011737168033629999,0.13210104366291336,True
Haemophilus,MCP1,-0.16428076770542904,0.0014321551545661746,0.04228267599195372,True
Haemophilus,IL9,-0.06361731159302905,0.21966267191335742,0.5537438062536479,False
Haemophilus,VEGFD,-0.05979061671411116,0.24872281573200672,0.5855341899775998,False
Haemophilus,TNFB,-0.0071045425124551505,0.8910804939718204,0.9674419892098807,False
Haemophilus,NGF,-0.17978432641184816,0.0004763159534952809,0.0220286047511177,True
Haemophilus,EGF,-0.008384918776155752,0.8716077446870925,0.9596781581368697,False
Haemophilus,BDNF,0.07579959884719482,0.14344189825671777,0.4621280555845757,False
Haemophilus,TRAIL,0.00570247157569138,0.9124789335893605,0.9727994744800595,False
Haemophilus,GCSF,-0.11732432749314956,0.023256674214281924,0.18334549203787762,True
Haemophilus,GROA,-0.07192111023596555,0.16512782323637173,0.4943184441028804,False
Haemophilus,IL1A,0.016007375279547154,0.7576627730667317,0.9173238718712252,False
Haemophilus,IL23,-0.1623287481949417,0.001634406087253338,0.045546079064730065,True
Haemophilus,IL12P40,-0.042224530244240895,0.4155227624944541,0.7285405191218416,False
Haemophilus,IL15,-0.0903317200189767,0.08104529505594871,0.3515788564492202,False
Haemophilus,IL18,-0.039532406062610964,0.4459053119016101,0.7469855946087514,False
Haemophilus,MCSF,-0.028454296130331822,0.5833150102173856,0.8277768197049001,False
Haemophilus,MCP3,0.002065113529177396,0.9682495857380738,0.9892852350591476,False
Haemophilus,MIG,-0.011214570385425095,0.8288628092095507,0.9471731616593797,False
Haemophilus,RESISTIN,-0.0792368599537286,0.1261047711601453,0.4389673256853467,False
Haemophilus,IL21,0.05139519353566869,0.32155674078795604,0.6489282508487504,False
Haemophilus,ICAM1,0.025251666787099267,0.6264093239439255,0.8529438817977316,False
Haemophilus,VCAM1,-0.04095266462825721,0.42972222533953597,0.7378030653242645,False
Haemophilus,FGFB,-0.07984570818078322,0.123210811397557,0.4340380856050304,False
Haemophilus,IL22,-0.05823879529025972,0.26123862874910364,0.595979059770441,False
Haemophilus,PDGFBB,0.10617281316919645,0.04014874899042899,0.24782081788340019,True
Haemophilus,VEGF,-0.04638136510383347,0.37108018682714594,0.6969007996924805,False
Haemophilus,LEPTIN,-0.13911980416268288,0.007048203591151971,0.09734895059066336,True
Haemophilus,PAI1,-0.09835515983921418,0.05738837063027285,0.29844092089181967,True
Haemophilus,CD40L,-0.04772099402367017,0.35740802767321944,0.6846332970877324,False
Haemophilus,ENA78,-0.06321197948886718,0.22262055583609458,0.5556814248450285,False
Iamia,IL17F,0.05168256534493317,0.31885487134272295,0.646961254641305,False
Iamia,FASL,0.07474897810527498,0.14908905383552717,0.4697441673643375,False
Iamia,TGFA,0.04125541261455162,0.4263170418096929,0.7358327191930943,False
Iamia,MIP1A,0.05457053303777858,0.2925263168588585,0.6282897798585183,False
Iamia,SDF1A,0.0329286224797104,0.5255263924960479,0.795909546722539,False
Iamia,IL27,-0.018930376225898667,0.7151836015483637,0.8997184650667448,False
Iamia,LIF,-0.04161334299238598,0.42231148078535596,0.7321561169059574,False
Iamia,IL1B,0.0057680641596044024,0.911476324725072,0.9726597613245175,False
Iamia,IL2,0.0038717726080803277,0.9405121619832968,0.9832476937214277,False
Iamia,IL4,0.026930148531056453,0.6036525767493945,0.839378013278769,False
Iamia,IL5,-0.08304353095777797,0.1088507611389981,0.4064695956998283,False
Iamia,IP10,0.094567113768781,0.06772759308515122,0.32400315332540236,False
Iamia,IL6,0.02600497000095195,0.6161504863799361,0.8474537130884997,False
Iamia,IL7,0.11746892551994596,0.023086035988902714,0.18272496146632397,True
Iamia,IL8,0.0727086275742911,0.16053664026644246,0.48731671292957585,False
Iamia,IL10,0.022075719049428625,0.6704380631018936,0.8813997997784825,False
Iamia,IFNB,0.047995498483389375,0.35464594934638316,0.6823877232251097,False
Iamia,EOTAXIN,-0.016363745323072765,0.752441585462091,0.9163834056327133,False
Iamia,IL12P70,-0.05450322676691718,0.29312287508895757,0.6283617529759443,False
Iamia,IL13,-0.04436058836475562,0.3923062657329245,0.7124462033645862,False
Iamia,IL17A,0.0037522223444788516,0.9423457534952935,0.9834388913562364,False
Iamia,IL31,-0.0358168334891156,0.48983733014178343,0.7739775866650843,False
Iamia,IL1RA,-0.020970313584597403,0.6860410256871724,0.8863606845546627,False
Iamia,SCF,-0.08899386976777976,0.08566716738310949,0.36093260100955393,False
Iamia,RANTES,0.08012058442662877,0.1219213200639672,0.4316269734775299,False
Iamia,IFNG,0.01538314022085506,0.7668349170475526,0.9197990817379736,False
Iamia,GMCSF,-0.07654051297880629,0.13955873682027736,0.456477535250123,False
Iamia,TNFA,0.005215494260570296,0.9199268104363447,0.9765955437019037,False
Iamia,HGF,-0.06766871846815119,0.19163170694589274,0.523143309568533,False
Iamia,MIP1B,0.006609578176608836,0.898626447643554,0.9700996966245572,False
Iamia,IFNA,0.004406095772083143,0.932321002255765,0.9807531110289827,False
Iamia,TGFB,-0.014031323310655637,0.786808026125462,0.9270940039139035,False
Iamia,MCP1,-0.07588291871905732,0.14300113945600534,0.46150743676374195,False
Iamia,IL9,0.06140769217241155,0.23613160404502204,0.5684754235983955,False
Iamia,VEGFD,-0.016934930471966807,0.7440967073267499,0.9127411797940789,False
Iamia,TNFB,0.07572325419919243,0.1438466688927408,0.462364292869524,False
Iamia,NGF,-0.0504129615277437,0.33090374916280463,0.6587381092859257,False
Iamia,EGF,-0.04328600914707295,0.4038862348447132,0.7184205261184251,False
Iamia,BDNF,-0.004680536656576953,0.9281165491635852,0.9807531110289827,False
Iamia,TRAIL,0.07475273978216501,0.14906853739200743,0.4697441673643375,False
Iamia,GCSF,-0.031511404120336685,0.5435108294153346,0.8071562075433573,False
Iamia,GROA,0.033998690755948094,0.5121510418644939,0.7901030726026752,False
Iamia,IL1A,0.07457251272432343,0.15005392240711937,0.4714780299484939,False
Iamia,IL23,-0.02479569179949909,0.6326543375327817,0.8570554026299882,False
Iamia,IL12P40,-0.07009180265487096,0.17617143241944333,0.5098737515044055,False
Iamia,IL15,0.028928217780728644,0.5770566680893467,0.8235011309982896,False
Iamia,IL18,0.0350127717577306,0.49964068617074475,0.7802952781507851,False
Iamia,MCSF,0.0735571678027876,0.1556979535405562,0.4810601222349411,False
Iamia,MCP3,0.059225460294763416,0.2532316848707594,0.5897465782883295,False
Iamia,MIG,0.021501379312774717,0.6785278083074682,0.8833843141287149,False
Iamia,RESISTIN,-0.026961516751338625,0.6032308297489899,0.839378013278769,False
Iamia,IL21,0.08717844169606738,0.09227566573579134,0.37531559585000024,False
Iamia,ICAM1,0.0426980789941886,0.410307273429083,0.7241736676806378,False
Iamia,VCAM1,0.054679556561858765,0.29156172860724455,0.6267004798260495,False
Iamia,FGFB,0.031103466841634876,0.5487435030178763,0.8112788266703042,False
Iamia,IL22,-0.03994336634884713,0.44118743248279935,0.7432146318525491,False
Iamia,PDGFBB,0.06730454815150241,0.19403864229202392,0.5257108784552108,False
Iamia,VEGF,0.05183631636585685,0.31741540080466973,0.6462022584476944,False
Iamia,LEPTIN,-0.09403080090747915,0.0693077498729846,0.3271067793417978,False
Iamia,PAI1,-0.06978059029772936,0.1781035887400049,0.5114361279725418,False
Iamia,CD40L,0.03646620598755937,0.48199587298477164,0.769318355622147,False
Iamia,ENA78,0.03736401835123978,0.47126733806928045,0.7624446930781632,False
Incertae Sedis,IL17F,0.06538986351321428,0.20705768774143743,0.5409091280885865,False
Incertae Sedis,FASL,0.004631674521140833,0.9288649775688338,0.9807531110289827,False
Incertae Sedis,TGFA,0.02447217545741136,0.637101111470654,0.8588093249157738,False
Incertae Sedis,MIP1A,0.020718887261347387,0.6896089284108249,0.8882774285624199,False
Incertae Sedis,SDF1A,-0.10276001153151003,0.0470453400414249,0.26869293493464785,True
Incertae Sedis,IL27,0.04850667330506934,0.34953836674711347,0.676760612924668,False
Incertae Sedis,LIF,0.00809231489932333,0.8760514539125679,0.9623837678244319,False
Incertae Sedis,IL1B,-0.037780711281998315,0.46633293973193346,0.7593048741477061,False
Incertae Sedis,IL2,-0.10044461099324453,0.052268575986917365,0.2845015876935675,True
Incertae Sedis,IL4,0.006643591186947564,0.8981076038851641,0.9700996966245572,False
Incertae Sedis,IL5,0.1411819395653585,0.0062399102450791805,0.08954528751170568,True
Incertae Sedis,IP10,-0.01669232848283401,0.747637473322853,0.9146715854289672,False
Incertae Sedis,IL6,-0.015630967766372926,0.7631895084772586,0.9181969506906217,False
Incertae Sedis,IL7,0.05645480444950207,0.2761547576877419,0.6127340879397071,False
Incertae Sedis,IL8,-0.0727106920752657,0.16052473192494943,0.48731671292957585,False
Incertae Sedis,IL10,-0.03928231031637549,0.4487903972580687,0.7477320012988994,False
Incertae Sedis,IFNB,0.06526075692364137,0.20795775044981063,0.5417386776423638,False
Incertae Sedis,EOTAXIN,0.14528651866044232,0.004873863172480495,0.08046200148651231,True
Incertae Sedis,IL12P70,0.07264749465972095,0.16088956523307166,0.48731671292957585,False
Incertae Sedis,IL13,0.02025579678300187,0.6961984538911585,0.8908723181261392,False
Incertae Sedis,IL17A,-0.027928623016730023,0.5902933849255394,0.8324076542543619,False
Incertae Sedis,IL31,0.08377624177181019,0.1057538330376325,0.40088749208559055,False
Incertae Sedis,IL1RA,-0.03220542194623002,0.5346657741687098,0.8035106436470242,False
Incertae Sedis,SCF,-0.06624771550718163,0.20114863950545936,0.5330018335393817,False
Incertae Sedis,RANTES,-0.15250805709296603,0.003108419889979248,0.0634454024991715,True
Incertae Sedis,IFNG,-0.03654409069234629,0.4810599690150792,0.7687013354724876,False
Incertae Sedis,GMCSF,-0.023090934516197613,0.6562316115720891,0.8703999031548032,False
Incertae Sedis,TNFA,0.03672729656335758,0.47886236098520396,0.7680517316175447,False
Incertae Sedis,HGF,0.05072209113992581,0.32794334992742646,0.6558871244719431,False
Incertae Sedis,MIP1B,-0.020464597329353112,0.6932244718900167,0.890018251894288,False
Incertae Sedis,IFNA,-0.01862153522917209,0.719633239751422,0.9009543365072772,False
Incertae Sedis,TGFB,0.03433267630532589,0.5080128891453877,0.7865460381329809,False
Incertae Sedis,MCP1,0.24532651379217663,1.5701923193981775e-06,0.0009735192380268701,True
Incertae Sedis,IL9,0.003170198846917613,0.9512766569922861,0.984709510932987,False
Incertae Sedis,VEGFD,0.10192315654794853,0.04888032991410961,0.2743986327170338,True
Incertae Sedis,TNFB,-0.0707999781656271,0.17183281495952732,0.5035856656902113,False
Incertae Sedis,NGF,0.15427028938687282,0.0027771418216543087,0.06058444054012097,True
Incertae Sedis,EGF,-0.07449120688605554,0.1505000753579296,0.47232307114580835,False
Incertae Sedis,BDNF,-0.13432540356138606,0.009299827526381215,0.11430184492776913,True
Incertae Sedis,TRAIL,0.0006785297741666204,0.9895653894034427,0.9976106364717634,False
Incertae Sedis,GCSF,0.07524275185736339,0.14641428656511404,0.4670450274078124,False
Incertae Sedis,GROA,-0.025712752895294986,0.6201213237154475,0.8485230471633636,False
Incertae Sedis,IL1A,-0.030065756333241708,0.5621649787168814,0.8181743821701091,False
Incertae Sedis,IL23,0.15981613552615825,0.001933237323118236,0.04971181688018321,True
Incertae Sedis,IL12P40,-0.09741508227194286,0.05982374946186914,0.3052954805850084,False
Incertae Sedis,IL15,0.03503769203128202,0.4993353009480799,0.7800366683343466,False
Incertae Sedis,IL18,-0.11834179450623696,0.02207879964848996,0.17824832623968812,True
Incertae Sedis,MCSF,-0.038870609156211655,0.45356265523885153,0.7506891445697644,False
Incertae Sedis,MCP3,0.0009157382069954084,0.9859178636904402,0.9970791801315255,False
Incertae Sedis,MIG,-0.06403607087065126,0.2166364198066527,0.5519777271785946,False
Incertae Sedis,RESISTIN,-0.07393410947736206,0.15358419509545346,0.4785035224079454,False
Incertae Sedis,IL21,-0.005437347975678461,0.916532851524154,0.9756184137947054,False
Incertae Sedis,ICAM1,0.04368628044689995,0.39954917968792725,0.7157253363270093,False
Incertae Sedis,VCAM1,-0.047430452864831184,0.3603461200635383,0.6873297579422463,False
Incertae Sedis,FGFB,0.0524368998835722,0.3118332536955187,0.6449331192071884,False
Incertae Sedis,IL22,0.003975756191111345,0.9389175780420383,0.9826259871625628,False
Incertae Sedis,PDGFBB,-0.23286998152655689,5.335712287625607e-06,0.0012944901984761254,True
Incertae Sedis,VEGF,0.007885197940836143,0.8791992549913756,0.9627024809363963,False
Incertae Sedis,LEPTIN,-0.056281742586634764,0.2776319244368952,0.6141467234539015,False
Incertae Sedis,PAI1,0.03982476401906233,0.4425460712981779,0.7432146318525491,False
Incertae Sedis,CD40L,0.025330126035882063,0.6253374180856718,0.8529412840181004,False
Incertae Sedis,ENA78,-0.0629554095287364,0.22450747247424643,0.558327864598026,False
Izimaplasma,IL17F,0.05421489210925373,0.29568768166395976,0.6302834093622258,False
Izimaplasma,FASL,0.017327775451472224,0.7383745903398549,0.9099227504629838,False
Izimaplasma,TGFA,0.03655864326886558,0.48088520686814584,0.7687013354724876,False
Izimaplasma,MIP1A,0.032976411455383485,0.5249252790411436,0.795909546722539,False
Izimaplasma,SDF1A,0.03821176820344046,0.46125864806235306,0.7554514987343499,False
Izimaplasma,IL27,0.10535606729259912,0.041716271012155415,0.25171055293852956,True
Izimaplasma,LIF,0.11720810032977826,0.0233946219231127,0.18334549203787762,True
Izimaplasma,IL1B,0.07090662036492278,0.1711864341721215,0.502948302383037,False
Izimaplasma,IL2,0.15105957619078106,0.003407154267102628,0.0664752475889254,True
Izimaplasma,IL4,0.0043210181337107675,0.9336247849769509,0.9807531110289827,False
Izimaplasma,IL5,0.10594652650674927,0.04057797990330895,0.24896173091398863,True
Izimaplasma,IP10,-0.015826847916030392,0.7603119093398448,0.9176417501795119,False
Izimaplasma,IL6,0.08020181408704476,0.1215422761927425,0.431342110432765,False
Izimaplasma,IL7,0.010113030381739899,0.8454500875499937,0.9527092778860419,False
Izimaplasma,IL8,-0.0402686649822548,0.43747324280741695,0.7405137110915162,False
Izimaplasma,IL10,-0.05421198535271845,0.29571361392657836,0.6302834093622258,False
Izimaplasma,IFNB,-0.05125361594940838,0.3228933114851812,0.6499527730563714,False
Izimaplasma,EOTAXIN,0.06365084376149031,0.2194192373359989,0.5537438062536479,False
Izimaplasma,IL12P70,0.04510243262489071,0.38443021551433965,0.7084705041562716,False
Izimaplasma,IL13,0.030191061919705033,0.5605359582662046,0.8170821962187622,False
Izimaplasma,IL17A,-0.018348441815763204,0.723575746760494,0.902669551671955,False
Izimaplasma,IL31,0.12553739002965955,0.01512932498705191,0.1483787459092167,True
Izimaplasma,IL1RA,0.10836934946790883,0.03617798457373391,0.23352717754140867,True
Izimaplasma,SCF,0.10779569040079637,0.03718141017484419,0.236329301689704,True
Izimaplasma,RANTES,-0.03765843293578494,0.4677779681118789,0.7596823405817138,False
Izimaplasma,IFNG,0.09795427095963893,0.0584166872547243,0.30104179529859604,False
Izimaplasma,GMCSF,0.18517823124771773,0.00031775793746895766,0.01688656467692175,True
Izimaplasma,TNFA,0.12870215304911192,0.012737779763145845,0.13538440205400726,True
Izimaplasma,HGF,0.138895248040641,0.007141646699044918,0.0980539579120946,True
Izimaplasma,MIP1B,0.02106960747861409,0.684633893146599,0.8861649556386041,False
Izimaplasma,IFNA,0.07701205322376319,0.13712966431153478,0.4526958915377322,False
Izimaplasma,TGFB,0.15905324353462352,0.00203339896067826,0.05054017075605554,True
Izimaplasma,MCP1,0.04664413927226507,0.36837315226911915,0.6948643915404527,False
Izimaplasma,IL9,0.07270078004022468,0.16058191205037614,0.48731671292957585,False
Izimaplasma,VEGFD,-0.014253840790668788,0.7835103198147997,0.9264879422151057,False
Izimaplasma,TNFB,-0.003658306636379728,0.9437863912431347,0.9834958245232497,False
Izimaplasma,NGF,0.10799898610579964,0.03682314522697431,0.236329301689704,True
Izimaplasma,EGF,0.052023152546884076,0.3156718956322276,0.646112226674723,False
Izimaplasma,BDNF,0.08470442048008547,0.10193114529649848,0.3933442536337908,False
Izimaplasma,TRAIL,0.04893041525788389,0.34533983957900394,0.673482233612409,False
Izimaplasma,GCSF,0.057183000377299995,0.2699978042008281,0.6070055388560116,False
Izimaplasma,GROA,0.06236973832057239,0.2288573105167652,0.5626159114136069,False
Izimaplasma,IL1A,0.0242143005917865,0.6406549903780012,0.8609958685715912,False
Izimaplasma,IL23,0.07632793592623514,0.1406645255154699,0.4581508431254485,False
Izimaplasma,IL12P40,-0.01389435357158244,0.7888398152124829,0.9276556731055121,False
Izimaplasma,IL15,0.09036739025555697,0.08092488056264212,0.3514092089801891,False
Izimaplasma,IL18,0.05988073881818229,0.24800901528679625,0.5852505225119526,False
Izimaplasma,MCSF,0.02033324677766553,0.6950947745336851,0.8908723181261392,False
Izimaplasma,MCP3,0.03610972297494369,0.48629212177479364,0.7719800965870124,False
Izimaplasma,MIG,-0.018579085557019374,0.7202455792635203,0.9013165131846699,False
Izimaplasma,RESISTIN,0.11871891907113018,0.021655538240131805,0.17700962847767024,True
Izimaplasma,IL21,0.08717924456137904,0.09227265550393242,0.37531559585000024,False
Izimaplasma,ICAM1,-0.12504384169051483,0.01553579337702384,0.15024216125440734,True
Izimaplasma,VCAM1,-0.04020268220507413,0.4382251676117008,0.7412235329715946,False
Izimaplasma,FGFB,0.09519357187314588,0.06591934011915396,0.3194887325807199,False
Izimaplasma,IL22,-0.019193254335597328,0.7114037478301072,0.8979103463240506,False
Izimaplasma,PDGFBB,0.030732798699319264,0.5535194976077245,0.8130136342856285,False
Izimaplasma,VEGF,0.10777947320687764,0.03721011634522299,0.236329301689704,True
Izimaplasma,LEPTIN,0.1793070234531912,0.0004934172179264816,0.0220286047511177,True
Izimaplasma,PAI1,0.007438806730894614,0.8859899954489615,0.9656864550432089,False
Izimaplasma,CD40L,-0.05055094887904421,0.3295801835008151,0.6575978547516668,False
Izimaplasma,ENA78,-0.009021811830079076,0.8619495194434688,0.9565927395989228,False
Kitasatospora,IL17F,-0.0029482068697341346,0.9546846970635183,0.9850504294042394,False
Kitasatospora,FASL,-0.046871761629807634,0.36603816452824145,0.6928630664950878,False
Kitasatospora,TGFA,-0.027061420096699824,0.6018885057314536,0.8385630847490803,False
Kitasatospora,MIP1A,-0.052265974891688737,0.31341532114515946,0.6455730867441823,False
Kitasatospora,SDF1A,-0.11823669348480031,0.022198028107864774,0.17873736918020988,True
Kitasatospora,IL27,0.03461968724454711,0.5044707714486502,0.7836283576436736,False
Kitasatospora,LIF,0.009010793500610003,0.8621164376286872,0.9565927395989228,False
Kitasatospora,IL1B,-0.03703069892264233,0.4752350016010377,0.7644740092318874,False
Kitasatospora,IL2,-0.10544831250108326,0.04153668534877533,0.2515838175257737,True
Kitasatospora,IL4,-0.05124272855737364,0.32299624367120394,0.6499527730563714,False
Kitasatospora,IL5,0.06778545748768655,0.19086478500954768,0.5228402063589966,False
Kitasatospora,IP10,-0.09517969416996021,0.06595896414569702,0.3194887325807199,False
Kitasatospora,IL6,-0.063573910761865,0.21997803690807977,0.5537438062536479,False
Kitasatospora,IL7,0.014418299751841866,0.7810755230606617,0.925776463744268,False
Kitasatospora,IL8,-0.09148102024191834,0.07723771825874802,0.34232443835092446,False
Kitasatospora,IL10,-0.0922882824631298,0.07465109927204065,0.3382266138101689,False
Kitasatospora,IFNB,0.017328454931390676,0.7383647055338606,0.9099227504629838,False
Kitasatospora,EOTAXIN,0.13228032718839697,0.010440759528715315,0.12430380116321603,True
Kitasatospora,IL12P70,0.03789610908935001,0.46497148901419183,0.7577340325779326,False
Kitasatospora,IL13,0.0038425717786454857,0.940959998489416,0.9832807274259884,False
Kitasatospora,IL17A,-0.056780993512061076,0.2733851112591315,0.6118071150996554,False
Kitasatospora,IL31,0.022138543684662018,0.6695554433409405,0.8809283582451851,False
Kitasatospora,IL1RA,-0.013123263555388835,0.8003043859716391,0.9361727615765634,False
Kitasatospora,SCF,-0.000692982372138634,0.9893431465497438,0.9975668156392429,False
Kitasatospora,RANTES,-0.17587071628145004,0.0006344116425229983,0.02475536339355476,True
Kitasatospora,IFNG,-0.025953866297865114,0.6168441146808206,0.847780827566251,False
Kitasatospora,GMCSF,-0.036128882938356276,0.48606068723397544,0.7718322808097845,False
Kitasatospora,TNFA,-0.01735795124335252,0.7379356463577857,0.9099227504629838,False
Kitasatospora,HGF,0.02493277778583652,0.6307740429732045,0.8557185307952611,False
Kitasatospora,MIP1B,-0.10327689553992264,0.04594105515179786,0.2654396072696868,True
Kitasatospora,IFNA,-0.047650200772986,0.3581225353018569,0.6852962095282447,False
Kitasatospora,TGFB,-0.03448671164411587,0.5061102626201877,0.7849040500612693,False
Kitasatospora,MCP1,0.17004963718914706,0.0009610983656426134,0.032660227768696384,True
Kitasatospora,IL9,-0.047799005732947916,0.356621701108059,0.6836158314875628,False
Kitasatospora,VEGFD,-0.027904046443047385,0.5906205767095403,0.8325415782095924,False
Kitasatospora,TNFB,-0.10043551925377647,0.052290000888100555,0.2845015876935675,True
Kitasatospora,NGF,0.12068466395283649,0.019561347068187643,0.169554920973967,True
Kitasatospora,EGF,-0.08203966386464738,0.11320925853596611,0.41505102669559196,False
Kitasatospora,BDNF,-0.06965924032375242,0.178861229553047,0.5128703293453248,False
Kitasatospora,TRAIL,-0.05311720546683899,0.3055884523213285,0.6388768274420974,False
Kitasatospora,GCSF,0.015050500185552285,0.7717359481561719,0.921722301094058,False
Kitasatospora,GROA,-0.039312298014898266,0.4484439056834971,0.7477320012988994,False
Kitasatospora,IL1A,-0.0747227617936971,0.14923209901285345,0.4699295217221908,False
Kitasatospora,IL23,0.03890850738610601,0.45312216752513546,0.7506891445697644,False
Kitasatospora,IL12P40,-0.031164260992460693,0.547962119276643,0.8103971973399597,False
Kitasatospora,IL15,0.017436437446564045,0.7367943668489403,0.9093693945852054,False
Kitasatospora,IL18,-0.09839512036447295,0.05728669501727712,0.2981900729444089,True
Kitasatospora,MCSF,-0.1057880053566604,0.040880972473222005,0.24999798769195816,True
Kitasatospora,MCP3,-0.061759683201021376,0.23345143730291304,0.5667091594237808,False
Kitasatospora,MIG,-0.11035314805894107,0.03288335653117373,0.2202308245212553,True
Kitasatospora,RESISTIN,-0.02590553146700444,0.6175004747278101,0.847847600635133,False
Kitasatospora,IL21,-0.036392737626991294,0.4828796109431034,0.7693871426847527,False
Kitasatospora,ICAM1,0.018857030784955733,0.716239462934068,0.9000015584002166,False
Kitasatospora,VCAM1,-0.051881946641950276,0.3169890120972583,0.646112226674723,False
Kitasatospora,FGFB,0.01813092921188724,0.7267211032563698,0.9039253302162288,False
Kitasatospora,IL22,0.04739917084225193,0.3606633568557164,0.6873297579422463,False
Kitasatospora,PDGFBB,-0.12137216088217995,0.018871704124281168,0.16794913718259796,True
Kitasatospora,VEGF,-0.04336434500443427,0.40303524133830604,0.7184205261184251,False
Kitasatospora,LEPTIN,-0.021603037504942815,0.677093199485733,0.8829898300433745,False
Kitasatospora,PAI1,0.011657471956090671,0.8222144068974835,0.9446793378292485,False
Kitasatospora,CD40L,-0.0032766872117686876,0.9496421494854632,0.984194055198207,False
Kitasatospora,ENA78,-0.05394059401853572,0.2981414789585347,0.6324810659725972,False
Klebsiella,IL17F,-0.06901946688219332,0.18289512353848827,0.5180481164186622,False
Klebsiella,FASL,-0.0424361034465557,0.41318777062480483,0.7259407305057969,False
Klebsiella,TGFA,-0.10603229199038784,0.04041484222916859,0.24836433880920789,True
Klebsiella,MIP1A,-0.03089562243003327,0.5514190460137223,0.8127095289901137,False
Klebsiella,SDF1A,-0.07314535497979947,0.15803231172909984,0.48504966966357377,False
Klebsiella,IL27,-0.12574078235450648,0.014964551569555907,0.14824920521535784,True
Klebsiella,LIF,-0.10050390159209203,0.05212903551304733,0.2845015876935675,True
Klebsiella,IL1B,-0.13426471444234958,0.009332021820465065,0.11444545441361552,True
Klebsiella,IL2,-0.06861629348694612,0.18547147445549597,0.520065742443049,False
Klebsiella,IL4,-0.13499884187585381,0.008949151863926986,0.11188065052575476,True
Klebsiella,IL5,-0.05266192198378662,0.30975847661942474,0.6432647188449535,False
Klebsiella,IP10,-0.12124836797704054,0.018994297161975034,0.16823520343463602,True
Klebsiella,IL6,-0.11682543238181815,0.023853812969481265,0.1851503871851644,True
Klebsiella,IL7,0.0660068663870624,0.20279514330139367,0.5340240205860202,False
Klebsiella,IL8,-0.06473701583883017,0.21163797634167406,0.5457208447257584,False
Klebsiella,IL10,-0.0968420002297864,0.061349831883525156,0.30732604282297743,False
Klebsiella,IFNB,-0.03206470678433254,0.5364532858609011,0.8040834306706127,False
Klebsiella,EOTAXIN,-0.10001218624414951,0.05329572431395059,0.2865030266588095,True
Klebsiella,IL12P70,-0.14961281927040426,0.0037312884895148,0.07010299586361139,True
Klebsiella,IL13,-0.12969086926524545,0.012062290377911091,0.13301893341648988,True
Klebsiella,IL17A,-0.11100441997354797,0.03185909425542065,0.21541360996531042,True
Klebsiella,IL31,-0.03334253038846679,0.5203317136478891,0.7939167642138011,False
Klebsiella,IL1RA,-0.05164165244757574,0.31923862801902686,0.6470583161446313,False
Klebsiella,SCF,-0.15259100225276281,0.0030920559899786466,0.0634454024991715,True
Klebsiella,RANTES,-0.01762602162745971,0.7340399836510294,0.9081913766680142,False
Klebsiella,IFNG,-0.17626329889120415,0.0006165962723713169,0.02475370960805567,True
Klebsiella,GMCSF,-0.10377862397378017,0.044890028971636096,0.263115926115262,True
Klebsiella,TNFA,-0.059502718743392906,0.251012656063076,0.5872560298966301,False
Klebsiella,HGF,-0.14450998320510886,0.005109518037759103,0.08240205390374507,True
Klebsiella,MIP1B,-0.028850439426645315,0.5780816009696137,0.8243390171820549,False
Klebsiella,IFNA,-0.07185276006165324,0.16553089660313883,0.4943184441028804,False
Klebsiella,TGFB,-0.07297490124780336,0.15900621619699157,0.48571029403710186,False
Klebsiella,MCP1,-0.07811463096237088,0.1315767503347084,0.4468487585191044,False
Klebsiella,IL9,-0.11008905462494475,0.033306630111204875,0.2212511857387181,True
Klebsiella,VEGFD,-0.006332720981484801,0.9028512891254794,0.9701135837313933,False
Klebsiella,TNFB,-0.1051570470626932,0.042105960106894304,0.25263576064136584,True
Klebsiella,NGF,-0.02772720339240138,0.5929773630324566,0.833416563594908,False
Klebsiella,EGF,-0.09164125434635062,0.07671859265205967,0.3408357858268256,False
Klebsiella,BDNF,-0.04844147270427012,0.35018724141018065,0.6770772027265447,False
Klebsiella,TRAIL,-0.037319022885152264,0.47180187629042325,0.7626461383837085,False
Klebsiella,GCSF,-0.05400950592031835,0.29752374108221386,0.6324504667576203,False
Klebsiella,GROA,-0.07874835233769688,0.12846463210001866,0.44360848066318975,False
Klebsiella,IL1A,0.025463547052563675,0.6235164389540169,0.8512898775051172,False
Klebsiella,IL23,-0.06329347813904858,0.22202355561638698,0.5551796731512281,False
Klebsiella,IL12P40,-0.14810126386291503,0.004099528715334832,0.07355424511758316,True
Klebsiella,IL15,-0.09635058498689848,0.06268387861339439,0.31008514420455735,False
Klebsiella,IL18,-0.06889236615840345,0.1837044526748567,0.5186393806781422,False
Klebsiella,MCSF,-0.02030445849153838,0.6955049389133299,0.8908723181261392,False
Klebsiella,MCP3,-0.13358835759890056,0.009697573539070652,0.11789207047497655,True
Klebsiella,MIG,-0.08281954150843346,0.10981161732644663,0.40849921645438153,False
Klebsiella,RESISTIN,-0.04398711461684358,0.3963079958656598,0.7138149183119372,False
Klebsiella,IL21,-0.04375008064797651,0.39886047342888553,0.7150047529069384,False
Klebsiella,ICAM1,-0.08830387424059843,0.08813253185178135,0.36723801607260315,False
Klebsiella,VCAM1,0.05571512641947003,0.28250571555515863,0.6198906381430536,False
Klebsiella,FGFB,-0.053171863157799,0.3050903372926518,0.6388768274420974,False
Klebsiella,IL22,-0.14128569445269235,0.006201530818105412,0.08954528751170568,True
Klebsiella,PDGFBB,-0.1356396208176188,0.00862645385002997,0.1092290376592243,True
Klebsiella,VEGF,-0.06435869885863403,0.21432534597736608,0.5497498658647887,False
Klebsiella,LEPTIN,-0.05981419717806757,0.24853591165386693,0.5855341899775998,False
Klebsiella,PAI1,0.023512905311199567,0.6503626149987041,0.8667327499141265,False
Klebsiella,CD40L,-0.05053408889024061,0.32974171999913326,0.6575978547516668,False
Klebsiella,ENA78,-0.09151519012873845,0.07712677636342116,0.3421044611350478,False
Kocuria,IL17F,-0.038714240017021534,0.45538266202915045,0.7508454402974536,False
Kocuria,FASL,-0.058443722052444975,0.25956143492490674,0.59507715406237,False
Kocuria,TGFA,0.0036595804520831447,0.9437668500706916,0.9834958245232497,False
Kocuria,MIP1A,-0.06510144506184322,0.2090722786773626,0.5420755007938203,False
Kocuria,SDF1A,-0.10608349705430548,0.04031770750769291,0.24825072383740138,True
Kocuria,IL27,-0.00025519746925231016,0.9960754100598658,0.9996986286583941,False
Kocuria,LIF,0.08166958489947376,0.11485015612599189,0.4180455780711251,False
Kocuria,IL1B,0.04945780384492153,0.3401592875000694,0.6685765495774523,False
Kocuria,IL2,0.044973327876499256,0.38579393405908413,0.7089297436028932,False
Kocuria,IL4,-0.12095237882974003,0.01929023254799303,0.16947765482904475,True
Kocuria,IL5,-0.08244481980388244,0.11143398822057522,0.4123353145031895,False
Kocuria,IP10,0.03618020736790384,0.4854410283050208,0.7718322808097845,False
Kocuria,IL6,0.006304252529891606,0.9032858752234407,0.9701135837313933,False
Kocuria,IL7,0.0007585862379480085,0.9883343426614359,0.9972218265937813,False
Kocuria,IL8,-0.03268598229151062,0.5285838420141529,0.7982402810389643,False
Kocuria,IL10,-0.09626451316444838,0.06291997900373415,0.3105240634907276,False
Kocuria,IFNB,-0.016517567104983304,0.7501914031742152,0.9155879330079004,False
Kocuria,EOTAXIN,0.021476347648118795,0.6788812355775766,0.883638277238833,False
Kocuria,IL12P70,-0.02969503075476833,0.566997847016107,0.8207128369260381,False
Kocuria,IL13,-0.09482052250125052,0.06699130073600718,0.322529299488283,False
Kocuria,IL17A,-0.10268105834925238,0.04721595995964897,0.269116503140798,True
Kocuria,IL31,0.0417103362666762,0.4212298339789231,0.7321561169059574,False
Kocuria,IL1RA,0.08858558463069376,0.08711918019183673,0.3646849403379212,False
Kocuria,SCF,0.009494042009023453,0.8548015053143565,0.9545125489171852,False
Kocuria,RANTES,0.02395596998487681,0.6442233969192277,0.8628820342797145,False
Kocuria,IFNG,0.032966034740408906,0.5250557727086115,0.795909546722539,False
Kocuria,GMCSF,-0.01982095273042652,0.7024069213008358,0.8932157294573072,False
Kocuria,TNFA,0.01879518561494019,0.7171301897067298,0.9000419384983249,False
Kocuria,HGF,0.07439655991139421,0.151020703558999,0.4728931121544413,False
Kocuria,MIP1B,-0.174639878461397,0.0006934054194770353,0.02614325838298552,True
Kocuria,IFNA,-0.05638187692689817,0.27677657732877936,0.6135928889529555,False
Kocuria,TGFB,0.024265899175321265,0.6399432287800007,0.8608686635950829,False
Kocuria,MCP1,-0.04526230819469071,0.3827455444346747,0.707497027036868,False
Kocuria,IL9,0.02573400885261809,0.6198321096484762,0.8484172942867224,False
Kocuria,VEGFD,0.015446888996728931,0.7658967124575462,0.9197990817379736,False
Kocuria,TNFB,-0.046587323836778896,0.368957411194884,0.6951234645269069,False
Kocuria,NGF,-0.04460454676928651,0.3897055054415136,0.7109409168915487,False
Kocuria,EGF,-0.021383395183877087,0.6801942657392402,0.8836446797191053,False
Kocuria,BDNF,0.005846398479069656,0.9102791373627577,0.9723119422825781,False
Kocuria,TRAIL,-0.08805070759930506,0.08905126320770977,0.3685096330140297,False
Kocuria,GCSF,-0.022058131987665295,0.6706852239891463,0.8813997997784825,False
Kocuria,GROA,-0.04116738098429604,0.427305565291504,0.7361423446516184,False
Kocuria,IL1A,-0.11281262128911586,0.029157011602199023,0.2061469898622194,True
Kocuria,IL23,-0.041012234120520866,0.42905097172035833,0.7377538554027551,False
Kocuria,IL12P40,-0.0739983888959387,0.15322591748334613,0.4776539774061852,False
Kocuria,IL15,0.011845156536427813,0.8194008724968669,0.9437062680149674,False
Kocuria,IL18,0.07362487264695781,0.15531667679540362,0.48041411115207994,False
Kocuria,MCSF,-0.0440898910227545,0.3952043175172125,0.7137754472445211,False
Kocuria,MCP3,-0.0403221875451241,0.436863855387696,0.7405137110915162,False
Kocuria,MIG,-0.07809643397430711,0.1316669653045247,0.4468487585191044,False
Kocuria,RESISTIN,0.08312773046374847,0.10849128483865207,0.4060237219313739,False
Kocuria,IL21,0.0016705333234703062,0.974313787154971,0.9922991593010085,False
Kocuria,ICAM1,0.005908563839122325,0.9093292052610318,0.9722278147837818,False
Kocuria,VCAM1,0.006773354027144823,0.896128566372131,0.9692571041590408,False
Kocuria,FGFB,-0.008279118131521183,0.8732140570327761,0.9604838238207944,False
Kocuria,IL22,-0.14641504387511567,0.0045488302581167366,0.07780894548008378,True
Kocuria,PDGFBB,0.06889833431233441,0.183666390719558,0.5186393806781422,False
Kocuria,VEGF,-0.006234639634413265,0.9043486745117673,0.9705033261065268,False
Kocuria,LEPTIN,-0.011967610698024746,0.8175664366765312,0.9428270530487174,False
Kocuria,PAI1,-0.10717487922606443,0.03829380125193557,0.24035929244746962,True
Kocuria,CD40L,-0.02513399963551368,0.6280183597418008,0.8537786704698566,False
Kocuria,ENA78,-0.06466606708588907,0.21214010292581956,0.5462589215327335,False
Lactobacillus,IL17F,0.004449779495237316,0.9316516357137267,0.9807531110289827,False
Lactobacillus,FASL,0.03394752933841069,0.5127864858979261,0.7904364345380417,False
Lactobacillus,TGFA,0.0012877979539282775,0.9801973649084225,0.9946570287737025,False
Lactobacillus,MIP1A,0.003464808492272333,0.9467551647802581,0.9839412097503842,False
Lactobacillus,SDF1A,-0.0034326741281617995,0.9472482633722683,0.9839412097503842,False
Lactobacillus,IL27,0.004008722133859547,0.9384120972915218,0.9826120290648699,False
Lactobacillus,LIF,0.005285725067469571,0.9188522465196628,0.9762367737204338,False
Lactobacillus,IL1B,0.030261777162832956,0.559617639442453,0.816819457373765,False
Lactobacillus,IL2,0.04614597364315546,0.3735155432701869,0.6994858684367358,False
Lactobacillus,IL4,-0.02123049691093056,0.6823561805155197,0.8847758252952572,False
Lactobacillus,IL5,-0.06406220816244577,0.216448528877264,0.5519586458368243,False
Lactobacillus,IP10,0.11586692771803896,0.02503830834803497,0.1893140387290449,True
Lactobacillus,IL6,0.053855624195682045,0.2989043366024724,0.6327337626106966,False
Lactobacillus,IL7,-0.022032606247894538,0.6710440147319443,0.8814202928842048,False
Lactobacillus,IL8,0.07340012070628675,0.1565850803440554,0.48244128448277546,False
Lactobacillus,IL10,-0.0023787649920776295,0.9634304443921307,0.987204242733345,False
Lactobacillus,IFNB,-0.019538152931894856,0.706455252925834,0.8959137071195804,False
Lactobacillus,EOTAXIN,-0.00635049529198388,0.9025799694870372,0.9701135837313933,False
Lactobacillus,IL12P70,-0.024498517935657358,0.636738540736591,0.8588093249157738,False
Lactobacillus,IL13,-0.07746426050913151,0.13483081901757155,0.45078248658960407,False
Lactobacillus,IL17A,-0.04326209711831576,0.4041462139577634,0.7186538795042446,False
Lactobacillus,IL31,0.03765719104752049,0.4677926568318703,0.7596823405817138,False
Lactobacillus,IL1RA,-0.0594562429992097,0.2513836771923202,0.5874040698212507,False
Lactobacillus,SCF,-0.02942261848843031,0.5705616722240812,0.8218760786362871,False
Lactobacillus,RANTES,0.09239178400460327,0.07432461863097994,0.3382266138101689,False
Lactobacillus,IFNG,0.01806553522495686,0.7276676381611091,0.9039258813651823,False
Lactobacillus,GMCSF,-0.015881834720937835,0.7595047111191865,0.9173238718712252,False
Lactobacillus,TNFA,-0.007271275034358302,0.8885407577320188,0.9666713644267235,False
Lactobacillus,HGF,-0.010729862812156214,0.8361527626090953,0.9486274812122903,False
Lactobacillus,MIP1B,-0.06281668410402744,0.22553244252632715,0.5590719810292782,False
Lactobacillus,IFNA,-0.016431447797687092,0.7514509402157281,0.9163234804204027,False
Lactobacillus,TGFB,0.01391020542699055,0.7886045976102991,0.9276556731055121,False
Lactobacillus,MCP1,-0.00835968806035542,0.8719907609846074,0.9596781581368697,False
Lactobacillus,IL9,0.032900218112944156,0.5258838428019978,0.795909546722539,False
Lactobacillus,VEGFD,0.07623901474134549,0.14112906352726184,0.4581508431254485,False
Lactobacillus,TNFB,0.06867238887214692,0.18511142247938467,0.520065742443049,False
Lactobacillus,NGF,-0.07700066409819349,0.13718794849288624,0.4526958915377322,False
Lactobacillus,EGF,0.011246872873867525,0.8283774969931071,0.9471731616593797,False
Lactobacillus,BDNF,0.0254743962292385,0.6233684659115284,0.8512898775051172,False
Lactobacillus,TRAIL,0.02325570192686722,0.6539373969205018,0.869009448634532,False
Lactobacillus,GCSF,0.026815563646964222,0.6051942955736538,0.8406731813047021,False
Lactobacillus,GROA,0.06618347418154959,0.20158685615762897,0.533359249577795,False
Lactobacillus,IL1A,0.012074405174285477,0.8159674037861652,0.9422802386437917,False
Lactobacillus,IL23,-0.0031235903328456034,0.9519921234187918,0.9847573002824187,False
Lactobacillus,IL12P40,-0.06710437269623523,0.19537105195961263,0.5276720570835617,False
Lactobacillus,IL15,0.026748319014024722,0.6060998774423747,0.8413586769795429,False
Lactobacillus,IL18,0.035479461906097805,0.4939380663728895,0.7752862512834879,False
Lactobacillus,MCSF,0.06878920827054893,0.18436326279868054,0.5186619092157357,False
Lactobacillus,MCP3,0.05098175189175891,0.3254699597401377,0.6530706265874526,False
Lactobacillus,MIG,-0.039369475467073124,0.4477836706767161,0.7477320012988994,False
Lactobacillus,RESISTIN,0.058178171337889405,0.2617362241055503,0.5960310228788737,False
Lactobacillus,IL21,0.05713223966268447,0.2704239250665233,0.6072295782177867,False
Lactobacillus,ICAM1,-0.0002178034538879823,0.9966504754968922,0.9996986286583941,False
Lactobacillus,VCAM1,-0.003577412717770831,0.9450274257834652,0.9839412097503842,False
Lactobacillus,FGFB,0.03764530521118455,0.4679332521783883,0.7596823405817138,False
Lactobacillus,IL22,-0.00395706105324061,0.9392042494080954,0.9827038649347782,False
Lactobacillus,PDGFBB,0.058481262632889476,0.25925499603955743,0.5950269930513534,False
Lactobacillus,VEGF,0.035105015926390745,0.498510774938588,0.7794032289597425,False
Lactobacillus,LEPTIN,0.002444813210525718,0.9624158010674686,0.987204242733345,False
Lactobacillus,PAI1,-0.1339251301042909,0.009513998155786355,0.11616654203345264,True
Lactobacillus,CD40L,-0.01917210114571886,0.7117076440666079,0.8980842727027752,False
Lactobacillus,ENA78,0.005226824418006149,0.9197534438691017,0.9765955437019037,False
Lactococcus,IL17F,0.02543991134624077,0.6238388611954412,0.8515217332364388,False
Lactococcus,FASL,0.06091417021030869,0.23992581889296793,0.5733559183823388,False
Lactococcus,TGFA,-0.018636482556104738,0.7194176661315397,0.9009543365072772,False
Lactococcus,MIP1A,0.09631970333843752,0.06276850483761762,0.3102287484445583,False
Lactococcus,SDF1A,0.0871009662562318,0.09256651886343521,0.3758585352146124,False
Lactococcus,IL27,-0.08072073730462859,0.11914243361533147,0.425997154321674,False
Lactococcus,LIF,-0.09118423410630909,0.07820677262646336,0.3441591413688214,False
Lactococcus,IL1B,-0.023617991277630913,0.6489043575294187,0.8664480294362662,False
Lactococcus,IL2,0.02155321542769295,0.6777961473795908,0.88306775046466,False
Lactococcus,IL4,0.048332343805478156,0.3512749909712294,0.678475060442873,False
Lactococcus,IL5,-0.04377152013093131,0.3986291997699438,0.7149954788544798,False
Lactococcus,IP10,0.07204374473250198,0.16440647056366267,0.49412815167037133,False
Lactococcus,IL6,0.03372445353177747,0.5155619455632046,0.7911657319998069,False
Lactococcus,IL7,0.047843462851169076,0.3561740773336216,0.6834753259383458,False
Lactococcus,IL8,0.05190430716965355,0.31678020247936234,0.646112226674723,False
Lactococcus,IL10,0.012438050605875531,0.810528303025209,0.9397508955522488,False
Lactococcus,IFNB,-0.02683614336956124,0.6049172696840026,0.8404976008059598,False
Lactococcus,EOTAXIN,-0.03581012284038149,0.4899187195296856,0.7739775866650843,False
Lactococcus,IL12P70,-0.06882124998129284,0.1841584445814984,0.5186393806781422,False
Lactococcus,IL13,-0.03505799070853149,0.4990866240139551,0.7798665253424446,False
Lactococcus,IL17A,-0.010437406015352726,0.8405581152772093,0.9502158828971545,False
Lactococcus,IL31,-0.027302556024612453,0.5986540887772195,0.8366887864137714,False
Lactococcus,IL1RA,-0.043948985657997576,0.3967179197152434,0.7141404079189425,False
Lactococcus,SCF,-0.058327966123112654,0.2605079078717958,0.5954346177511307,False
Lactococcus,RANTES,0.08049551831284722,0.1201794121842831,0.4276792857068238,False
Lactococcus,IFNG,-0.014767337476722745,0.7759151621468069,0.923550896923887,False
Lactococcus,GMCSF,-0.09105494247877033,0.07863200182347707,0.3451200264400214,False
Lactococcus,TNFA,-0.009054542132710003,0.8614537198325953,0.9565927395989228,False
Lactococcus,HGF,-0.06649161287937534,0.19949121685182333,0.5329378929080653,False
Lactococcus,MIP1B,0.06290167225959187,0.22490411511104627,0.5587555486730358,False
Lactococcus,IFNA,0.009513317727390575,0.8545099820612863,0.9545125489171852,False
Lactococcus,TGFB,-0.03733665214914441,0.4715924040878684,0.7626461383837085,False
Lactococcus,MCP1,-0.03207963053912619,0.5362635667952425,0.8040834306706127,False
Lactococcus,IL9,0.027718021141112336,0.5930998519776666,0.833416563594908,False
Lactococcus,VEGFD,0.010471802279340841,0.8400397344836944,0.9502158828971545,False
Lactococcus,TNFB,0.037469886871462445,0.47001095200309106,0.7615160023743461,False
Lactococcus,NGF,-0.07676576750198243,0.1383942867804491,0.45533025957246814,False
Lactococcus,EGF,0.0317525164964178,0.5404297171274568,0.8061817157461093,False
Lactococcus,BDNF,0.06269847750947971,0.22640843177391373,0.5599995785897335,False
Lactococcus,TRAIL,0.09206442454436267,0.07536121807554409,0.33971354882386934,False
Lactococcus,GCSF,0.07282865263691632,0.1598454220555898,0.4870877368111666,False
Lactococcus,GROA,0.02079966188026327,0.6884619299515015,0.8872607137424385,False
Lactococcus,IL1A,0.11328711014407683,0.028481381286840857,0.20416219681109113,True
Lactococcus,IL23,-0.025915569012170913,0.617364145408207,0.847847600635133,False
Lactococcus,IL12P40,-0.06996024884204971,0.1769862742498151,0.510642921568753,False
Lactococcus,IL15,-0.0183343869069726,0.7237788489786412,0.9027013807109562,False
Lactococcus,IL18,0.00627869717180291,0.9036760159809532,0.9702258886968185,False
Lactococcus,MCSF,0.0728423925073915,0.1597664380446323,0.4870877368111666,False
Lactococcus,MCP3,0.04329271658106775,0.4038133274188659,0.7184205261184251,False
Lactococcus,MIG,0.0333419506919167,0.5203389705512259,0.7939167642138011,False
Lactococcus,RESISTIN,-0.07561815769392324,0.1444053048083135,0.4636257772326752,False
Lactococcus,IL21,0.09325188838866767,0.07165626747699229,0.33264723171515553,False
Lactococcus,ICAM1,-0.019235520199295045,0.7107966742473557,0.8979103463240506,False
Lactococcus,VCAM1,-0.0015997484077928746,0.9754018288455308,0.9922991593010085,False
Lactococcus,FGFB,0.04502797001072124,0.3852163966908294,0.7087825104907677,False
Lactococcus,IL22,-0.06527275489355065,0.20787398805868382,0.5417386776423638,False
Lactococcus,PDGFBB,0.049634923644333584,0.3384306208267962,0.666352457379507,False
Lactococcus,VEGF,0.06339286246794631,0.22129708443824603,0.5547895156961812,False
Lactococcus,LEPTIN,-0.0793910538715473,0.12536692236321817,0.43749057335006714,False
Lactococcus,PAI1,-0.04481554751667478,0.3874645399620429,0.7098004376192381,False
Lactococcus,CD40L,-0.018054639438824592,0.7278253877601212,0.9039258813651823,False
Lactococcus,ENA78,0.01305203616134209,0.8013656014628775,0.9361727615765634,False
Lawsonella,IL17F,0.032468698025794045,0.5313294228643133,0.8008693083692242,False
Lawsonella,FASL,0.0055869817641347914,0.9142445778197944,0.9735657908844376,False
Lawsonella,TGFA,0.10645861413099626,0.039612115663105546,0.24586830411582752,True
Lawsonella,MIP1A,0.004340157507897558,0.9333314657010144,0.9807531110289827,False
Lawsonella,SDF1A,-0.03951308534260728,0.44612781853551464,0.7469855946087514,False
Lawsonella,IL27,0.06818360248708633,0.1882660797448067,0.5228157829725131,False
Lawsonella,LIF,0.1399628112619794,0.0067070893893556105,0.0942582383849598,True
Lawsonella,IL1B,0.07155936854309908,0.16726945797912762,0.49620604759358433,False
Lawsonella,IL2,0.17767464369396677,0.000556308542831724,0.02318372513970003,True
Lawsonella,IL4,-0.05410448264385815,0.29667375103341814,0.6314274055348332,False
Lawsonella,IL5,0.031589009801014006,0.5425181770580398,0.8068123839874511,False
Lawsonella,IP10,0.02647652550275404,0.6097662498664522,0.844082280886828,False
Lawsonella,IL6,0.0015729376729725006,0.9758139512202917,0.9923343447262876,False
Lawsonella,IL7,0.04440677128269702,0.39181312206506846,0.7121554466198964,False
Lawsonella,IL8,-0.012366475532410584,0.8115981513474917,0.9397508955522488,False
Lawsonella,IL10,-0.02801299718732113,0.5891707314077794,0.831244672883795,False
Lawsonella,IFNB,0.057342959157275476,0.2686579997092387,0.6056530705672148,False
Lawsonella,EOTAXIN,0.00012432835876592543,0.9980879931058619,0.9997953913454289,False
Lawsonella,IL12P70,0.010759478028736873,0.8357069437518057,0.9486274812122903,False
Lawsonella,IL13,-0.0010103640020920567,0.9844628917026086,0.9966079346336277,False
Lawsonella,IL17A,-0.08420106223029135,0.10399039118961097,0.39771513559837507,False
Lawsonella,IL31,0.07624264720692446,0.14111006398649698,0.4581508431254485,False
Lawsonella,IL1RA,0.19189343485517724,0.00018893246295882744,0.011944793796233458,True
Lawsonella,SCF,0.018809046367780705,0.7169305264648418,0.9000419384983249,False
Lawsonella,RANTES,0.02488957715337427,0.6313663340261939,0.8559339513766185,False
Lawsonella,IFNG,0.05605720394555683,0.2795564446582119,0.6161784758382565,False
Lawsonella,GMCSF,0.055211537781900695,0.2868855804773818,0.6226055808280716,False
Lawsonella,TNFA,0.09484232887615124,0.06692824903568485,0.32250399794397366,False
Lawsonella,HGF,0.0973748354719234,0.05992989052580398,0.3052954805850084,False
Lawsonella,MIP1B,-0.0819726244091023,0.113505133314865,0.41531714353898147,False
Lawsonella,IFNA,0.024096237683588078,0.6422848125855499,0.8622638851480479,False
Lawsonella,TGFB,0.1625859631698209,0.0016063354439772176,0.04549924760097906,True
Lawsonella,MCP1,-0.044490074741394894,0.3909245510961711,0.7121554466198964,False
Lawsonella,IL9,0.05097895374419216,0.32549654882840384,0.6530706265874526,False
Lawsonella,VEGFD,0.00794727006788248,0.8782556696538182,0.9625126686909422,False
Lawsonella,TNFB,-0.018832434050257266,0.7165936721079769,0.9000015584002166,False
Lawsonella,NGF,0.019939371906693024,0.7007142153050874,0.8927961165893216,False
Lawsonella,EGF,-0.06261994102906202,0.22699177430124673,0.5606184145938868,False
Lawsonella,BDNF,0.06669348970830566,0.19812688215726634,0.5328412846685912,False
Lawsonella,TRAIL,0.010561942164208206,0.838681578493397,0.9498362508612046,False
Lawsonella,GCSF,0.028302468925084503,0.5853265983294459,0.8287515895448946,False
Lawsonella,GROA,0.027460710385935647,0.5965369976905717,0.8350919335457576,False
Lawsonella,IL1A,-0.0008830286909220981,0.9864208182956651,0.9970791801315255,False
Lawsonella,IL23,-0.0036319164088965583,0.9441912422887184,0.9834958245232497,False
Lawsonella,IL12P40,-0.05898221506001042,0.25518966515654157,0.5913127541363066,False
Lawsonella,IL15,0.08641315528339638,0.09518091449916709,0.3811596887719333,False
Lawsonella,IL18,0.08787366035944326,0.08969831456718133,0.3699309647338299,False
Lawsonella,MCSF,0.00790794721870513,0.8788534134373388,0.9625126686909422,False
Lawsonella,MCP3,-0.005210784379009068,0.9199988790413843,0.9765955437019037,False
Lawsonella,MIG,-0.019246949937087796,0.7106325378558773,0.8979103463240506,False
Lawsonella,RESISTIN,0.11485867179027477,0.026338682175013742,0.19537276494280045,True
Lawsonella,IL21,0.08014706199161513,0.1217976662034692,0.43151173169229085,False
Lawsonella,ICAM1,-0.06258368343605188,0.22726144333537135,0.5606184145938868,False
Lawsonella,VCAM1,0.029175795811180915,0.5737998719136027,0.8218760786362871,False
Lawsonella,FGFB,0.08289153912809394,0.10950204097842041,0.40816392028028453,False
Lawsonella,IL22,-0.11512110349096621,0.025994742157701523,0.19443788369969772,True
Lawsonella,PDGFBB,0.09100351525285505,0.07880166164795485,0.3454149819289773,False
Lawsonella,VEGF,0.028234628623816684,0.5862264638291028,0.8289771079995929,False
Lawsonella,LEPTIN,0.05393063421721429,0.2982308308141712,0.6324810659725972,False
Lawsonella,PAI1,-0.06819586686190383,0.1881864445860412,0.5228157829725131,False
Lawsonella,CD40L,-0.005069351327416579,0.922163329717103,0.9773354947429126,False
Lawsonella,ENA78,-0.06805905283937533,0.18907620970210956,0.5228157829725131,False
Leptotrichia,IL17F,-0.008074565720138214,0.8763211333899532,0.9623837678244319,False
Leptotrichia,FASL,0.039222536591686605,0.44948150146256527,0.7477957001076667,False
Leptotrichia,TGFA,0.024027846166930586,0.6432297225079702,0.8623791089847366,False
Leptotrichia,MIP1A,0.07104973524113509,0.1703218367260326,0.5017929508612787,False
Leptotrichia,SDF1A,0.035308521178609706,0.4960228054205441,0.7770374099513296,False
Leptotrichia,IL27,-0.05363402057044249,0.300899990490222,0.6352322894971079,False
Leptotrichia,LIF,-0.06780535227648028,0.19073431007402675,0.5228157829725131,False
Leptotrichia,IL1B,-0.004836599047151434,0.9257265462946989,0.9788808278045139,False
Leptotrichia,IL2,0.06438575366856644,0.21413235263737518,0.5497498658647887,False
Leptotrichia,IL4,0.08230763059801957,0.11203264316402672,0.41309976361685047,False
Leptotrichia,IL5,-0.11154550805628272,0.031028957546859984,0.21343647160428944,True
Leptotrichia,IP10,0.11137126885546257,0.03129423321669638,0.21399733008476202,True
Leptotrichia,IL6,0.0011765491212886038,0.9819077466969076,0.9958279219499718,False
Leptotrichia,IL7,0.05733255777260701,0.26874498256710105,0.6056530705672148,False
Leptotrichia,IL8,0.06373848553411061,0.21878389255910363,0.5537438062536479,False
Leptotrichia,IL10,0.04491622136631981,0.38639808110587803,0.7089297436028932,False
Leptotrichia,IFNB,-0.03767015526241001,0.46763933212986,0.7596823405817138,False
Leptotrichia,EOTAXIN,-0.0252620544172949,0.6262673635075415,0.8529438817977316,False
Leptotrichia,IL12P70,-0.00633463709800912,0.9028220396245338,0.9701135837313933,False
Leptotrichia,IL13,-0.04263967776339459,0.4109483804217604,0.7241736676806378,False
Leptotrichia,IL17A,-0.036598017189192894,0.4804125374579419,0.7687013354724876,False
Leptotrichia,IL31,-0.05101673023465982,0.32513770062981684,0.652849359307081,False
Leptotrichia,IL1RA,-0.03534171860629987,0.4956175745718582,0.776896567470393,False
Leptotrichia,SCF,0.006957235635808905,0.8933252582713178,0.9675120899537724,False
Leptotrichia,RANTES,0.07801583932231711,0.13206710250741555,0.4471689514510794,False
Leptotrichia,IFNG,0.04953077300001442,0.33944643630343485,0.6676457929408413,False
Leptotrichia,GMCSF,-0.07134340969305182,0.16855787831637292,0.49763900306710085,False
Leptotrichia,TNFA,-0.045166389040179035,0.3837557404592835,0.7076526872976874,False
Leptotrichia,HGF,0.009632125543309507,0.8527135875323878,0.9545125489171852,False
Leptotrichia,MIP1B,0.002490462631479216,0.9617145626705204,0.987204242733345,False
Leptotrichia,IFNA,-0.036778673285781584,0.4782470639531292,0.7675060732983782,False
Leptotrichia,TGFB,-0.0031019253444340322,0.9523247061096024,0.98479834323417,False
Leptotrichia,MCP1,-0.06657723607637842,0.1989117211260426,0.5328544607815906,False
Leptotrichia,IL9,0.035846644964552934,0.4894758524566005,0.7739775866650843,False
Leptotrichia,VEGFD,-0.026360607709250868,0.6113329087630317,0.8447659695355375,False
Leptotrichia,TNFB,0.06780311667509645,0.19074896843748762,0.5228157829725131,False
Leptotrichia,NGF,-0.147073943129026,0.004368226850240495,0.07643686330716037,True
Leptotrichia,EGF,0.017792562061961482,0.7316232004827959,0.9072127685986671,False
Leptotrichia,BDNF,0.13111179978328247,0.011146916249403708,0.12904521301176905,True
Leptotrichia,TRAIL,0.0665484477257609,0.19910642308265386,0.5328544607815906,False
Leptotrichia,GCSF,0.0031549138757524403,0.951511285457089,0.984709510932987,False
Leptotrichia,GROA,0.019200464288924503,0.7113001768315474,0.8979103463240506,False
Leptotrichia,IL1A,0.0634172648339774,0.22111896982480944,0.5547859045064913,False
Leptotrichia,IL23,-0.06828670370783883,0.18759739235093756,0.5226128054509394,False
Leptotrichia,IL12P40,0.06540277516614272,0.20696782965890184,0.5409091280885865,False
Leptotrichia,IL15,-0.03383694699347168,0.5141613569433121,0.7906963232608833,False
Leptotrichia,IL18,0.0390295872839327,0.4517164797077968,0.7497210378710812,False
Leptotrichia,MCSF,0.05433737394035078,0.2945963535513351,0.6298806836122995,False
Leptotrichia,MCP3,0.1439250508217012,0.005293747240692121,0.08288664644945708,True
Leptotrichia,MIG,0.07263630145197544,0.16095424765756422,0.48731671292957585,False
Leptotrichia,RESISTIN,-0.02081106482645313,0.6883000656608935,0.8872607137424385,False
Leptotrichia,IL21,0.08598572792807783,0.09683503859587987,0.38465995194174746,False
Leptotrichia,ICAM1,0.04442582582376658,0.3916097658699639,0.7121554466198964,False
Leptotrichia,VCAM1,0.043488887494727235,0.40168449187099386,0.7172464964688172,False
Leptotrichia,FGFB,0.013697866553937763,0.7917569712114649,0.92971462528619,False
Leptotrichia,IL22,0.010577777823720139,0.8384430286815796,0.9497588510034946,False
Leptotrichia,PDGFBB,0.14426494469881118,0.005185980715329912,0.0826322303618562,True
Leptotrichia,VEGF,0.024698619132675178,0.6339872351858394,0.8579293471044017,False
Leptotrichia,LEPTIN,-0.07496869002413452,0.1478943249675169,0.46788821527955193,False
Leptotrichia,PAI1,-0.04971492010176259,0.3376517103598883,0.6655233287913022,False
Leptotrichia,CD40L,-0.015268497615579642,0.768522993250341,0.9200531338996716,False
Leptotrichia,ENA78,-0.01494918578607306,0.7732305021706705,0.9225200346616081,False
Lysinibacillus,IL17F,0.10238220391011062,0.047866493638126964,0.2714380431918176,True
Lysinibacillus,FASL,0.09702579332478012,0.060856942911435195,0.3065663930900144,False
Lysinibacillus,TGFA,0.07641959137292023,0.14018692981618971,0.45709225610168414,False
Lysinibacillus,MIP1A,0.12088017077920725,0.019363033517535436,0.16947765482904475,True
Lysinibacillus,SDF1A,0.04202132653037735,0.417772677321811,0.7300881739604465,False
Lysinibacillus,IL27,0.004347417921141377,0.9332201990507175,0.9807531110289827,False
Lysinibacillus,LIF,0.028410557184280143,0.5838941868025962,0.8277768197049001,False
Lysinibacillus,IL1B,-0.06654877213409674,0.1991042282651304,0.5328544607815906,False
Lysinibacillus,IL2,0.05922709867571668,0.253218532301893,0.5897465782883295,False
Lysinibacillus,IL4,0.0008695025341525012,0.9866288034758557,0.9970791801315255,False
Lysinibacillus,IL5,0.07238647241843742,0.16240303667454245,0.49011383523163093,False
Lysinibacillus,IP10,0.03328900220914613,0.5210020226101022,0.7940975925059739,False
Lysinibacillus,IL6,0.003262406239611332,0.9498613383850689,0.984194055198207,False
Lysinibacillus,IL7,0.019471259428140243,0.7074140617745501,0.89634481191047,False
Lysinibacillus,IL8,0.029205233648318694,0.5734132059365948,0.8218760786362871,False
Lysinibacillus,IL10,-0.006339282539880552,0.9027511275428998,0.9701135837313933,False
Lysinibacillus,IFNB,0.11110092244609052,0.0317096656996823,0.21473293034493598,True
Lysinibacillus,EOTAXIN,-0.09426521108484673,0.06861342809377,0.325287110249139,False
Lysinibacillus,IL12P70,-0.023594028561134454,0.6492367657684801,0.8664961577437433,False
Lysinibacillus,IL13,-0.008102181077055612,0.8759015542660751,0.9623837678244319,False
Lysinibacillus,IL17A,-0.04979852234869479,0.3368389179526241,0.6650428397563227,False
Lysinibacillus,IL31,0.08979109688946378,0.08288811243670925,0.354893514105664,False
Lysinibacillus,IL1RA,0.07795034576628779,0.13239295617580885,0.4480004217471276,False
Lysinibacillus,SCF,-0.07952322537608772,0.12473712645966048,0.43741975915960374,False
Lysinibacillus,RANTES,0.09495312494893808,0.06660864075049183,0.32151921746344675,False
Lysinibacillus,IFNG,-0.005240918344269363,0.9195377932439153,0.9765955437019037,False
Lysinibacillus,GMCSF,0.1053297721207731,0.041767582964225725,0.25171055293852956,True
Lysinibacillus,TNFA,0.0892889451846738,0.08462994655105713,0.3588565625482541,False
Lysinibacillus,HGF,-0.025179255415211887,0.6273993020359689,0.8537786704698566,False
Lysinibacillus,MIP1B,0.0993252330408444,0.05496195285326127,0.2906992387878653,True
Lysinibacillus,IFNA,0.04596006574337809,0.3754458905870558,0.7009432429890312,False
Lysinibacillus,TGFB,0.09119878433070679,0.07815903510894806,0.3441591413688214,False
Lysinibacillus,MCP1,-0.06988041793512191,0.1774821069012896,0.5110165926260042,False
Lysinibacillus,IL9,0.030790040168458252,0.5527806289093822,0.8129606335602598,False
Lysinibacillus,VEGFD,0.05137000402496255,0.3217942802034293,0.6489382304066265,False
Lysinibacillus,TNFB,0.04674147370257066,0.3673735518688135,0.6934859335006697,False
Lysinibacillus,NGF,0.0916759665812036,0.07660650630791938,0.3408357858268256,False
Lysinibacillus,EGF,-0.03994291460773488,0.44119260284489614,0.7432146318525491,False
Lysinibacillus,BDNF,-0.044723560570681976,0.3884405376130633,0.7105523000675212,False
Lysinibacillus,TRAIL,0.1240303338139506,0.01640059087914838,0.15511067306042026,True
Lysinibacillus,GCSF,0.0750828671028355,0.1472763474916866,0.4671832555296118,False
Lysinibacillus,GROA,0.03229385872570644,0.5335438909443534,0.8026893802829582,False
Lysinibacillus,IL1A,0.1558577180312677,0.0025065729508009687,0.058036004421034876,True
Lysinibacillus,IL23,0.03991690153336233,0.4414903914503021,0.7432146318525491,False
Lysinibacillus,IL12P40,-0.10182609193828336,0.04909698718840225,0.2747855451467247,True
Lysinibacillus,IL15,0.009872741557420803,0.8490777715218615,0.9538482397054872,False
Lysinibacillus,IL18,0.09253150101202144,0.0738857456516383,0.3376062798340236,False
Lysinibacillus,MCSF,0.08088476152426805,0.11839162018011788,0.42528655046729147,False
Lysinibacillus,MCP3,-0.014784056571528951,0.7756682231917942,0.923550896923887,False
Lysinibacillus,MIG,0.05082203633655146,0.32698989100296183,0.6546837430199236,False
Lysinibacillus,RESISTIN,0.05935068546428763,0.25222777000516583,0.5886369538389065,False
Lysinibacillus,IL21,0.11614708378616134,0.024686962764340906,0.18793076701912997,True
Lysinibacillus,ICAM1,-0.04655259225106771,0.3693148544286655,0.6951234645269069,False
Lysinibacillus,VCAM1,0.021979221851088304,0.67179462919785,0.881596023107467,False
Lysinibacillus,FGFB,0.10562115006284693,0.04120195514272601,0.25066230681854074,True
Lysinibacillus,IL22,-0.1694131601967483,0.0010049626486547687,0.03337911654460481,True
Lysinibacillus,PDGFBB,-0.1796759920822249,0.0004801484388058807,0.0220286047511177,True
Lysinibacillus,VEGF,0.06148642231998153,0.2355302549417942,0.568205284295379,False
Lysinibacillus,LEPTIN,0.06384763432267997,0.21799447773573816,0.5536682684412467,False
Lysinibacillus,PAI1,0.010844752098939366,0.8344235467649183,0.9486274812122903,False
Lysinibacillus,CD40L,0.0380487510590699,0.4631740224876162,0.7566121985061804,False
Lysinibacillus,ENA78,-0.08050802916595318,0.12012162428777602,0.4276792857068238,False
Methylobacterium-Methylorubrum,IL17F,-0.00029246946188764993,0.9955022231747266,0.9996455141182167,False
Methylobacterium-Methylorubrum,FASL,-0.0012345932481194575,0.9810153434244856,0.995103729559831,False
Methylobacterium-Methylorubrum,TGFA,-0.04875040129422308,0.34711952947542557,0.675271768327486,False
Methylobacterium-Methylorubrum,MIP1A,0.06283519490464473,0.22539548378209126,0.5590606812685972,False
Methylobacterium-Methylorubrum,SDF1A,-0.010065079046776266,0.846173759521557,0.9530984211001793,False
Methylobacterium-Methylorubrum,IL27,-0.1320277010419654,0.01058997428603293,0.1251950349916605,True
Methylobacterium-Methylorubrum,LIF,-0.16832095277183545,0.0010845591918117708,0.03438545619494136,True
Methylobacterium-Methylorubrum,IL1B,-0.020155478186296073,0.6976289685019966,0.8913952469083206,False
Methylobacterium-Methylorubrum,IL2,0.004462568611997198,0.9314556769174012,0.9807531110289827,False
Methylobacterium-Methylorubrum,IL4,0.011591990782446247,0.8231965574374932,0.944957167352646,False
Methylobacterium-Methylorubrum,IL5,-0.11696269704280379,0.02368821139112297,0.1851263579306249,True
Methylobacterium-Methylorubrum,IP10,0.03533869783720703,0.4956544408950895,0.776896567470393,False
Methylobacterium-Methylorubrum,IL6,-0.08494001068965282,0.10097851398430244,0.3915927434967222,False
Methylobacterium-Methylorubrum,IL7,0.06922437768629969,0.18159587663566526,0.5167287055721632,False
Methylobacterium-Methylorubrum,IL8,-0.039408456242834095,0.44733387048694917,0.7477320012988994,False
Methylobacterium-Methylorubrum,IL10,-0.014439011746270243,0.780769035226979,0.925776463744268,False
Methylobacterium-Methylorubrum,IFNB,-0.013032813946604896,0.801652055495985,0.9361727615765634,False
Methylobacterium-Methylorubrum,EOTAXIN,-0.07330877160119836,0.15710284584559298,0.48326514338678084,False
Methylobacterium-Methylorubrum,IL12P70,-0.08548583014638676,0.0987985818575887,0.3866031463992602,False
Methylobacterium-Methylorubrum,IL13,-0.09831395725839888,0.057493362983699434,0.29853641180132373,True
Methylobacterium-Methylorubrum,IL17A,-0.009013591612651809,0.8620740480641639,0.9565927395989228,False
Methylobacterium-Methylorubrum,IL31,-0.16327727960006005,0.0015330660381587498,0.04432387820168821,True
Methylobacterium-Methylorubrum,IL1RA,-0.12407468991078642,0.01636187961267133,0.1550072805410968,True
Methylobacterium-Methylorubrum,SCF,-0.12184091306338372,0.018413719706595295,0.1670821674573353,True
Methylobacterium-Methylorubrum,RANTES,-0.05557577670181758,0.28371313972634876,0.6204939340661458,False
Methylobacterium-Methylorubrum,IFNG,-0.056546267626126814,0.2753762351935105,0.612619445934162,False
Methylobacterium-Methylorubrum,GMCSF,-0.16186822745018645,0.001685789777050135,0.04611363677135065,True
Methylobacterium-Methylorubrum,TNFA,-0.11994466917371674,0.020328052749611192,0.17123935467250118,True
Methylobacterium-Methylorubrum,HGF,-0.07203087932344812,0.1644820354633682,0.49412815167037133,False
Methylobacterium-Methylorubrum,MIP1B,-0.033649001440821766,0.5165024581045448,0.7915637781442899,False
Methylobacterium-Methylorubrum,IFNA,-0.12050034236405498,0.01974993070569936,0.16970233446846072,True
Methylobacterium-Methylorubrum,TGFB,-0.1074407384081815,0.03781402238954821,0.23872136814399414,True
Methylobacterium-Methylorubrum,MCP1,-0.09818272238619749,0.05782883618136997,0.299059226962043,True
Methylobacterium-Methylorubrum,IL9,-0.039102636457544866,0.4508695981467621,0.7490113192256996,False
Methylobacterium-Methylorubrum,VEGFD,-0.07073082976768287,0.17225290904576038,0.5040226704118211,False
Methylobacterium-Methylorubrum,TNFB,-0.038650899645315026,0.4561210548589264,0.7514483277569559,False
Methylobacterium-Methylorubrum,NGF,-0.1440261368540668,0.005261488387138807,0.08288664644945708,True
Methylobacterium-Methylorubrum,EGF,-0.0748199192831237,0.14870249714561107,0.4695868330914034,False
Methylobacterium-Methylorubrum,BDNF,0.014064892798060032,0.7863102811608149,0.9270940039139035,False
Methylobacterium-Methylorubrum,TRAIL,0.021605713872242305,0.677055446098863,0.8829898300433745,False
Methylobacterium-Methylorubrum,GCSF,-0.09237909432831334,0.07436458376811345,0.3382266138101689,False
Methylobacterium-Methylorubrum,GROA,-0.044407869369011956,0.3918014012019626,0.7121554466198964,False
Methylobacterium-Methylorubrum,IL1A,0.006381341772376112,0.9021091339230439,0.9701135837313933,False
Methylobacterium-Methylorubrum,IL23,-0.14430840528771655,0.005172344450509748,0.0826322303618562,True
Methylobacterium-Methylorubrum,IL12P40,-0.06299500777943254,0.22421551079900448,0.5581041202184684,False
Methylobacterium-Methylorubrum,IL15,-0.08320340746764299,0.10816899290087846,0.4050892485818133,False
Methylobacterium-Methylorubrum,IL18,-0.0866379465087408,0.0943200714383617,0.3789414567746418,False
Methylobacterium-Methylorubrum,MCSF,-0.05137665354956853,0.3217315634911521,0.6489382304066265,False
Methylobacterium-Methylorubrum,MCP3,0.05069156931865039,0.32823488026028236,0.6558871244719431,False
Methylobacterium-Methylorubrum,MIG,0.038466487958181035,0.45827465526762845,0.752766631003936,False
Methylobacterium-Methylorubrum,RESISTIN,-0.19017816697953782,0.00021612989944873974,0.012967793966924384,True
Methylobacterium-Methylorubrum,IL21,0.0308197054136427,0.5523979017316399,0.8129606335602598,False
Methylobacterium-Methylorubrum,ICAM1,0.052701783602700294,0.3093918885538375,0.6429820253744555,False
Methylobacterium-Methylorubrum,VCAM1,-0.0785074122555629,0.1296410733144259,0.444430643991045,False
Methylobacterium-Methylorubrum,FGFB,-0.07539704705134578,0.14558601416327496,0.4663432600637625,False
Methylobacterium-Methylorubrum,IL22,0.06366049996687016,0.2193491716506785,0.5537438062536479,False
Methylobacterium-Methylorubrum,PDGFBB,0.07475311282068153,0.1490665029313633,0.4697441673643375,False
Methylobacterium-Methylorubrum,VEGF,0.034676864014926874,0.5037666824733331,0.7831890437978631,False
Methylobacterium-Methylorubrum,LEPTIN,-0.17709870887468385,0.0005802178250452062,0.023982336768535187,True
Methylobacterium-Methylorubrum,PAI1,-0.061165255159459905,0.23799015365274295,0.5705890521898477,False
Methylobacterium-Methylorubrum,CD40L,-0.014775773044829589,0.775790567031172,0.923550896923887,False
Methylobacterium-Methylorubrum,ENA78,0.004156960945453675,0.936139397225623,0.9815858438643,False
Microbacterium,IL17F,0.037097055933642764,0.4744436693144004,0.7643399448382395,False
Microbacterium,FASL,0.036819644679005205,0.4777566916584066,0.7669396833872005,False
Microbacterium,TGFA,0.003915924273514361,0.9398350686345113,0.9831795431159679,False
Microbacterium,MIP1A,-0.007929294922200517,0.878528899986112,0.9625126686909422,False
Microbacterium,SDF1A,-0.04349067025238212,0.40166517629399656,0.7172464964688172,False
Microbacterium,IL27,-0.0076660172808475984,0.8825324736407592,0.9644596950480682,False
Microbacterium,LIF,0.05387505525858907,0.29872977050873817,0.6326042199008574,False
Microbacterium,IL1B,-0.04684314078575666,0.3663312553070419,0.6931598523612391,False
Microbacterium,IL2,0.026400013628725582,0.6108001283295759,0.844676562668359,False
Microbacterium,IL4,-0.06380733264803955,0.2182857204074521,0.5537438062536479,False
Microbacterium,IL5,0.0024442784292467014,0.962424016222025,0.987204242733345,False
Microbacterium,IP10,0.0023781791084910007,0.9634394450961048,0.987204242733345,False
Microbacterium,IL6,-0.0025242243187092598,0.961195955290282,0.987204242733345,False
Microbacterium,IL7,0.13236400830643402,0.01039174531010135,0.12416689257037589,True
Microbacterium,IL8,0.00015988413103366095,0.9975411935512327,0.9997953913454289,False
Microbacterium,IL10,-0.024610698020253105,0.6351954951484742,0.8584707857793811,False
Microbacterium,IFNB,0.015205924504870889,0.7694448245212333,0.9203648704884205,False
Microbacterium,EOTAXIN,0.029725029598383173,0.5666060384553541,0.8207128369260381,False
Microbacterium,IL12P70,-0.018297730584042892,0.7243086468745112,0.9029585007953023,False
Microbacterium,IL13,-0.05761644019967277,0.2663778880187742,0.6015332315438122,False
Microbacterium,IL17A,-0.1269015016129839,0.014054022139062159,0.1415549522309871,True
Microbacterium,IL31,0.050607252111661664,0.32904110906096073,0.6569049690734028,False
Microbacterium,IL1RA,0.03552454690048329,0.49338900328929514,0.7748615029107524,False
Microbacterium,SCF,-0.09267750347284041,0.07342938600125096,0.3373442157909717,False
Microbacterium,RANTES,0.04151741902807804,0.4233827955591509,0.7331181434413502,False
Microbacterium,IFNG,-0.016181309581335006,0.7551130643546982,0.9163834056327133,False
Microbacterium,GMCSF,-0.10047423340036503,0.05219882078885827,0.2845015876935675,True
Microbacterium,TNFA,0.017652830308818312,0.733650766388886,0.9081125280501295,False
Microbacterium,HGF,-0.006900226681470649,0.8941942297167947,0.9677276574514574,False
Microbacterium,MIP1B,-0.046592204349656136,0.3689072001377449,0.6951234645269069,False
Microbacterium,IFNA,-0.0038812547096859005,0.9403667444086505,0.9832476937214277,False
Microbacterium,TGFB,0.023663062436170026,0.6482793239580683,0.8658293088668981,False
Microbacterium,MCP1,0.01844368292850076,0.7221999645572246,0.902669551671955,False
Microbacterium,IL9,-0.009423542238118596,0.8558679017852383,0.9545125489171852,False
Microbacterium,VEGFD,-0.014824673411468764,0.7750684116455786,0.9235328079162414,False
Microbacterium,TNFB,-0.03023757430655786,0.559931859559293,0.8168417715923805,False
Microbacterium,NGF,0.0012864258901871138,0.9802184590011811,0.9946570287737025,False
Microbacterium,EGF,-0.09240958803370572,0.07426857571168693,0.3382266138101689,False
Microbacterium,BDNF,-0.025842219039345152,0.618360682562038,0.848402411776782,False
Microbacterium,TRAIL,3.394942751070312e-05,0.9994779019255309,0.9997953913454289,False
Microbacterium,GCSF,-0.007837449735405223,0.8799252125485708,0.9629305130458963,False
Microbacterium,GROA,-8.131901974174734e-05,0.9987494195795844,0.9997953913454289,False
Microbacterium,IL1A,0.01426540362638118,0.7833390639832081,0.9264879422151057,False
Microbacterium,IL23,0.053246468299267095,0.3044113005319312,0.6383371127276123,False
Microbacterium,IL12P40,-0.12042793870379388,0.019824439953606793,0.16970233446846072,True
Microbacterium,IL15,0.01428048172391725,0.783115759717628,0.9264879422151057,False
Microbacterium,IL18,0.04285612535716326,0.4085752704050616,0.7228440104185935,False
Microbacterium,MCSF,0.04163508748498769,0.42206885030651564,0.7321561169059574,False
Microbacterium,MCP3,-0.05778842572619559,0.2649507938169337,0.5992806767322619,False
Microbacterium,MIG,-0.07981202995525567,0.12336952837420535,0.4343230084088744,False
Microbacterium,RESISTIN,0.009611106207954407,0.8530313483685217,0.9545125489171852,False
Microbacterium,IL21,0.02088057694045586,0.687313652187127,0.8869588758566532,False
Microbacterium,ICAM1,-0.060180160961235366,0.24564773763243142,0.582151409351827,False
Microbacterium,VCAM1,0.03147173527398546,0.5440185801398284,0.8073467226543197,False
Microbacterium,FGFB,0.03541048008660445,0.4947787844227778,0.7761781324371944,False
Microbacterium,IL22,-0.06392831068422089,0.21741230079339968,0.5530560549471157,False
Microbacterium,PDGFBB,-0.014511184431104374,0.7797013179328598,0.9256879476734804,False
Microbacterium,VEGF,0.01633916237750656,0.7528013919614188,0.9163834056327133,False
Microbacterium,LEPTIN,-0.1124255085222908,0.029718357217001615,0.20857647786431704,True
Microbacterium,PAI1,-0.0447505161648536,0.3881543796761153,0.7105523000675212,False
Microbacterium,CD40L,-0.009418425582135221,0.8559453077806053,0.9545125489171852,False
Microbacterium,ENA78,-0.1061822292443056,0.04013097158626738,0.24782081788340019,True
Micrococcus,IL17F,0.05340182700520607,0.30300047549922793,0.6369741941299667,False
Micrococcus,FASL,0.03419802651918855,0.5096791241006406,0.7882509735259354,False
Micrococcus,TGFA,0.009990297932046201,0.8473025989177723,0.9536434965448359,False
Micrococcus,MIP1A,-0.009040685378359904,0.8616636157399991,0.9565927395989228,False
Micrococcus,SDF1A,-0.02053468352540881,0.6922272737738944,0.8899586165802095,False
Micrococcus,IL27,0.007950003318541406,0.8782141242736159,0.9625126686909422,False
Micrococcus,LIF,0.017704684356944896,0.7328981257697418,0.9077850259256736,False
Micrococcus,IL1B,-0.0021596547965000556,0.9667968637301472,0.9892852350591476,False
Micrococcus,IL2,-0.010308937221520513,0.8424948558937928,0.9504895462772672,False
Micrococcus,IL4,-0.01570713145291948,0.7620702276580391,0.9176417501795119,False
Micrococcus,IL5,-0.04181871244774637,0.42002316482745905,0.7321561169059574,False
Micrococcus,IP10,0.08814023813124577,0.08872548627186651,0.36840283076081093,False
Micrococcus,IL6,0.011117116073224848,0.83032735518611,0.9474924775815956,False
Micrococcus,IL7,0.10776925238065611,0.037228217954345846,0.236329301689704,True
Micrococcus,IL8,0.011890263974267285,0.8187250212869859,0.9431225472298475,False
Micrococcus,IL10,-0.05970401924281707,0.24941004665481104,0.585735715628723,False
Micrococcus,IFNB,0.005326397547151142,0.9182300060784077,0.9759473207461933,False
Micrococcus,EOTAXIN,0.06448214629316508,0.21344575826367332,0.5486077066380918,False
Micrococcus,IL12P70,-0.0016278744220902307,0.9749694956263493,0.9922991593010085,False
Micrococcus,IL13,-0.04468690072551755,0.38882992021835416,0.7105523000675212,False
Micrococcus,IL17A,-0.08572913370501217,0.0978389939576572,0.38501388627866456,False
Micrococcus,IL31,0.07367027581631391,0.15506138664531194,0.4801567910548505,False
Micrococcus,IL1RA,-0.0028707712516416167,0.955873692717986,0.9850504294042394,False
Micrococcus,SCF,-0.08328358950269103,0.10782833896658174,0.40438920087917984,False
Micrococcus,RANTES,0.06253069133210232,0.22765598582562788,0.561343526693329,False
Micrococcus,IFNG,0.027125141697954373,0.6010330291238863,0.8385630847490803,False
Micrococcus,GMCSF,-0.008233908187257841,0.8739006136460825,0.9608601820975646,False
Micrococcus,TNFA,0.024150951014003164,0.6415292979195011,0.8617557733247029,False
Micrococcus,HGF,0.01537795606858518,0.7669112283342812,0.9197990817379736,False
Micrococcus,MIP1B,-0.06301544857581308,0.22406490468891804,0.5581041202184684,False
Micrococcus,IFNA,-0.03631003242455887,0.4838755051485658,0.7701156071674266,False
Micrococcus,TGFB,-0.01755062363487874,0.735135001201209,0.9083377561343547,False
Micrococcus,MCP1,0.06348784348793696,0.2206043873300823,0.5537438062536479,False
Micrococcus,IL9,0.009679314431628953,0.8520002939792324,0.9545125489171852,False
Micrococcus,VEGFD,0.07766615364040397,0.13381410181507883,0.44953804222043336,False
Micrococcus,TNFB,0.031761180569339034,0.5403191633262205,0.8061817157461093,False
Micrococcus,NGF,0.009937915271144135,0.8480935141404798,0.9537349953427646,False
Micrococcus,EGF,-0.004887217010283184,0.9249515045440908,0.9784408562172772,False
Micrococcus,BDNF,-0.011362134918370848,0.826646334322219,0.946541030266426,False
Micrococcus,TRAIL,0.025508751095854557,0.6228999962386603,0.8512814055870009,False
Micrococcus,GCSF,-0.0010549641120140673,0.9837771352481139,0.9964560563958025,False
Micrococcus,GROA,0.03142974378249865,0.5445563159593613,0.8073523580113873,False
Micrococcus,IL1A,0.0058071838782657054,0.9108784308993815,0.9725058117673375,False
Micrococcus,IL23,0.05381581185556604,0.29926221716368745,0.6332511079914205,False
Micrococcus,IL12P40,-0.11187304128049445,0.03053549563280875,0.21166219333052524,True
Micrococcus,IL15,0.06789571468644906,0.19014251409563465,0.5228157829725131,False
Micrococcus,IL18,0.07945614827322607,0.12505644040926867,0.43741975915960374,False
Micrococcus,MCSF,0.05210255419856756,0.31493284100273855,0.646112226674723,False
Micrococcus,MCP3,-0.013382233880409478,0.7964490992811353,0.9332603893298477,False
Micrococcus,MIG,-0.044001057022272014,0.396158164895391,0.7137754472445211,False
Micrococcus,RESISTIN,0.05557863767117556,0.28368831533023403,0.6204939340661458,False
Micrococcus,IL21,0.033332559144086296,0.5204565454290474,0.7939167642138011,False
Micrococcus,ICAM1,0.012902818828588854,0.8035899690376552,0.9365146255701997,False
Micrococcus,VCAM1,0.07344104529130749,0.1563535388097116,0.48204896854943063,False
Micrococcus,FGFB,0.039014529862826185,0.4518911563325797,0.7497210378710812,False
Micrococcus,IL22,-0.05142975081190445,0.32123104804786734,0.6488301190541125,False
Micrococcus,PDGFBB,0.033850522447872546,0.5139924704719605,0.7906963232608833,False
Micrococcus,VEGF,0.04577761700258894,0.3773462755925263,0.701864072602099,False
Micrococcus,LEPTIN,-0.007011461868355141,0.89249882138997,0.9675120899537724,False
Micrococcus,PAI1,-0.042413745861494774,0.4134341499740909,0.7261449659601596,False
Micrococcus,CD40L,-0.021696741101805958,0.6757718789891611,0.8823236192422893,False
Micrococcus,ENA78,-0.04978902368020147,0.336931202148947,0.6650428397563227,False
Microlunatus,IL17F,0.07044327703900638,0.17400807447406752,0.5068474965667482,False
Microlunatus,FASL,-0.033601375267170955,0.5170965754140033,0.7922389191524849,False
Microlunatus,TGFA,0.044680900118294224,0.38889367820899823,0.7105523000675212,False
Microlunatus,MIP1A,-0.03822380307145656,0.46111741898024106,0.7554419253992205,False
Microlunatus,SDF1A,-0.019795137173095428,0.7027761293256468,0.8932780869332823,False
Microlunatus,IL27,0.06643541380108917,0.19987223798973344,0.5329378929080653,False
Microlunatus,LIF,0.027851762510770067,0.5913169172731336,0.8327986871236965,False
Microlunatus,IL1B,0.028278069599740465,0.585650168806785,0.8287515895448946,False
Microlunatus,IL2,-0.08708741413357633,0.09261747059499857,0.3758585352146124,False
Microlunatus,IL4,0.021913390736064978,0.6727207004197286,0.8819975348548134,False
Microlunatus,IL5,0.09319191440755402,0.07183975712357088,0.3327423982498587,False
Microlunatus,IP10,-0.10515967376707791,0.04210079701263391,0.25263576064136584,True
Microlunatus,IL6,0.01809417393997344,0.727253060591029,0.9039258813651823,False
Microlunatus,IL7,-0.05606450070475804,0.27949376250799784,0.6161784758382565,False
Microlunatus,IL8,-0.046530755216240324,0.36953970199482067,0.6951234645269069,False
Microlunatus,IL10,-0.0050184600881560595,0.9229422959067914,0.9775717475265958,False
Microlunatus,IFNB,0.05817036294506937,0.26180036200790774,0.5960310228788737,False
Microlunatus,EOTAXIN,0.14938339040870696,0.003785180733237225,0.07063982773064788,True
Microlunatus,IL12P70,0.12872285379495987,0.012723302150330485,0.13538440205400726,True
Microlunatus,IL13,0.06732116479327171,0.19392833780227353,0.5257108784552108,False
Microlunatus,IL17A,0.12439887310751153,0.01608137214525103,0.15338713144361427,True
Microlunatus,IL31,0.03040231688568394,0.5577947301071483,0.8159249947130791,False
Microlunatus,IL1RA,-0.0306792530112209,0.5542110973552692,0.8133004428271615,False
Microlunatus,SCF,0.08694267864839424,0.09316303053541357,0.37654619170015496,False
Microlunatus,RANTES,-0.1010677931275751,0.05081736177335467,0.2801371694065421,True
Microlunatus,IFNG,0.07726162419541018,0.13585724778989647,0.4512645568381185,False
Microlunatus,GMCSF,0.06813387267757541,0.1885892395936944,0.5228157829725131,False
Microlunatus,TNFA,-0.011306220784294812,0.827486024837654,0.9469589865861586,False
Microlunatus,HGF,0.06832041036676022,0.18737915902332436,0.522526590379885,False
Microlunatus,MIP1B,0.007706969097581163,0.8819095342952962,0.9639677181915284,False
Microlunatus,IFNA,-0.010882079361710656,0.833861899710709,0.9486274812122903,False
Microlunatus,TGFB,-0.001931463220568279,0.9703034355614085,0.9905402799913391,False
Microlunatus,MCP1,0.22107026303661817,1.5997726422337135e-05,0.0021772515472351516,True
Microlunatus,IL9,0.014443214905822984,0.7807068426867241,0.925776463744268,False
Microlunatus,VEGFD,0.02762224299733601,0.5943781962669853,0.8342218080573319,False
Microlunatus,TNFB,-0.05073136312317957,0.3278548213731658,0.6558871244719431,False
Microlunatus,NGF,0.0893397318310947,0.08445245108889908,0.3588565625482541,False
Microlunatus,EGF,-0.002812062299831572,0.9567752125708107,0.9850610768789602,False
Microlunatus,BDNF,-0.06613974835277249,0.20188552444171004,0.5336733045463431,False
Microlunatus,TRAIL,-0.05028563970202737,0.33212804528999107,0.660024339850348,False
Microlunatus,GCSF,-0.02107244362295026,0.684593717018432,0.8861649556386041,False
Microlunatus,GROA,0.01718882213483352,0.7403969313644385,0.9104371215689435,False
Microlunatus,IL1A,-0.0841272065970285,0.10429528581553173,0.39806271877610605,False
Microlunatus,IL23,0.07754174794402559,0.1344398977580629,0.45078248658960407,False
Microlunatus,IL12P40,0.015395007527077885,0.7666602374858468,0.9197990817379736,False
Microlunatus,IL15,0.01622984294873572,0.7544020846833097,0.9163834056327133,False
Microlunatus,IL18,-0.07873059362132856,0.12855105971906414,0.44360848066318975,False
Microlunatus,MCSF,-0.0771171662613562,0.1365926428849,0.45206817751941997,False
Microlunatus,MCP3,0.010973489130270379,0.8324868538084147,0.9484027448450294,False
Microlunatus,MIG,-0.017804096785574697,0.73145590999007,0.9072069299276708,False
Microlunatus,RESISTIN,-0.02165257281289387,0.6763945752658675,0.8828729192943956,False
Microlunatus,IL21,-0.07020449266709262,0.17547565052428585,0.5091805147818591,False
Microlunatus,ICAM1,0.008798387864483885,0.8653353896580029,0.9582400226814163,False
Microlunatus,VCAM1,-0.06168034829280724,0.23405363418443637,0.5667091594237808,False
Microlunatus,FGFB,-0.04402920905691864,0.3958557351130243,0.7137754472445211,False
Microlunatus,IL22,0.17616394007364142,0.0006210608145390312,0.02475370960805567,True
Microlunatus,PDGFBB,-0.05233871717883658,0.31274138261238904,0.6451374916736159,False
Microlunatus,VEGF,-0.02293738132061002,0.6583725912964029,0.8723474389198362,False
Microlunatus,LEPTIN,0.045713969814790645,0.378010611329602,0.7021635190476628,False
Microlunatus,PAI1,0.04056511212489237,0.43410413674581905,0.739951007058545,False
Microlunatus,CD40L,0.03870537307199915,0.4554859884241721,0.7508454402974536,False
Microlunatus,ENA78,0.12846355826294026,0.012905698486599839,0.13638976809702102,True
Micromonospora,IL17F,-0.04148902969994229,0.4237001617556385,0.7333272030386052,False
Micromonospora,FASL,-0.012307738542916632,0.812476367923743,0.9398823583202414,False
Micromonospora,TGFA,0.0033263908318336213,0.9488793122226618,0.9839412097503842,False
Micromonospora,MIP1A,-0.021755955631274443,0.6749374034062497,0.8820025084325231,False
Micromonospora,SDF1A,-0.08212967328249246,0.11281295933975313,0.4146879533042309,False
Micromonospora,IL27,0.0034496963068322392,0.9469870572303114,0.9839412097503842,False
Micromonospora,LIF,0.05627585372039385,0.2776822828671809,0.6141467234539015,False
Micromonospora,IL1B,-0.017223903650009233,0.7398861820641562,0.9104371215689435,False
Micromonospora,IL2,0.037236090907322765,0.4727879650948711,0.763534598829639,False
Micromonospora,IL4,-0.06508973705832304,0.20915435625946371,0.5420755007938203,False
Micromonospora,IL5,-0.05401074251440186,0.2975126638320726,0.6324504667576203,False
Micromonospora,IP10,0.07435287808148917,0.15126144636152253,0.4731159589110402,False
Micromonospora,IL6,0.05190464929286287,0.3167770083237763,0.646112226674723,False
Micromonospora,IL7,0.014438715287123805,0.7807734218720358,0.925776463744268,False
Micromonospora,IL8,-0.01039269790618514,0.8412320072030773,0.9502158828971545,False
Micromonospora,IL10,-0.012079744827898168,0.8158874731639449,0.9422802386437917,False
Micromonospora,IFNB,-0.07048542073641864,0.17375000878693966,0.5068087031004304,False
Micromonospora,EOTAXIN,0.05033073465296678,0.3316940901037275,0.6598406498320141,False
Micromonospora,IL12P70,0.012102333924871053,0.8155493523887909,0.9421874505858081,False
Micromonospora,IL13,-0.0487963719289409,0.3466644936895559,0.6749617616655462,False
Micromonospora,IL17A,-0.1193072513273358,0.021009277690030144,0.1734206910255814,True
Micromonospora,IL31,0.014213937657227083,0.7841014007172582,0.9264879422151057,False
Micromonospora,IL1RA,0.08559690404001793,0.09835958278993395,0.38566551883896666,False
Micromonospora,SCF,-0.020941096900002662,0.68645527351864,0.8864208309284624,False
Micromonospora,RANTES,0.01245837978669536,0.8102245024765266,0.9397508955522488,False
Micromonospora,IFNG,0.01852661308515651,0.7210027454025333,0.9018595201403578,False
Micromonospora,GMCSF,-0.063922237069946,0.21745609042185876,0.5530560549471157,False
Micromonospora,TNFA,0.016063052507798704,0.7568463114420672,0.9167875005741323,False
Micromonospora,HGF,0.0495516378091787,0.33924277911143785,0.6676457929408413,False
Micromonospora,MIP1B,-0.15073263001541495,0.0034780855627429687,0.06710893020886809,True
Micromonospora,IFNA,-0.050231510421218595,0.3326494213693433,0.6604628213011975,False
Micromonospora,TGFB,0.012986566869078653,0.8023413492278662,0.9361727615765634,False
Micromonospora,MCP1,0.020673445376967144,0.6902545150893482,0.8884941774064882,False
Micromonospora,IL9,0.03835780030299049,0.45954658934913706,0.7537536650700132,False
Micromonospora,VEGFD,-0.01815091750144668,0.7264318687316578,0.9039253302162288,False
Micromonospora,TNFB,-0.020324728621549486,0.6952161286795293,0.8908723181261392,False
Micromonospora,NGF,-0.0691635135029291,0.18198107479136671,0.5170338071974676,False
Micromonospora,EGF,-0.02096946530215378,0.6860530517091901,0.8863606845546627,False
Micromonospora,BDNF,-0.018585202305987474,0.7201573336960112,0.9013165131846699,False
Micromonospora,TRAIL,-0.05112084149639541,0.32415004947525927,0.6515295685158271,False
Micromonospora,GCSF,0.01802637525081832,0.7282346512592259,0.9042165896810148,False
Micromonospora,GROA,-0.006029191693602867,0.9074862930383674,0.9713027524402409,False
Micromonospora,IL1A,-0.07786457305885222,0.13282064340164867,0.4482822985315696,False
Micromonospora,IL23,0.005746424427415379,0.9118070812456267,0.9727444204335751,False
Micromonospora,IL12P40,-0.0721320910387221,0.1638882723674612,0.4932057139516511,False
Micromonospora,IL15,-0.018347347475247754,0.7235915599692929,0.902669551671955,False
Micromonospora,IL18,0.022785237543567906,0.6604966746858991,0.873342500895937,False
Micromonospora,MCSF,0.0034650315226591156,0.9467517424721232,0.9839412097503842,False
Micromonospora,MCP3,-0.003339967007478243,0.9486709569595111,0.9839412097503842,False
Micromonospora,MIG,-0.06477412810673924,0.21137566227216265,0.5457208447257584,False
Micromonospora,RESISTIN,0.03259986111735021,0.5296711987377167,0.7988014294476917,False
Micromonospora,IL21,0.023836841713023468,0.6458717170456775,0.8638456809958965,False
Micromonospora,ICAM1,0.038564745202079545,0.4571264792062316,0.7522253257541506,False
Micromonospora,VCAM1,-0.027767127188832758,0.592444923814669,0.8332532846267562,False
Micromonospora,FGFB,0.02753313729054152,0.595568609085752,0.8342721148492921,False
Micromonospora,IL22,-0.1367073354740176,0.008111711750170503,0.10646144963743959,True
Micromonospora,PDGFBB,0.02970066847038092,0.5669242041358848,0.8207128369260381,False
Micromonospora,VEGF,0.014824401516348413,0.7750724264286305,0.9235328079162414,False
Micromonospora,LEPTIN,-0.05530340440471581,0.2860832020366626,0.622399812990561,False
Micromonospora,PAI1,-0.06429765595238388,0.21476124954460046,0.5499622636341766,False
Micromonospora,CD40L,-0.040979062990655825,0.4294246827623961,0.7378030653242645,False
Micromonospora,ENA78,-0.07868657742843112,0.12876547050754458,0.44377895601364586,False
Moraxella,IL17F,-0.05988673517955494,0.24796157259324797,0.5852505225119526,False
Moraxella,FASL,-0.08585033874186307,0.09736373742458428,0.38465995194174746,False
Moraxella,TGFA,-0.08351073817551817,0.10686788785507276,0.40264876045327885,False
Moraxella,MIP1A,0.030474578635960915,0.5568585605212759,0.8149564729838861,False
Moraxella,SDF1A,-0.03341848018298746,0.5193813893257635,0.7936649806209499,False
Moraxella,IL27,-0.19642107630706887,0.0001317332967427177,0.010069476655128284,True
Moraxella,LIF,-0.15260749056735534,0.0030888124166205395,0.0634454024991715,True
Moraxella,IL1B,-0.05491480614207395,0.28948761393276456,0.6244695321460352,False
Moraxella,IL2,-0.04894075644793945,0.34523777872392114,0.673482233612409,False
Moraxella,IL4,-0.03882780139680522,0.4540604952419749,0.7506891445697644,False
Moraxella,IL5,-0.12129589769302856,0.018947146351865424,0.16808438258093653,True
Moraxella,IP10,0.05813572664454271,0.2620849939411799,0.596120179205147,False
Moraxella,IL6,-0.10310655765512179,0.046302542355370506,0.2660459659322971,True
Moraxella,IL7,0.034610525779882495,0.5045836360239639,0.7836283576436736,False
Moraxella,IL8,-0.06758545371129858,0.19218009606083067,0.5235171392786456,False
Moraxella,IL10,-0.04068284548119034,0.4327702574960869,0.7395774827718746,False
Moraxella,IFNB,-0.046956598634507046,0.36517025052185503,0.692273864296804,False
Moraxella,EOTAXIN,-0.058767285470074884,0.25692842355687273,0.5927859349532835,False
Moraxella,IL12P70,-0.0837151597223588,0.1060093176379787,0.4009634965496223,False
Moraxella,IL13,-0.13002681615616696,0.011840079213518755,0.13210104366291336,True
Moraxella,IL17A,0.007921702365534626,0.878644314607164,0.9625126686909422,False
Moraxella,IL31,-0.1734917515231631,0.0007529735250765221,0.02801061513284662,True
Moraxella,IL1RA,-0.15207632276660465,0.0031948718082696267,0.06396982731956309,True
Moraxella,SCF,-0.1356721163439104,0.008610368550419719,0.1092290376592243,True
Moraxella,RANTES,-0.06999083195467592,0.17679659398654504,0.5105586264268721,False
Moraxella,IFNG,-0.12031207403590213,0.01994418269356114,0.16987722079658224,True
Moraxella,GMCSF,-0.14293502144097595,0.005619219390890094,0.0848475147555845,True
Moraxella,TNFA,-0.1161945093901558,0.024627908926172094,0.18773733853557414,True
Moraxella,HGF,-0.09204614740269154,0.07541943824730518,0.33971354882386934,False
Moraxella,MIP1B,-0.012796280065004356,0.8051791026070759,0.9371921970270095,False
Moraxella,IFNA,-0.15278059097582386,0.0030549462150082163,0.06337025977600687,True
Moraxella,TGFB,-0.12175214682481265,0.018499695724581062,0.1670821674573353,True
Moraxella,MCP1,-0.03369383128495799,0.5159435460063914,0.7911657319998069,False
Moraxella,IL9,-0.0750483788100767,0.14746280596483127,0.4671832555296118,False
Moraxella,VEGFD,-0.09130420171637013,0.07781387873566065,0.34351380011470445,False
Moraxella,TNFB,-0.03983615612827052,0.4424154665871328,0.7432146318525491,False
Moraxella,NGF,-0.16567607899312883,0.0013019591860559388,0.03926990409833588,True
Moraxella,EGF,-0.06371010548619144,0.21898948485332434,0.5537438062536479,False
Moraxella,BDNF,0.03036998364008735,0.558213862455816,0.8160422720732128,False
Moraxella,TRAIL,0.00947636334194873,0.855068892345487,0.9545125489171852,False
Moraxella,GCSF,-0.04251133759792106,0.41235933077184006,0.7252435962200054,False
Moraxella,GROA,-0.03721968092718574,0.47298321904595153,0.763534598829639,False
Moraxella,IL1A,-0.0044676732819182345,0.9313774627433298,0.9807531110289827,False
Moraxella,IL23,-0.1254669643709136,0.015186748409592256,0.1483787459092167,True
Moraxella,IL12P40,-0.06786158130324997,0.19036589986228336,0.5228157829725131,False
Moraxella,IL15,-0.12659814273991982,0.014287165461777284,0.14312815669069523,True
Moraxella,IL18,-0.1478953581828709,0.004152155336263436,0.07378670947882157,True
Moraxella,MCSF,-0.06511990608019078,0.20894290709548877,0.5420755007938203,False
Moraxella,MCP3,0.06898775259814607,0.18309682117699153,0.518356297396049,False
Moraxella,MIG,0.05476992571081476,0.2907638011337645,0.6260432733219333,False
Moraxella,RESISTIN,-0.1629591627769849,0.001566392357064714,0.04490048929190204,True
Moraxella,IL21,-0.030865812821540748,0.5518033026535366,0.8128513093169077,False
Moraxella,ICAM1,0.08406261361852173,0.10456252118175062,0.3985374782747052,False
Moraxella,VCAM1,0.006731605502593877,0.8967652113510594,0.9697577285540526,False
Moraxella,FGFB,-0.06825420875093648,0.18780795738215642,0.5228157829725131,False
Moraxella,IL22,-0.053946483390416924,0.29808865231802417,0.6324810659725972,False
Moraxella,PDGFBB,0.03066191788128571,0.5544350892820975,0.8133004428271615,False
Moraxella,VEGF,-0.03521982440840932,0.497106362856515,0.7782978408359579,False
Moraxella,LEPTIN,-0.1365268065522698,0.008196772595508236,0.10659847010391608,True
Moraxella,PAI1,0.02845540274335044,0.5833003602756268,0.8277768197049001,False
Moraxella,CD40L,-0.049670673953414166,0.3380823848978871,0.666136902447108,False
Moraxella,ENA78,0.016082474912605112,0.7565615610728893,0.9167875005741323,False
Mycobacterium,IL17F,0.01730352561043297,0.7387273956568308,0.9101565175016816,False
Mycobacterium,FASL,0.046893783359985904,0.3658127509735146,0.6928630664950878,False
Mycobacterium,TGFA,0.0252886907436614,0.6259034066022381,0.8529438817977316,False
Mycobacterium,MIP1A,0.03539818745969777,0.4949286811171024,0.776195064821088,False
Mycobacterium,SDF1A,-0.011620672591507411,0.8227663256303748,0.9448520471326386,False
Mycobacterium,IL27,0.06630534911338934,0.20075608620352603,0.5329378929080653,False
Mycobacterium,LIF,0.1065063565271241,0.03952306596089162,0.24586830411582752,True
Mycobacterium,IL1B,0.020405864633837614,0.6940605383972028,0.8905168554280045,False
Mycobacterium,IL2,0.032090511190040194,0.536125267115442,0.8040834306706127,False
Mycobacterium,IL4,-0.02635770595778708,0.611372149460615,0.8447659695355375,False
Mycobacterium,IL5,0.0991164021361594,0.055476971595663886,0.29267705393522336,True
Mycobacterium,IP10,0.047589961778932766,0.35873122443024097,0.6857554752726087,False
Mycobacterium,IL6,0.083059229592861,0.10878366726009357,0.4064695956998283,False
Mycobacterium,IL7,0.08190299856647609,0.11381306480341025,0.41562624450460023,False
Mycobacterium,IL8,-0.0009265021596053895,0.9857523540580113,0.9970791801315255,False
Mycobacterium,IL10,0.026060437147536676,0.6153980194265322,0.8474537130884997,False
Mycobacterium,IFNB,0.014344112464188423,0.7821735946012542,0.9262582041330643,False
Mycobacterium,EOTAXIN,0.07348838249587313,0.15608603892305078,0.48172571747268994,False
Mycobacterium,IL12P70,0.05043199232130914,0.33072100372375257,0.6586092793642181,False
Mycobacterium,IL13,0.04752885772901818,0.3593493160380715,0.6864666838385618,False
Mycobacterium,IL17A,-0.037152105104405406,0.4737877347318489,0.7640854219085886,False
Mycobacterium,IL31,0.1356271833197937,0.008632617492422565,0.1092290376592243,True
Mycobacterium,IL1RA,0.12167177098786135,0.018577846711337876,0.1670821674573353,True
Mycobacterium,SCF,0.038419805211769464,0.4588207262416988,0.7530057801260821,False
Mycobacterium,RANTES,0.033155556100992495,0.5226750333927845,0.7949105168524769,False
Mycobacterium,IFNG,0.06863338932246511,0.1853616890884601,0.520065742443049,False
Mycobacterium,GMCSF,-0.027760321695451454,0.5925356690679155,0.8332532846267562,False
Mycobacterium,TNFA,0.07132896351945042,0.1686443288171842,0.49763900306710085,False
Mycobacterium,HGF,0.023987354287027265,0.6437894369504193,0.862507817090838,False
Mycobacterium,MIP1B,-0.06141535443508513,0.23607303141750843,0.5684754235983955,False
Mycobacterium,IFNA,0.061689584497824114,0.2339834698249115,0.5667091594237808,False
Mycobacterium,TGFB,0.03808618374928773,0.46273381593932905,0.7563333067420595,False
Mycobacterium,MCP1,0.057315251777039146,0.2688897487588963,0.60573467826994,False
Mycobacterium,IL9,0.07615737492624335,0.1415565957998175,0.45817042028015176,False
Mycobacterium,VEGFD,0.0008261417254615681,0.9872955477213904,0.9972218265937813,False
Mycobacterium,TNFB,0.01719355947265412,0.7403279541354608,0.9104371215689435,False
Mycobacterium,NGF,0.09314991978330725,0.07196846720636946,0.3327423982498587,False
Mycobacterium,EGF,-0.02638874679603753,0.610952438517831,0.844676562668359,False
Mycobacterium,BDNF,0.013982542695890846,0.7875314656903052,0.9270940039139035,False
Mycobacterium,TRAIL,0.022012074756263992,0.6713326603508728,0.8814202928842048,False
Mycobacterium,GCSF,0.06813934977545784,0.1885536277451082,0.5228157829725131,False
Mycobacterium,GROA,0.06386169573778064,0.21789292749589204,0.5536682684412467,False
Mycobacterium,IL1A,0.038780890520591554,0.4546064053537884,0.7508454402974536,False
Mycobacterium,IL23,0.1225681752810869,0.017722339198213206,0.1623820241806727,True
Mycobacterium,IL12P40,-0.06662013538347905,0.19862184088004833,0.5328412846685912,False
Mycobacterium,IL15,0.08303159391652636,0.10890180028158483,0.4064695956998283,False
Mycobacterium,IL18,0.06651854310587062,0.1993088214633652,0.5328908594947666,False
Mycobacterium,MCSF,0.06630882788893211,0.2007324094418935,0.5329378929080653,False
Mycobacterium,MCP3,0.016867177477772766,0.7450850210024965,0.9135518385396464,False
Mycobacterium,MIG,-0.04770418895414033,0.35757755821900594,0.6846459470534351,False
Mycobacterium,RESISTIN,0.017344217081306013,0.7381354160832722,0.9099227504629838,False
Mycobacterium,IL21,0.09124885413112661,0.07799494268808228,0.34404093296403093,False
Mycobacterium,ICAM1,-0.040377250721717134,0.4362374355719203,0.7405137110915162,False
Mycobacterium,VCAM1,0.03978531165331342,0.4429985422117524,0.7432146318525491,False
Mycobacterium,FGFB,0.10981209232880315,0.03375550839377897,0.2229061974405759,True
Mycobacterium,IL22,-0.013737829594361144,0.7911634208353703,0.9296253127064109,False
Mycobacterium,PDGFBB,0.018367536768874565,0.7232998438124355,0.902669551671955,False
Mycobacterium,VEGF,0.015893118235078756,0.7593391030168491,0.9173238718712252,False
Mycobacterium,LEPTIN,-0.0062305117299394155,0.9044117017480178,0.9705033261065268,False
Mycobacterium,PAI1,-0.04035338747681146,0.4365088496680023,0.7405137110915162,False
Mycobacterium,CD40L,-0.02001854139994032,0.6995833759984014,0.892472619586438,False
Mycobacterium,ENA78,-0.007231556797588558,0.8891456593550806,0.966994162563564,False
Neisseria,IL17F,-0.03888261067194353,0.453423136673787,0.7506891445697644,False
Neisseria,FASL,0.03773767555581198,0.4668412341955944,0.7596823405817138,False
Neisseria,TGFA,-0.041810193403930954,0.4201179432299412,0.7321561169059574,False
Neisseria,MIP1A,0.07310414451365592,0.15826735841064518,0.4852372856765934,False
Neisseria,SDF1A,0.046267065809213706,0.3722614973581957,0.6982227505246478,False
Neisseria,IL27,-0.07051432957592957,0.17357315111129276,0.5067538009239395,False
Neisseria,LIF,-0.11363890257834967,0.02798917111841535,0.2032810889062415,True
Neisseria,IL1B,-0.05464515037561946,0.2918659079418055,0.6271127325049191,False
Neisseria,IL2,0.042045154321850124,0.4175084815753525,0.7298550523779658,False
Neisseria,IL4,0.02177346287804281,0.6746907602238814,0.8820025084325231,False
Neisseria,IL5,-0.09062204427073729,0.08006942470105788,0.34850810439306,False
Neisseria,IP10,0.11399523710451284,0.02749806870841784,0.20136381022699676,True
Neisseria,IL6,0.011393188771113488,0.8261800682784879,0.946541030266426,False
Neisseria,IL7,0.05117108040810672,0.3236741550258506,0.6508474901060347,False
Neisseria,IL8,0.045875276156801745,0.3763283249793151,0.7011392498779894,False
Neisseria,IL10,0.050059927904396256,0.3343055900477915,0.66283948675443,False
Neisseria,IFNB,-0.047110976995800455,0.36359418975809643,0.6900869315816932,False
Neisseria,EOTAXIN,-0.14091919832364444,0.0063380536872766945,0.09045099635550882,True
Neisseria,IL12P70,-0.0841413685120782,0.10423676713387162,0.39806271877610605,False
Neisseria,IL13,-0.046132883126967714,0.37365126613828614,0.6994858684367358,False
Neisseria,IL17A,-0.09681926468941363,0.061411031327022095,0.30732604282297743,False
Neisseria,IL31,-0.032758135140098274,0.5276737201593362,0.7972974163252359,False
Neisseria,IL1RA,-0.03658274880897526,0.4805957987988655,0.7687013354724876,False
Neisseria,SCF,-0.029933466466832405,0.5638872654309296,0.8192565888352524,False
Neisseria,RANTES,0.10495659959625757,0.042501540130752746,0.25418927538006464,True
Neisseria,IFNG,-0.013108948227810616,0.800517640335569,0.9361727615765634,False
Neisseria,GMCSF,-0.13849342043592558,0.007311624456322085,0.0990263700637797,True
Neisseria,TNFA,-0.05496896744864475,0.28901149736816156,0.624103775276448,False
Neisseria,HGF,-0.08867505829957352,0.08679929777431912,0.3638918719614581,False
Neisseria,MIP1B,-0.043735409506472735,0.3990187814609689,0.7150047529069384,False
Neisseria,IFNA,-0.038002461339929,0.46371870859441233,0.7566121985061804,False
Neisseria,TGFB,-0.039838034653739036,0.4423939323618703,0.7432146318525491,False
Neisseria,MCP1,-0.15834375708959575,0.0021307819613697017,0.05237781209005699,True
Neisseria,IL9,-0.013398104490008464,0.7962129935722324,0.9331796900090437,False
Neisseria,VEGFD,-0.02152120413239048,0.6782479475221979,0.8833843141287149,False
Neisseria,TNFB,0.06847511374628246,0.1863799283601539,0.5214056013892924,False
Neisseria,NGF,-0.10165414000921788,0.049482770389752295,0.2762470474751999,True
Neisseria,EGF,0.00713659158505669,0.8905922224891986,0.967394316038491,False
Neisseria,BDNF,0.1167860934304415,0.023901457053025515,0.18523629216094775,True
Neisseria,TRAIL,0.07443779002559613,0.15079373972689467,0.4728128848739086,False
Neisseria,GCSF,-0.000134995951276425,0.9979239398955226,0.9997953913454289,False
Neisseria,GROA,0.008779472052400272,0.8656221626077591,0.9583213306878523,False
Neisseria,IL1A,0.09794989159151474,0.058428004356340414,0.30104179529859604,False
Neisseria,IL23,-0.06555043674115389,0.20594218942849232,0.5395105244183038,False
Neisseria,IL12P40,-0.021699382792418613,0.6757346427287748,0.8823236192422893,False
Neisseria,IL15,-0.0450386629279207,0.3851034400271266,0.7087825104907677,False
Neisseria,IL18,0.03769248388023034,0.46737532188973563,0.7596823405817138,False
Neisseria,MCSF,0.07199560399553184,0.1646893585244983,0.49412815167037133,False
Neisseria,MCP3,0.09595523346347178,0.06377440238986114,0.3135340663748239,False
Neisseria,MIG,0.021836515792005344,0.6738027553833834,0.8820025084325231,False
Neisseria,RESISTIN,-0.04331019215044405,0.4036234110441782,0.7184205261184251,False
Neisseria,IL21,0.07985619535870606,0.12316142041305891,0.4340380856050304,False
Neisseria,ICAM1,0.07338623009634335,0.15666372893956793,0.48244128448277546,False
Neisseria,VCAM1,0.01724993981445715,0.7395071972084708,0.9104371215689435,False
Neisseria,FGFB,0.0167729446352884,0.7464602913369266,0.9140330098003183,False
Neisseria,IL22,-0.058154036352305906,0.26193450309975214,0.5960825967767606,False
Neisseria,PDGFBB,0.0918547732325395,0.07603124181409633,0.3402984168905705,False
Neisseria,VEGF,0.01498015568076522,0.7727735561261769,0.9223692926596936,False
Neisseria,LEPTIN,-0.12066316189157157,0.019583265299402804,0.169554920973967,True
Neisseria,PAI1,-0.09131617549359043,0.07777475264075356,0.34351380011470445,False
Neisseria,CD40L,-0.0252555750649818,0.626355910640707,0.8529438817977316,False
Neisseria,ENA78,-0.07785309781275371,0.132877942969752,0.4482822985315696,False
Nocardia,IL17F,0.09297088070828591,0.07251931959571727,0.3341517781536766,False
Nocardia,FASL,0.04582389430215812,0.37686369339465875,0.7014340924423602,False
Nocardia,TGFA,0.062046789003788225,0.2312812882885694,0.5645448769248544,False
Nocardia,MIP1A,0.08413604245232367,0.10425877198455542,0.39806271877610605,False
Nocardia,SDF1A,-0.028492835386701693,0.5828049073428587,0.8277768197049001,False
Nocardia,IL27,0.04727289389978973,0.3619457283014976,0.6885977374436948,False
Nocardia,LIF,0.05544213482019994,0.2848743720715835,0.6216656222758843,False
Nocardia,IL1B,0.014416432703387966,0.7811031525641602,0.925776463744268,False
Nocardia,IL2,-0.00900966773358219,0.8621334923732944,0.9565927395989228,False
Nocardia,IL4,-0.0071553601234188025,0.8903063007189691,0.967394316038491,False
Nocardia,IL5,0.12517169219732704,0.015429592240204492,0.14947417482698103,True
Nocardia,IP10,0.022374381591768307,0.6662462322881457,0.8784615675561044,False
Nocardia,IL6,0.057138905063883215,0.2703679448610686,0.6072295782177867,False
Nocardia,IL7,0.13074487284814673,0.011377208449329433,0.13080832609861506,True
Nocardia,IL8,-0.03475346532308362,0.5028242052126624,0.7825709962838422,False
Nocardia,IL10,0.002388284639827988,0.9632841983600362,0.987204242733345,False
Nocardia,IFNB,0.08092809609974803,0.11819387657399273,0.4251407923570916,False
Nocardia,EOTAXIN,0.0980065312536147,0.05828177682538489,0.3008439543808027,False
Nocardia,IL12P70,0.11491224384369471,0.026268154835010736,0.19517483885400785,True
Nocardia,IL13,0.008338685853115755,0.8723096089731548,0.9596781581368697,False
Nocardia,IL17A,-0.04746346214049534,0.36001155609681157,0.6870261569836554,False
Nocardia,IL31,0.11591499823846586,0.024977718097126334,0.1891121668683378,True
Nocardia,IL1RA,0.04571751104571032,0.377973629877958,0.7021635190476628,False
Nocardia,SCF,-0.03282043424059963,0.5268885322185952,0.7965424030831106,False
Nocardia,RANTES,-0.052219263951685094,0.3138485875324133,0.6457504124007618,False
Nocardia,IFNG,-0.020314608797259086,0.6953603111430589,0.8908723181261392,False
Nocardia,GMCSF,-0.07669500843532799,0.13875926880628298,0.45572496759214776,False
Nocardia,TNFA,0.07031793319580944,0.17477729894272714,0.508211218395215,False
Nocardia,HGF,0.052743689416040324,0.3090068089926276,0.6424210112439874,False
Nocardia,MIP1B,-0.026619529016545736,0.6078359725737251,0.8428739381116765,False
Nocardia,IFNA,0.05427219019137917,0.2951768135965889,0.6302834093622258,False
Nocardia,TGFB,0.06501656167027538,0.20966787045374702,0.5423183301596758,False
Nocardia,MCP1,0.18976561860233673,0.00022319659226353972,0.013082246139630408,True
Nocardia,IL9,0.012924983280039755,0.8032594651453405,0.9365146255701997,False
Nocardia,VEGFD,0.06929394186867101,0.18115635611292977,0.5165316643383486,False
Nocardia,TNFB,-0.04156346042799081,0.422868390376015,0.7327967758689949,False
Nocardia,NGF,0.1218083367814887,0.018445231463010053,0.1670821674573353,True
Nocardia,EGF,-0.04544133481549758,0.38086442870528237,0.7051172900383131,False
Nocardia,BDNF,-0.09474035173357848,0.06722352804147493,0.3230898246954609,False
Nocardia,TRAIL,0.07162847489908544,0.1668587267052285,0.4957783253541933,False
Nocardia,GCSF,0.1084907521529561,0.03596860453207146,0.23285752826633607,True
Nocardia,GROA,0.017908076821435068,0.7299484407438621,0.9056048039586406,False
Nocardia,IL1A,0.026880590756465813,0.6043191518826774,0.8398756830648418,False
Nocardia,IL23,0.1368086458592653,0.008064322280762277,0.10639097072735755,True
Nocardia,IL12P40,-0.12550084641180087,0.015159097976126447,0.1483787459092167,True
Nocardia,IL15,0.06633138556516764,0.20057892974892638,0.5329378929080653,False
Nocardia,IL18,-0.06754826641676784,0.192425385781452,0.5235171392786456,False
Nocardia,MCSF,0.03203172813269058,0.5368726480598545,0.8044439785644436,False
Nocardia,MCP3,0.016807649906451293,0.7459536954393153,0.9138137476512359,False
Nocardia,MIG,-0.009197787411163862,0.8592844782043635,0.956372511759696,False
Nocardia,RESISTIN,-0.004569513382552227,0.9298171992287423,0.9807531110289827,False
Nocardia,IL21,0.07260976244577409,0.16110768735874795,0.487516754588836,False
Nocardia,ICAM1,-0.027342189985633366,0.5981232206934495,0.8364730755562526,False
Nocardia,VCAM1,0.018833631097422737,0.7165764324341513,0.9000015584002166,False
Nocardia,FGFB,0.08147253700126277,0.11573142049876178,0.42069412481005797,False
Nocardia,IL22,-0.03293911251677413,0.525394413570365,0.795909546722539,False
Nocardia,PDGFBB,-0.16530932194031514,0.001335083804779027,0.04005251414337081,True
Nocardia,VEGF,0.03552571274161965,0.4933748095288124,0.7748615029107524,False
Nocardia,LEPTIN,-0.10155781144262511,0.049699993189014774,0.2767171208535585,True
Nocardia,PAI1,0.024646423565253518,0.6347044182466909,0.8583738860437555,False
Nocardia,CD40L,0.07264453053364234,0.16090669218636272,0.48731671292957585,False
Nocardia,ENA78,-0.08727117661299454,0.0919284881985517,0.3752075684743838,False
Nocardioides,IL17F,-0.03758656952710805,0.4686283678163463,0.7603798465877327,False
Nocardioides,FASL,-0.0326483619544039,0.5290586930875267,0.7983749319257267,False
Nocardioides,TGFA,0.0019968438170548013,0.9692986843104061,0.9900579642050277,False
Nocardioides,MIP1A,-0.06469829362186383,0.21191191946149152,0.5461748316836594,False
Nocardioides,SDF1A,-0.15689060672362667,0.0023436583620206628,0.056123770370187946,True
Nocardioides,IL27,0.014689969198605565,0.77705817544641,0.9240182723824918,False
Nocardioides,LIF,-0.032331066118993064,0.533072243163469,0.8023105953688185,False
Nocardioides,IL1B,-0.0572953699161118,0.2690561281018272,0.6057456580745579,False
Nocardioides,IL2,-0.11498982280313032,0.026166310678374993,0.1949372678041822,True
Nocardioides,IL4,-0.031895293591531565,0.5386093158073175,0.8055320241771192,False
Nocardioides,IL5,-0.04193822528727877,0.41869484746776164,0.731038496552541,False
Nocardioides,IP10,-0.06608493511578911,0.20226037867774824,0.5338042122568725,False
Nocardioides,IL6,-0.023452759916440937,0.651197841704491,0.8672276746327111,False
Nocardioides,IL7,-0.0095126071952177,0.8545207276990211,0.9545125489171852,False
Nocardioides,IL8,-0.06664874374131874,0.19842869883123293,0.5328412846685912,False
Nocardioides,IL10,-0.07831928898771463,0.1305654034548675,0.44561632324730643,False
Nocardioides,IFNB,0.015376015968316737,0.7669397874007993,0.9197990817379736,False
Nocardioides,EOTAXIN,0.11987008604121113,0.020406757396701464,0.17129951086447764,True
Nocardioides,IL12P70,-0.00026827297070873313,0.995874328375036,0.9996986286583941,False
Nocardioides,IL13,-0.0077608434371162355,0.8810901346066919,0.9636125437591433,False
Nocardioides,IL17A,-0.07386378429400725,0.15397689660062785,0.4794593097274015,False
Nocardioides,IL31,0.028018053092192987,0.5891034904550843,0.831244672883795,False
Nocardioides,IL1RA,-0.06032484944328185,0.24451235249910455,0.5805867774234057,False
Nocardioides,SCF,0.0034683526867713165,0.9467007807117482,0.9839412097503842,False
Nocardioides,RANTES,-0.1151724870784735,0.025927854053897866,0.19419788673926186,True
Nocardioides,IFNG,-0.007618910203851292,0.8832491333225372,0.9648649498707434,False
Nocardioides,GMCSF,-0.14833261326273628,0.004041118847075295,0.07319916944858772,True
Nocardioides,TNFA,-0.06718643450875665,0.19482402558015427,0.5264494250543635,False
Nocardioides,HGF,0.05220290671594502,0.3140004014788982,0.6458246370262631,False
Nocardioides,MIP1B,-0.12349570391195513,0.016873524596707254,0.15771234045163562,True
Nocardioides,IFNA,-0.1004418023991366,0.0522751937254344,0.2845015876935675,True
Nocardioides,TGFB,-0.061455512378576806,0.2357662194819322,0.5684754235983955,False
Nocardioides,MCP1,0.10404839344938703,0.04433331140885692,0.26067426518590264,True
Nocardioides,IL9,-0.011484286184665946,0.8248126155484516,0.9460337913176485,False
Nocardioides,VEGFD,-0.04460603316318684,0.38968969156274824,0.7109409168915487,False
Nocardioides,TNFB,-0.10142510633863616,0.050000549756581844,0.2770636222857266,True
Nocardioides,NGF,-0.02400234896928114,0.6435821437559952,0.8624740340563064,False
Nocardioides,EGF,-0.0341001836477047,0.5108916737151767,0.7894698253477391,False
Nocardioides,BDNF,-0.09856871393456067,0.056846733794085946,0.2967415310744321,True
Nocardioides,TRAIL,-0.09703273975013511,0.06083837853464881,0.3065663930900144,False
Nocardioides,GCSF,-0.020077923747404056,0.698735607002072,0.8920029025558367,False
Nocardioides,GROA,-0.04965357696690837,0.3382488942919847,0.6662297317858363,False
Nocardioides,IL1A,-0.09026769108262239,0.08126180536287232,0.3515788564492202,False
Nocardioides,IL23,0.03721527230922418,0.4730356824648857,0.763534598829639,False
Nocardioides,IL12P40,-0.07663439698667178,0.1390724952069308,0.456477535250123,False
Nocardioides,IL15,-0.08010697860282631,0.12198489913513702,0.4316269734775299,False
Nocardioides,IL18,-0.07177795412664394,0.16597288538221722,0.4944627338135462,False
Nocardioides,MCSF,-0.07076871835130012,0.17202263160077244,0.5036129508564062,False
Nocardioides,MCP3,-0.04801798995929881,0.3544202354902798,0.6821886561006419,False
Nocardioides,MIG,-0.09621708677722492,0.06305038511561432,0.3105240634907276,False
Nocardioides,RESISTIN,-0.06377912554394738,0.21848972647276682,0.5537438062536479,False
Nocardioides,IL21,-0.038487986700328436,0.45802329608632497,0.7527000215223068,False
Nocardioides,ICAM1,0.010411670319664695,0.8409460190347489,0.9502158828971545,False
Nocardioides,VCAM1,-0.09689568752652596,0.06120551622153933,0.30732604282297743,False
Nocardioides,FGFB,-0.0086389152275339,0.8677536222423909,0.958824794477731,False
Nocardioides,IL22,-0.005725873422826322,0.9121212109967647,0.9727444204335751,False
Nocardioides,PDGFBB,-0.0820489052412835,0.11316851975989209,0.41505102669559196,False
Nocardioides,VEGF,-0.0651352904987417,0.20883513992287248,0.5420755007938203,False
Nocardioides,LEPTIN,-0.15289659498750593,0.0030324397500063375,0.06337025977600687,True
Nocardioides,PAI1,-0.07281596018476143,0.15991841108208912,0.4870877368111666,False
Nocardioides,CD40L,0.04081470677327109,0.4312791221992206,0.7393356380558067,False
Nocardioides,ENA78,-0.06112868187786341,0.23827141915394076,0.5706242570296092,False
Oribacterium,IL17F,-0.06829597771921792,0.18753732925890043,0.5226128054509394,False
Oribacterium,FASL,-0.04066736854510177,0.43294547096899916,0.7395774827718746,False
Oribacterium,TGFA,-0.08810302017385577,0.0888607958062829,0.36840283076081093,False
Oribacterium,MIP1A,-0.02230499857385803,0.6672191272663448,0.8784999363252015,False
Oribacterium,SDF1A,-0.049062271167810104,0.34403994221198486,0.6724143178784152,False
Oribacterium,IL27,-0.1592946043937674,0.002001208791525588,0.05030065340861613,True
Oribacterium,LIF,-0.12353950089773866,0.01683433834964591,0.15761008052185263,True
Oribacterium,IL1B,-0.05498029888671263,0.28891195244386764,0.624103775276448,False
Oribacterium,IL2,-0.03047238849090232,0.5568869232056555,0.8149564729838861,False
Oribacterium,IL4,-0.07828929247850593,0.1307132586951512,0.44561632324730643,False
Oribacterium,IL5,-0.14001892594457288,0.0066849167794822435,0.09419655461997707,True
Oribacterium,IP10,0.030149255254965222,0.5610792076484451,0.8172336148990665,False
Oribacterium,IL6,-0.08216001482283734,0.11267961536722973,0.41447083305810273,False
Oribacterium,IL7,0.037644756037656095,0.4679397488133221,0.7596823405817138,False
Oribacterium,IL8,-0.04793117504401723,0.3552919679019987,0.6828524805111957,False
Oribacterium,IL10,-0.08358961831032595,0.10653594341964034,0.4019408818672029,False
Oribacterium,IFNB,-0.08207951093557599,0.11303368276197667,0.41495259856041433,False
Oribacterium,EOTAXIN,-0.06795037991006804,0.18978515847413288,0.5228157829725131,False
Oribacterium,IL12P70,-0.1367661110061148,0.008084188456702437,0.10639097072735755,True
Oribacterium,IL13,-0.19539652980497343,0.00014303580612829973,0.010365451924622241,True
Oribacterium,IL17A,-0.13255787787349635,0.01027897352498555,0.12308298770261668,True
Oribacterium,IL31,-0.09713922195157976,0.06055438838256183,0.3065663930900144,False
Oribacterium,IL1RA,-0.08445543152827804,0.10294568553271759,0.39507353870190104,False
Oribacterium,SCF,-0.08081881108871233,0.1186930598641655,0.42592107655436884,False
Oribacterium,RANTES,-0.0223246807026238,0.6669430859625334,0.8784999363252015,False
Oribacterium,IFNG,-0.11870931233977529,0.021666232302911967,0.17700962847767024,True
Oribacterium,GMCSF,-0.13902492150906703,0.007087552281214616,0.09765072031895693,True
Oribacterium,TNFA,-0.10482199529592741,0.04276893284183253,0.2555036214208548,True
Oribacterium,HGF,-0.07748286355441962,0.1347368876131151,0.45078248658960407,False
Oribacterium,MIP1B,-0.06424645785202504,0.21512734246171375,0.5503945763119499,False
Oribacterium,IFNA,-0.1482833132446922,0.004053502394195986,0.07319916944858772,True
Oribacterium,TGFB,-0.08340250873956022,0.10732466813011299,0.40355232356201515,False
Oribacterium,MCP1,-0.10183250895247994,0.049082639076719156,0.2747855451467247,True
Oribacterium,IL9,-0.06833659530342241,0.18727443622502585,0.5224956770678221,False
Oribacterium,VEGFD,-0.06474219113749402,0.2116013826400757,0.5457208447257584,False
Oribacterium,TNFB,-0.029006669277036067,0.5760237295322859,0.8228571494854608,False
Oribacterium,NGF,-0.19756409479800502,0.00012011514874497657,0.00971365985502854,True
Oribacterium,EGF,-0.00491910188341122,0.9244633326508496,0.9782866292796777,False
Oribacterium,BDNF,0.04880390490880303,0.34658996531667596,0.6749617616655462,False
Oribacterium,TRAIL,-0.030840875707248437,0.5521248516855235,0.8128909425871296,False
Oribacterium,GCSF,-0.08746992125564253,0.09118795584173392,0.3728240429520609,False
Oribacterium,GROA,-0.060793709194660754,0.24085839034237594,0.5743546231241272,False
Oribacterium,IL1A,-0.024341496177996736,0.6389010238059474,0.8599852853564175,False
Oribacterium,IL23,-0.11267370914192541,0.029357391352886276,0.20678285036088193,True
Oribacterium,IL12P40,-0.029208272567130572,0.5733732967469702,0.8218760786362871,False
Oribacterium,IL15,-0.1078596843105281,0.037068317274801754,0.236329301689704,True
Oribacterium,IL18,-0.05834670570576859,0.26035452342709414,0.5954346177511307,False
Oribacterium,MCSF,-0.05303868962235174,0.3063049347701227,0.6396637485094628,False
Oribacterium,MCP3,-0.015289295399411562,0.7682166710000173,0.9200531338996716,False
Oribacterium,MIG,-0.027122313116379956,0.6010709918561556,0.8385630847490803,False
Oribacterium,RESISTIN,-0.06236277252165533,0.22890940328259016,0.5626159114136069,False
Oribacterium,IL21,0.010297206402186104,0.8426717521856469,0.9504969430353567,False
Oribacterium,ICAM1,0.019628919802684077,0.7051550002137741,0.8950784579601592,False
Oribacterium,VCAM1,-0.028828044364921382,0.578376872429394,0.8243390171820549,False
Oribacterium,FGFB,-0.05532284649813132,0.28591358534663597,0.622399812990561,False
Oribacterium,IL22,-0.11164059641228327,0.030884999923986026,0.21322171376486027,True
Oribacterium,PDGFBB,0.021437203781576625,0.6794340569303489,0.8836446797191053,False
Oribacterium,VEGF,-0.04263581006159512,0.4109908595197168,0.7241736676806378,False
Oribacterium,LEPTIN,-0.10327466305401371,0.04594577752704114,0.2654396072696868,True
Oribacterium,PAI1,-0.030678282160715588,0.5542236408126432,0.8133004428271615,False
Oribacterium,CD40L,-0.05606164195419035,0.279518319212384,0.6161784758382565,False
Oribacterium,ENA78,-0.10322278593574305,0.04605562787224368,0.2654396072696868,True
Paenibacillus,IL17F,0.046870582492581664,0.36605023656407143,0.6928630664950878,False
Paenibacillus,FASL,-0.010874261544124643,0.8339795240253145,0.9486274812122903,False
Paenibacillus,TGFA,-0.02190047918710678,0.6729023901302851,0.8820025084325231,False
Paenibacillus,MIP1A,0.06798383448947393,0.18956670358113192,0.5228157829725131,False
Paenibacillus,SDF1A,0.03020636244990919,0.5603372016534809,0.817005901548582,False
Paenibacillus,IL27,-0.0831097297033056,0.10856805747099392,0.4060387135979531,False
Paenibacillus,LIF,-0.010755879904028676,0.8357611060722543,0.9486274812122903,False
Paenibacillus,IL1B,-0.06664443053870034,0.19845780956148712,0.5328412846685912,False
Paenibacillus,IL2,-0.01639272530844781,0.7520174908058445,0.9163834056327133,False
Paenibacillus,IL4,-0.049899765205257615,0.3358563002136279,0.664095731818584,False
Paenibacillus,IL5,0.029374352009717282,0.5711942236657537,0.8218760786362871,False
Paenibacillus,IP10,-0.01572545846187529,0.7618009727895056,0.9176417501795119,False
Paenibacillus,IL6,-0.054218062801967094,0.29565939645721623,0.6302834093622258,False
Paenibacillus,IL7,0.051495893868322734,0.3206082667518314,0.6488301190541125,False
Paenibacillus,IL8,-0.02514585125974311,0.6278562151372264,0.8537786704698566,False
Paenibacillus,IL10,-0.054549531416926964,0.2927123741014127,0.6283132000431386,False
Paenibacillus,IFNB,0.007001505991943184,0.8926505456019113,0.9675120899537724,False
Paenibacillus,EOTAXIN,-0.07770029238421361,0.1336427673003518,0.4492329165879296,False
Paenibacillus,IL12P70,-0.07808326246681756,0.13173229529819475,0.4468487585191044,False
Paenibacillus,IL13,-0.07536140960501575,0.1457770015802337,0.46668713070436263,False
Paenibacillus,IL17A,-0.024533329174039897,0.6362595411556278,0.8584707857793811,False
Paenibacillus,IL31,-0.015709737153590943,0.7620319437423565,0.9176417501795119,False
Paenibacillus,IL1RA,0.009976414697662223,0.8475122041874268,0.9536434965448359,False
Paenibacillus,SCF,-0.09427462024411326,0.06858567750132036,0.325287110249139,False
Paenibacillus,RANTES,0.05476500654529317,0.2908071979301884,0.6260432733219333,False
Paenibacillus,IFNG,-0.05833736012982775,0.2604310096635116,0.5954346177511307,False
Paenibacillus,GMCSF,0.010338579031484415,0.8420479039702227,0.9504895462772672,False
Paenibacillus,TNFA,0.05334730463004462,0.3034951036964035,0.637134190604188,False
Paenibacillus,HGF,-0.06618996738600297,0.20154253185088208,0.533359249577795,False
Paenibacillus,MIP1B,0.06350932036779748,0.2204479712365352,0.5537438062536479,False
Paenibacillus,IFNA,0.02842571767121288,0.5836934064737926,0.8277768197049001,False
Paenibacillus,TGFB,-0.0020747172325926125,0.9681020102713147,0.9892852350591476,False
Paenibacillus,MCP1,-0.023038661220404925,0.6569601393449209,0.8709521448193535,False
Paenibacillus,IL9,-0.05096817231540742,0.32559901132012425,0.6530706265874526,False
Paenibacillus,VEGFD,0.05250524639600498,0.31120211407107995,0.6445834433988962,False
Paenibacillus,TNFB,-0.03198345917045842,0.5374867403268727,0.8047158602157096,False
Paenibacillus,NGF,0.01922619464339207,0.7109306034962806,0.8979103463240506,False
Paenibacillus,EGF,-0.011709547615588732,0.8214335232919602,0.9446256146245459,False
Paenibacillus,BDNF,-0.010778802579049854,0.8354160659231503,0.9486274812122903,False
Paenibacillus,TRAIL,0.06283213235345751,0.22541813907206565,0.5590606812685972,False
Paenibacillus,GCSF,0.030976581587794656,0.5503761146501276,0.812459978769236,False
Paenibacillus,GROA,-0.033214862574121436,0.521931170344127,0.7944287862848414,False
Paenibacillus,IL1A,0.10451118816530099,0.04339176994733665,0.2583271942516326,True
Paenibacillus,IL23,-0.001841879164102502,0.9716802149272714,0.9915829552476544,False
Paenibacillus,IL12P40,-0.09011768790337073,0.08177086380747817,0.3522282010513652,False
Paenibacillus,IL15,-0.01909688122461164,0.712788656521314,0.8986117005997283,False
Paenibacillus,IL18,0.015573160075030582,0.7640393639684373,0.9186252210609525,False
Paenibacillus,MCSF,0.007210146689631017,0.8894717581506568,0.9671185523150165,False
Paenibacillus,MCP3,-0.016243456990593277,0.7542026857474063,0.9163834056327133,False
Paenibacillus,MIG,0.013600324630625726,0.7932062152666144,0.9308287447292761,False
Paenibacillus,RESISTIN,-0.00432762428027561,0.9335235418766841,0.9807531110289827,False
Paenibacillus,IL21,0.05703497826492938,0.27124168745955884,0.6080870293388262,False
Paenibacillus,ICAM1,-0.06168276393616241,0.23403528191623738,0.5667091594237808,False
Paenibacillus,VCAM1,0.045531009691511866,0.3799243024935123,0.7043114976457802,False
Paenibacillus,FGFB,0.011988228201000064,0.8172576718390577,0.9427946679474761,False
Paenibacillus,IL22,-0.08245221026758748,0.11140180983400355,0.4123353145031895,False
Paenibacillus,PDGFBB,-0.1300972684392448,0.011793940013928314,0.13210104366291336,True
Paenibacillus,VEGF,0.02652293852826703,0.6091394643576001,0.844082280886828,False
Paenibacillus,LEPTIN,0.016240987288894407,0.754238857180196,0.9163834056327133,False
Paenibacillus,PAI1,0.04053701215805606,0.43442284930533925,0.739951007058545,False
Paenibacillus,CD40L,-0.007088191619395732,0.8913296176573471,0.9674419892098807,False
Paenibacillus,ENA78,-0.025161174851859366,0.6276465963171175,0.8537786704698566,False
Peptoniphilus,IL17F,-0.15702742755701235,0.0023228179844712194,0.056109629235278805,True
Peptoniphilus,FASL,-0.021622242229258248,0.6768223116084318,0.8829898300433745,False
Peptoniphilus,TGFA,-0.02938766859167429,0.5710196713524782,0.8218760786362871,False
Peptoniphilus,MIP1A,-0.22107299530588484,1.5993767327948974e-05,0.0021772515472351516,True
Peptoniphilus,SDF1A,-0.07146944752012156,0.16780503259925802,0.4970021666156368,False
Peptoniphilus,IL27,0.00020794292663120823,0.9968021163306676,0.9996986286583941,False
Peptoniphilus,LIF,-0.04345052958521939,0.4021002213247108,0.7175309353987485,False
Peptoniphilus,IL1B,0.052421035119422504,0.31197987549978184,0.6449972972540877,False
Peptoniphilus,IL2,-0.10672796907567081,0.039111924485722614,0.2443947801011559,True
Peptoniphilus,IL4,-0.09176698319024926,0.07631324361996285,0.3402984168905705,False
Peptoniphilus,IL5,-0.1812326189791394,0.00042773646261158707,0.020646076654918136,True
Peptoniphilus,IP10,-0.15744704107132332,0.0022599527117762442,0.054828417963962796,True
Peptoniphilus,IL6,-0.0730108486251311,0.1588004517728342,0.48571029403710186,False
Peptoniphilus,IL7,-0.15614546894746906,0.002460179997503413,0.05719918494195435,True
Peptoniphilus,IL8,0.015918449459226543,0.7589673567623252,0.9173238718712252,False
Peptoniphilus,IL10,-0.03013278188276851,0.5612933376737697,0.8173321566335164,False
Peptoniphilus,IFNB,0.010788822387388443,0.8352652541559719,0.9486274812122903,False
Peptoniphilus,EOTAXIN,0.012913174591086728,0.8034355453473736,0.9365146255701997,False
Peptoniphilus,IL12P70,-0.1188969978190529,0.021458130754353873,0.1760828964842568,True
Peptoniphilus,IL13,-0.056502619695152856,0.27574757434396147,0.612619445934162,False
Peptoniphilus,IL17A,0.13886353827559805,0.007154930745582107,0.0980539579120946,True
Peptoniphilus,IL31,-0.08122990722543509,0.11682380514913705,0.422479193036445,False
Peptoniphilus,IL1RA,-0.02329994061292825,0.6533219723071175,0.869009448634532,False
Peptoniphilus,SCF,-0.10738405290764748,0.03791588964427603,0.23906289741814718,True
Peptoniphilus,RANTES,0.019976211368206834,0.7001879263312722,0.8927961165893216,False
Peptoniphilus,IFNG,-0.029883580140193582,0.564537394063948,0.8195623871756003,False
Peptoniphilus,GMCSF,0.02350189013662616,0.6505155477850111,0.8667327499141265,False
Peptoniphilus,TNFA,-0.14339793471310752,0.005464862455986855,0.08335291169521077,True
Peptoniphilus,HGF,-0.11753817363935833,0.023004701393221392,0.18263666707506712,True
Peptoniphilus,MIP1B,-0.0781816480179131,0.1312449121969646,0.4463364308355756,False
Peptoniphilus,IFNA,-0.009177034074648285,0.8595986922164709,0.956372511759696,False
Peptoniphilus,TGFB,-0.042652305024468484,0.41080971287012935,0.7241736676806378,False
Peptoniphilus,MCP1,0.027166032830430724,0.6004843448662585,0.8385141752636942,False
Peptoniphilus,IL9,0.0005193437184820171,0.9920133008205494,0.9988429180103221,False
Peptoniphilus,VEGFD,0.012344642517444679,0.8119245640604644,0.9397508955522488,False
Peptoniphilus,TNFB,-0.08663589480987556,0.09432790026164471,0.3789414567746418,False
Peptoniphilus,NGF,-0.15122443293717514,0.0033718881505143314,0.06622792600038226,True
Peptoniphilus,EGF,-0.06725873129403828,0.19434302105693024,0.5261688779707281,False
Peptoniphilus,BDNF,-0.1590446562353573,0.0020345529129673474,0.05054017075605554,True
Peptoniphilus,TRAIL,-0.17629203664632223,0.0006153105398316206,0.02475370960805567,True
Peptoniphilus,GCSF,-0.18823161039703049,0.00025141278975365674,0.01417053905884247,True
Peptoniphilus,GROA,-0.048647239760682574,0.3481420409222672,0.6759333988678674,False
Peptoniphilus,IL1A,-0.14115326597926633,0.0062505542340990355,0.08954528751170568,True
Peptoniphilus,IL23,-0.11502471724366106,0.02612061287390554,0.19485697839089963,True
Peptoniphilus,IL12P40,-0.14388569246775795,0.005306355434643049,0.08288664644945708,True
Peptoniphilus,IL15,-0.050692796859426695,0.3282231521277018,0.6558871244719431,False
Peptoniphilus,IL18,-0.012613020964878392,0.8079144702503128,0.939340481624686,False
Peptoniphilus,MCSF,-0.01945560548107199,0.7076385022844212,0.89634481191047,False
Peptoniphilus,MCP3,-0.170711540343009,0.0009173605434657536,0.032194162468798145,True
Peptoniphilus,MIG,-0.12777726292949487,0.013399623749939258,0.13839322332939283,True
Peptoniphilus,RESISTIN,0.07529678582830965,0.14612381908761207,0.4669750497614949,False
Peptoniphilus,IL21,-0.1700971094385689,0.0009578985373351758,0.032660227768696384,True
Peptoniphilus,ICAM1,-0.2280372341829075,8.425012182121006e-06,0.001678984570579829,True
Peptoniphilus,VCAM1,0.049914834156858816,0.3357102050031715,0.664095731818584,False
Peptoniphilus,FGFB,-0.1717779378718693,0.0008507413796401771,0.030626689667046375,True
Peptoniphilus,IL22,-0.04407051874848222,0.3954122076642418,0.7137754472445211,False
Peptoniphilus,PDGFBB,0.03090231625442215,0.5513327782093347,0.8127095289901137,False
Peptoniphilus,VEGF,-0.19698084659620413,0.00012591770690918548,0.009896067669764155,True
Peptoniphilus,LEPTIN,0.09004874658883388,0.08200568922537506,0.35280782257331755,False
Peptoniphilus,PAI1,-0.18259461674600072,0.00038629343361079,0.019419075311245117,True
Peptoniphilus,CD40L,-0.031323794708660535,0.5459142496065214,0.8085094957338019,False
Peptoniphilus,ENA78,0.24159508294056,2.2809880157190985e-06,0.0010725291529581741,True
Porphyromonas,IL17F,0.03640006106309718,0.4827914793045378,0.7693871426847527,False
Porphyromonas,FASL,0.02289904379355273,0.6589075646797197,0.8727045361767946,False
Porphyromonas,TGFA,0.0488211682462692,0.3464192068969907,0.6749617616655462,False
Porphyromonas,MIP1A,0.04618188633261435,0.37314335550575484,0.6994087751837796,False
Porphyromonas,SDF1A,0.03653276400810615,0.4811960151981003,0.7687013354724876,False
Porphyromonas,IL27,0.0094114532750416,0.8560507887316186,0.9545125489171852,False
Porphyromonas,LIF,-0.026227564774403862,0.6131332038681593,0.8458055074374113,False
Porphyromonas,IL1B,-0.03339120631295816,0.5197225518259768,0.7936649806209499,False
Porphyromonas,IL2,0.05911848213218935,0.2540915083158057,0.5903598743431605,False
Porphyromonas,IL4,0.11148843843888667,0.031115632396532464,0.21356116700203095,True
Porphyromonas,IL5,-0.0795848844356094,0.12444416348496984,0.43720561420838683,False
Porphyromonas,IP10,0.11708371586185287,0.023543034404143917,0.18424983446721327,True
Porphyromonas,IL6,0.015833405785389734,0.7602156271083342,0.9176417501795119,False
Porphyromonas,IL7,0.01040033889792674,0.8411168251842527,0.9502158828971545,False
Porphyromonas,IL8,0.04848950786315055,0.34970912301132984,0.6768563671187029,False
Porphyromonas,IL10,0.009673682532632762,0.8520854178075677,0.9545125489171852,False
Porphyromonas,IFNB,0.002199719607166489,0.9661812603003972,0.9890463093884088,False
Porphyromonas,EOTAXIN,-0.025930491386748602,0.6171614949065378,0.847847600635133,False
Porphyromonas,IL12P70,-0.0005969905141252484,0.9908192628619465,0.9983336018002279,False
Porphyromonas,IL13,-0.022774882329368976,0.6606413434196685,0.873342500895937,False
Porphyromonas,IL17A,-0.05349110368387732,0.3021917087479171,0.6360730798994256,False
Porphyromonas,IL31,-0.07364928576126947,0.1551793687661551,0.4802556171465033,False
Porphyromonas,IL1RA,0.008347017742097847,0.8721831147431459,0.9596781581368697,False
Porphyromonas,SCF,0.030746877751706158,0.5533377215523059,0.8129606335602598,False
Porphyromonas,RANTES,0.03852861445757736,0.4575484945396864,0.7526622564270148,False
Porphyromonas,IFNG,0.09689000691367061,0.06122077289518576,0.30732604282297743,False
Porphyromonas,GMCSF,-0.02537040200165586,0.6247874762246165,0.8525280044469823,False
Porphyromonas,TNFA,-0.06393783293339561,0.21734365986316692,0.5530560549471157,False
Porphyromonas,HGF,0.02997094568977857,0.5633990650983731,0.8192565888352524,False
Porphyromonas,MIP1B,0.013151601665461326,0.7998822790020705,0.9361727615765634,False
Porphyromonas,IFNA,-0.023209192059335394,0.6545846697719631,0.8692485619532494,False
Porphyromonas,TGFB,-0.03577829165164671,0.490304879403083,0.7739775866650843,False
Porphyromonas,MCP1,-0.07996338055893638,0.1226574977272548,0.4331969046832223,False
Porphyromonas,IL9,0.049389954655002705,0.34082297736193656,0.6691738964389887,False
Porphyromonas,VEGFD,-0.12537340103582117,0.015263333360553834,0.1483787459092167,True
Porphyromonas,TNFB,0.0616980250037942,0.2339193631082065,0.5667091594237808,False
Porphyromonas,NGF,-0.09954786994436446,0.05441726475617885,0.28977612437744127,True
Porphyromonas,EGF,-0.032094533372920675,0.5360741472561441,0.8040834306706127,False
Porphyromonas,BDNF,0.12308874358977442,0.017241471418037172,0.15954794446541862,True
Porphyromonas,TRAIL,0.07949900738097554,0.12485234072278292,0.43741975915960374,False
Porphyromonas,GCSF,-0.002742126765604731,0.9578491967698523,0.9855796640191362,False
Porphyromonas,GROA,0.044083969634525794,0.395267854867565,0.7137754472445211,False
Porphyromonas,IL1A,0.029441362490745283,0.5703161142364248,0.8218760786362871,False
Porphyromonas,IL23,-0.08051852930183842,0.12007314066466164,0.4276792857068238,False
Porphyromonas,IL12P40,0.06450254336419502,0.21330067517151488,0.5484874504410383,False
Porphyromonas,IL15,-0.006374535076074413,0.9022130272643134,0.9701135837313933,False
Porphyromonas,IL18,0.04625508395801413,0.3723854669464788,0.6982227505246478,False
Porphyromonas,MCSF,0.04185415372603495,0.41962899813600185,0.7319798841157513,False
Porphyromonas,MCP3,0.09988451195736565,0.05360218342885274,0.2870443220086356,True
Porphyromonas,MIG,0.10320414330640032,0.046095157606510125,0.2654396072696868,True
Porphyromonas,RESISTIN,0.012572842712501133,0.8085144940907686,0.939340481624686,False
Porphyromonas,IL21,0.07740103323565728,0.135150446088148,0.4510403643372403,False
Porphyromonas,ICAM1,0.07157062784513389,0.16720248715966238,0.49620604759358433,False
Porphyromonas,VCAM1,-0.008409230965799094,0.8712387004911004,0.9596781581368697,False
Porphyromonas,FGFB,0.01811670707611881,0.726926924015733,0.9039253302162288,False
Porphyromonas,IL22,0.020170562739257027,0.6974137985465586,0.8913350883852033,False
Porphyromonas,PDGFBB,0.20952736831133734,4.4281633964844954e-05,0.004468612178532746,True
Porphyromonas,VEGF,0.04377540754145182,0.398587273807711,0.7149954788544798,False
Porphyromonas,LEPTIN,-0.015268383797373577,0.7685246697323243,0.9200531338996716,False
Porphyromonas,PAI1,-0.09650102080298668,0.062272976028353196,0.3091487599984082,False
Porphyromonas,CD40L,-0.008563842068015423,0.8688924549231716,0.9595131404059564,False
Porphyromonas,ENA78,-0.01231616094265677,0.8123504244559046,0.9398823583202414,False
Prauserella,IL17F,0.0430084945748786,0.40690959408475225,0.7214499088277706,False
Prauserella,FASL,-0.024705857936773257,0.6338877988120926,0.8579293471044017,False
Prauserella,TGFA,-0.014777447112760347,0.7757658413789866,0.923550896923887,False
Prauserella,MIP1A,0.0015995305780803716,0.9754051771982135,0.9922991593010085,False
Prauserella,SDF1A,-0.14113177774386446,0.0062585416002805035,0.08954528751170568,True
Prauserella,IL27,0.010784702398348528,0.8353272648743924,0.9486274812122903,False
Prauserella,LIF,-2.5921099386961553e-05,0.9996013671666503,0.9997953913454289,False
Prauserella,IL1B,-0.07343927412038073,0.15636355431442106,0.48204896854943063,False
Prauserella,IL2,-0.08711757902370061,0.09250409065100301,0.3758585352146124,False
Prauserella,IL4,-0.09042023490426869,0.08074675517518012,0.35090879585475476,False
Prauserella,IL5,0.04508822588700809,0.3845801356790943,0.7084705041562716,False
Prauserella,IP10,-0.015465561965138342,0.7656219629974182,0.9197990817379736,False
Prauserella,IL6,-0.0023926682802887073,0.9632168548926137,0.987204242733345,False
Prauserella,IL7,0.06955412298930855,0.1795194505411658,0.5137018123177975,False
Prauserella,IL8,-0.0940047579888801,0.06938524234165072,0.3271067793417978,False
Prauserella,IL10,-0.046964207272710265,0.3650924739285659,0.692273864296804,False
Prauserella,IFNB,0.03563135158458575,0.492089593211543,0.7747084629619355,False
Prauserella,EOTAXIN,0.11087451638588798,0.03206119166356939,0.21632581557765077,True
Prauserella,IL12P70,0.03126934233918392,0.5466128075685098,0.8092596089764619,False
Prauserella,IL13,-0.02933657085198045,0.571689592604876,0.8218760786362871,False
Prauserella,IL17A,-0.1196275923638062,0.020664483784161504,0.1721078380821735,True
Prauserella,IL31,0.007198212483191983,0.8896535369410914,0.9671277491001928,False
Prauserella,IL1RA,-0.03413440955700587,0.510467347344417,0.7891502891683385,False
Prauserella,SCF,0.002680976985888873,0.9587883226374792,0.9860005234642709,False
Prauserella,RANTES,-0.13189586885137852,0.010668589163644139,0.12571676095823536,True
Prauserella,IFNG,-0.019015791461711614,0.7139546704780327,0.8992313228053638,False
Prauserella,GMCSF,-0.12727546748821852,0.013771221763158816,0.14022521430369742,True
Prauserella,TNFA,-0.042507545595749575,0.41240106286847267,0.7252435962200054,False
Prauserella,HGF,-0.05191227185655127,0.3167058474478286,0.646112226674723,False
Prauserella,MIP1B,-0.12937387929769434,0.012275330065230754,0.13404372165163916,True
Prauserella,IFNA,-0.06724170559671523,0.19445621811124653,0.5262200276725294,False
Prauserella,TGFB,-0.07943830664380598,0.12514148049927645,0.43741975915960374,False
Prauserella,MCP1,0.20067655587331337,9.316641935856236e-05,0.00799797876955043,True
Prauserella,IL9,-0.003865715699584342,0.9406050518073442,0.9832476937214277,False
Prauserella,VEGFD,0.036599695624998554,0.4803923940598084,0.7687013354724876,False
Prauserella,TNFB,-0.11018435131669985,0.033153361745108766,0.22062309031113253,True
Prauserella,NGF,0.03482743473441577,0.5019149916048344,0.7817195597421817,False
Prauserella,EGF,-0.035846396573511685,0.48947886371980387,0.7739775866650843,False
Prauserella,BDNF,-0.1836421041621089,0.00035699706560876306,0.018275629597219248,True
Prauserella,TRAIL,-0.06058080359464809,0.24251285112408533,0.5773130159011929,False
Prauserella,GCSF,-0.02101303164099513,0.6854355181984573,0.8863606845546627,False
Prauserella,GROA,-0.04740268026390161,0.36062775847039186,0.6873297579422463,False
Prauserella,IL1A,-0.09850604253608951,0.05700524616837797,0.29727969497154116,True
Prauserella,IL23,0.06101667738641151,0.23913423920858415,0.5720726676690948,False
Prauserella,IL12P40,-0.08359631192847655,0.10650781275530216,0.4019408818672029,False
Prauserella,IL15,-0.029491142285989234,0.5696642118669757,0.8218010088463611,False
Prauserella,IL18,-0.09898246866867264,0.055809381622525835,0.2932357339488646,True
Prauserella,MCSF,-0.06542224043170941,0.20683241528386298,0.5408270277806727,False
Prauserella,MCP3,-0.05255126111326757,0.31077766837834897,0.6439433306911204,False
Prauserella,MIG,-0.10042636425421464,0.05231158225333338,0.2845015876935675,True
Prauserella,RESISTIN,-0.08841488259117732,0.08773209495397173,0.36615189965831135,False
Prauserella,IL21,-0.021200576114673658,0.682779552093423,0.8849964926088968,False
Prauserella,ICAM1,0.012047088670896258,0.8163763412336735,0.9425574144597348,False
Prauserella,VCAM1,-0.07936440394634497,0.12549420749411982,0.4376610486357429,False
Prauserella,FGFB,-0.02297425460889872,0.657858214614268,0.8719355908664169,False
Prauserella,IL22,-0.012839086647397477,0.8045405023470491,0.9368864853549891,False
Prauserella,PDGFBB,-0.2141743055661063,2.958553283944463e-05,0.0036010076304295257,True
Prauserella,VEGF,-0.02331564143419369,0.6531036074296165,0.869009448634532,False
Prauserella,LEPTIN,-0.13470306031186027,0.009101697559280166,0.11311241064762434,True
Prauserella,PAI1,-0.0335358767473547,0.5179142183662182,0.7926388750640422,False
Prauserella,CD40L,0.02930954216873678,0.5720441049034324,0.8218760786362871,False
Prauserella,ENA78,-0.1163614158923014,0.02442104708705679,0.1869265332589532,True
Prevotella,IL17F,-0.06634836049085942,0.20046349067516137,0.5329378929080653,False
Prevotella,FASL,0.0867550648233538,0.09387403353314017,0.37820729755590043,False
Prevotella,TGFA,0.03615514547745841,0.48574355660957924,0.7718322808097845,False
Prevotella,MIP1A,-0.07590750937737602,0.1428712538814814,0.4613550906589503,False
Prevotella,SDF1A,-0.002970687045792334,0.954339540858121,0.9850504294042394,False
Prevotella,IL27,0.0053589174633149154,0.9177325260014542,0.9759473207461933,False
Prevotella,LIF,-0.061690266723757985,0.23397828777156995,0.5667091594237808,False
Prevotella,IL1B,0.0033497646360286857,0.9485205937013663,0.9839412097503842,False
Prevotella,IL2,-0.010169926397069484,0.8445915927338647,0.9520850681727203,False
Prevotella,IL4,0.06580073115002746,0.20421208185509337,0.5367420710086769,False
Prevotella,IL5,-0.18952511254746263,0.00022741538988246409,0.013082246139630408,True
Prevotella,IP10,0.0400749846124728,0.4396824807131041,0.7426102592713689,False
Prevotella,IL6,-0.01245630378429579,0.8102555250815522,0.9397508955522488,False
Prevotella,IL7,-0.062266809139822216,0.22962790797518196,0.563339374738233,False
Prevotella,IL8,0.12086150708408167,0.019381889309053532,0.16947765482904475,True
Prevotella,IL10,0.048247065827984534,0.352126487396772,0.6789446439785721,False
Prevotella,IFNB,0.1114243600232431,0.03121319845123789,0.2137050887827085,True
Prevotella,EOTAXIN,-0.10882344254842392,0.03540008922791536,0.2306352446612901,True
Prevotella,IL12P70,-0.12681328701884628,0.014121471237026636,0.14172267896152632,True
Prevotella,IL13,-0.06089011591175264,0.24011183688729687,0.5735548158523615,False
Prevotella,IL17A,-0.0027953282280189077,0.9570321868915851,0.9851023063742934,False
Prevotella,IL31,-0.06249863444323337,0.22789489508627417,0.5616457352223343,False
Prevotella,IL1RA,-0.06261811726881714,0.2270053332479239,0.5606184145938868,False
Prevotella,SCF,-0.04352587641753575,0.40128384312937926,0.7169913047268448,False
Prevotella,RANTES,0.027828719327811138,0.5916239358591233,0.8330208332308625,False
Prevotella,IFNG,0.0005739387095619533,0.9911737472009591,0.998510472897879,False
Prevotella,GMCSF,-0.07379618277227717,0.15435510502013586,0.4801567910548505,False
Prevotella,TNFA,-0.15425707708542813,0.0027795012147439012,0.06058444054012097,True
Prevotella,HGF,-0.0750479077276914,0.14746535408143338,0.4671832555296118,False
Prevotella,MIP1B,-0.026051220904775473,0.6155230190431845,0.8474537130884997,False
Prevotella,IFNA,-0.036149001644050625,0.4858177358528287,0.7718322808097845,False
Prevotella,TGFB,-0.040492598822372244,0.4349268641120272,0.740143332527728,False
Prevotella,MCP1,-0.18350345102228346,0.0003607524400899459,0.018299987415471803,True
Prevotella,IL9,0.04167733340818187,0.42159769246498124,0.7321561169059574,False
Prevotella,VEGFD,-0.015298360115086184,0.7680831717003028,0.9200531338996716,False
Prevotella,TNFB,0.001523835652462411,0.9765687416557282,0.9925780652894286,False
Prevotella,NGF,-0.14117342780086298,0.006243068219712934,0.08954528751170568,True
Prevotella,EGF,-0.021320313600350402,0.681085895787926,0.8838277438364249,False
Prevotella,BDNF,0.006643634635306429,0.8981069411397155,0.9700996966245572,False
Prevotella,TRAIL,-0.013899308521324556,0.7887662891781181,0.9276556731055121,False
Prevotella,GCSF,-0.07847084110857408,0.12982036564878124,0.444430643991045,False
Prevotella,GROA,0.054446696621362,0.29362454879825867,0.6289539279440627,False
Prevotella,IL1A,0.026119481730233957,0.6145974634117523,0.8471970963037493,False
Prevotella,IL23,-0.14319839180305474,0.005530925791861154,0.0838656682570251,True
Prevotella,IL12P40,-0.047538868445699274,0.3592480080594743,0.6864666838385618,False
Prevotella,IL15,-0.010318791557616084,0.8423462623725969,0.9504895462772672,False
Prevotella,IL18,0.09661908277600742,0.06195205632553292,0.3081492487519325,False
Prevotella,MCSF,0.05214820255664966,0.3145084683900903,0.646112226674723,False
Prevotella,MCP3,-0.007433032345008071,0.8860778942331953,0.9656864550432089,False
Prevotella,MIG,0.09511372848489139,0.06614757871060153,0.32012444857342287,False
Prevotella,RESISTIN,0.05199422884028472,0.31594139333496435,0.646112226674723,False
Prevotella,IL21,0.04050960155508213,0.4347338726963921,0.740143332527728,False
Prevotella,ICAM1,0.033197880000510105,0.5221441221855453,0.7945361881089018,False
Prevotella,VCAM1,-0.01999307020370164,0.6999471286062873,0.8927325663138475,False
Prevotella,FGFB,-0.1006633594118282,0.05175529022092106,0.2836881330380545,True
Prevotella,IL22,-0.03491678283766418,0.5008179035327007,0.781227574821409,False
Prevotella,PDGFBB,0.13079575417035208,0.011345024923392908,0.13080832609861506,True
Prevotella,VEGF,-0.04163040431396793,0.4221210994208623,0.7321561169059574,False
Prevotella,LEPTIN,-0.06573308583177324,0.20467862395348163,0.537471725917311,False
Prevotella,PAI1,-0.2402220287338985,2.6130083495460507e-06,0.0010725291529581741,True
Prevotella,CD40L,0.16030030048635774,0.0018720323786914617,0.04903596492596001,True
Prevotella,ENA78,0.04170208075715233,0.4213218344497588,0.7321561169059574,False
Propionibacterium,IL17F,0.03950826593256985,0.44618333097329177,0.7469855946087514,False
Propionibacterium,FASL,-0.02726703103511101,0.5991301009912002,0.8368325315471583,False
Propionibacterium,TGFA,-0.02691839515472008,0.6038106353585984,0.839378013278769,False
Propionibacterium,MIP1A,0.004886677169775728,0.9249597699903471,0.9784408562172772,False
Propionibacterium,SDF1A,-0.09646010426726227,0.06238451572226951,0.30942719798245677,False
Propionibacterium,IL27,0.031702636801628443,0.5410664024138314,0.8061817157461093,False
Propionibacterium,LIF,-0.029302541210529696,0.5721359474935954,0.8218760786362871,False
Propionibacterium,IL1B,-0.029868476600020337,0.5647342972563052,0.8195623871756003,False
Propionibacterium,IL2,-0.10426534414845298,0.04388981530408279,0.2590517522895157,True
Propionibacterium,IL4,-0.03408000329612684,0.5111419519065579,0.7896378991247488,False
Propionibacterium,IL5,0.05907031054731254,0.25447934132741495,0.5905180303024767,False
Propionibacterium,IP10,-0.05120477108504855,0.32335526993452623,0.6504406655496238,False
Propionibacterium,IL6,-0.030156039000530536,0.5609910402094322,0.8172336148990665,False
Propionibacterium,IL7,0.014051967056951338,0.7865019247566908,0.9270940039139035,False
Propionibacterium,IL8,-0.08252624726454885,0.11107985259045625,0.4115707685622482,False
Propionibacterium,IL10,-0.07457107105419983,0.1500618245857572,0.4714780299484939,False
Propionibacterium,IFNB,0.03329927489797455,0.520873348085372,0.7940975925059739,False
Propionibacterium,EOTAXIN,0.11730460935405596,0.023280027621888057,0.18334549203787762,True
Propionibacterium,IL12P70,0.03953143872439282,0.445916450732912,0.7469855946087514,False
Propionibacterium,IL13,-0.03063080940341725,0.5548371609427267,0.8136639574403193,False
Propionibacterium,IL17A,-0.031029152640397965,0.5496994026726987,0.8121055512082761,False
Propionibacterium,IL31,0.03224508313892999,0.5341624972695735,0.8029705643222577,False
Propionibacterium,IL1RA,-0.059612002612447514,0.25014173080420443,0.5864667470115381,False
Propionibacterium,SCF,-0.07528229254056998,0.14620168672640352,0.4669750497614949,False
Propionibacterium,RANTES,-0.1448262134413131,0.0050123409350773165,0.08134745737853283,True
Propionibacterium,IFNG,-0.04239610924535788,0.41362856562028993,0.7262578339085015,False
Propionibacterium,GMCSF,-0.028057384228778258,0.588580526899162,0.8308321123443774,False
Propionibacterium,TNFA,-0.011796653644633882,0.8201277473781234,0.9439697902746982,False
Propionibacterium,HGF,-0.028818843415662466,0.5784982043566708,0.8243390171820549,False
Propionibacterium,MIP1B,-0.043155517314119464,0.4053061956483156,0.7193411487651402,False
Propionibacterium,IFNA,-0.06218953689970121,0.230207627141056,0.563339374738233,False
Propionibacterium,TGFB,-0.004378021531609962,0.9327512095832453,0.9807531110289827,False
Propionibacterium,MCP1,0.1872240036721369,0.0002717233915647389,0.014864867891482773,True
Propionibacterium,IL9,-0.0033055401869813896,0.9491993164478179,0.9839412097503842,False
Propionibacterium,VEGFD,0.099405391289399,0.05476532392814234,0.29008912900796685,True
Propionibacterium,TNFB,-0.08457563138783868,0.10245492030409958,0.39447092685842805,False
Propionibacterium,NGF,0.09754689044363296,0.05947722425976595,0.3041369963508082,False
Propionibacterium,EGF,-0.033690956211298834,0.5159793813522211,0.7911657319998069,False
Propionibacterium,BDNF,-0.10690970116318432,0.03877747540231704,0.2428488358528946,True
Propionibacterium,TRAIL,-0.041648148362826216,0.4219231529003393,0.7321561169059574,False
Propionibacterium,GCSF,0.013988998461624238,0.7874357131357838,0.9270940039139035,False
Propionibacterium,GROA,-0.03401130724702227,0.5119944032030663,0.7901030726026752,False
Propionibacterium,IL1A,-0.06759946488408565,0.19208773689896516,0.5235171392786456,False
Propionibacterium,IL23,0.06962381232575444,0.1790828716298719,0.5130464199021145,False
Propionibacterium,IL12P40,-0.15476715405241667,0.0026897256589046804,0.06058444054012097,True
Propionibacterium,IL15,-0.027089996296251962,0.6015047962953186,0.8385630847490803,False
Propionibacterium,IL18,-0.13046897141398006,0.011553131507772506,0.13156423227218486,True
Propionibacterium,MCSF,-0.05648491126881622,0.27589832753271487,0.612619445934162,False
Propionibacterium,MCP3,-0.04221881166722782,0.41558598215699305,0.7285405191218416,False
Propionibacterium,MIG,-0.1291306545978458,0.012441038384970238,0.13453681044212001,True
Propionibacterium,RESISTIN,-0.06633691068850442,0.20054135048901608,0.5329378929080653,False
Propionibacterium,IL21,-0.04033342996669557,0.436735915385447,0.7405137110915162,False
Propionibacterium,ICAM1,-0.019086991777607344,0.7129308241137988,0.8986117005997283,False
Propionibacterium,VCAM1,-0.0917704826691534,0.07630198625337617,0.3402984168905705,False
Propionibacterium,FGFB,0.006513279403369513,0.9000956488212983,0.9701135837313933,False
Propionibacterium,IL22,-0.01847309009823326,0.7217753509621195,0.9026235899526283,False
Propionibacterium,PDGFBB,-0.15901870668677795,0.002038043623701962,0.05054017075605554,True
Propionibacterium,VEGF,0.015397641069923671,0.7666214749307947,0.9197990817379736,False
Propionibacterium,LEPTIN,-0.0635004561659779,0.22051251960525742,0.5537438062536479,False
Propionibacterium,PAI1,-0.0031239134560019826,0.951987163166591,0.9847573002824187,False
Propionibacterium,CD40L,0.005160418205716286,0.9207696016105661,0.9766558162773976,False
Propionibacterium,ENA78,-0.02828612126836502,0.5855433828486089,0.8287515895448946,False
Propioniciclava,IL17F,0.03764036096931405,0.4679917435610731,0.7596823405817138,False
Propioniciclava,FASL,-0.02220123021852869,0.6686752165739265,0.8802094145983745,False
Propioniciclava,TGFA,-0.017255207996151208,0.7394305207204345,0.9104371215689435,False
Propioniciclava,MIP1A,-0.06521487799900953,0.20827827349621678,0.5420675215060119,False
Propioniciclava,SDF1A,-0.05958968137869543,0.25031944627465075,0.5866369215508405,False
Propioniciclava,IL27,0.014851001669091066,0.7746796789413759,0.9234592199301169,False
Propioniciclava,LIF,0.041248268393497926,0.42639721602795466,0.7358327191930943,False
Propioniciclava,IL1B,0.001509888774822175,0.9767831352445393,0.9926151693069621,False
Propioniciclava,IL2,0.04948911515396286,0.33985328369923673,0.6682104732352858,False
Propioniciclava,IL4,0.01816756785479779,0.7261909644558384,0.9039253302162288,False
Propioniciclava,IL5,0.07942109908546326,0.12522354088747223,0.43741975915960374,False
Propioniciclava,IP10,-0.13828110811138172,0.007402886951832315,0.09953761250897428,True
Propioniciclava,IL6,-0.053906778505303295,0.298444918764489,0.6324810659725972,False
Propioniciclava,IL7,-0.007623023241453952,0.8831865561589982,0.9648649498707434,False
Propioniciclava,IL8,-0.0822957113223841,0.11208477457274402,0.41309976361685047,False
Propioniciclava,IL10,-0.04824981849721356,0.35209898181941024,0.6789446439785721,False
Propioniciclava,IFNB,0.04500003068108648,0.3855116342902294,0.7087825104907677,False
Propioniciclava,EOTAXIN,0.0790044785166189,0.12722312129290203,0.4420823536746333,False
Propioniciclava,IL12P70,0.003973399112553502,0.9389537210664489,0.9826259871625628,False
Propioniciclava,IL13,0.009977473554545126,0.8474962174776524,0.9536434965448359,False
Propioniciclava,IL17A,0.06612410170107504,0.20199247655947608,0.5336733045463431,False
Propioniciclava,IL31,0.007469018603191605,0.8855301274673046,0.9656864550432089,False
Propioniciclava,IL1RA,0.010635124166605362,0.8375792820479777,0.9497444409322731,False
Propioniciclava,SCF,-0.0609142056976499,0.23992554453511494,0.5733559183823388,False
Propioniciclava,RANTES,-0.037036219313045536,0.4751691413752285,0.7644740092318874,False
Propioniciclava,IFNG,-0.004551710169657497,0.930089938033994,0.9807531110289827,False
Propioniciclava,GMCSF,0.139535203829828,0.00687822395921918,0.0952369471276502,True
Propioniciclava,TNFA,-0.01711227603595161,0.7415117560729709,0.9111727810806382,False
Propioniciclava,HGF,0.04792378439190346,0.3553662416583062,0.6828524805111957,False
Propioniciclava,MIP1B,0.05205289405893849,0.315394934841402,0.646112226674723,False
Propioniciclava,IFNA,0.02962094684762059,0.5679659949332074,0.8210492880122533,False
Propioniciclava,TGFB,0.043803269004183604,0.39828686362411025,0.7149954788544798,False
Propioniciclava,MCP1,0.1140594430514851,0.027410371373135595,0.20130942847146224,True
Propioniciclava,IL9,-0.03580466620992298,0.48998490503227754,0.7739775866650843,False
Propioniciclava,VEGFD,-0.0043143339087827765,0.9337272257626326,0.9807531110289827,False
Propioniciclava,TNFB,-0.07867148507730069,0.1288390517458972,0.44377895601364586,False
Propioniciclava,NGF,0.08373169029215936,0.10594012804829005,0.4009634965496223,False
Propioniciclava,EGF,-0.07122335147179658,0.16927735190101056,0.49924293002517917,False
Propioniciclava,BDNF,-0.0392462465328107,0.44920729506408896,0.7477320012988994,False
Propioniciclava,TRAIL,-0.0442928775823171,0.3930299624495516,0.7124462033645862,False
Propioniciclava,GCSF,-0.0765400663899782,0.1395610528918835,0.456477535250123,False
Propioniciclava,GROA,-0.01656671442950314,0.7494728964003141,0.9155119881597532,False
Propioniciclava,IL1A,-0.04279196720313833,0.40927784524133515,0.7229409232183127,False
Propioniciclava,IL23,0.05201396107606232,0.31575752119681544,0.646112226674723,False
Propioniciclava,IL12P40,-0.12282526895278241,0.017483408821343357,0.16098584360246854,True
Propioniciclava,IL15,0.03609415038864863,0.4864802678435628,0.7720591281476338,False
Propioniciclava,IL18,-0.0657302508007028,0.20469819368348877,0.537471725917311,False
Propioniciclava,MCSF,0.008109809304696328,0.875785659471314,0.9623837678244319,False
Propioniciclava,MCP3,-0.118509759980833,0.021889408390943284,0.17811284757990303,True
Propioniciclava,MIG,-0.039033880211005775,0.45166668571647084,0.7497210378710812,False
Propioniciclava,RESISTIN,0.052800755235357814,0.30848292920543124,0.6415709075535991,False
Propioniciclava,IL21,-0.09084696269511974,0.07931995937882494,0.3468694148384351,False
Propioniciclava,ICAM1,-0.18215640329541113,0.00039920100490875685,0.019888764351704134,True
Propioniciclava,VCAM1,-0.004118537824450411,0.9367284262683508,0.9815858438643,False
Propioniciclava,FGFB,-0.04091788746828715,0.43011438946292957,0.7378030653242645,False
Propioniciclava,IL22,0.05003897018723863,0.33450824277786295,0.66283948675443,False
Propioniciclava,PDGFBB,-0.008810095722376928,0.8651579016597819,0.9582400226814163,False
Propioniciclava,VEGF,-0.016184096375819138,0.7550722341787254,0.9163834056327133,False
Propioniciclava,LEPTIN,0.12685054874971713,0.014092946195994613,0.1416912428354053,True
Propioniciclava,PAI1,0.003222205993057962,0.9504783647812409,0.9843514826853182,False
Propioniciclava,CD40L,-0.04160930542926652,0.4223565418824963,0.7321561169059574,False
Propioniciclava,ENA78,0.09767309855941408,0.05914697778750569,0.3033457132851854,False
Propionicimonas,IL17F,0.050350051537791714,0.33150831267009606,0.6597062712907047,False
Propionicimonas,FASL,-0.033847169890983665,0.5140341755378397,0.7906963232608833,False
Propionicimonas,TGFA,0.035593368279529955,0.4925514971313705,0.7748089826577824,False
Propionicimonas,MIP1A,-0.08183584270017956,0.11411069278614171,0.41616840898475216,False
Propionicimonas,SDF1A,-0.038422805003728404,0.4587856252875461,0.7530057801260821,False
Propionicimonas,IL27,0.07410074290898597,0.15265672865177451,0.4761456377176645,False
Propionicimonas,LIF,0.0317130887583871,0.5409329583629501,0.8061817157461093,False
Propionicimonas,IL1B,0.0322527107205178,0.5340657351249627,0.8029705643222577,False
Propionicimonas,IL2,-0.08274951942106615,0.11011335964917247,0.4090203335200407,False
Propionicimonas,IL4,0.037049570650267774,0.4750098757862202,0.7644740092318874,False
Propionicimonas,IL5,0.06365205661334032,0.21941043597181992,0.5537438062536479,False
Propionicimonas,IP10,-0.11236899154968795,0.029801080847328423,0.20857647786431704,True
Propionicimonas,IL6,-0.017229138506871598,0.7398099779406272,0.9104371215689435,False
Propionicimonas,IL7,-0.05499130877423498,0.2888152543341327,0.624103775276448,False
Propionicimonas,IL8,-0.05222831912816869,0.3137645657732521,0.6457504124007618,False
Propionicimonas,IL10,-0.011373111697898636,0.8264815136832143,0.946541030266426,False
Propionicimonas,IFNB,0.05350620957184698,0.3020550045712149,0.6360252549084451,False
Propionicimonas,EOTAXIN,0.11932024272762826,0.02099519807429939,0.1734206910255814,True
Propionicimonas,IL12P70,0.08503427363262862,0.10059933731014702,0.39063625761351456,False
Propionicimonas,IL13,0.056784888489471004,0.2733521539930109,0.6118071150996554,False
Propionicimonas,IL17A,0.16766498452452994,0.0011351146214783263,0.03558393026881494,True
Propionicimonas,IL31,0.00871913122575657,0.86653707660376,0.9586195256639534,False
Propionicimonas,IL1RA,-0.01640912614746319,0.7517775130800224,0.9163834056327133,False
Propionicimonas,SCF,0.033403768955048006,0.5195653943539789,0.7936649806209499,False
Propionicimonas,RANTES,-0.07851728042067964,0.12959272683842532,0.444430643991045,False
Propionicimonas,IFNG,0.07085069210688792,0.17152520061557697,0.502948302383037,False
Propionicimonas,GMCSF,0.16243574305439534,0.0016226752484375373,0.045546079064730065,True
Propionicimonas,TNFA,-0.012451328753804936,0.8103298703298656,0.9397508955522488,False
Propionicimonas,HGF,0.07099565034125081,0.17064819501925851,0.5023075485581646,False
Propionicimonas,MIP1B,0.03206198240094989,0.5364879233667905,0.8040834306706127,False
Propionicimonas,IFNA,0.020467883879187562,0.6931776984633828,0.890018251894288,False
Propionicimonas,TGFB,-0.01627796829667057,0.7536972868381112,0.9163834056327133,False
Propionicimonas,MCP1,0.22391902800215535,1.2338160096435923e-05,0.0019670552382317842,True
Propionicimonas,IL9,0.002692948579116448,0.9586044608205662,0.9860005234642709,False
Propionicimonas,VEGFD,0.044150124047719695,0.39455835791502036,0.7133225413704797,False
Propionicimonas,TNFB,-0.06332910033223527,0.22176297216396507,0.5551536046096568,False
Propionicimonas,NGF,0.07437505234015468,0.1511392014434333,0.4729987347472561,False
Propionicimonas,EGF,-0.04261218314121968,0.4112504111521589,0.7243615196430071,False
Propionicimonas,BDNF,-0.08898307028707908,0.08570532192431164,0.36093260100955393,False
Propionicimonas,TRAIL,-0.05602550152558527,0.2798288919339378,0.6161784758382565,False
Propionicimonas,GCSF,-0.04476371694470648,0.3880142881658585,0.7105523000675212,False
Propionicimonas,GROA,0.009133421974717665,0.8602590693723707,0.956372511759696,False
Propionicimonas,IL1A,-0.08537060366655527,0.09925563808589037,0.3880025883155688,False
Propionicimonas,IL23,0.06001034774036659,0.24698496971276274,0.5840682597254826,False
Propionicimonas,IL12P40,-0.009869403307121907,0.8491281923031803,0.9538482397054872,False
Propionicimonas,IL15,0.011746403887888822,0.8208809634845352,0.9442415535443633,False
Propionicimonas,IL18,-0.07640930045032737,0.1402404914777927,0.45709225610168414,False
Propionicimonas,MCSF,-0.05439735909431293,0.2940628605601681,0.6294095749619248,False
Propionicimonas,MCP3,-0.03642227139854871,0.482524249085291,0.7693871426847527,False
Propionicimonas,MIG,-0.014253737540337184,0.7835118490906676,0.9264879422151057,False
Propionicimonas,RESISTIN,0.05263490808415252,0.31000707278871126,0.643428988995168,False
Propionicimonas,IL21,-0.10002543363303332,0.0532640099782392,0.2865030266588095,True
Propionicimonas,ICAM1,-0.06563419342186476,0.20536206226450707,0.5387495568575221,False
Propionicimonas,VCAM1,-0.0038189577526727375,0.9413221669737316,0.9832807274259884,False
Propionicimonas,FGFB,-0.05280529907783194,0.3084412406522525,0.6415709075535991,False
Propionicimonas,IL22,0.13497281663954444,0.008962482219536268,0.11188065052575476,True
Propionicimonas,PDGFBB,-0.03132679830546124,0.5458757299302553,0.8085094957338019,False
Propionicimonas,VEGF,-0.0566636632186838,0.2743791674947099,0.6123533823911901,False
Propionicimonas,LEPTIN,0.14650356213168386,0.004524182072869425,0.07780894548008378,True
Propionicimonas,PAI1,0.044285662427761566,0.393107125905546,0.7124462033645862,False
Propionicimonas,CD40L,-0.008494681705780254,0.8699418324464214,0.9596781581368697,False
Propionicimonas,ENA78,0.17552241147780734,0.0006506157291562138,0.025211359504803285,True
Pseudomonas,IL17F,-0.0013108366587897848,0.9798431701865195,0.9946570287737025,False
Pseudomonas,FASL,0.1277548238583339,0.013416050260053967,0.13839322332939283,True
Pseudomonas,TGFA,-0.014090652122724496,0.7859283988045251,0.9270940039139035,False
Pseudomonas,MIP1A,0.09204251315359789,0.07543101917433227,0.33971354882386934,False
Pseudomonas,SDF1A,0.07657688216882927,0.13937022004445065,0.456477535250123,False
Pseudomonas,IL27,-0.02773646669522625,0.5928538045802443,0.833416563594908,False
Pseudomonas,LIF,-0.10636860767595711,0.03978045811348897,0.24636510130218475,True
Pseudomonas,IL1B,-0.04984571358637159,0.3363806720985105,0.6648969714168221,False
Pseudomonas,IL2,-0.020514877974099583,0.6925090167009443,0.8899586165802095,False
Pseudomonas,IL4,0.08507028823423263,0.10045476578595519,0.3903608179206569,False
Pseudomonas,IL5,-0.06636254358438617,0.20036707467946274,0.5329378929080653,False
Pseudomonas,IP10,0.1192676034145308,0.021052297357423675,0.17349962923755263,True
Pseudomonas,IL6,0.11692028577656426,0.023739271662879324,0.1851503871851644,True
Pseudomonas,IL7,0.02408998755063288,0.6423711416774973,0.8622638851480479,False
Pseudomonas,IL8,0.09862155564060028,0.056713367266451015,0.2967415310744321,True
Pseudomonas,IL10,0.10429404930549807,0.04383141593166149,0.2590517522895157,True
Pseudomonas,IFNB,-0.05915960021561586,0.2537607878179736,0.5899938316767886,False
Pseudomonas,EOTAXIN,-0.045682299180250734,0.3783414498345862,0.7025441897094812,False
Pseudomonas,IL12P70,-0.005604370315408647,0.9139787090581716,0.9735657908844376,False
Pseudomonas,IL13,0.019449248972499958,0.7077296467801819,0.89634481191047,False
Pseudomonas,IL17A,-0.0770278545314255,0.13704883216666783,0.4526958915377322,False
Pseudomonas,IL31,0.047191264027871424,0.36277621086305367,0.6890031506520897,False
Pseudomonas,IL1RA,-0.08230977977213678,0.1120232453351641,0.41309976361685047,False
Pseudomonas,SCF,-0.06536044115583035,0.20726255668330215,0.5409378233362142,False
Pseudomonas,RANTES,0.07789208476030128,0.13268334629251236,0.44816771931732385,False
Pseudomonas,IFNG,0.03803078005152735,0.46338544319669706,0.7566121985061804,False
Pseudomonas,GMCSF,-0.1306228690461887,0.01145470751541184,0.1309780080655698,True
Pseudomonas,TNFA,-0.03141649133296929,0.5447260791402161,0.8073523580113873,False
Pseudomonas,HGF,-0.0405434481913238,0.43434983930641524,0.739951007058545,False
Pseudomonas,MIP1B,0.06839608196581881,0.18688990433325536,0.5216836749272461,False
Pseudomonas,IFNA,0.044293328348544894,0.39302514197194793,0.7124462033645862,False
Pseudomonas,TGFB,-0.044884383749853235,0.3867351504529044,0.7089297436028932,False
Pseudomonas,MCP1,-0.1302425108954083,0.01169932165108223,0.13210104366291336,True
Pseudomonas,IL9,0.07024077914048919,0.17525204210126238,0.5087962512617296,False
Pseudomonas,VEGFD,-0.08956624175997428,0.08366446568988832,0.35695328125418063,False
Pseudomonas,TNFB,0.07747108887538351,0.13479633504353272,0.45078248658960407,False
Pseudomonas,NGF,-0.0385184539544685,0.4576672107628783,0.7526622564270148,False
Pseudomonas,EGF,0.05178608048661197,0.3178852591359007,0.646428478855075,False
Pseudomonas,BDNF,0.006943099978988519,0.8935407122599945,0.9675120899537724,False
Pseudomonas,TRAIL,0.09186829778408125,0.07598787320588105,0.3402984168905705,False
Pseudomonas,GCSF,0.07014341456445781,0.17585251118700837,0.5096990858691822,False
Pseudomonas,GROA,0.07241797059354137,0.1622198368888264,0.4900848347805367,False
Pseudomonas,IL1A,0.11203935470459879,0.030287507935314775,0.21052242490204603,True
Pseudomonas,IL23,0.01758014537115034,0.7347061881173906,0.9083377561343547,False
Pseudomonas,IL12P40,-0.006947692907986246,0.8934707065272695,0.9675120899537724,False
Pseudomonas,IL15,-0.05986234156644965,0.24815461223356272,0.5852505225119526,False
Pseudomonas,IL18,0.06812529225516434,0.18864503905368218,0.5228157829725131,False
Pseudomonas,MCSF,0.12054182995527607,0.019707346460157694,0.16970233446846072,True
Pseudomonas,MCP3,0.08680198047360936,0.09369583145831346,0.37776209504146613,False
Pseudomonas,MIG,0.03324067570520875,0.5216075735280995,0.7944287862848414,False
Pseudomonas,RESISTIN,-0.09500713481097486,0.06645329547908686,0.3212239140571399,False
Pseudomonas,IL21,0.11294101320662374,0.02897285078229626,0.20559100531353514,True
Pseudomonas,ICAM1,0.03867817733261941,0.455802981978666,0.7511460837096741,False
Pseudomonas,VCAM1,-0.06933168296675839,0.18091822959298018,0.5163804200147465,False
Pseudomonas,FGFB,0.09366480697268253,0.07040330495409362,0.33033058539300486,False
Pseudomonas,IL22,-0.04851078603392777,0.3494974624797196,0.676760612924668,False
Pseudomonas,PDGFBB,-0.04263997327179311,0.4109451349499337,0.7241736676806378,False
Pseudomonas,VEGF,0.042222797730177654,0.41554191508046767,0.7285405191218416,False
Pseudomonas,LEPTIN,-0.15433737860312916,0.0027651894219769073,0.06058444054012097,True
Pseudomonas,PAI1,-0.06373588600314212,0.21880271847681917,0.5537438062536479,False
Pseudomonas,CD40L,0.008341565480931252,0.8722658902715068,0.9596781581368697,False
Pseudomonas,ENA78,-0.0889959415036725,0.08565984950808954,0.36093260100955393,False
Pseudonocardia,IL17F,0.05664101231604175,0.2745713553302433,0.6123533823911901,False
Pseudonocardia,FASL,-0.0016942968655909167,0.9739485260554197,0.9922991593010085,False
Pseudonocardia,TGFA,-0.022128607983897246,0.6696949992251031,0.8809283582451851,False
Pseudonocardia,MIP1A,-0.010824759531668393,0.8347244008294938,0.9486274812122903,False
Pseudonocardia,SDF1A,-0.03572818620700838,0.4909130634255917,0.7746874699985299,False
Pseudonocardia,IL27,-0.007009614981283117,0.8925269670326084,0.9675120899537724,False
Pseudonocardia,LIF,0.03811927055112758,0.4623449103795474,0.7563333067420595,False
Pseudonocardia,IL1B,-0.031493063701705334,0.5437455527160359,0.8071562075433573,False
Pseudonocardia,IL2,-0.01987292782191113,0.7016637979541724,0.8928003623063508,False
Pseudonocardia,IL4,-0.05856279065138247,0.2585903532470298,0.5945856147134241,False
Pseudonocardia,IL5,0.0444716222158697,0.3911212730256043,0.7121554466198964,False
Pseudonocardia,IP10,0.018129558403668384,0.7267409405459844,0.9039253302162288,False
Pseudonocardia,IL6,-0.04855645062366253,0.3490434962070028,0.676760612924668,False
Pseudonocardia,IL7,0.06510617426026988,0.2090391317782246,0.5420755007938203,False
Pseudonocardia,IL8,-0.036133354835613016,0.48600667941504305,0.7718322808097845,False
Pseudonocardia,IL10,-0.0788695934444161,0.12787578063122673,0.4426469329542464,False
Pseudonocardia,IFNB,0.012406124967327683,0.8110054591242043,0.9397508955522488,False
Pseudonocardia,EOTAXIN,0.042207413307989446,0.41571200947740927,0.7285405191218416,False
Pseudonocardia,IL12P70,-0.025152626850557705,0.627763524867746,0.8537786704698566,False
Pseudonocardia,IL13,-0.05658336623363313,0.2750608824064264,0.612619445934162,False
Pseudonocardia,IL17A,-0.09071707188441125,0.07975208078538179,0.34766922717377374,False
Pseudonocardia,IL31,0.010748513979315786,0.8358719872425968,0.9486274812122903,False
Pseudonocardia,IL1RA,-6.870398256955244e-05,0.9989434222681685,0.9997953913454289,False
Pseudonocardia,SCF,-0.09063835524472842,0.08001488180584639,0.34850810439306,False
Pseudonocardia,RANTES,-0.011105681636172128,0.8304992307977749,0.9474924775815956,False
Pseudonocardia,IFNG,-0.024131920574165744,0.6417920398348299,0.8619012231716849,False
Pseudonocardia,GMCSF,-0.015329917767127575,0.7676184643752703,0.9200531338996716,False
Pseudonocardia,TNFA,0.054531179275605864,0.2928750238910759,0.6283132000431386,False
Pseudonocardia,HGF,-0.021393088349921045,0.6800572965848869,0.8836446797191053,False
Pseudonocardia,MIP1B,-0.07307123337893273,0.15845525857299173,0.4854220847880474,False
Pseudonocardia,IFNA,-0.04944379005047028,0.3402963005405454,0.6686103369775503,False
Pseudonocardia,TGFB,0.0063139578558363265,0.9031377149974743,0.9701135837313933,False
Pseudonocardia,MCP1,0.05916010178391029,0.25375675545296694,0.5899938316767886,False
Pseudonocardia,IL9,-0.010934203924542323,0.8330777454374075,0.9486274812122903,False
Pseudonocardia,VEGFD,0.012250593341423787,0.8133310101140369,0.940598349520482,False
Pseudonocardia,TNFB,-0.03311928217710717,0.5231302733478727,0.795386083182869,False
Pseudonocardia,NGF,0.02234075375965732,0.6667176950896241,0.8784615675561044,False
Pseudonocardia,EGF,-0.057067958822195765,0.2709642019553001,0.6077091024560186,False
Pseudonocardia,BDNF,-0.040133287884031414,0.43901676750223617,0.7421125606369214,False
Pseudonocardia,TRAIL,0.01168078224990722,0.8218648432381144,0.9446256146245459,False
Pseudonocardia,GCSF,-0.019473596077671275,0.7073805619282132,0.89634481191047,False
Pseudonocardia,GROA,-0.000962064792092774,0.9852055371692592,0.996960105800375,False
Pseudonocardia,IL1A,-0.007765583007697427,0.8810180543446183,0.9636125437591433,False
Pseudonocardia,IL23,0.030914644001060112,0.5511739195637934,0.8127095289901137,False
Pseudonocardia,IL12P40,-0.09353315520241529,0.07080083119438237,0.33143342119517916,False
Pseudonocardia,IL15,0.04029543902509841,0.43716834291698836,0.7405137110915162,False
Pseudonocardia,IL18,0.002057611516762768,0.9683648662890796,0.9892852350591476,False
Pseudonocardia,MCSF,-0.006620502948676051,0.8984597934680782,0.9700996966245572,False
Pseudonocardia,MCP3,-0.0948461166721835,0.0669173018340805,0.32250399794397366,False
Pseudonocardia,MIG,-0.046572501192138765,0.36910993355074273,0.6951234645269069,False
Pseudonocardia,RESISTIN,-0.004579835819349238,0.9296590669751035,0.9807531110289827,False
Pseudonocardia,IL21,0.027432875443937608,0.5969093564325263,0.8354036139687727,False
Pseudonocardia,ICAM1,-0.040452260442013464,0.4353849264103431,0.7402339699481154,False
Pseudonocardia,VCAM1,-0.000772921172936348,0.9881139138894455,0.9972218265937813,False
Pseudonocardia,FGFB,0.030982349298316603,0.5503018508260649,0.812459978769236,False
Pseudonocardia,IL22,-0.015038804740789022,0.7719084322513419,0.9217310190375535,False
Pseudonocardia,PDGFBB,-0.0286478933429862,0.580754668840773,0.8262649291513292,False
Pseudonocardia,VEGF,0.018166349117804174,0.7262085967378193,0.9039253302162288,False
Pseudonocardia,LEPTIN,0.0042567459887151195,0.9346098491477739,0.9810533421000199,False
Pseudonocardia,PAI1,-0.01896896863315549,0.7146282532562935,0.8996814610694129,False
Pseudonocardia,CD40L,-0.042372477983682454,0.41388914717925596,0.7264867698207764,False
Pseudonocardia,ENA78,-0.05508913741627806,0.28795699485407034,0.6235242444073272,False
Ralstonia,IL17F,-0.022608233485635204,0.6629712646998651,0.8753856263665989,False
Ralstonia,FASL,0.010237237120113544,0.843576189488736,0.9513248054460685,False
Ralstonia,TGFA,-0.09801727517363845,0.05825407326882954,0.3008439543808027,False
Ralstonia,MIP1A,0.0035223851701868844,0.9458717073650069,0.9839412097503842,False
Ralstonia,SDF1A,-0.053328081881456456,0.3036696202496923,0.6372608051873949,False
Ralstonia,IL27,-0.08841726358629466,0.0877235221041695,0.36615189965831135,False
Ralstonia,LIF,-0.12001274034442147,0.02025645025437512,0.17105029122866394,True
Ralstonia,IL1B,-0.13954611360107502,0.0068738095920740675,0.0952369471276502,True
Ralstonia,IL2,-0.06501141707399577,0.20970400725145366,0.5423183301596758,False
Ralstonia,IL4,-0.0724562506133966,0.16199740165574253,0.48967795300056516,False
Ralstonia,IL5,-0.02359300441905475,0.649250974108708,0.8664961577437433,False
Ralstonia,IP10,-0.0358745479840539,0.4891376453019384,0.7739775866650843,False
Ralstonia,IL6,-0.12993251991676624,0.011902083274366695,0.13210104366291336,True
Ralstonia,IL7,0.07503729992876733,0.14752274126221793,0.4671832555296118,False
Ralstonia,IL8,0.005612231204977831,0.9138585201902685,0.9735657908844376,False
Ralstonia,IL10,-0.10189223070862741,0.04894927234240491,0.2745094871061502,True
Ralstonia,IFNB,-0.02348799097515047,0.6507085422641752,0.8667829233311285,False
Ralstonia,EOTAXIN,-0.09207753662442121,0.07531947325189542,0.33971354882386934,False
Ralstonia,IL12P70,-0.1295773358949086,0.012138214705914828,0.13332920877756838,True
Ralstonia,IL13,-0.08291419306940012,0.10940477550085015,0.408073962095417,False
Ralstonia,IL17A,-0.1289131240399995,0.012590909555171543,0.13538440205400726,True
Ralstonia,IL31,-0.06763316894631811,0.1918656988590883,0.5232700877975136,False
Ralstonia,IL1RA,-0.09845877130780074,0.057125049621303575,0.2976263089513296,True
Ralstonia,SCF,-0.1787994304073942,0.0005122281956356985,0.022684391521009505,True
Ralstonia,RANTES,0.051349541204914056,0.3219873304499313,0.6489427536212405,False
Ralstonia,IFNG,-0.12777580057188026,0.013400693728530384,0.13839322332939283,True
Ralstonia,GMCSF,-0.04392270273164695,0.39700063536999275,0.7141404079189425,False
Ralstonia,TNFA,-0.088861364805033,0.08613625345446364,0.36247382675407774,False
Ralstonia,HGF,-0.18436067900861172,0.0003381112403146054,0.017632343186499984,True
Ralstonia,MIP1B,-0.028714527194062516,0.5798746437740073,0.8256444277261957,False
Ralstonia,IFNA,-0.08959057580092786,0.08358016603019476,0.35695328125418063,False
Ralstonia,TGFB,-0.10361634947548382,0.04522773127414138,0.26398613024028134,True
Ralstonia,MCP1,-0.07093433939692725,0.1710187205867347,0.502948302383037,False
Ralstonia,IL9,-0.06133853045371795,0.23666076017359833,0.5691383914331385,False
Ralstonia,VEGFD,0.042104210386914004,0.41685410765035646,0.7295302777253826,False
Ralstonia,TNFB,-0.02856566761485648,0.581841471546096,0.8270590600801522,False
Ralstonia,NGF,-0.0493445719800357,0.34126736409752745,0.6693488343739636,False
Ralstonia,EGF,-0.11842684164966515,0.021982727153759565,0.17824832623968812,True
Ralstonia,BDNF,-0.058169795358852625,0.2618050245656128,0.5960310228788737,False
Ralstonia,TRAIL,0.0022630275480192003,0.9652085628221665,0.9885946733751265,False
Ralstonia,GCSF,-0.031840463920007084,0.5393080291920967,0.8059289777428763,False
Ralstonia,GROA,-0.0586492497981707,0.2578867963741196,0.5936502985839882,False
Ralstonia,IL1A,0.05823642459529158,0.2612580749296686,0.595979059770441,False
Ralstonia,IL23,-0.035513549838473275,0.49352289988258313,0.7748615029107524,False
Ralstonia,IL12P40,-0.12141992556263523,0.018824586993897066,0.1678182991004062,True
Ralstonia,IL15,-0.05022449597210416,0.3327170234189366,0.6604628213011975,False
Ralstonia,IL18,-0.04171801615533288,0.4211442588434432,0.7321561169059574,False
Ralstonia,MCSF,0.025744985792102253,0.6196827774932612,0.8484172942867224,False
Ralstonia,MCP3,-0.07716768965306824,0.13633509526108628,0.45148357955896823,False
Ralstonia,MIG,-0.06163334188249165,0.23441095624946154,0.5667091594237808,False
Ralstonia,RESISTIN,-0.06856896560524468,0.1857756526014065,0.5206570273811392,False
Ralstonia,IL21,-0.040280440856126164,0.43733912542265274,0.7405137110915162,False
Ralstonia,ICAM1,-0.03980252028073099,0.4428011476916126,0.7432146318525491,False
Ralstonia,VCAM1,0.046523798780833285,0.36961134753608116,0.6951234645269069,False
Ralstonia,FGFB,-0.0046116422175579595,0.9291718334160661,0.9807531110289827,False
Ralstonia,IL22,-0.09054043801387099,0.08034276303526384,0.34942526713700095,False
Ralstonia,PDGFBB,-0.05246132493689138,0.3116076063425935,0.64480299723609,False
Ralstonia,VEGF,-0.028811997153768233,0.5785884930061553,0.8243390171820549,False
Ralstonia,LEPTIN,-0.02201891725261434,0.6712364585342283,0.8814202928842048,False
Ralstonia,PAI1,0.01134183477758652,0.8269511689155603,0.946541030266426,False
Ralstonia,CD40L,-0.09736551779036855,0.05995448578656003,0.3052954805850084,False
Ralstonia,ENA78,-0.10004634201718166,0.05321398711607678,0.2865030266588095,True
Rhodococcus,IL17F,0.045394930689975195,0.38135147466482344,0.7057848187826583,False
Rhodococcus,FASL,0.001649221136632263,0.9746413738950188,0.9922991593010085,False
Rhodococcus,TGFA,0.08691775974849995,0.09325721745887433,0.37654619170015496,False
Rhodococcus,MIP1A,0.08328844952445805,0.10780771835273328,0.40438920087917984,False
Rhodococcus,SDF1A,0.018748440521232534,0.7178036916212134,0.9001998136296341,False
Rhodococcus,IL27,0.021790308313901524,0.6744534735270549,0.8820025084325231,False
Rhodococcus,LIF,0.08449945784272378,0.10276571439411528,0.3948604427428193,False
Rhodococcus,IL1B,0.053516174744308725,0.30196484491276293,0.6360252549084451,False
Rhodococcus,IL2,0.11799793905137877,0.022470949522612842,0.18015502634508573,True
Rhodococcus,IL4,-0.06259259826745531,0.2271951174138838,0.5606184145938868,False
Rhodococcus,IL5,-0.0034371984406018088,0.947178837030346,0.9839412097503842,False
Rhodococcus,IP10,0.07277377174120925,0.16016119968806053,0.48731671292957585,False
Rhodococcus,IL6,0.0003996000330054099,0.993854730887632,0.9995613987563682,False
Rhodococcus,IL7,0.05672984070571605,0.2738181907260849,0.6118964774735898,False
Rhodococcus,IL8,0.0030701423382417763,0.9528126270532251,0.9849378397474984,False
Rhodococcus,IL10,-0.02049763671934202,0.6927543158525287,0.890018251894288,False
Rhodococcus,IFNB,0.05391096531999289,0.29840733770415373,0.6324810659725972,False
Rhodococcus,EOTAXIN,-0.07655117261809202,0.13950346319706125,0.456477535250123,False
Rhodococcus,IL12P70,0.04788540627229417,0.35575208670073544,0.6831027679938415,False
Rhodococcus,IL13,0.012660346113625076,0.8072078586771907,0.938965989455644,False
Rhodococcus,IL17A,-0.03567186113137028,0.4915972235530198,0.7747084629619355,False
Rhodococcus,IL31,0.1117999151519659,0.030645081556698223,0.21215825693098772,True
Rhodococcus,IL1RA,0.1997746648289697,0.00010032416121657953,0.008355355516246474,True
Rhodococcus,SCF,0.044236521696875516,0.3936329112854873,0.7124462033645862,False
Rhodococcus,RANTES,0.05363905794908438,0.3008545283528617,0.6352322894971079,False
Rhodococcus,IFNG,0.0019467349555145946,0.9700687394255243,0.9905402799913391,False
Rhodococcus,GMCSF,0.06561537881394995,0.20549227548535162,0.5388378276354615,False
Rhodococcus,TNFA,0.04926109052450203,0.34208577808537455,0.6695330205950158,False
Rhodococcus,HGF,0.11334644822252199,0.028397841473432852,0.20416219681109113,True
Rhodococcus,MIP1B,0.016453294019352464,0.7511313659437632,0.916133993872393,False
Rhodococcus,IFNA,0.02674533165609444,0.6061401221250471,0.8413586769795429,False
Rhodococcus,TGFB,0.10558589142462861,0.04127005428108476,0.25066230681854074,True
Rhodococcus,MCP1,-0.06328437666094351,0.2220901697640272,0.5551796731512281,False
Rhodococcus,IL9,0.05111062481062709,0.32424688382947164,0.6515295685158271,False
Rhodococcus,VEGFD,0.0017207558388310292,0.9735418408317986,0.9922991593010085,False
Rhodococcus,TNFB,0.04165315179335478,0.42186734614430543,0.7321561169059574,False
Rhodococcus,NGF,0.06162113060896471,0.23450384392643545,0.5667091594237808,False
Rhodococcus,EGF,0.01690517622242331,0.7445306813086897,0.9130727915829645,False
Rhodococcus,BDNF,0.14829647688371575,0.004050192500224125,0.07319916944858772,True
Rhodococcus,TRAIL,0.0694666074695272,0.18006881964997118,0.5147459086305529,False
Rhodococcus,GCSF,0.10649012821233192,0.03955331620715959,0.24586830411582752,True
Rhodococcus,GROA,0.04011401867497558,0.43923672164213867,0.7422595114364428,False
Rhodococcus,IL1A,0.061876581056193716,0.23256611144832087,0.5667091594237808,False
Rhodococcus,IL23,0.038750573043434045,0.45495941101919823,0.7508454402974536,False
Rhodococcus,IL12P40,0.03157497956588084,0.5426975707804457,0.8068123839874511,False
Rhodococcus,IL15,0.034990437569960224,0.49991446412414464,0.780504395582744,False
Rhodococcus,IL18,0.06893778500793733,0.18341493987360472,0.5186393806781422,False
Rhodococcus,MCSF,0.03927765946483822,0.44884414887479573,0.7477320012988994,False
Rhodococcus,MCP3,-0.008848274546425448,0.8645791679940928,0.9581632090182796,False
Rhodococcus,MIG,0.012858023708798001,0.80425803551499,0.9368864853549891,False
Rhodococcus,RESISTIN,0.11595021213468755,0.024933413193315223,0.18903321415584096,True
Rhodococcus,IL21,0.1075506901991995,0.0376170933867672,0.2379856928550578,True
Rhodococcus,ICAM1,-0.02562052192543721,0.6213769197080196,0.8497368967951219,False
Rhodococcus,VCAM1,0.055694366850943325,0.28268537082121326,0.6200198047649974,False
Rhodococcus,FGFB,0.14689963748964985,0.004415363050597472,0.07699289319479341,True
Rhodococcus,IL22,-0.13777903711980988,0.00762276311311188,0.10175841667742654,True
Rhodococcus,PDGFBB,-0.0030400759915812595,0.9532742106931423,0.9850504294042394,False
Rhodococcus,VEGF,0.06592977436981329,0.20332422341397804,0.5349123840876933,False
Rhodococcus,LEPTIN,0.06663171181715834,0.19854366905084608,0.5328412846685912,False
Rhodococcus,PAI1,0.01743104024414309,0.7368728298910814,0.9093693945852054,False
Rhodococcus,CD40L,0.027292995752785328,0.5987821735225807,0.8366887864137714,False
Rhodococcus,ENA78,-0.05148167431569991,0.3207420870272391,0.6488301190541125,False
Rothia,IL17F,-0.05891883330156675,0.25570156785081755,0.5916847277269434,False
Rothia,FASL,0.0562326027067327,0.2780523322116485,0.614711574382329,False
Rothia,TGFA,-0.03607118857486886,0.4867577611298127,0.7722798712267145,False
Rothia,MIP1A,0.03564856572242181,0.49188033332742553,0.7747084629619355,False
Rothia,SDF1A,0.08940000574632513,0.08424218777161305,0.3585594262132729,False
Rothia,IL27,-0.03326043097123963,0.5213599883694358,0.7944261974608005,False
Rothia,LIF,-0.09080952511649845,0.07944431195083836,0.34712192809472453,False
Rothia,IL1B,0.07603294738572969,0.14221010475139212,0.4600187736305901,False
Rothia,IL2,0.01593979317498485,0.7586541719113489,0.9173238718712252,False
Rothia,IL4,0.0850693706745079,0.10045844704911529,0.3903608179206569,False
Rothia,IL5,-0.13208497089484686,0.010555983000782233,0.1251950349916605,True
Rothia,IP10,0.11505867943361475,0.02607620194018019,0.19478608678206888,True
Rothia,IL6,0.03464396945158355,0.5041716911874499,0.7834246830481677,False
Rothia,IL7,0.04215291912637463,0.4163148414555605,0.7290019757971761,False
Rothia,IL8,0.13158934231514513,0.010853379890977585,0.12617054123261442,True
Rothia,IL10,0.052390406490414834,0.3122630726251087,0.6451374916736159,False
Rothia,IFNB,-0.054727817243567616,0.29113542173049345,0.6262666357965125,False
Rothia,EOTAXIN,-0.06263671890151955,0.22686706434244547,0.5606184145938868,False
Rothia,IL12P70,-0.06635472144983012,0.2004202450078681,0.5329378929080653,False
Rothia,IL13,-0.0070289632353510625,0.8922321159391984,0.9675120899537724,False
Rothia,IL17A,-0.016539140043360517,0.7498759920953729,0.9155879330079004,False
Rothia,IL31,0.017454205717366566,0.7365360759342983,0.9093693945852054,False
Rothia,IL1RA,-0.003987010247245764,0.938745012070894,0.9826259871625628,False
Rothia,SCF,-0.0073045296812964565,0.8880343451238593,0.9666713644267235,False
Rothia,RANTES,0.08848703510392805,0.0874726061687971,0.36561583702014067,False
Rothia,IFNG,0.02756041296150106,0.5952041031726907,0.8342721148492921,False
Rothia,GMCSF,-0.12324596906318486,0.01709849575393434,0.15858119846159177,True
Rothia,TNFA,-0.04495168129589589,0.38602287212574193,0.7089297436028932,False
Rothia,HGF,-0.09707112548468003,0.06073587659568985,0.3065663930900144,False
Rothia,MIP1B,0.018831012579414892,0.7166141440810326,0.9000015584002166,False
Rothia,IFNA,-0.011488123980090687,0.8247550184364483,0.9460337913176485,False
Rothia,TGFB,-0.02910235648440222,0.5747650334318033,0.8223320829021546,False
Rothia,MCP1,-0.16399368908763615,0.0014603825257989962,0.042804732651589655,True
Rothia,IL9,0.09365035782553738,0.0704468452719849,0.33033058539300486,False
Rothia,VEGFD,0.02920410426036057,0.5734280381769301,0.8218760786362871,False
Rothia,TNFB,0.1079208486370863,0.03696049772472811,0.236329301689704,True
Rothia,NGF,-0.12033943018594426,0.019915854351402563,0.16987722079658224,True
Rothia,EGF,0.07849791968409438,0.12968759282849274,0.444430643991045,False
Rothia,BDNF,0.15302518490924963,0.003007667543086829,0.06337025977600687,True
Rothia,TRAIL,0.07519821132423113,0.14665405133000664,0.4670507490559846,False
Rothia,GCSF,0.04180653715561551,0.42015862456417163,0.7321561169059574,False
Rothia,GROA,0.08091643898110766,0.11824704475595092,0.4251407923570916,False
Rothia,IL1A,0.07702799541609526,0.1370481116308676,0.4526958915377322,False
Rothia,IL23,-0.09327577045413887,0.07158330714470129,0.3326358251611058,False
Rothia,IL12P40,0.03080182851773082,0.5526285256082228,0.8129606335602598,False
Rothia,IL15,-0.0030834682965415186,0.9526080497201308,0.9849088229457718,False
Rothia,IL18,0.0647621182024311,0.21146052411700117,0.5457208447257584,False
Rothia,MCSF,0.06406873220626502,0.2164016482616113,0.5519586458368243,False
Rothia,MCP3,0.0933493251389558,0.0713589764960765,0.3323731960334782,False
Rothia,MIG,0.009471562488481968,0.8551415073547286,0.9545125489171852,False
Rothia,RESISTIN,-0.041693354466805624,0.42141909412682255,0.7321561169059574,False
Rothia,IL21,0.12061789662164867,0.019629476514190444,0.169554920973967,True
Rothia,ICAM1,0.07688416044741006,0.13778525277079018,0.45412977581867053,False
Rothia,VCAM1,0.03289898428363376,0.5258993725387099,0.795909546722539,False
Rothia,FGFB,0.009532271804149473,0.8542233425588136,0.9545125489171852,False
Rothia,IL22,0.017476513086215992,0.7362118437724314,0.9092656237826843,False
Rothia,PDGFBB,0.2040408718526759,7.048402152664543e-05,0.006555014001978024,True
Rothia,VEGF,0.04494448132488372,0.3860990386010944,0.7089297436028932,False
Rothia,LEPTIN,-0.11647867300187273,0.024276618517541797,0.1860762792965429,True
Rothia,PAI1,-0.14165996138377535,0.006064840555276939,0.08940881995213827,True
Rothia,CD40L,-0.01506881570736832,0.7714658539267281,0.9215969738623727,False
Rothia,ENA78,0.021776332355936484,0.6746503381594915,0.8820025084325231,False
Rubrobacter,IL17F,0.047249760547876,0.36218096085561113,0.6888104163511624,False
Rubrobacter,FASL,-0.03199734455600869,0.5373100502711512,0.804667225043753,False
Rubrobacter,TGFA,-0.0514072014193384,0.3214435454795755,0.6489282508487504,False
Rubrobacter,MIP1A,0.04160832535946557,0.4223674803441356,0.7321561169059574,False
Rubrobacter,SDF1A,-0.11292453020103069,0.0289964374877692,0.20559100531353514,True
Rubrobacter,IL27,-0.039645528999678326,0.4446037982850274,0.7456835570876024,False
Rubrobacter,LIF,-0.016342564992699076,0.7527515866398086,0.9163834056327133,False
Rubrobacter,IL1B,-0.06986125981389502,0.1776012518316791,0.5110959181128258,False
Rubrobacter,IL2,-0.07479137911204423,0.14885792007987617,0.4697441673643375,False
Rubrobacter,IL4,-0.0686164925553096,0.18547019581054042,0.520065742443049,False
Rubrobacter,IL5,0.07086446149656123,0.17144175086864413,0.502948302383037,False
Rubrobacter,IP10,-0.04634736749576943,0.37143131789510386,0.6969059410781596,False
Rubrobacter,IL6,-0.07188327459399557,0.16535085585625048,0.4943184441028804,False
Rubrobacter,IL7,0.06967718967109236,0.17874901373503113,0.5128120805354621,False
Rubrobacter,IL8,-0.12615144674802323,0.014636654133294177,0.14584380368532412,True
Rubrobacter,IL10,-0.12704635151250943,0.013943883705137853,0.1412102923315231,True
Rubrobacter,IFNB,0.019521178193803154,0.706698514150195,0.8960185659982023,False
Rubrobacter,EOTAXIN,0.08395811487741255,0.10499600189820284,0.39937129556371637,False
Rubrobacter,IL12P70,-0.0021229005621410607,0.9673616168678576,0.9892852350591476,False
Rubrobacter,IL13,-0.05808302673168668,0.2625184761841325,0.5964385574541772,False
Rubrobacter,IL17A,-0.12044478888541438,0.019807077958500053,0.16970233446846072,True
Rubrobacter,IL31,0.0290623943554698,0.5752905487782012,0.8224753426037311,False
Rubrobacter,IL1RA,-0.06307060009225099,0.22365891224836343,0.5575206688435729,False
Rubrobacter,SCF,-0.06782304037995955,0.19061836205307506,0.5228157829725131,False
Rubrobacter,RANTES,-0.179362223581622,0.0004914106927774094,0.0220286047511177,True
Rubrobacter,IFNG,-0.10896646188339239,0.03515804913802369,0.22999052073877163,True
Rubrobacter,GMCSF,-0.13448835225011915,0.009213874446630108,0.11374650312432745,True
Rubrobacter,TNFA,-0.05311550743389278,0.30560393569962163,0.6388768274420974,False
Rubrobacter,HGF,-0.018955035782386363,0.7148287309209092,0.8996814610694129,False
Rubrobacter,MIP1B,-0.07621040452306031,0.14127877718146908,0.4581508431254485,False
Rubrobacter,IFNA,-0.1016746513020448,0.049436619601785116,0.2762470474751999,True
Rubrobacter,TGFB,-0.030951583414641073,0.5506980426522277,0.8125053088311556,False
Rubrobacter,MCP1,0.18118675066239595,0.00042920159354310105,0.020646076654918136,True
Rubrobacter,IL9,-0.03736923504027042,0.47120538625094877,0.7624446930781632,False
Rubrobacter,VEGFD,0.00043251151557900495,0.9933486112380701,0.9992582027597675,False
Rubrobacter,TNFB,-0.12853632867960466,0.012854278429878581,0.13610412455165558,True
Rubrobacter,NGF,0.05852985470023405,0.2588587160400654,0.5945856147134241,False
Rubrobacter,EGF,-0.04546232377874373,0.380644258869862,0.7049435660450812,False
Rubrobacter,BDNF,-0.12377174478534195,0.01662787073125349,0.15593868685780585,True
Rubrobacter,TRAIL,-0.008521765081233925,0.8695308662355183,0.959648384808978,False
Rubrobacter,GCSF,-0.02138211997677044,0.6802122858186967,0.8836446797191053,False
Rubrobacter,GROA,-0.0433121844669063,0.4036017628568802,0.7184205261184251,False
Rubrobacter,IL1A,-0.06808691415495445,0.18889476461827473,0.5228157829725131,False
Rubrobacter,IL23,0.05361337604233726,0.301086354134034,0.6352322894971079,False
Rubrobacter,IL12P40,-0.11621122037042565,0.02460712965907619,0.18773733853557414,True
Rubrobacter,IL15,-0.010869673056957288,0.8340485626189733,0.9486274812122903,False
Rubrobacter,IL18,-0.15076890327434103,0.0034701505606926364,0.06710893020886809,True
Rubrobacter,MCSF,-0.0755682188344749,0.14467133237554522,0.4642127858858783,False
Rubrobacter,MCP3,-0.04293050449969356,0.40776166472836994,0.7220664277931806,False
Rubrobacter,MIG,-0.08015381869861889,0.12176612710031533,0.43151173169229085,False
Rubrobacter,RESISTIN,-0.13972438979059365,0.006802032872073824,0.09512617400043093,True
Rubrobacter,IL21,0.008946786947978114,0.8630862027295362,0.9572691336177325,False
Rubrobacter,ICAM1,-0.001780161878775868,0.9726287708562459,0.9918253913336719,False
Rubrobacter,VCAM1,-0.06630491493681473,0.20075904137862963,0.5329378929080653,False
Rubrobacter,FGFB,-0.012411451434754264,0.8109258456262557,0.9397508955522488,False
Rubrobacter,IL22,-0.025016732435282518,0.6296236802198631,0.8550255866699529,False
Rubrobacter,PDGFBB,-0.21413576842232113,2.9685725985619746e-05,0.0036010076304295257,True
Rubrobacter,VEGF,0.017006336143642473,0.7430555661806553,0.9120655651755513,False
Rubrobacter,LEPTIN,-0.15513725321985866,0.0026262476725551183,0.05981413066472474,True
Rubrobacter,PAI1,-0.04492473595923871,0.38630796618479935,0.7089297436028932,False
Rubrobacter,CD40L,0.00021734475362461634,0.9966575296495399,0.9996986286583941,False
Rubrobacter,ENA78,-0.1400780227299242,0.006661636823668856,0.094106160698917,True
Salinicoccus,IL17F,0.11072618561690532,0.03229329440276785,0.21736620357954714,True
Salinicoccus,FASL,0.005867644127396433,0.9099544739030894,0.9723119422825781,False
Salinicoccus,TGFA,0.0465436652206944,0.36940676239441905,0.6951234645269069,False
Salinicoccus,MIP1A,0.07863184967718549,0.12903244508029807,0.4441709090364363,False
Salinicoccus,SDF1A,0.0970382762837033,0.06082358545158263,0.3065663930900144,False
Salinicoccus,IL27,0.15292487556122975,0.003026975793741665,0.06337025977600687,True
Salinicoccus,LIF,0.2363637239674795,3.8115580273417786e-06,0.0011815829884759513,True
Salinicoccus,IL1B,0.14669158996797504,0.004472224550104161,0.07737842832467022,True
Salinicoccus,IL2,0.14454338644693926,0.005099173753003298,0.08240205390374507,True
Salinicoccus,IL4,0.06771120519189243,0.19135232772658425,0.523143309568533,False
Salinicoccus,IL5,0.23525471636025308,4.243455771427552e-06,0.0011839241602282868,True
Salinicoccus,IP10,-0.030222774078622932,0.56012404948485,0.8169085719094257,False
Salinicoccus,IL6,0.09534521017135511,0.06548764979063601,0.3191573420224949,False
Salinicoccus,IL7,0.029532333419527792,0.5691250520990918,0.8216477817434259,False
Salinicoccus,IL8,-0.025614034202985147,0.6214652824051778,0.8497368967951219,False
Salinicoccus,IL10,0.011193844114358746,0.8291742347453607,0.9471731616593797,False
Salinicoccus,IFNB,-0.03232506256452275,0.5331483311160536,0.8023105953688185,False
Salinicoccus,EOTAXIN,0.12992703450836077,0.011905698988931072,0.13210104366291336,True
Salinicoccus,IL12P70,0.20952692490271488,4.428331935750642e-05,0.004468612178532746,True
Salinicoccus,IL13,0.15999995417940532,0.001909787868136857,0.04933618659353547,True
Salinicoccus,IL17A,0.057923004145836884,0.26383776030298023,0.5978645115946483,False
Salinicoccus,IL31,0.17855058418838265,0.0005216914703165181,0.02274248753411071,True
Salinicoccus,IL1RA,0.17602270018381003,0.0006274587943362343,0.02475536339355476,True
Salinicoccus,SCF,0.17796468600083595,0.000544616877787624,0.023138696308889595,True
Salinicoccus,RANTES,-0.02028427879505993,0.6957925043520421,0.8908723181261392,False
Salinicoccus,IFNG,0.12786354300050035,0.013336627258725232,0.13839322332939283,True
Salinicoccus,GMCSF,0.2379453687553864,3.267561935535656e-06,0.0010725291529581741,True
Salinicoccus,TNFA,0.19037706728875403,0.000212798131447532,0.012906669276926396,True
Salinicoccus,HGF,0.16923975242696473,0.0010172293801023343,0.03358662686965104,True
Salinicoccus,MIP1B,0.08168267831292567,0.11479178480049321,0.4180455780711251,False
Salinicoccus,IFNA,0.11492562649040594,0.026250562042794065,0.19517483885400785,True
Salinicoccus,TGFB,0.20042222658908382,9.51346744653164e-05,0.008043204295704024,True
Salinicoccus,MCP1,0.11684684682624355,0.023827912068971734,0.1851503871851644,True
Salinicoccus,IL9,0.07952680081357688,0.1247201237340594,0.43741975915960374,False
Salinicoccus,VEGFD,-0.06774786517018122,0.19111150331463533,0.5230025446275944,False
Salinicoccus,TNFB,0.034698400742747874,0.5035016078562145,0.7830376175690291,False
Salinicoccus,NGF,0.224856487157088,1.1318961083271278e-05,0.0019670552382317842,True
Salinicoccus,EGF,0.04060011001429475,0.43370737551505634,0.739951007058545,False
Salinicoccus,BDNF,0.11905312980854192,0.02128633795334485,0.17493043561069846,True
Salinicoccus,TRAIL,0.11390732563313245,0.027618535759292975,0.2018279526372909,True
Salinicoccus,GCSF,0.09228022728498261,0.07467655702762152,0.3382266138101689,False
Salinicoccus,GROA,0.12832106906635712,0.013006907428923103,0.13643917948357107,True
Salinicoccus,IL1A,0.016548616011130658,0.7497374601427327,0.9155879330079004,False
Salinicoccus,IL23,0.1556320797377244,0.0025435077609945993,0.058406474511727834,True
Salinicoccus,IL12P40,0.07895235911144731,0.12747500126567832,0.4420823536746333,False
Salinicoccus,IL15,0.15818522683706063,0.0021531156550505894,0.052694672610448634,True
Salinicoccus,IL18,0.03159248006088654,0.5424738100814661,0.8068123839874511,False
Salinicoccus,MCSF,0.026513782134374404,0.6092630944340502,0.844082280886828,False
Salinicoccus,MCP3,0.04858206817848762,0.3487889872996496,0.6767185497677485,False
Salinicoccus,MIG,0.058978170939921845,0.25522230627802245,0.5913127541363066,False
Salinicoccus,RESISTIN,0.1318332309405056,0.010706122539057516,0.12571676095823536,True
Salinicoccus,IL21,0.08077765534639987,0.11888147391027365,0.425997154321674,False
Salinicoccus,ICAM1,-0.0823012615167009,0.11206049728382263,0.41309976361685047,False
Salinicoccus,VCAM1,-0.05228153966265219,0.31327103755681307,0.6455141763541421,False
Salinicoccus,FGFB,0.15025927298101246,0.003583153784471857,0.06823890142441284,True
Salinicoccus,IL22,0.0973408804349238,0.06001955953436455,0.3052954805850084,False
Salinicoccus,PDGFBB,0.031955320769577494,0.5378448876104092,0.8048201858047956,False
Salinicoccus,VEGF,0.12132297449626955,0.01892033100724465,0.16808438258093653,True
Salinicoccus,LEPTIN,0.2222065219143934,1.442911516449154e-05,0.002176066557239535,True
Salinicoccus,PAI1,0.1121551108993955,0.0301159243966984,0.21005857266697134,True
Salinicoccus,CD40L,-0.08593926252118715,0.09701622906681566,0.38465995194174746,False
Salinicoccus,ENA78,0.017420607109675197,0.7370245116707752,0.9093693945852054,False
Sphingomonas,IL17F,0.09659234080989473,0.062024627500029135,0.3081900458149266,False
Sphingomonas,FASL,0.06122029519908896,0.23756731046358565,0.5705016640499536,False
Sphingomonas,TGFA,0.05330827472592561,0.3038495118799645,0.6373986001090984,False
Sphingomonas,MIP1A,0.06637398139941685,0.200289345518016,0.5329378929080653,False
Sphingomonas,SDF1A,0.06882196792172673,0.18415385725859407,0.5186393806781422,False
Sphingomonas,IL27,-0.03934147125091973,0.44810697000708155,0.7477320012988994,False
Sphingomonas,LIF,-0.034436524620968516,0.5067297565219242,0.7854311226089825,False
Sphingomonas,IL1B,0.07674293002901056,0.13851200404611316,0.45544901742917593,False
Sphingomonas,IL2,0.0874662530388253,0.09120158039956329,0.3728240429520609,False
Sphingomonas,IL4,0.06940536452865098,0.18045400480417356,0.5155828708690674,False
Sphingomonas,IL5,-0.035537062548024,0.4932366404763324,0.7748615029107524,False
Sphingomonas,IP10,0.1540440714957782,0.002817791300496251,0.061180060143070356,True
Sphingomonas,IL6,0.029550560075663847,0.5688865568891175,0.8215287234578871,False
Sphingomonas,IL7,0.09175441189215923,0.07635369497257961,0.3402984168905705,False
Sphingomonas,IL8,0.05280706756805093,0.30842501622542806,0.6415709075535991,False
Sphingomonas,IL10,0.06976869550052178,0.17817774780978876,0.5114361279725418,False
Sphingomonas,IFNB,0.0804560148701168,0.1203620217323293,0.4280561384744407,False
Sphingomonas,EOTAXIN,-0.05947735638254706,0.25121507945578064,0.5872560298966301,False
Sphingomonas,IL12P70,-0.019782923699779267,0.7029508278891723,0.8932966567118154,False
Sphingomonas,IL13,-0.011137402167685887,0.8300224466601339,0.9474924775815956,False
Sphingomonas,IL17A,0.07004503928531326,0.17646076413649,0.5100858544629436,False
Sphingomonas,IL31,-0.0405906372647972,0.43381474479799254,0.739951007058545,False
Sphingomonas,IL1RA,0.020928792980774068,0.686629752328445,0.8864208309284624,False
Sphingomonas,SCF,-0.05051293254602191,0.32994449235649204,0.657767155180145,False
Sphingomonas,RANTES,0.06920024789909202,0.18174851744011827,0.5168994532700611,False
Sphingomonas,IFNG,0.04472558470323223,0.3884190451783026,0.7105523000675212,False
Sphingomonas,GMCSF,-0.02895075105197612,0.57675989281353,0.8233103611919922,False
Sphingomonas,TNFA,0.05974495312155851,0.24908503396823822,0.5855341899775998,False
Sphingomonas,HGF,0.03142274365749998,0.5446459839296559,0.8073523580113873,False
Sphingomonas,MIP1B,0.057902969447223875,0.2640032538654504,0.5978645115946483,False
Sphingomonas,IFNA,-0.0036452138647528752,0.9439872449399782,0.9834958245232497,False
Sphingomonas,TGFB,0.030787340223913415,0.552815468766684,0.8129606335602598,False
Sphingomonas,MCP1,-0.06500696306151534,0.2097352968610359,0.5423183301596758,False
Sphingomonas,IL9,0.04647231651217021,0.3701418396658761,0.6957882409312085,False
Sphingomonas,VEGFD,-0.011896761990174455,0.8186276716239533,0.9431225472298475,False
Sphingomonas,TNFB,0.06979823342766184,0.17799363336931046,0.5114338178170713,False
Sphingomonas,NGF,-0.04735506203966608,0.36111096886151384,0.6874784054067715,False
Sphingomonas,EGF,-0.03739178067612734,0.47093769257263596,0.7624446930781632,False
Sphingomonas,BDNF,0.03144042027455114,0.5444195697040268,0.8073523580113873,False
Sphingomonas,TRAIL,0.0807527276246225,0.11899570837162778,0.425997154321674,False
Sphingomonas,GCSF,0.04509575881296923,0.3845006381535525,0.7084705041562716,False
Sphingomonas,GROA,0.04445845002868207,0.3912617380110551,0.7121554466198964,False
Sphingomonas,IL1A,0.06140507424383098,0.2361516186202654,0.5684754235983955,False
Sphingomonas,IL23,-0.021408877562200203,0.6798342098422421,0.8836446797191053,False
Sphingomonas,IL12P40,0.06429873244407001,0.2147535568758186,0.5499622636341766,False
Sphingomonas,IL15,-0.0043216040003491996,0.9336158061812406,0.9807531110289827,False
Sphingomonas,IL18,0.04404848485149245,0.39564874053717447,0.7137754472445211,False
Sphingomonas,MCSF,0.04161019880733991,0.42234657112265317,0.7321561169059574,False
Sphingomonas,MCP3,0.13882873371856655,0.007169536707551004,0.0980539579120946,True
Sphingomonas,MIG,0.10310665322859537,0.04630233886469315,0.2660459659322971,True
Sphingomonas,RESISTIN,-0.08481281092398936,0.10149197704887111,0.39300848850291525,False
Sphingomonas,IL21,0.08363929670723641,0.1063273042292644,0.40169692457636785,False
Sphingomonas,ICAM1,0.09549471433799757,0.06506431041556124,0.3180271537233806,False
Sphingomonas,VCAM1,0.009853798731511113,0.8493638912557663,0.9538482397054872,False
Sphingomonas,FGFB,-0.008663115797268897,0.8673865664834608,0.958824794477731,False
Sphingomonas,IL22,-0.0026860210662253805,0.9587108545051284,0.9860005234642709,False
Sphingomonas,PDGFBB,0.05495362295609687,0.2891463330357507,0.6241533997444831,False
Sphingomonas,VEGF,0.09954445921193894,0.054425575264018276,0.28977612437744127,True
Sphingomonas,LEPTIN,-0.11832260535248364,0.02210052667397299,0.17824832623968812,True
Sphingomonas,PAI1,-0.05156298036965406,0.31997740564834337,0.6478834408994053,False
Sphingomonas,CD40L,0.024893027958803746,0.6313190139837457,0.8559339513766185,False
Sphingomonas,ENA78,0.05295870066642147,0.3070359991530274,0.6402320161711109,False
Spirochaeta 2,IL17F,0.04330830444679008,0.40364392316455566,0.7184205261184251,False
Spirochaeta 2,FASL,-0.030905663161025318,0.5512896468573876,0.8127095289901137,False
Spirochaeta 2,TGFA,0.0022003131410901385,0.9661721406888575,0.9890463093884088,False
Spirochaeta 2,MIP1A,0.033025500734561626,0.5243081749529895,0.795909546722539,False
Spirochaeta 2,SDF1A,-0.08808354901061592,0.08893165108150758,0.36840283076081093,False
Spirochaeta 2,IL27,-0.03816297507268715,0.4618314816295379,0.7561677428089265,False
Spirochaeta 2,LIF,-0.008648012804322572,0.867615633810626,0.958824794477731,False
Spirochaeta 2,IL1B,-0.06794098042555767,0.1898465693511008,0.5228157829725131,False
Spirochaeta 2,IL2,-0.06704106686730056,0.19579381615374106,0.5283024633161872,False
Spirochaeta 2,IL4,-0.06417607696241764,0.21563133297921216,0.5514311814958771,False
Spirochaeta 2,IL5,0.08912480760350502,0.08520565128072022,0.36018752586849906,False
Spirochaeta 2,IP10,-0.01089443448170893,0.8336760161860435,0.9486274812122903,False
Spirochaeta 2,IL6,-0.04106922600983931,0.4284093322468564,0.737360911146656,False
Spirochaeta 2,IL7,0.12111527775412241,0.01912687044937395,0.1686805841327922,True
Spirochaeta 2,IL8,-0.07322670262441953,0.1575691129723734,0.4844273555844868,False
Spirochaeta 2,IL10,-0.10721463135748768,0.038221737084246483,0.24035929244746962,True
Spirochaeta 2,IFNB,0.04354685546742574,0.4010567129557274,0.7169124109127041,False
Spirochaeta 2,EOTAXIN,0.07727603906403356,0.13578403311468645,0.4512645568381185,False
Spirochaeta 2,IL12P70,-0.005789488987800223,0.9111488679932169,0.9725058117673375,False
Spirochaeta 2,IL13,-0.06810236461371093,0.18879419959993904,0.5228157829725131,False
Spirochaeta 2,IL17A,-0.10066909183949087,0.05174189595704637,0.2836881330380545,True
Spirochaeta 2,IL31,0.06783894030560626,0.19051417990912964,0.5228157829725131,False
Spirochaeta 2,IL1RA,-0.0016534834936939367,0.9745758574388028,0.9922991593010085,False
Spirochaeta 2,SCF,-0.0971150221716229,0.06061883341070469,0.3065663930900144,False
Spirochaeta 2,RANTES,-0.10102902663826895,0.05090664691366195,0.2801371694065421,True
Spirochaeta 2,IFNG,-0.08285534738992185,0.10965757270825978,0.4081983026765107,False
Spirochaeta 2,GMCSF,-0.03245425380989137,0.5315121934115745,0.8009284469988079,False
Spirochaeta 2,TNFA,0.013504451888424522,0.7946313527281876,0.9321090914911261,False
Spirochaeta 2,HGF,-0.018056980948505916,0.7277914863262362,0.9039258813651823,False
Spirochaeta 2,MIP1B,-0.052663065432221594,0.30974795689697826,0.6432647188449535,False
Spirochaeta 2,IFNA,-0.06015864514011468,0.2458168884414813,0.582151409351827,False
Spirochaeta 2,TGFB,-0.0011479819106097328,0.9823469635187644,0.995988012503558,False
Spirochaeta 2,MCP1,0.12995027105596113,0.011890389231958018,0.13210104366291336,True
Spirochaeta 2,IL9,0.005111429508425593,0.9215193166284676,0.9770240902122078,False
Spirochaeta 2,VEGFD,0.04244164047941823,0.4131267662128303,0.7259407305057969,False
Spirochaeta 2,TNFB,-0.07616379708200956,0.1415229283099136,0.45817042028015176,False
Spirochaeta 2,NGF,0.06808675117615694,0.18889582563561247,0.5228157829725131,False
Spirochaeta 2,EGF,-0.09908178447021775,0.05556273146059471,0.29267705393522336,True
Spirochaeta 2,BDNF,-0.08275749431807725,0.1100789609775879,0.4090203335200407,False
Spirochaeta 2,TRAIL,0.00601076907957236,0.9077677157662825,0.9713027524402409,False
Spirochaeta 2,GCSF,-0.0009690575975654331,0.9850980154480092,0.996960105800375,False
Spirochaeta 2,GROA,2.3512551547331744e-05,0.9996384075007202,0.9997953913454289,False
Spirochaeta 2,IL1A,-0.002108762892751486,0.9675788558727968,0.9892852350591476,False
Spirochaeta 2,IL23,0.09983446141372773,0.05372271992941831,0.28713867548482197,True
Spirochaeta 2,IL12P40,-0.16100500690150954,0.0017861120405814745,0.04791589031944532,True
Spirochaeta 2,IL15,0.011625285656928108,0.822697133847854,0.9448520471326386,False
Spirochaeta 2,IL18,-0.0796706261738028,0.1240376644069402,0.43639985333589304,False
Spirochaeta 2,MCSF,-0.0183484607560305,0.7235754730748678,0.902669551671955,False
Spirochaeta 2,MCP3,-0.06905737347635828,0.18265425906833457,0.517891649187656,False
Spirochaeta 2,MIG,-0.08381783990515602,0.10558012137839062,0.4005010722579332,False
Spirochaeta 2,RESISTIN,-0.0702695297206811,0.17507502257936386,0.5087962512617296,False
Spirochaeta 2,IL21,0.04197517483399072,0.4182846730595181,0.73075406251475,False
Spirochaeta 2,ICAM1,-0.0188759552556727,0.7159669794799519,0.9000015584002166,False
Spirochaeta 2,VCAM1,0.006367796931507054,0.902315875915801,0.9701135837313933,False
Spirochaeta 2,FGFB,0.04298170287971617,0.4072021839865536,0.7214499088277706,False
Spirochaeta 2,IL22,-0.10868102992383886,0.035642508187857705,0.23153107763474504,True
Spirochaeta 2,PDGFBB,-0.1283192839066298,0.013008179836068067,0.13643917948357107,True
Spirochaeta 2,VEGF,0.03300038491236393,0.5246238611042393,0.795909546722539,False
Spirochaeta 2,LEPTIN,-0.023662594214522957,0.6482858158505198,0.8658293088668981,False
Spirochaeta 2,PAI1,-0.009546304243617618,0.8540111445411036,0.9545125489171852,False
Spirochaeta 2,CD40L,-0.030673480854807457,0.5542856760595121,0.8133004428271615,False
Spirochaeta 2,ENA78,-0.08584392735780125,0.09738883094947548,0.38465995194174746,False
Staphylococcus,IL17F,0.14424123615281742,0.005193433177920008,0.0826322303618562,True
Staphylococcus,FASL,0.01751782757077118,0.7356114714128477,0.9087252624493447,False
Staphylococcus,TGFA,0.08867798732232765,0.08678884204371663,0.3638918719614581,False
Staphylococcus,MIP1A,0.1238436492731439,0.016564397370442487,0.15589530613797128,True
Staphylococcus,SDF1A,0.1279955397833327,0.013240755720758541,0.13821727585883184,True
Staphylococcus,IL27,0.18781386782052042,0.00025965489789468683,0.014488743302523525,True
Staphylococcus,LIF,0.21567329598557275,2.592755292025657e-05,0.0032880851203416286,True
Staphylococcus,IL1B,0.15682587533626646,0.002353577467136914,0.056123770370187946,True
Staphylococcus,IL2,0.1294823894245483,0.012202032781487973,0.13360962691875422,True
Staphylococcus,IL4,0.10239289827751459,0.047843085830664135,0.2714380431918176,True
Staphylococcus,IL5,0.23981099999789673,2.721069141326447e-06,0.0010725291529581741,True
Staphylococcus,IP10,0.009991448992384133,0.8472852210068258,0.9536434965448359,False
Staphylococcus,IL6,0.13619548197252412,0.008354955415470355,0.10742085534176171,True
Staphylococcus,IL7,0.00585845576778747,0.9100948831575139,0.9723119422825781,False
Staphylococcus,IL8,0.0008638789633755627,0.9867152746749612,0.9970791801315255,False
Staphylococcus,IL10,0.046802602650056584,0.3667466341098743,0.6931684281717276,False
Staphylococcus,IFNB,-0.014633485870981325,0.7778929452171499,0.9243247257346875,False
Staphylococcus,EOTAXIN,0.1416381006785751,0.006072749598899714,0.08940881995213827,True
Staphylococcus,IL12P70,0.2413903903664269,2.327788972301028e-06,0.0010725291529581741,True
Staphylococcus,IL13,0.1978253489794883,0.0001175982845699717,0.009649976880888853,True
Staphylococcus,IL17A,0.12323484117799556,0.017108580909297177,0.15858119846159177,True
Staphylococcus,IL31,0.2045319137427386,6.764559348195342e-05,0.006397667993716951,True
Staphylococcus,IL1RA,0.19542176859775584,0.0001427467738325548,0.010365451924622241,True
Staphylococcus,SCF,0.22499756705142085,1.1172690395342652e-05,0.0019670552382317842,True
Staphylococcus,RANTES,-0.03765717130447617,0.4677928903493376,0.7596823405817138,False
Staphylococcus,IFNG,0.16293356089202923,0.0015691031204159314,0.04490048929190204,True
Staphylococcus,GMCSF,0.27966866178082694,3.785592599311664e-08,0.00010561803352079542,True
Staphylococcus,TNFA,0.21097444456284015,3.909257877408409e-05,0.004115784708667722,True
Staphylococcus,HGF,0.19445915077855697,0.00015416767284365054,0.01039037610786935,True
Staphylococcus,MIP1B,0.15372694280532137,0.002875687946785576,0.06219511140722293,True
Staphylococcus,IFNA,0.16186747534001666,0.0016858748927160454,0.04611363677135065,True
Staphylococcus,TGFB,0.22408207756621726,1.215484317964804e-05,0.0019670552382317842,True
Staphylococcus,MCP1,0.11162185541107278,0.0309133273182387,0.21322171376486027,True
Staphylococcus,IL9,0.12700075793826995,0.013978469225307558,0.14130409108191336,True
Staphylococcus,VEGFD,-0.00794222352673014,0.8783323779016576,0.9625126686909422,False
Staphylococcus,TNFB,0.07957275713488383,0.12450174211059617,0.43720561420838683,False
Staphylococcus,NGF,0.2338662856037498,4.8502250291902095e-06,0.0012301934392218803,True
Staphylococcus,EGF,0.08946631604013863,0.08401135444966472,0.35784989147261764,False
Staphylococcus,BDNF,0.1463364756358478,0.0045708092454049415,0.07780894548008378,True
Staphylococcus,TRAIL,0.1457809062231727,0.004728979914659635,0.0789140314638491,True
Staphylococcus,GCSF,0.12215218184920609,0.018114981396633485,0.16543632764846947,True
Staphylococcus,GROA,0.13603502109985632,0.00843253657398385,0.10816908984558593,True
Staphylococcus,IL1A,0.05169175864368789,0.318768681022339,0.646961254641305,False
Staphylococcus,IL23,0.14375775693683193,0.0053475255773843275,0.08288664644945708,True
Staphylococcus,IL12P40,0.0993934359923908,0.0547946132570604,0.29008912900796685,True
Staphylococcus,IL15,0.15650127052364662,0.0024038980247512915,0.05665464636194408,True
Staphylococcus,IL18,0.05306779669403373,0.3060391941068664,0.6393480730499119,False
Staphylococcus,MCSF,0.017637929152214894,0.7338670978774506,0.9081788436806774,False
Staphylococcus,MCP3,0.07619643825817381,0.14135190502125428,0.4581508431254485,False
Staphylococcus,MIG,0.08407349329742334,0.10451747166901315,0.3985374782747052,False
Staphylococcus,RESISTIN,0.11389054191245737,0.027641586329954147,0.2018279526372909,True
Staphylococcus,IL21,0.10354336003862764,0.04538032040426368,0.26432378690583647,True
Staphylococcus,ICAM1,-0.009526693252682246,0.8543077041212148,0.9545125489171852,False
Staphylococcus,VCAM1,-0.0864907853321926,0.09488292272994749,0.3803496471502205,False
Staphylococcus,FGFB,0.16882328916597714,0.0010472556113187436,0.03363971708113897,True
Staphylococcus,IL22,0.12917055694787205,0.012413718460414966,0.1345227433577231,True
Staphylococcus,PDGFBB,0.03654112618613953,0.48109557404454373,0.7687013354724876,False
Staphylococcus,VEGF,0.14796462109535502,0.004134384951653397,0.07378670947882157,True
Staphylococcus,LEPTIN,0.2558185745820354,5.319449757868923e-07,0.0004947088274818098,True
Staphylococcus,PAI1,0.1596151520297222,0.0019591775823594743,0.04993780964800549,True
Staphylococcus,CD40L,-0.039411198725722574,0.4473022345423714,0.7477320012988994,False
Staphylococcus,ENA78,0.07370944134444585,0.15484142417434638,0.4801567910548505,False
Stomatobaculum,IL17F,0.000708005485581358,0.9891121315454332,0.9975141323013766,False
Stomatobaculum,FASL,-0.026303006857254816,0.6121120590959993,0.8450212577796276,False
Stomatobaculum,TGFA,-0.05933642620994433,0.2523419450903324,0.5886572130451735,False
Stomatobaculum,MIP1A,0.02052275953378985,0.6923968928705417,0.8899586165802095,False
Stomatobaculum,SDF1A,-0.03916177788647578,0.4501846096327803,0.7485191066003916,False
Stomatobaculum,IL27,-0.13477316702915307,0.00906533332059564,0.11291196412706177,True
Stomatobaculum,LIF,-0.13073730847795176,0.011381999961515475,0.13080832609861506,True
Stomatobaculum,IL1B,-0.09252002898397217,0.07392170139115596,0.3376062798340236,False
Stomatobaculum,IL2,-0.024466363884979803,0.6371811120342837,0.8588093249157738,False
Stomatobaculum,IL4,-0.04589714029603007,0.37610065547624527,0.7009916413310645,False
Stomatobaculum,IL5,-0.10293289900318507,0.0466735291084026,0.26739044396805595,True
Stomatobaculum,IP10,0.044318431473140754,0.39275674639863456,0.7124462033645862,False
Stomatobaculum,IL6,-0.10215286239839388,0.048370787473776065,0.27318724099561786,True
Stomatobaculum,IL7,0.06385302741481783,0.21795552531826384,0.5536682684412467,False
Stomatobaculum,IL8,-0.059731977309384766,0.2491880292448465,0.5855341899775998,False
Stomatobaculum,IL10,-0.07726478728389777,0.13584117952211153,0.4512645568381185,False
Stomatobaculum,IFNB,-0.04462933910330025,0.38944178839532306,0.7109409168915487,False
Stomatobaculum,EOTAXIN,-0.048450554961776915,0.3500968094291811,0.6770772027265447,False
Stomatobaculum,IL12P70,-0.11781094533523888,0.022686727093756312,0.18162401317526575,True
Stomatobaculum,IL13,-0.17671815794202742,0.0005965350506863601,0.02447548222669036,True
Stomatobaculum,IL17A,-0.15247269904302835,0.003115419405873296,0.0634454024991715,True
Stomatobaculum,IL31,-0.09249663469486451,0.07399506814283348,0.3376062798340236,False
Stomatobaculum,IL1RA,-0.09010682156027637,0.08180784024418805,0.3522282010513652,False
Stomatobaculum,SCF,-0.11122091806738824,0.0315246945965592,0.21447725198824422,True
Stomatobaculum,RANTES,-0.005847661116196966,0.9102598420697419,0.9723119422825781,False
Stomatobaculum,IFNG,-0.07941997324347908,0.12522891132277109,0.43741975915960374,False
Stomatobaculum,GMCSF,-0.12066393363837676,0.019582478246025332,0.169554920973967,True
Stomatobaculum,TNFA,-0.09624802231308192,0.06296529791686335,0.3105240634907276,False
Stomatobaculum,HGF,-0.0853606280838038,0.09929528604204879,0.3880025883155688,False
Stomatobaculum,MIP1B,-0.04057203795637472,0.43402560396712153,0.739951007058545,False
Stomatobaculum,IFNA,-0.12474276938700331,0.015788418215692393,0.15140956208548562,True
Stomatobaculum,TGFB,-0.08861482145088596,0.08701454990074703,0.3645204117463727,False
Stomatobaculum,MCP1,-0.035944582701485144,0.4882893203927614,0.7739775866650843,False
Stomatobaculum,IL9,-0.09340353192399733,0.07119402156989836,0.3318819050626841,False
Stomatobaculum,VEGFD,-0.019324467707600056,0.7095196993692976,0.8973526569539166,False
Stomatobaculum,TNFB,-0.056492484967465804,0.27583384520522514,0.612619445934162,False
Stomatobaculum,NGF,-0.1662758223044509,0.0012494156561444543,0.038096936400470245,True
Stomatobaculum,EGF,-0.03923743311633004,0.4493092115331917,0.7477320012988994,False
Stomatobaculum,BDNF,0.023153224407929367,0.6553639085260069,0.8696075998700343,False
Stomatobaculum,TRAIL,0.006552927673636865,0.8994907056056003,0.9700996966245572,False
Stomatobaculum,GCSF,-0.07091726136417068,0.17112203646716587,0.502948302383037,False
Stomatobaculum,GROA,-0.05469317697880208,0.29144137143703824,0.6266831801998741,False
Stomatobaculum,IL1A,0.0032548994959966516,0.9499765557880901,0.984194055198207,False
Stomatobaculum,IL23,-0.1083780555935643,0.0361629349796568,0.23352717754140867,True
Stomatobaculum,IL12P40,-0.08594180057032016,0.09700632505346041,0.38465995194174746,False
Stomatobaculum,IL15,-0.09306662931562273,0.07222430222623202,0.3333429333518401,False
Stomatobaculum,IL18,-0.05812603432570996,0.2621646809622636,0.596120179205147,False
Stomatobaculum,MCSF,-0.0283819239847293,0.5842734825046654,0.8281041484318091,False
Stomatobaculum,MCP3,-0.02625097077275302,0.612816312306006,0.8455774042204534,False
Stomatobaculum,MIG,-0.03745660544633104,0.47016846706203963,0.761550085981475,False
Stomatobaculum,RESISTIN,-0.058662752398637955,0.25777703913936106,0.5936425416416157,False
Stomatobaculum,IL21,0.027327470698021425,0.5983203499980815,0.8365391012250801,False
Stomatobaculum,ICAM1,0.004131728079442167,0.9365262148636556,0.9815858438643,False
Stomatobaculum,VCAM1,0.005959143104652594,0.9085564123307177,0.9719602723936742,False
Stomatobaculum,FGFB,-0.07137940839140651,0.16834259477231803,0.49763900306710085,False
Stomatobaculum,IL22,-0.06175520162141835,0.23348542584652127,0.5667091594237808,False
Stomatobaculum,PDGFBB,0.021758920115855108,0.6748956371164224,0.8820025084325231,False
Stomatobaculum,VEGF,0.0160577038211893,0.7569247338969584,0.9167875005741323,False
Stomatobaculum,LEPTIN,-0.09946820495535882,0.05461165004444444,0.28977612437744127,True
Stomatobaculum,PAI1,-0.06220059557020008,0.2301245982375879,0.563339374738233,False
Stomatobaculum,CD40L,-0.0292565536324969,0.572739412349192,0.8218760786362871,False
Stomatobaculum,ENA78,-0.1000914166682015,0.05310627992737332,0.28641724799652474,True
Streptococcus,IL17F,-0.009359481556031286,0.8568371264638552,0.9548933823983048,False
Streptococcus,FASL,0.062166770810709336,0.23037862255820507,0.563339374738233,False
Streptococcus,TGFA,0.04263370509873012,0.411013979488276,0.7241736676806378,False
Streptococcus,MIP1A,0.10044457912433186,0.052268651074000215,0.2845015876935675,True
Streptococcus,SDF1A,0.1464413030676305,0.0045415056952611875,0.07780894548008378,True
Streptococcus,IL27,0.09312838091193,0.07203455503330274,0.3327423982498587,False
Streptococcus,LIF,0.04407080084842597,0.39540917988622415,0.7137754472445211,False
Streptococcus,IL1B,0.13653964105734676,0.008190699140737936,0.10659847010391608,True
Streptococcus,IL2,0.08194103154849579,0.1136447767254545,0.4155556055884903,False
Streptococcus,IL4,0.15545985026262804,0.0025720329355819306,0.05881944172355399,True
Streptococcus,IL5,-0.013678026562799277,0.792051689031517,0.9298650167885262,False
Streptococcus,IP10,0.11978991967496332,0.020491648869012183,0.17157898749966644,True
Streptococcus,IL6,0.11203390225012066,0.030295610608663617,0.21052242490204603,True
Streptococcus,IL7,-0.024078403454770657,0.6425311581142916,0.8622712511490495,False
Streptococcus,IL8,0.11351945345137811,0.028155473100035744,0.2032810889062415,True
Streptococcus,IL10,0.09115246232250565,0.07831109415463397,0.3443466551480359,False
Streptococcus,IFNB,-0.045313833947430264,0.38220355913667725,0.7071272745300594,False
Streptococcus,EOTAXIN,0.012943912598604501,0.8029772294798416,0.9363872393934203,False
Streptococcus,IL12P70,0.0885102379978697,0.08738929062186618,0.3655414105472363,False
Streptococcus,IL13,0.0838627355029682,0.10539289273694068,0.40006281732797894,False
Streptococcus,IL17A,0.08802210112395827,0.08915555637436204,0.3685096330140297,False
Streptococcus,IL31,0.02672240466715456,0.6064490264442494,0.8415781068288762,False
Streptococcus,IL1RA,0.054246324801786025,0.29540735571590626,0.6302834093622258,False
Streptococcus,SCF,0.1759435447625329,0.0006310710795560986,0.02475536339355476,True
Streptococcus,RANTES,0.06795180637217618,0.18977584005745787,0.5228157829725131,False
Streptococcus,IFNG,0.154656754517505,0.0027089295640832277,0.06058444054012097,True
Streptococcus,GMCSF,0.08700823965991464,0.09291559019098831,0.3764653193389206,False
Streptococcus,TNFA,0.056514243858221055,0.2756486473874366,0.612619445934162,False
Streptococcus,HGF,0.12161566372866658,0.01863257126642315,0.1670821674573353,True
Streptococcus,MIP1B,0.044010330706051606,0.39605852484552795,0.7137754472445211,False
Streptococcus,IFNA,0.0795742089258812,0.12449484813195193,0.43720561420838683,False
Streptococcus,TGFB,0.034296432696198836,0.5084611085415641,0.7868033792739678,False
Streptococcus,MCP1,-0.034830791068490075,0.5018737569425662,0.7817195597421817,False
Streptococcus,IL9,0.12995177263191476,0.01188940049385988,0.13210104366291336,True
Streptococcus,VEGFD,-0.024280400507432673,0.6397432537421417,0.860807175278792,False
Streptococcus,TNFB,0.1428710045549926,0.005640871161443538,0.0848475147555845,True
Streptococcus,NGF,-0.03685846448329535,0.4772923237750548,0.766414724220088,False
Streptococcus,EGF,0.10343957495402965,0.04559803376101404,0.2650385712358941,True
Streptococcus,BDNF,0.12185062471384635,0.01840433449810418,0.1670821674573353,True
Streptococcus,TRAIL,0.12962636934663546,0.012105372471159434,0.13323072660566004,True
Streptococcus,GCSF,0.09588359839904502,0.06397365851934295,0.3139604349498097,False
Streptococcus,GROA,0.09777631478502535,0.05887802184183382,0.30256359317727466,False
Streptococcus,IL1A,0.05440736720518452,0.29397391376563325,0.6294095749619248,False
Streptococcus,IL23,-0.00969306257653843,0.8517925036583259,0.9545125489171852,False
Streptococcus,IL12P40,0.1761806051487905,0.0006203099091794524,0.02475370960805567,True
Streptococcus,IL15,0.055275562045284936,0.28632622221268283,0.622399812990561,False
Streptococcus,IL18,0.10371669556819417,0.04501865470279714,0.26334608157328576,True
Streptococcus,MCSF,0.047841773157381785,0.35619108384027054,0.6834753259383458,False
Streptococcus,MCP3,0.1522839146805954,0.0031530341382964887,0.06374612496990727,True
Streptococcus,MIG,0.12331542880388578,0.0170356620201477,0.15843165678737361,True
Streptococcus,RESISTIN,0.04634716774986677,0.3714333814993632,0.6969059410781596,False
Streptococcus,IL21,0.1503853896968419,0.003554883001819618,0.06793235325395022,True
Streptococcus,ICAM1,0.16513137596961952,0.0013514329108655048,0.04032617990710972,True
Streptococcus,VCAM1,-0.0012975303797935754,0.9800477390976746,0.9946570287737025,False
Streptococcus,FGFB,0.08110505536414936,0.11738905600443134,0.4234373905254814,False
Streptococcus,IL22,0.07827275735955327,0.1307948169321301,0.44561632324730643,False
Streptococcus,PDGFBB,0.135361373463979,0.008765285338541798,0.11040698011075221,True
Streptococcus,VEGF,0.09860924606270871,0.0567444120662275,0.2967415310744321,True
Streptococcus,LEPTIN,0.07024881043886738,0.17520257939996073,0.5087962512617296,False
Streptococcus,PAI1,0.0004789610673812931,0.9926343049169419,0.9988863937964398,False
Streptococcus,CD40L,0.024923536509972165,0.6309007232422408,0.8557185307952611,False
Streptococcus,ENA78,0.058269939698042394,0.2609832520090189,0.595979059770441,False
Streptomyces,IL17F,0.01671847199275105,0.7472556533328895,0.9144049442099831,False
Streptomyces,FASL,-0.0336812040390672,0.5161009434550712,0.7911657319998069,False
Streptomyces,TGFA,0.056533963152740604,0.2754808823149603,0.612619445934162,False
Streptomyces,MIP1A,-0.001784762320773603,0.9725580636044004,0.9918253913336719,False
Streptomyces,SDF1A,-0.03673210202924769,0.4788047915994823,0.7680517316175447,False
Streptomyces,IL27,0.07846995297356912,0.12982472216942711,0.444430643991045,False
Streptomyces,LIF,0.030157134624389216,0.5609768011583034,0.8172336148990665,False
Streptomyces,IL1B,0.014566916908231984,0.7788770988558701,0.925103067606589,False
Streptomyces,IL2,-0.08956380250875962,0.0836729196918402,0.35695328125418063,False
Streptomyces,IL4,-0.0034883326835132796,0.9463942012944058,0.9839412097503842,False
Streptomyces,IL5,0.06082515358459257,0.24061471284906463,0.5740188532269264,False
Streptomyces,IP10,-0.06855119917992616,0.18588993289131792,0.520715775870258,False
Streptomyces,IL6,0.022520512767110288,0.6641989976776187,0.8765918654307266,False
Streptomyces,IL7,-0.024862107682756557,0.6317430697420987,0.8562283579591401,False
Streptomyces,IL8,-0.0393152096154809,0.44841027177901005,0.7477320012988994,False
Streptomyces,IL10,0.006979736913832407,0.8929823126651597,0.9675120899537724,False
Streptomyces,IFNB,0.05260723661804485,0.3102618562433737,0.6435828773484555,False
Streptomyces,EOTAXIN,0.09770637690408479,0.05906015193673979,0.3031790688196946,False
Streptomyces,IL12P70,0.10898489076406384,0.035126963411479806,0.22999052073877163,True
Streptomyces,IL13,0.056762407919098645,0.27354241010635416,0.6118071150996554,False
Streptomyces,IL17A,0.04356752790246209,0.4008329775847953,0.7168743637574224,False
Streptomyces,IL31,0.06543024546444062,0.20677674511476601,0.5408270277806727,False
Streptomyces,IL1RA,-0.009757456596284467,0.8508193850385977,0.9544777178358212,False
Streptomyces,SCF,0.09026261703699485,0.08127898294256165,0.3515788564492202,False
Streptomyces,RANTES,-0.1297363001320126,0.012032026571349014,0.13294793716460893,True
Streptomyces,IFNG,0.057115389104313546,0.27056548188155405,0.6073030526544938,False
Streptomyces,GMCSF,0.004476353880570826,0.9312444594097902,0.9807531110289827,False
Streptomyces,TNFA,-0.015294944728170367,0.7681334705169555,0.9200531338996716,False
Streptomyces,HGF,0.07762944261925987,0.13399853479098034,0.449886777457082,False
Streptomyces,MIP1B,-0.02752687219963646,0.5956523486665913,0.8342721148492921,False
Streptomyces,IFNA,-0.004644430502778394,0.9286695862788357,0.9807531110289827,False
Streptomyces,TGFB,-0.008696860460974483,0.8668748007458333,0.9588030501807235,False
Streptomyces,MCP1,0.15325261335599283,0.002964304317330089,0.06335908394263566,True
Streptomyces,IL9,0.03466768425733636,0.5038796894685177,0.7831890437978631,False
Streptomyces,VEGFD,-0.018760172651474703,0.7176346348818878,0.9001998136296341,False
Streptomyces,TNFB,-0.05962113082986756,0.2500690797602595,0.5864667470115381,False
Streptomyces,NGF,0.07265851793639752,0.16082588391083366,0.48731671292957585,False
Streptomyces,EGF,0.0035229343992832438,0.945863280302943,0.9839412097503842,False
Streptomyces,BDNF,-0.05911108684701766,0.2541510216722502,0.5903598743431605,False
Streptomyces,TRAIL,-0.007099100558116488,0.8911634068926587,0.9674419892098807,False
Streptomyces,GCSF,0.029150293964876627,0.5741349380867826,0.8218760786362871,False
Streptomyces,GROA,0.019230743867502533,0.7108652685680757,0.8979103463240506,False
Streptomyces,IL1A,-0.041195542167556484,0.4269891935652391,0.7361423446516184,False
Streptomyces,IL23,0.06433685411238693,0.21448126487233782,0.5497498658647887,False
Streptomyces,IL12P40,0.06370679763328493,0.21901345677084355,0.5537438062536479,False
Streptomyces,IL15,0.005290435152740444,0.9187801852899484,0.9762367737204338,False
Streptomyces,IL18,-0.04559008777216182,0.3793057215169129,0.7033984466814136,False
Streptomyces,MCSF,-0.06324373562414305,0.2223877973856271,0.5554717589130704,False
Streptomyces,MCP3,0.011202308985350018,0.8290470413887142,0.9471731616593797,False
Streptomyces,MIG,-0.00728514677884014,0.8883295087632868,0.9666713644267235,False
Streptomyces,RESISTIN,-0.003346189928364278,0.9485754541830105,0.9839412097503842,False
Streptomyces,IL21,0.00915943156052284,0.8598652188462507,0.956372511759696,False
Streptomyces,ICAM1,0.08586101180544302,0.09732197552382695,0.38465995194174746,False
Streptomyces,VCAM1,-0.04166858300805668,0.4216952581757799,0.7321561169059574,False
Streptomyces,FGFB,0.0087985701709989,0.865332625888058,0.9582400226814163,False
Streptomyces,IL22,0.07747815665299838,0.13476064916760164,0.45078248658960407,False
Streptomyces,PDGFBB,-0.07135576539192472,0.1684839641667862,0.49763900306710085,False
Streptomyces,VEGF,-0.04304434933527161,0.40651822269335025,0.7210335926983136,False
Streptomyces,LEPTIN,-0.01818929100475106,0.7258767053879291,0.9039253302162288,False
Streptomyces,PAI1,0.007344413781073061,0.8874270370935937,0.9665904483666315,False
Streptomyces,CD40L,0.08286959762091842,0.10959631248855643,0.4081983026765107,False
Streptomyces,ENA78,0.020112240468794132,0.6982458565946796,0.8915816658577373,False
Tessaracoccus,IL17F,0.0042479182195815255,0.9347451553813749,0.9810533421000199,False
Tessaracoccus,FASL,-0.03943793663999284,0.44699386541228314,0.7477320012988994,False
Tessaracoccus,TGFA,-0.002374420488263556,0.963497187441899,0.987204242733345,False
Tessaracoccus,MIP1A,-0.11120017782575628,0.03155659926206963,0.21447725198824422,True
Tessaracoccus,SDF1A,-0.10507029102509698,0.04227678933766754,0.2533882755146991,True
Tessaracoccus,IL27,0.03872291846364886,0.45528154492995365,0.7508454402974536,False
Tessaracoccus,LIF,0.07186521579418063,0.16545738800065413,0.4943184441028804,False
Tessaracoccus,IL1B,-0.019666863313860458,0.7046117060580178,0.8947959307700818,False
Tessaracoccus,IL2,0.018949515158829262,0.7149081717530067,0.8996814610694129,False
Tessaracoccus,IL4,-0.03141495107563252,0.5447458114539199,0.8073523580113873,False
Tessaracoccus,IL5,0.09079213788016774,0.07950211901524336,0.34712192809472453,False
Tessaracoccus,IP10,-0.1626525408069381,0.0015991419892003962,0.04549924760097906,True
Tessaracoccus,IL6,-0.06794875119209615,0.18979579854527748,0.5228157829725131,False
Tessaracoccus,IL7,-0.02897664090019636,0.5764189981169795,0.8230342910677445,False
Tessaracoccus,IL8,-0.08323861479528777,0.10801930999809946,0.4048003692339792,False
Tessaracoccus,IL10,-0.05918181495116182,0.25358223474387626,0.5899938316767886,False
Tessaracoccus,IFNB,0.010605311705316053,0.8380282910075963,0.9497588510034946,False
Tessaracoccus,EOTAXIN,0.11610846502419449,0.02473514062686081,0.18804098732681648,True
Tessaracoccus,IL12P70,0.019020771544858563,0.7138830411618429,0.8992313228053638,False
Tessaracoccus,IL13,0.0330791270318265,0.5236344591666998,0.7959032033616247,False
Tessaracoccus,IL17A,0.0572833543211339,0.2691567135089225,0.6057456580745579,False
Tessaracoccus,IL31,0.02981436594493084,0.5654400018976237,0.8199904713076068,False
Tessaracoccus,IL1RA,0.025851622583253516,0.61823288631882,0.848402411776782,False
Tessaracoccus,SCF,-0.08399905193854021,0.10482601819832668,0.39926906590215894,False
Tessaracoccus,RANTES,-0.05689555774455717,0.27241685898398277,0.610476334590612,False
Tessaracoccus,IFNG,-0.024554231191393387,0.6359720039814402,0.8584707857793811,False
Tessaracoccus,GMCSF,0.1499682923313747,0.003649159729899443,0.06925956222054044,True
Tessaracoccus,TNFA,-0.017202311067608805,0.740200533444261,0.9104371215689435,False
Tessaracoccus,HGF,0.021243871320690076,0.6821669682388224,0.8847758252952572,False
Tessaracoccus,MIP1B,0.057912374344330865,0.2639255572745253,0.5978645115946483,False
Tessaracoccus,IFNA,0.004664387308909758,0.9283639040862917,0.9807531110289827,False
Tessaracoccus,TGFB,0.07888616507944637,0.1277954571263914,0.4426469329542464,False
Tessaracoccus,MCP1,0.17944936875974854,0.00048825838477939556,0.0220286047511177,True
Tessaracoccus,IL9,-0.06750069048445223,0.1927395337014015,0.5238609829779934,False
Tessaracoccus,VEGFD,0.030379604266504625,0.5580891353843703,0.8160422720732128,False
Tessaracoccus,TNFB,-0.10239760389224362,0.047832789227631164,0.2714380431918176,True
Tessaracoccus,NGF,0.07992597546848794,0.12283317222237823,0.43325480467817357,False
Tessaracoccus,EGF,-0.14436266267598105,0.005155365859157639,0.0826322303618562,True
Tessaracoccus,BDNF,-0.09015948393324809,0.08162876440821017,0.3522282010513652,False
Tessaracoccus,TRAIL,-0.08780870323427943,0.08993665542109669,0.3706399831977249,False
Tessaracoccus,GCSF,-0.06354340859992884,0.22019986936623384,0.5537438062536479,False
Tessaracoccus,GROA,-0.03170902701673159,0.540984814195764,0.8061817157461093,False
Tessaracoccus,IL1A,-0.08428663118208912,0.10363802347086266,0.3967024572715643,False
Tessaracoccus,IL23,0.09859220515702469,0.05678741253533135,0.2967415310744321,True
Tessaracoccus,IL12P40,-0.13001198378397658,0.011849813224088363,0.13210104366291336,True
Tessaracoccus,IL15,0.037483110404684855,0.4698541523826788,0.7614830584651024,False
Tessaracoccus,IL18,-0.09256613861949428,0.07377727052952776,0.3376062798340236,False
Tessaracoccus,MCSF,-0.009760146552041401,0.850778739498677,0.9544777178358212,False
Tessaracoccus,MCP3,-0.11306602666665265,0.028794495009850773,0.2049404109119481,True
Tessaracoccus,MIG,-0.062176877739806485,0.23030269861723146,0.563339374738233,False
Tessaracoccus,RESISTIN,0.06434892405514236,0.2143951044742362,0.5497498658647887,False
Tessaracoccus,IL21,-0.14877598883210208,0.003931276039316241,0.07215960624797574,True
Tessaracoccus,ICAM1,-0.2343648890280892,4.623375224527958e-06,0.0012284968453745715,True
Tessaracoccus,VCAM1,-0.0016022716702657341,0.9753630427418567,0.9922991593010085,False
Tessaracoccus,FGFB,-0.018401493875417365,0.7228092861264472,0.902669551671955,False
Tessaracoccus,IL22,0.06991511317855592,0.1772664870542773,0.5109230360345389,False
Tessaracoccus,PDGFBB,0.006660617711427543,0.8978478929052274,0.9700996966245572,False
Tessaracoccus,VEGF,-0.09251189489280716,0.07394720396778338,0.3376062798340236,False
Tessaracoccus,LEPTIN,0.1434475456185267,0.005448548112209337,0.08335291169521077,True
Tessaracoccus,PAI1,0.020282670756188375,0.6958154211605118,0.8908723181261392,False
Tessaracoccus,CD40L,-0.10853715282047524,0.035888850786092504,0.23285752826633607,True
Tessaracoccus,ENA78,0.09821158580251377,0.057754914510818156,0.2989640510144047,True
Turicibacter,IL17F,0.02507598758052724,0.6288122929496632,0.8541972224783797,False
Turicibacter,FASL,-0.013659436929119513,0.7923278599826777,0.9299935756633029,False
Turicibacter,TGFA,-0.019007980380541297,0.7140670235395281,0.8992313228053638,False
Turicibacter,MIP1A,0.027040278901308647,0.6021724517185599,0.8385630847490803,False
Turicibacter,SDF1A,-0.059205342075562335,0.25339322823168636,0.5898766013904088,False
Turicibacter,IL27,0.023520145721210892,0.6502620983796624,0.8667327499141265,False
Turicibacter,LIF,0.0814563666527465,0.11580397414126327,0.42069412481005797,False
Turicibacter,IL1B,0.009270148173706914,0.8581890805397125,0.9560235775498445,False
Turicibacter,IL2,0.07628723651508904,0.14087699999120326,0.4581508431254485,False
Turicibacter,IL4,-0.053352427754471805,0.3034486038622743,0.637134190604188,False
Turicibacter,IL5,0.040173289035143805,0.43856036366388584,0.7415657058316615,False
Turicibacter,IP10,-0.03291911421180427,0.5256460340216403,0.795909546722539,False
Turicibacter,IL6,-0.006483522005088924,0.9005497176231549,0.9701135837313933,False
Turicibacter,IL7,0.04981069465541526,0.33672068172425706,0.6650428397563227,False
Turicibacter,IL8,-0.075636548734282,0.1443074286706575,0.4635782682684334,False
Turicibacter,IL10,-0.07172400820953527,0.16629217159071158,0.49473487534889576,False
Turicibacter,IFNB,-0.04140046865223654,0.4246910818950106,0.7342807038238766,False
Turicibacter,EOTAXIN,0.00612970923052225,0.9059509979009872,0.9710346846499248,False
Turicibacter,IL12P70,-0.0044040810300444355,0.9323518753409709,0.9807531110289827,False
Turicibacter,IL13,-0.05583393742336302,0.28147899723565656,0.618123890033437,False
Turicibacter,IL17A,-0.04791054032172043,0.35549936485394684,0.6828524805111957,False
Turicibacter,IL31,0.08755800737219456,0.09086127397855948,0.3721046578258385,False
Turicibacter,IL1RA,0.0958206071958103,0.06414929417625291,0.31426958867734084,False
Turicibacter,SCF,-0.03369509222966438,0.5159278298096162,0.7911657319998069,False
Turicibacter,RANTES,-0.05948350764013173,0.2511659743018834,0.5872560298966301,False
Turicibacter,IFNG,-0.007286406542975972,0.8883103245539345,0.9666713644267235,False
Turicibacter,GMCSF,0.14839879283097163,0.004024549142950658,0.07319916944858772,True
Turicibacter,TNFA,0.047954034192316815,0.3550623023268299,0.6828524805111957,False
Turicibacter,HGF,0.05874781106339758,0.257086373223467,0.5927859349532835,False
Turicibacter,MIP1B,0.0055892615343670045,0.9142097198747203,0.9735657908844376,False
Turicibacter,IFNA,0.01113131004977648,0.8301140110766919,0.9474924775815956,False
Turicibacter,TGFB,0.11098618918455956,0.03188739100920186,0.21541360996531042,True
Turicibacter,MCP1,0.04675608043525583,0.367223689737624,0.6934376273218078,False
Turicibacter,IL9,-0.01811257096626395,0.726986784903928,0.9039253302162288,False
Turicibacter,VEGFD,0.02701229968260539,0.6025483311522727,0.838877167622176,False
Turicibacter,TNFB,-0.05229683300278664,0.3131293125219949,0.6454604964435653,False
Turicibacter,NGF,0.11723072054546356,0.023367719135711704,0.18334549203787762,True
Turicibacter,EGF,-0.06844512383949296,0.1865733264000475,0.5214056013892924,False
Turicibacter,BDNF,0.00705664677724408,0.8918102678924914,0.9675120899537724,False
Turicibacter,TRAIL,0.015756892737416945,0.761339216813588,0.9176417501795119,False
Turicibacter,GCSF,-0.011388519954155773,0.826250165534324,0.946541030266426,False
Turicibacter,GROA,0.025085369202788137,0.6286838702541342,0.8541972224783797,False
Turicibacter,IL1A,0.0007500984074075232,0.9884648607330115,0.9972218265937813,False
Turicibacter,IL23,0.043092104396492886,0.4059973015984283,0.720338614600709,False
Turicibacter,IL12P40,-0.104448910239588,0.043517484336296534,0.2583271942516326,True
Turicibacter,IL15,0.05549417127654547,0.2844218401923328,0.6214071528086206,False
Turicibacter,IL18,-0.02013201974996294,0.6979636337974151,0.8914252864704912,False
Turicibacter,MCSF,-0.009139764720719593,0.8601630210543514,0.956372511759696,False
Turicibacter,MCP3,-0.03583628611554025,0.4896014419897371,0.7739775866650843,False
Turicibacter,MIG,-0.06158471153779836,0.2347810276148626,0.5671333913813564,False
Turicibacter,RESISTIN,0.08738929114852323,0.09148780969896443,0.37372033537351507,False
Turicibacter,IL21,0.024652782259756575,0.6346170295524948,0.8583738860437555,False
Turicibacter,ICAM1,-0.07749398717954403,0.13468074573410954,0.45078248658960407,False
Turicibacter,VCAM1,0.007930155177202103,0.8785158233930017,0.9625126686909422,False
Turicibacter,FGFB,0.04142231450949338,0.424446520747524,0.7341635417765604,False
Turicibacter,IL22,-0.05450905793799946,0.29307115929602146,0.6283617529759443,False
Turicibacter,PDGFBB,-0.03054974726633942,0.5558855414236097,0.8142645643826116,False
Turicibacter,VEGF,0.030865474738244313,0.551807661420785,0.8128513093169077,False
Turicibacter,LEPTIN,0.1724657671958522,0.0008101734883004687,0.02954750369095827,True
Turicibacter,PAI1,0.03377214585626405,0.5149679163065357,0.790732243530674,False
Turicibacter,CD40L,-0.11034839733194748,0.0328909300144326,0.2202308245212553,True
Turicibacter,ENA78,-0.021693638148849188,0.6758156180361191,0.8823236192422893,False
Veillonella,IL17F,-0.11627542090102695,0.024527440153168028,0.187483720622846,True
Veillonella,FASL,0.071200841526812,0.16941250237582997,0.4993775822805765,False
Veillonella,TGFA,-0.009504334275937,0.8546458440585342,0.9545125489171852,False
Veillonella,MIP1A,0.02393067951561274,0.6445731835738054,0.8631433559735623,False
Veillonella,SDF1A,0.06587731639423079,0.20368481271786976,0.5356085084664058,False
Veillonella,IL27,0.010772200589742459,0.835515438151617,0.9486274812122903,False
Veillonella,LIF,-0.08788112905655197,0.08967094289952829,0.3699309647338299,False
Veillonella,IL1B,0.04929688209233299,0.3417347409339948,0.6695330205950158,False
Veillonella,IL2,-0.01718699095145389,0.7404235945662843,0.9104371215689435,False
Veillonella,IL4,0.06784815098080921,0.19045384729127193,0.5228157829725131,False
Veillonella,IL5,-0.22893074377551395,7.74846253090278e-06,0.001601348923053241,True
Veillonella,IP10,0.154493213014411,0.002737606855668259,0.06058444054012097,True
Veillonella,IL6,0.03880593454850298,0.45431491777994526,0.7506891445697644,False
Veillonella,IL7,-0.036939846600337,0.4763196185479375,0.7652932541023585,False
Veillonella,IL8,0.15670984609069996,0.0023714530577913944,0.056309396010536084,True
Veillonella,IL10,0.030325009950595037,0.5587971049798777,0.8164739324452717,False
Veillonella,IFNB,-0.047785837529121675,0.3567543550702119,0.6836158314875628,False
Veillonella,EOTAXIN,-0.07780374642444134,0.13312458749598147,0.44829493781222307,False
Veillonella,IL12P70,-0.06663618441268572,0.1985134730928962,0.5328412846685912,False
Veillonella,IL13,-0.05653393191817149,0.2754811479932018,0.612619445934162,False
Veillonella,IL17A,-0.011678971256953935,0.8218919998211774,0.9446256146245459,False
Veillonella,IL31,-0.02390641099832325,0.6449089095415536,0.8631786316243388,False
Veillonella,IL1RA,0.01122122992775797,0.8287627509919536,0.9471731616593797,False
Veillonella,SCF,0.0008902564006190131,0.9863096816701751,0.9970791801315255,False
Veillonella,RANTES,0.14734855850883108,0.00429488578046046,0.07560082856457213,True
Veillonella,IFNG,0.04805257114373254,0.3540733713364609,0.6818862565595458,False
Veillonella,GMCSF,-0.03025002687341474,0.5597701801070389,0.816819457373765,False
Veillonella,TNFA,-0.09374550721024326,0.07016053117335183,0.32967866255494765,False
Veillonella,HGF,2.2480044372997025e-05,0.9996542861187909,0.9997953913454289,False
Veillonella,MIP1B,-0.03564536289258225,0.49191926422308785,0.7747084629619355,False
Veillonella,IFNA,0.0028162035502845035,0.9567116187548964,0.9850610768789602,False
Veillonella,TGFB,-0.04071063395196252,0.43245576847352174,0.7395774827718746,False
Veillonella,MCP1,-0.16857800085478813,0.0010653204928742271,0.03396850485850393,True
Veillonella,IL9,0.08699397251146851,0.09296939248190547,0.3764653193389206,False
Veillonella,VEGFD,0.04654906620095505,0.36935115507670857,0.6951234645269069,False
Veillonella,TNFB,0.12021258001137082,0.020047508179840762,0.16987722079658224,True
Veillonella,NGF,-0.17794265910454302,0.000545496722938354,0.023138696308889595,True
Veillonella,EGF,0.06464004272116307,0.2123245002452766,0.5464809554283411,False
Veillonella,BDNF,0.06219715119112107,0.23015045648752303,0.563339374738233,False
Veillonella,TRAIL,0.051789278197518315,0.3178553372878978,0.646428478855075,False
Veillonella,GCSF,-0.007146756771440372,0.890437363272709,0.967394316038491,False
Veillonella,GROA,0.040801617438518276,0.4314270083684705,0.7393620106560397,False
Veillonella,IL1A,0.04380173270448631,0.39830342490312776,0.7149954788544798,False
Veillonella,IL23,-0.08628364893466813,0.09567970055733224,0.38244464835953723,False
Veillonella,IL12P40,0.05973839142263511,0.24913711363063862,0.5855341899775998,False
Veillonella,IL15,-0.04610509977590623,0.3739394254731958,0.6994858684367358,False
Veillonella,IL18,0.1251818044296027,0.015421219569740918,0.14947417482698103,True
Veillonella,MCSF,0.10148513148277079,0.04986441461405768,0.27678317798126223,True
Veillonella,MCP3,0.0589425036118153,0.25551031153472126,0.5915964889476119,False
Veillonella,MIG,0.055245791984712043,0.28658622179926674,0.6226055808280716,False
Veillonella,RESISTIN,0.0876732728541832,0.0904352096293606,0.37187064829169647,False
Veillonella,IL21,0.10308733254160617,0.0463434908398195,0.2660459659322971,True
Veillonella,ICAM1,0.11992746766498087,0.02034618138850686,0.17123935467250118,True
Veillonella,VCAM1,0.10425145640990624,0.04391809277166341,0.2590517522895157,True
Veillonella,FGFB,-0.006423358803027158,0.901467848130767,0.9701135837313933,False
Veillonella,IL22,-0.08241860489705911,0.1115481879337366,0.41248435299552694,False
Veillonella,PDGFBB,0.13644029879608516,0.008237814004908946,0.10659847010391608,True
Veillonella,VEGF,0.015971339398651852,0.758191353816636,0.9173238718712252,False
Veillonella,LEPTIN,-0.01865047480656772,0.7192158869739644,0.9009543365072772,False
Veillonella,PAI1,-0.1815053702764317,0.0004191198289632983,0.020514812680835128,True
Veillonella,CD40L,0.04549157591234813,0.38033754001298237,0.7046093868766407,False
Veillonella,ENA78,0.03174299145090485,0.5405512699617323,0.8061817157461093,False
hgcI clade,IL17F,-0.01242364396536088,0.8107436139755781,0.9397508955522488,False
hgcI clade,FASL,-0.029159064686261008,0.5740196900570005,0.8218760786362871,False
hgcI clade,TGFA,-0.06412609868554506,0.2159897363577512,0.5519586458368243,False
hgcI clade,MIP1A,-0.018925064068949782,0.715260055741233,0.8997184650667448,False
hgcI clade,SDF1A,-0.06818071425302573,0.18828483725621836,0.5228157829725131,False
hgcI clade,IL27,-0.05540709817816,0.2851793392000755,0.6218447490177496,False
hgcI clade,LIF,-0.00922297949116699,0.8589030896239713,0.956372511759696,False
hgcI clade,IL1B,-0.04103779966992185,0.42876307485510545,0.7377422009532805,False
hgcI clade,IL2,-0.003200345738165873,0.950813906361474,0.9845131930779412,False
hgcI clade,IL4,-0.08139752604604751,0.11606828264843964,0.4213799721394231,False
hgcI clade,IL5,-0.011998194463191225,0.8171084286139766,0.9427946679474761,False
hgcI clade,IP10,0.033829210726194235,0.5142576134197396,0.7906963232608833,False
hgcI clade,IL6,-0.06916980226884001,0.1819412464140565,0.5170338071974676,False
hgcI clade,IL7,0.11924106279882934,0.021081137746068224,0.17349962923755263,True
hgcI clade,IL8,-0.03634576904700064,0.48344504672142785,0.7698696805666574,False
hgcI clade,IL10,-0.07077479610372839,0.1719857138858105,0.5036129508564062,False
hgcI clade,IFNB,-0.026126186418293684,0.6145065867724837,0.8471970963037493,False
hgcI clade,EOTAXIN,-0.021784530581701857,0.6745348556785769,0.8820025084325231,False
hgcI clade,IL12P70,-0.0446828761790367,0.3888726813569182,0.7105523000675212,False
hgcI clade,IL13,-0.07618986450195193,0.14138633545914378,0.4581508431254485,False
hgcI clade,IL17A,-0.11437195780806558,0.026986938688066245,0.19918930936429846,True
hgcI clade,IL31,-0.02760788677066878,0.5945699158860231,0.8342218080573319,False
hgcI clade,IL1RA,0.013702831541906279,0.7916832222636989,0.92971462528619,False
hgcI clade,SCF,-0.09431923628892655,0.06845421568840997,0.3250847008862363,False
hgcI clade,RANTES,0.028560809568169775,0.5819057114470748,0.8270590600801522,False
hgcI clade,IFNG,-0.034357526431936805,0.5077056906330186,0.7862885799978473,False
hgcI clade,GMCSF,-0.0531151250467087,0.30560742253821294,0.6388768274420974,False
hgcI clade,TNFA,-0.003612641308456516,0.944486949636031,0.9836202275044892,False
hgcI clade,HGF,-0.07192008481903835,0.16513386486420314,0.4943184441028804,False
hgcI clade,MIP1B,-0.07151070862237446,0.16755912015004468,0.4968012170229805,False
hgcI clade,IFNA,-0.03171549393710888,0.540902252862804,0.8061817157461093,False
hgcI clade,TGFB,-0.0611438861570635,0.2381544628226085,0.5705890521898477,False
hgcI clade,MCP1,-0.02536350484112473,0.6248816376681285,0.8525280044469823,False
hgcI clade,IL9,-0.03481288945777766,0.5020937100566271,0.7817195597421817,False
hgcI clade,VEGFD,0.01756081626897413,0.7349869404836515,0.9083377561343547,False
hgcI clade,TNFB,-0.029812056447861824,0.5654701314680415,0.8199904713076068,False
hgcI clade,NGF,-0.017124053620268906,0.7413401909643048,0.9111626135640575,False
hgcI clade,EGF,-0.06670005785156828,0.19808260744101916,0.5328412846685912,False
hgcI clade,BDNF,-0.002541498487419165,0.9609306161122145,0.987204242733345,False
hgcI clade,TRAIL,-0.0067048972393520066,0.8971725343086998,0.9700102192293246,False
hgcI clade,GCSF,0.005415207173802149,0.9168714985554544,0.9756184137947054,False
hgcI clade,GROA,-0.0550279727737614,0.2884933968270646,0.624103775276448,False
hgcI clade,IL1A,-0.012995397561362297,0.8022097195288744,0.9361727615765634,False
hgcI clade,IL23,-0.04735851084435919,0.36107595821359273,0.6874784054067715,False
hgcI clade,IL12P40,-0.06881663675169163,0.18418792309545573,0.5186393806781422,False
hgcI clade,IL15,-0.0006359854078382205,0.9902196142089623,0.9979273728706411,False
hgcI clade,IL18,-0.010397016945069395,0.8411669006287208,0.9502158828971545,False
hgcI clade,MCSF,-0.009269828132943466,0.8581939247217152,0.9560235775498445,False
hgcI clade,MCP3,-0.055277027457110994,0.28631342800183057,0.622399812990561,False
hgcI clade,MIG,-0.02485136777457079,0.6318903903361539,0.8562283579591401,False
hgcI clade,RESISTIN,-0.021976467940835628,0.671833359566318,0.881596023107467,False
hgcI clade,IL21,-0.00322201319072625,0.9504813241413073,0.9843514826853182,False
hgcI clade,ICAM1,-0.014511398839530903,0.7796981466061236,0.9256879476734804,False
hgcI clade,VCAM1,0.05997072327369622,0.24729773076330394,0.5844647766451656,False
hgcI clade,FGFB,0.008055004798525056,0.8766183568881877,0.9625126686909422,False
hgcI clade,IL22,-0.09373581556650087,0.07018965073750498,0.32967866255494765,False
hgcI clade,PDGFBB,0.025128511625576146,0.628093448437054,0.8537786704698566,False
hgcI clade,VEGF,-0.0490821744290816,0.3438439971133511,0.6724143178784152,False
hgcI clade,LEPTIN,-0.03986125948827926,0.44212774691790735,0.7432146318525491,False
hgcI clade,PAI1,0.0213580392829525,0.6805526066534845,0.8836446797191053,False
hgcI clade,CD40L,-0.09154021961802329,0.0770455933666993,0.3420162378569468,False
hgcI clade,ENA78,-0.08174465737790225,0.11451579332799273,0.41737304165264494,False
