Microbe,Cytokine,Correlation,P-value,Corrected_P-value,Exceeds_Perm_Threshold
Acidothermus,IL17F,0.08623705311374884,0.053488781739133226,0.1414236573648488,False
Acidothermus,FASL,0.01760658072761052,0.6939289415611705,0.8091987314887004,False
Acidothermus,TGFA,0.07371322561954663,0.09900455487601553,0.22090747609091757,False
Acidothermus,MIP1A,0.057597060614970316,0.19762925734224351,0.3588348483566702,False
Acidothermus,SDF1A,0.07059303453458314,0.11417777871951693,0.24348479548525254,False
Acidothermus,IL27,0.02017771243840928,0.6519839646198403,0.7755757061863027,False
Acidothermus,LIF,-0.020765832872887354,0.6425359244574613,0.7670839662970976,False
Acidothermus,IL1B,0.07650252287562953,0.08684077282482255,0.19967220315588624,False
Acidothermus,IL2,0.03213345985877012,0.4725400561443569,0.6328661466219065,False
Acidothermus,IL4,0.07612291582572961,0.08842180323383875,0.20214424043134227,False
Acidothermus,IL5,0.03661291002755847,0.4130404718049894,0.5786314258379724,False
Acidothermus,IP10,0.017804081400187712,0.6906715384746968,0.8081586949942979,False
Acidothermus,IL6,0.0019683800413007515,0.9649104963957716,0.9816105297625143,False
Acidothermus,IL7,0.07338900976415827,0.10050233176614976,0.2228592478362405,False
Acidothermus,IL8,0.0737277384084664,0.09893792789046577,0.22086479341846654,False
Acidothermus,IL10,0.07719195383005306,0.08402759378532643,0.19546188649413102,False
Acidothermus,IFNB,0.09303099114609964,0.037185912124405404,0.10916318900156889,True
Acidothermus,EOTAXIN,-0.049700184367955494,0.2663698180615779,0.43521421433110935,False
Acidothermus,IL12P70,0.027981213026558586,0.5316503869302687,0.6848537359775526,False
Acidothermus,IL13,0.01455628384440431,0.7449215384885061,0.8448500375540374,False
Acidothermus,IL17A,-0.005261054795870393,0.9063982580090577,0.9479681040220672,False
Acidothermus,IL31,0.0734660659321844,0.10014473496728324,0.2224906916377769,False
Acidothermus,IL1RA,0.010120674271283733,0.8210475616643108,0.894324469838146,False
Acidothermus,SCF,0.04091313864462612,0.3603116835066461,0.5300377501758634,False
Acidothermus,RANTES,0.0264790143768034,0.5539198441627422,0.7024072198954872,False
Acidothermus,IFNG,-0.0014279544748762732,0.974540563761831,0.987494796577144,False
Acidothermus,GMCSF,-0.14598312001591432,0.0010371909473880418,0.007679837428908272,True
Acidothermus,TNFA,0.012737321579282508,0.7758859844182201,0.8638649782721061,False
Acidothermus,HGF,-0.10083865659412547,0.023855055970171186,0.07980288508006907,True
Acidothermus,MIP1B,0.028514631885044956,0.5238529649252237,0.6781504139482991,False
Acidothermus,IFNA,0.006289265370784881,0.8882149105042412,0.9365761437881327,False
Acidothermus,TGFB,0.04861272700282015,0.27698684366166615,0.44459400173515623,False
Acidothermus,MCP1,-0.0007728996785609833,0.9862180867967227,0.993482258146612,False
Acidothermus,IL9,0.09540530458445524,0.032586768607725664,0.09962424327805676,True
Acidothermus,VEGFD,0.04413704689380077,0.3236808623032431,0.4952668672951894,False
Acidothermus,TNFB,0.05459884680977752,0.22202238746260486,0.38580123381954884,False
Acidothermus,NGF,0.04918689881045452,0.27134580818145726,0.43903438464903105,False
Acidothermus,EGF,0.07131188813750186,0.11052956811713321,0.23805580905264911,False
Acidothermus,BDNF,0.05122525714991796,0.25195604880417805,0.4192787009541886,False
Acidothermus,TRAIL,0.05566469331786318,0.21311569387980178,0.3767390325802193,False
Acidothermus,GCSF,0.03471126081973082,0.437741149734187,0.6004414000778672,False
Acidothermus,GROA,0.07538609736764261,0.09155657556751418,0.2076771104336297,False
Acidothermus,IL1A,0.09213742208726124,0.03905406201381494,0.1133591687666913,True
Acidothermus,IL23,0.02237071624445278,0.6170490579053254,0.7499420071248728,False
Acidothermus,IL12P40,-0.02638146400898199,0.5553815797906871,0.7036558906616263,False
Acidothermus,IL15,0.03490794863725007,0.4351477322268451,0.5981036063529407,False
Acidothermus,IL18,-0.014853382888892082,0.7399013186370456,0.8422972155835727,False
Acidothermus,MCSF,0.049499182941198656,0.2683108948112865,0.4365450178000288,False
Acidothermus,MCP3,0.055732606960234174,0.21255701973433444,0.3759566914281685,False
Acidothermus,MIG,0.017523902882153754,0.6952942375229225,0.8100368765269425,False
Acidothermus,RESISTIN,-0.05252523614076742,0.24010519138606498,0.4059960508891644,False
Acidothermus,IL21,0.05031011862385506,0.2605387367861552,0.42927093935546007,False
Acidothermus,ICAM1,0.01395075117951996,0.7551868091387284,0.850488206129707,False
Acidothermus,VCAM1,-0.09724151157121251,0.029371482924843425,0.09265766322966208,True
Acidothermus,FGFB,0.026652262764925147,0.5513284558643328,0.7006497184392313,False
Acidothermus,IL22,0.05652145496978707,0.20614490176626607,0.3688825063756884,False
Acidothermus,PDGFBB,-0.05528155796645173,0.21628726259758604,0.3798713065717583,False
Acidothermus,VEGF,0.059656748775337325,0.18204417045442278,0.3401910989253648,False
Acidothermus,LEPTIN,-0.16970950814449498,0.00013308829035165693,0.001595001417874239,True
Acidothermus,PAI1,-0.014327047787244014,0.7488024554175565,0.8466968238754368,False
Acidothermus,CD40L,0.14481403433020631,0.0011391718642186517,0.008259579647526556,True
Acidothermus,ENA78,-0.03973602561249559,0.3743087890688277,0.5423919816672013,False
Acinetobacter,IL17F,0.008038618454947976,0.8574179086313707,0.9180274637660313,False
Acinetobacter,FASL,0.08801872218623208,0.04872371440299103,0.1324943110958528,False
Acinetobacter,TGFA,0.050125520836682924,0.2622941570604928,0.43097803191918427,False
Acinetobacter,MIP1A,0.07703770013130912,0.08465054276810573,0.19663811984515558,False
Acinetobacter,SDF1A,0.058379112833224577,0.19160083908219236,0.35145716044662506,False
Acinetobacter,IL27,-0.02091471660970175,0.6401531767247579,0.7652355815536804,False
Acinetobacter,LIF,-0.03610246756401633,0.41958852145495085,0.5841576720854855,False
Acinetobacter,IL1B,0.1327521919399237,0.002881113779787657,0.016958454526598235,True
Acinetobacter,IL2,0.09050220279478964,0.04267876597249802,0.11990740703216955,False
Acinetobacter,IL4,0.14376340926892836,0.00123862263255805,0.00877907799574668,True
Acinetobacter,IL5,-0.0447131873316282,0.3173987957737949,0.4890339298701611,False
Acinetobacter,IP10,0.03092280832622131,0.48939292777018073,0.6474095389610137,False
Acinetobacter,IL6,0.09166624574590905,0.040070732022200246,0.11471242217237818,False
Acinetobacter,IL7,0.058947915800236,0.1873017297744499,0.3457516482431136,False
Acinetobacter,IL8,0.08391796350072257,0.0602663586497475,0.1539569107873284,False
Acinetobacter,IL10,0.11421689207739216,0.010434831039707446,0.044312296196017925,True
Acinetobacter,IFNB,0.06544294433303191,0.14314281947056454,0.2871824603332979,False
Acinetobacter,EOTAXIN,-0.1074930134322015,0.015978769348813905,0.060555238363475684,True
Acinetobacter,IL12P70,-0.016171529003967112,0.7177636286509871,0.8276552832657814,False
Acinetobacter,IL13,-0.0014650052146312038,0.9738802071552168,0.9870407504951522,False
Acinetobacter,IL17A,0.1443127843522342,0.0011856637277764571,0.008534576368669545,True
Acinetobacter,IL31,0.005714418397576434,0.8983741632344437,0.943626171204149,False
Acinetobacter,IL1RA,-0.0008467254526710902,0.9849018168680725,0.9926660892118326,False
Acinetobacter,SCF,0.04388090872230828,0.3264994784416535,0.49811390560644575,False
Acinetobacter,RANTES,0.009210621922228308,0.8369024727797162,0.9037269309311028,False
Acinetobacter,IFNG,0.038333418194886615,0.39141844006685134,0.5595111796721053,False
Acinetobacter,GMCSF,-0.10351999878481662,0.02034866073283953,0.07071843976659478,True
Acinetobacter,TNFA,0.06298077067906167,0.1588387332247649,0.3094194190743036,False
Acinetobacter,HGF,-0.05660585777157739,0.2054672226747322,0.36817826028420214,False
Acinetobacter,MIP1B,0.031272001042693724,0.48449913086259055,0.6436917024317275,False
Acinetobacter,IFNA,0.02713456314500119,0.5441458258001083,0.6945589047407367,False
Acinetobacter,TGFB,0.0019544180035798845,0.9651592335719853,0.9816105297625143,False
Acinetobacter,MCP1,0.0030473476464912704,0.9457005686054732,0.9693201618510646,False
Acinetobacter,IL9,0.08462130528737562,0.05813964710952065,0.15044482974917697,False
Acinetobacter,VEGFD,0.031106797185036922,0.4868110953043542,0.6457641653879896,False
Acinetobacter,TNFB,0.04546864484205626,0.3092830895028206,0.48067057693453064,False
Acinetobacter,NGF,0.01554906308606064,0.7281895555842275,0.8340258587492957,False
Acinetobacter,EGF,0.10049112274166397,0.02434573590665572,0.08092042313506012,True
Acinetobacter,BDNF,0.011471075740312921,0.7976564500519074,0.8785178808008929,False
Acinetobacter,TRAIL,0.04514767533255677,0.31271433634221013,0.48363973557840817,False
Acinetobacter,GCSF,0.07175219407485438,0.1083407290983922,0.23508370989618463,False
Acinetobacter,GROA,0.05822431733026616,0.19278324059431443,0.3532080649186612,False
Acinetobacter,IL1A,0.0800484305244362,0.07314594471660975,0.17696599528212037,False
Acinetobacter,IL23,0.014707462856437571,0.7423656316345477,0.8434295773108624,False
Acinetobacter,IL12P40,-0.151387846146988,0.0006663164520366022,0.005542703939123793,True
Acinetobacter,IL15,0.043792698504399805,0.3274738380854697,0.49877279629788207,False
Acinetobacter,IL18,0.03809517169490997,0.3943710054973233,0.5616616157925125,False
Acinetobacter,MCSF,0.0699284192026693,0.11763418492160989,0.24886212915627204,False
Acinetobacter,MCP3,0.1578949665155043,0.0003835165264727671,0.003639493567547688,True
Acinetobacter,MIG,0.06542959972911626,0.14322456744853929,0.28719027108051215,False
Acinetobacter,RESISTIN,-0.11244566203600861,0.011698702805080051,0.04814067968462145,True
Acinetobacter,IL21,0.08544718849039082,0.055722151687431706,0.14564811992499013,False
Acinetobacter,ICAM1,0.06829057778272227,0.12650144096657318,0.26260343772078804,False
Acinetobacter,VCAM1,0.07154901172304329,0.10934649728184999,0.23627379756533573,False
Acinetobacter,FGFB,0.0018324708272350703,0.9673318939138658,0.9824976294734499,False
Acinetobacter,IL22,-0.08224582893963138,0.06558144645931384,0.16255529106386427,False
Acinetobacter,PDGFBB,-0.06957347289234868,0.11951336913513325,0.2518066001261303,False
Acinetobacter,VEGF,0.05317750064130922,0.23430892318030244,0.40111400779194967,False
Acinetobacter,LEPTIN,-0.12504989508753261,0.005018806537263945,0.02553917152752508,True
Acinetobacter,PAI1,-0.14117146992119534,0.0015191168473592041,0.010229747087428583,True
Acinetobacter,CD40L,0.10415347652306985,0.019588932099414712,0.06942723648039513,True
Acinetobacter,ENA78,0.10494595667831935,0.018673382430956176,0.06699940455551406,True
Actinomadura,IL17F,0.1522611697280464,0.0006194788164247173,0.005246951723815912,True
Actinomadura,FASL,0.021581513612970366,0.6295273086710496,0.7589582539072803,False
Actinomadura,TGFA,0.10577661905564212,0.017754005581057643,0.06477095621531499,True
Actinomadura,MIP1A,-0.03549176308315186,0.4275021486298106,0.5912804851661568,False
Actinomadura,SDF1A,0.04579875593215533,0.3057800890815689,0.4773002397547148,False
Actinomadura,IL27,0.0947604097397641,0.03378517291443918,0.10226715373698418,True
Actinomadura,LIF,0.04464630827255393,0.31812390920506595,0.4895023751831756,False
Actinomadura,IL1B,0.018108233113599194,0.6856662951824675,0.8043260021691407,False
Actinomadura,IL2,0.0544963228751943,0.2228929332423786,0.38702469737754314,False
Actinomadura,IL4,0.05030271311868942,0.2606090025377341,0.42927093935546007,False
Actinomadura,IL5,0.24647662103112133,2.203945835731592e-08,1.6800570715003117e-06,True
Actinomadura,IP10,-0.1454588968368371,0.0010818306152825885,0.007903730388917582,True
Actinomadura,IL6,-0.02103749152307148,0.6381910547433184,0.7638580191908444,False
Actinomadura,IL7,0.08457330572486634,0.05828278066029983,0.15073132929387886,False
Actinomadura,IL8,0.029031555350173426,0.5163528468908627,0.6719957285313494,False
Actinomadura,IL10,0.008473335681027813,0.8497963820604358,0.9130206045704775,False
Actinomadura,IFNB,0.0956844513787808,0.03207939868500775,0.09878755224191128,True
Actinomadura,EOTAXIN,-0.017516143303028392,0.6954224255577934,0.8100368765269425,False
Actinomadura,IL12P70,0.09728946658355679,0.029291294506265268,0.0924912025564464,True
Actinomadura,IL13,0.11554351182965435,0.009569107489880196,0.041624274862434904,True
Actinomadura,IL17A,0.034957545173324944,0.43449517801493176,0.5975754444748397,False
Actinomadura,IL31,0.10118993839099578,0.023367798741416725,0.07839845898094357,True
Actinomadura,IL1RA,0.03244297914986349,0.4682831113504893,0.6292014228132288,False
Actinomadura,SCF,0.0295691833981162,0.5086116236253205,0.664524880544462,False
Actinomadura,RANTES,0.005185293814661129,0.9077401056519226,0.9483243071852259,False
Actinomadura,IFNG,0.07424215479862749,0.09659924773284302,0.21689353064110095,False
Actinomadura,GMCSF,0.1487772275704749,0.0008266192229735916,0.006537039773515648,True
Actinomadura,TNFA,0.045865427595814134,0.30507579356669573,0.4766809274479621,False
Actinomadura,HGF,-0.1467210321897276,0.000977230098236062,0.007364862166608895,True
Actinomadura,MIP1B,0.15502891545291317,0.000490454160099751,0.0044116777414582925,True
Actinomadura,IFNA,0.09847924127244027,0.027361080191245914,0.08866133999253903,True
Actinomadura,TGFB,0.10927173017767987,0.01430516904403323,0.056165195935364384,True
Actinomadura,MCP1,0.0902072956209143,0.04336177242958681,0.12106371501957452,False
Actinomadura,IL9,0.03219804171551428,0.4716500854275142,0.6320382989158332,False
Actinomadura,VEGFD,0.06067609016667199,0.1746759824037753,0.3315278849704307,False
Actinomadura,TNFB,0.042017511783806104,0.3474815769850136,0.518932377874458,False
Actinomadura,NGF,0.1784714759224107,5.7932763154162274e-05,0.0008706589872598942,True
Actinomadura,EGF,-0.04543189497388435,0.3096746927888134,0.4810472314875932,False
Actinomadura,BDNF,-0.02375161835868256,0.595479935333098,0.7340166668372252,False
Actinomadura,TRAIL,0.0635722702136399,0.15495441018354428,0.3042812531053551,False
Actinomadura,GCSF,0.04413960675688045,0.3236527728678985,0.4952668672951894,False
Actinomadura,GROA,0.05897735066448413,0.18708120438938916,0.345483558542756,False
Actinomadura,IL1A,0.05814522882481504,0.19338941556494305,0.3539888063928027,False
Actinomadura,IL23,0.13249920817439131,0.0029354704305637703,0.01716973270707111,True
Actinomadura,IL12P40,0.01028531482680786,0.8181867682382622,0.8922533940684614,False
Actinomadura,IL15,0.16537833646083247,0.00019782218592262786,0.002216569373518943,True
Actinomadura,IL18,-0.04327416325402946,0.3332395154222162,0.5045930359263072,False
Actinomadura,MCSF,0.04475713647646444,0.3169228808347709,0.4884625110645292,False
Actinomadura,MCP3,-0.11323404680444317,0.011120319652729771,0.046417851333207756,True
Actinomadura,MIG,-0.019976500856964237,0.6552293173601909,0.7783199980715788,False
Actinomadura,RESISTIN,0.013022661564468926,0.771003636725485,0.8604576169844028,False
Actinomadura,IL21,-0.025273869620912534,0.5721086880783114,0.7155205485648596,False
Actinomadura,ICAM1,-0.23973677781431965,5.403617771147358e-08,3.5389891036387627e-06,True
Actinomadura,VCAM1,-0.0659844780319767,0.13985545311081274,0.28226035458562465,False
Actinomadura,FGFB,0.08264687216420082,0.06427278710814648,0.1604366233276493,False
Actinomadura,IL22,0.1330214189714513,0.0028242745884306873,0.016666087355587177,True
Actinomadura,PDGFBB,-0.01486167729590762,0.7397613214600359,0.8422972155835727,False
Actinomadura,VEGF,-0.0008422880287841678,0.9849809323921281,0.9926660892118326,False
Actinomadura,LEPTIN,0.1590038815722291,0.0003483112634147813,0.003395487159074912,True
Actinomadura,PAI1,0.09763337043212537,0.02872171632412352,0.09137416669763421,True
Actinomadura,CD40L,-0.05577416801487576,0.21221564896819178,0.37549572591403796,False
Actinomadura,ENA78,0.08234130298966828,0.0652679317601428,0.16195084454891356,False
Actinomyces,IL17F,-0.015430924169846061,0.7301740539035215,0.83545997801461,False
Actinomyces,FASL,0.041161735053475916,0.35739805062290897,0.5280905419118292,False
Actinomyces,TGFA,0.0847335512470233,0.05780606874507682,0.15000458060495522,False
Actinomyces,MIP1A,-0.03579061342944671,0.4236188097609934,0.5880081986234684,False
Actinomyces,SDF1A,0.07121776718415462,0.11100194696014802,0.23869226650047679,False
Actinomyces,IL27,0.12526927106801625,0.004942070803309675,0.02535963863504614,True
Actinomyces,LIF,0.15456669065137613,0.0005100994391281545,0.0045439892566013764,True
Actinomyces,IL1B,0.03614949426096512,0.4189827217786607,0.5838040978298996,False
Actinomyces,IL2,0.021971760257911026,0.6233435598175749,0.7542408413093218,False
Actinomyces,IL4,-0.031053821840042982,0.4875537213461595,0.6461723937723192,False
Actinomyces,IL5,0.03091339997496222,0.489525148169231,0.6474095389610137,False
Actinomyces,IP10,0.12354519985487741,0.00557473193795137,0.02790366362914302,True
Actinomyces,IL6,0.040075963417683345,0.3702325534907226,0.5395115555411658,False
Actinomyces,IL7,-0.05808347727217184,0.19386368063617102,0.35448923120652587,False
Actinomyces,IL8,0.08030605203759597,0.07222382862332172,0.17546541436700416,False
Actinomyces,IL10,-0.007613400223841449,0.8648857462050186,0.921567076043386,False
Actinomyces,IFNB,0.034212733322558586,0.44435402551484937,0.6075407876048367,False
Actinomyces,EOTAXIN,0.013743224638659846,0.7587149400408083,0.8521798239588788,False
Actinomyces,IL12P70,0.02485229535764813,0.5785375036270646,0.7210397726791343,False
Actinomyces,IL13,0.08383564433705769,0.06051941987936047,0.1544540628095643,False
Actinomyces,IL17A,0.11026914735886532,0.013435835681005258,0.05375616762627873,True
Actinomyces,IL31,0.0373590353898844,0.4035783980910651,0.5697209033602904,False
Actinomyces,IL1RA,0.08725521916072576,0.050720319139559475,0.13640803007458158,False
Actinomyces,SCF,0.044442514614463594,0.32034013941870343,0.49226095449338103,False
Actinomyces,RANTES,0.10851961303426987,0.014993044917526744,0.05766555737510286,True
Actinomyces,IFNG,0.11867953649365282,0.007771438667677102,0.03567343514777742,True
Actinomyces,GMCSF,0.346606217728361,1.2887946733677868e-15,1.1985790462320416e-12,True
Actinomyces,TNFA,0.026883282142258137,0.5478822204511749,0.6974137216255031,False
Actinomyces,HGF,0.14126073386958335,0.0015085589167635868,0.010229747087428583,True
Actinomyces,MIP1B,0.005436575624209157,0.9032905342266716,0.946255752351517,False
Actinomyces,IFNA,0.05327288168868313,0.23346968522244152,0.40030753550308,False
Actinomyces,TGFB,0.1032612082779622,0.020666324833039047,0.07146763922403394,True
Actinomyces,MCP1,-0.08835382565659884,0.047868406068334556,0.13062681233436366,False
Actinomyces,IL9,0.07116095383879069,0.11128785271498731,0.23913517334782394,False
Actinomyces,VEGFD,-0.0254797319507462,0.5689817280789193,0.7131442144385377,False
Actinomyces,TNFB,0.09505992433434092,0.033223992728827714,0.10104091967890705,True
Actinomyces,NGF,0.009807907046237876,0.8264887147320764,0.8987774844490541,False
Actinomyces,EGF,-0.12671962264897954,0.004460815228797241,0.023625046485087894,True
Actinomyces,BDNF,0.11331673089115621,0.011061152385469258,0.04629555228841769,True
Actinomyces,TRAIL,0.06865977444697254,0.12445864112188457,0.25928883567059285,False
Actinomyces,GCSF,-0.05580006336718006,0.2120031516321214,0.37549572591403796,False
Actinomyces,GROA,0.06988525929353548,0.11786144319162688,0.2490030489963948,False
Actinomyces,IL1A,0.00024274073930227277,0.9956713899552871,0.9982475125683667,False
Actinomyces,IL23,-0.01469475187187958,0.7425804212263974,0.8434295773108624,False
Actinomyces,IL12P40,0.19602821264262188,9.683254966209927e-06,0.00021647661342728925,True
Actinomyces,IL15,0.12680147109611212,0.004434962937530369,0.023568660182304246,True
Actinomyces,IL18,0.12547241193966682,0.0048719590591199576,0.025199788236827367,True
Actinomyces,MCSF,0.02576865100472826,0.564606949482096,0.7098378186291292,False
Actinomyces,MCP3,-0.06053744461001881,0.17566491676399446,0.33291083231584456,False
Actinomyces,MIG,0.10659901149622424,0.016882990079438605,0.06286003781641862,True
Actinomyces,RESISTIN,0.23512768727893513,9.82726140478975e-08,5.712095691534042e-06,True
Actinomyces,IL21,0.024887842832557655,0.5779941161832468,0.7207488978954406,False
Actinomyces,ICAM1,0.09475674272553727,0.033792093319498534,0.10226715373698418,True
Actinomyces,VCAM1,0.06464973742362722,0.14806423108307937,0.29435599595396283,False
Actinomyces,FGFB,0.08555441847132349,0.05541448511165393,0.1449253969455516,False
Actinomyces,IL22,0.09021549115979668,0.043342667881630145,0.12106371501957452,False
Actinomyces,PDGFBB,0.25443800326879656,7.382244711162473e-09,6.8654875813811e-07,True
Actinomyces,VEGF,-0.024415633926327937,0.5852318657841946,0.7254940484928033,False
Actinomyces,LEPTIN,0.388928697453696,1.4144965260546914e-19,6.577408846154315e-16,True
Actinomyces,PAI1,0.018952966115080006,0.6718375604841289,0.7923014598658888,False
Actinomyces,CD40L,-0.10840508795171983,0.015100297354775166,0.057934309158172055,True
Actinomyces,ENA78,0.15573630401947175,0.00046174677865260384,0.004234955662198437,True
Alloiococcus,IL17F,-0.0033482386353432237,0.9403486381570363,0.9656738919247074,False
Alloiococcus,FASL,-0.10384901678631614,0.019950930667486235,0.07033575687609023,True
Alloiococcus,TGFA,-0.13457074850788406,0.002516560363334612,0.015177698689372174,True
Alloiococcus,MIP1A,-0.04172061818216836,0.35090193878544085,0.5221420849127361,False
Alloiococcus,SDF1A,-0.08317192114168515,0.06259204566206084,0.15783785918035947,False
Alloiococcus,IL27,-0.16924682552572387,0.00013890889530905268,0.0016519855835987081,True
Alloiococcus,LIF,-0.154484827473907,0.0005136540747144097,0.00456690525319695,True
Alloiococcus,IL1B,-0.0375296290155371,0.4014333132491291,0.5686995745996586,False
Alloiococcus,IL2,-0.0355642174302339,0.4265587645329999,0.5906784559495085,False
Alloiococcus,IL4,-0.04689435814310492,0.29434266866900705,0.4652254960268126,False
Alloiococcus,IL5,-0.014558273861181446,0.7448878760208633,0.8448500375540374,False
Alloiococcus,IP10,-0.013875027476155185,0.756473592163942,0.8506897711154366,False
Alloiococcus,IL6,-0.059780111172627645,0.1811404269036893,0.3391976887070842,False
Alloiococcus,IL7,0.027378597989476807,0.5405293083472784,0.6916120519005006,False
Alloiococcus,IL8,-0.12381556039978073,0.005470935206381835,0.02744320249155937,True
Alloiococcus,IL10,-0.09084022182579858,0.04190708968354724,0.11831691987158147,False
Alloiococcus,IFNB,-0.08862863568194732,0.047176410774383476,0.1291933510605908,False
Alloiococcus,EOTAXIN,0.035102528752933924,0.4325908268649734,0.5960140281250744,False
Alloiococcus,IL12P70,-0.08714464944006331,0.05101505256863846,0.13680507176711004,False
Alloiococcus,IL13,-0.15446067719274903,0.0005147071091563166,0.004567534461024565,True
Alloiococcus,IL17A,-0.12692187387068193,0.004397179040892492,0.0234482597937501,True
Alloiococcus,IL31,-0.06000597032517357,0.17949441218288734,0.3369596353049762,False
Alloiococcus,IL1RA,-0.11275900528447799,0.011465712942897967,0.0473916134973116,True
Alloiococcus,SCF,-0.09223118726435069,0.03885437000291873,0.11299113227865672,True
Alloiococcus,RANTES,-0.07241649261885245,0.10510327079987691,0.23019340951400283,False
Alloiococcus,IFNG,-0.10733653053512125,0.016133907183360677,0.0610487587269082,True
Alloiococcus,GMCSF,-0.1740910518426381,8.824518927286566e-05,0.0011963269099674208,True
Alloiococcus,TNFA,-0.027587506776260682,0.5374428962162832,0.6892193787660553,False
Alloiococcus,HGF,-0.06326980644671197,0.15693157993880327,0.30725551440649906,False
Alloiococcus,MIP1B,-0.08014450422377359,0.07280094728953572,0.17654347750600513,False
Alloiococcus,IFNA,-0.1653188828154324,0.00019888797612901792,0.002223146848557532,True
Alloiococcus,TGFB,-0.12425544344088624,0.005305767970341907,0.02673003365340181,True
Alloiococcus,MCP1,0.19417966132712805,1.178151881141701e-05,0.00025687368801194344,True
Alloiococcus,IL9,-0.13210891220044882,0.0030211623312715635,0.017582484155710603,True
Alloiococcus,VEGFD,0.18931093801792792,1.9575867919149823e-05,0.000382351878342394,True
Alloiococcus,TNFB,-0.11060145351627636,0.013156722296592645,0.0529094794853588,True
Alloiococcus,NGF,-0.05578273515229144,0.21214533003854422,0.37549572591403796,False
Alloiococcus,EGF,0.11512456424504838,0.00983533994132675,0.04262286181469654,True
Alloiococcus,BDNF,-0.1485768937212506,0.0008402884751137148,0.006622612558099616,True
Alloiococcus,TRAIL,-0.09887556367146699,0.026742886529642636,0.08720506477057383,True
Alloiococcus,GCSF,-0.04878145027119166,0.2753209928609243,0.4431438618218408,False
Alloiococcus,GROA,-0.12147954426733258,0.006428076078133638,0.03084680470931003,True
Alloiococcus,IL1A,-0.07342655991107838,0.10032794515537921,0.22279128222183062,False
Alloiococcus,IL23,-0.02175371177387484,0.6267954737034136,0.7571059184636031,False
Alloiococcus,IL12P40,-0.16692893607648007,0.0001718439460700328,0.001973023084507784,True
Alloiococcus,IL15,-0.1268499915771696,0.0044197014567419575,0.023514429947196915,True
Alloiococcus,IL18,-0.07353508753153204,0.09982528384028823,0.22209931572121544,False
Alloiococcus,MCSF,-0.06990442012772426,0.11776050956726876,0.24890289522172715,False
Alloiococcus,MCP3,0.05446766426125825,0.2231367127194661,0.38715884856176025,False
Alloiococcus,MIG,-0.06727596097839393,0.13224952599254317,0.271993235815024,False
Alloiococcus,RESISTIN,-0.18501335072641958,3.032408778488825e-05,0.0005261455529840685,True
Alloiococcus,IL21,-0.11376113171410258,0.010747899053760982,0.04531072583861157,True
Alloiococcus,ICAM1,0.05261118956096759,0.23933566522614239,0.40543200120275485,False
Alloiococcus,VCAM1,0.02578123908767678,0.5644167096234893,0.7098378186291292,False
Alloiococcus,FGFB,-0.12926213928063482,0.0037182599831027388,0.020731305661184335,True
Alloiococcus,IL22,-0.07304747449363319,0.1020995359570813,0.22532645571923493,False
Alloiococcus,PDGFBB,-0.1579172792593239,0.0003827765939793734,0.003639493567547688,True
Alloiococcus,VEGF,0.01874784510219725,0.6751855565462576,0.794637519093925,False
Alloiococcus,LEPTIN,-0.19155056098775908,1.5522762700541814e-05,0.00031382976764138883,True
Alloiococcus,PAI1,-0.059185279853025574,0.18552884598205321,0.3437947290735124,False
Alloiococcus,CD40L,0.012524282946681823,0.7795369882424825,0.8659452927203879,False
Alloiococcus,ENA78,-0.14396538078141752,0.001218904776186325,0.00870646268704518,True
Alloprevotella,IL17F,0.022487623445425656,0.6152098365510537,0.7486850928977753,False
Alloprevotella,FASL,0.178259805932673,5.9136636170609956e-05,0.0008785474702662502,True
Alloprevotella,TGFA,0.05160821261226715,0.24842346723801143,0.414782449786985,False
Alloprevotella,MIP1A,0.06317618537056621,0.15754741814483178,0.30798971098920636,False
Alloprevotella,SDF1A,0.10304043038077446,0.020940727309451932,0.07205355713801301,True
Alloprevotella,IL27,0.13242170707028456,0.0029523082293791457,0.017246524204287725,True
Alloprevotella,LIF,-0.09210024844166823,0.039133471073861816,0.11346912577635876,True
Alloprevotella,IL1B,0.0637148140624672,0.1540291823359287,0.3033249684760527,False
Alloprevotella,IL2,0.009348380403310772,0.8344980329528415,0.9035707791314437,False
Alloprevotella,IL4,0.18123553603669387,4.419159452324269e-05,0.0007131207783587175,True
Alloprevotella,IL5,-0.0012032293730023069,0.9785462034557086,0.9895918496194231,False
Alloprevotella,IP10,0.05708579887315299,0.20164439547002047,0.3634207480858424,False
Alloprevotella,IL6,0.12609039107531791,0.0046641522331325146,0.024314246506800665,True
Alloprevotella,IL7,0.021070036974644043,0.6376713536391165,0.7636290997738583,False
Alloprevotella,IL8,0.18706906859687442,2.4626642101897597e-05,0.00045262405444199144,True
Alloprevotella,IL10,0.12332245651823982,0.005661574839017633,0.02821685209156698,True
Alloprevotella,IFNB,0.07263341082886053,0.1040628601160535,0.22889891179737404,False
Alloprevotella,EOTAXIN,-0.12525654568736436,0.00494649295526599,0.02535963863504614,True
Alloprevotella,IL12P70,0.06630601982159783,0.1379311305488883,0.2795901294909898,False
Alloprevotella,IL13,0.15552997732755414,0.0004699542314038112,0.0042932950413118315,True
Alloprevotella,IL17A,0.15842085355588728,0.0003664267942768166,0.003524647975032979,True
Alloprevotella,IL31,0.11497000765696269,0.009935206697111143,0.042895739221510513,True
Alloprevotella,IL1RA,-0.014694661261749184,0.7425819524236806,0.8434295773108624,False
Alloprevotella,SCF,0.13798425791394944,0.0019436233489573647,0.012457216686499593,True
Alloprevotella,RANTES,0.1004248006236371,0.024440360007479046,0.08114308814770807,True
Alloprevotella,IFNG,0.1630102022233388,0.00024468683551163626,0.0026096187732319006,True
Alloprevotella,GMCSF,0.005346135956526939,0.9048916528199915,0.9470585061351935,False
Alloprevotella,TNFA,0.011596703433867157,0.795489213220258,0.8771697513574105,False
Alloprevotella,HGF,-0.09003402358840047,0.04376734862346156,0.12181088726080708,False
Alloprevotella,MIP1B,0.03188070248530797,0.4760320301209693,0.636626097228216,False
Alloprevotella,IFNA,0.08764557330820606,0.049691145009433356,0.13410552773874934,False
Alloprevotella,TGFB,0.0196006682985276,0.6613085242922174,0.7828626878713877,False
Alloprevotella,MCP1,-0.046660118646940696,0.29676363130519834,0.46793858445885805,False
Alloprevotella,IL9,0.16203536516668623,0.00026684294640810183,0.0028072843909449628,True
Alloprevotella,VEGFD,0.09610361707456129,0.031330219095710855,0.0971543517980482,True
Alloprevotella,TNFB,0.1366866675338619,0.0021456359800790716,0.013361810257647997,True
Alloprevotella,NGF,0.04297125765734931,0.33663761029192196,0.5080703952799211,False
Alloprevotella,EGF,0.1282007763096961,0.004013429047326445,0.021981678527759677,True
Alloprevotella,BDNF,0.15981618504525932,0.0003244610732668644,0.003251603428213188,True
Alloprevotella,TRAIL,0.09360019371863114,0.03603589256585214,0.10666257188492201,True
Alloprevotella,GCSF,0.10702179085234986,0.016449943410469,0.061687287789258756,True
Alloprevotella,GROA,0.1373485941568571,0.002040303251362452,0.012925626864898367,True
Alloprevotella,IL1A,0.16569075925432922,0.00019230894608869388,0.0021652217901027278,True
Alloprevotella,IL23,0.07642313463827326,0.0871695224102832,0.2001670514606503,False
Alloprevotella,IL12P40,-0.05045395172143128,0.25917659465741505,0.4284291379868396,False
Alloprevotella,IL15,0.07025746685284347,0.11591283970830751,0.246003972909005,False
Alloprevotella,IL18,0.14184560439420224,0.0014410325636152212,0.009868632431238259,True
Alloprevotella,MCSF,0.125493771482744,0.004864639429075382,0.025189948045880317,True
Alloprevotella,MCP3,0.1484349310440291,0.0008501011434113483,0.006643647591365999,True
Alloprevotella,MIG,0.027370625350301818,0.5406472706792085,0.6916120519005006,False
Alloprevotella,RESISTIN,-0.061086699519633574,0.1717714904852854,0.32748562146641125,False
Alloprevotella,IL21,0.09449560139148175,0.03428803757071752,0.10339777866656062,True
Alloprevotella,ICAM1,0.13420298126929578,0.002586699882699875,0.015480250263261802,True
Alloprevotella,VCAM1,-0.028855145475557488,0.5189061505567811,0.6741865325758682,False
Alloprevotella,FGFB,0.10609491958213489,0.01741233535238278,0.06415797098936603,True
Alloprevotella,IL22,0.06916010970502381,0.12173129172779282,0.2548629025368017,False
Alloprevotella,PDGFBB,0.02832401479619423,0.5266326441322974,0.6806119497540808,False
Alloprevotella,VEGF,0.09110816035479656,0.04130379836749073,0.11757944799536571,False
Alloprevotella,LEPTIN,-8.437581814664613e-05,0.9984953840653408,0.9997854297811876,False
Alloprevotella,PAI1,-0.0641376030236053,0.15130955159217357,0.29927240106491154,False
Alloprevotella,CD40L,0.07010169348757521,0.11672525967887963,0.24727674601676095,False
Alloprevotella,ENA78,0.14835235365938584,0.000855857645072589,0.006655080350480834,True
Anaerococcus,IL17F,-0.12359413817550836,0.005555813243454047,0.027838934894462625,True
Anaerococcus,FASL,-0.16146047707792302,0.00028077381414225833,0.002940219600522555,True
Anaerococcus,TGFA,-0.09084417079211687,0.04189814448201904,0.11831691987158147,False
Anaerococcus,MIP1A,-0.15747359572545488,0.00039774266017326027,0.003743933946975021,True
Anaerococcus,SDF1A,-0.1800708387635498,4.955644692270994e-05,0.0007758837649515192,True
Anaerococcus,IL27,-0.05345502305415366,0.23187296904045537,0.39815705540550866,False
Anaerococcus,LIF,-0.10578477417521753,0.017745179123254996,0.06477095621531499,True
Anaerococcus,IL1B,-0.05023068217550667,0.2612931365575219,0.4297888521374167,False
Anaerococcus,IL2,-0.12071429802254258,0.006772819179167106,0.03200570038935675,True
Anaerococcus,IL4,-0.18120594023495212,4.432083977326222e-05,0.0007131207783587175,True
Anaerococcus,IL5,-0.052050519793799745,0.2443865599696125,0.4099558094728349,False
Anaerococcus,IP10,-0.10706841501151607,0.016402787752876277,0.06164171899559478,True
Anaerococcus,IL6,-0.15334686505701337,0.0005655107521061927,0.004869675920914437,True
Anaerococcus,IL7,0.009739707532760196,0.8276762824975005,0.8993800803627058,False
Anaerococcus,IL8,-0.1520802829567216,0.0006289216826949438,0.005298778974949235,True
Anaerococcus,IL10,-0.1974000789862484,8.361564780887729e-06,0.0001915333804489061,True
Anaerococcus,IFNB,-0.07615173802866966,0.08830095535227046,0.2020666547185323,False
Anaerococcus,EOTAXIN,-0.02886819435832698,0.5187170625075669,0.6741865325758682,False
Anaerococcus,IL12P70,-0.08435176908636023,0.0589471848773517,0.15169032079672684,False
Anaerococcus,IL13,-0.14879246160125248,0.000825588229442768,0.006537039773515648,True
Anaerococcus,IL17A,-0.1856578215664322,2.8415672680500933e-05,0.0004986146338276579,True
Anaerococcus,IL31,-0.04904495152561567,0.2727330346442954,0.4406562234523883,False
Anaerococcus,IL1RA,-0.0502621104538885,0.2609944856151164,0.42963847115130904,False
Anaerococcus,SCF,-0.0799076824451118,0.07365377310923195,0.17773224958896136,False
Anaerococcus,RANTES,-0.15803582997807195,0.0003788674890892813,0.003610110295625324,True
Anaerococcus,IFNG,-0.12817706769158269,0.004020258148243708,0.02199317692862734,True
Anaerococcus,GMCSF,-0.08584599146829006,0.05458502731829975,0.1434824064613306,False
Anaerococcus,TNFA,-0.12795749268306464,0.0040840067253700325,0.02223727315336142,True
Anaerococcus,HGF,-0.060141634046862145,0.17851106697090274,0.3355199924877518,False
Anaerococcus,MIP1B,-0.21446680428625084,1.2360445415749694e-06,4.523889569531856e-05,True
Anaerococcus,IFNA,-0.17672326305234806,6.861054770363727e-05,0.0009846884161170163,True
Anaerococcus,TGFB,-0.11073819583285217,0.013043361202198619,0.052637012899766224,True
Anaerococcus,MCP1,-0.01718326349680474,0.7009297208009172,0.8134815484012203,False
Anaerococcus,IL9,-0.11979905827329058,0.007206826879991864,0.033612582740182716,True
Anaerococcus,VEGFD,0.13076677905842848,0.0033334826782360507,0.019042622179112574,True
Anaerococcus,TNFB,-0.15990668793854967,0.00032190029779314135,0.00323290795839764,True
Anaerococcus,NGF,-0.04523094320834047,0.31182178922591736,0.4830017721187594,False
Anaerococcus,EGF,-0.03131096896756048,0.4839546558746247,0.6431520862580752,False
Anaerococcus,BDNF,-0.08870352143229328,0.046989303041780416,0.12875678205319915,False
Anaerococcus,TRAIL,-0.18872849791862398,2.0784106960890346e-05,0.0004010211509051457,True
Anaerococcus,GCSF,-0.11826283148622123,0.0079914845099967,0.036467520089778854,True
Anaerococcus,GROA,-0.09700968409708216,0.02976179593863098,0.09359951913803975,True
Anaerococcus,IL1A,-0.22620927917995445,3.0197811635577216e-07,1.4041982410543405e-05,True
Anaerococcus,IL23,-0.08683385785268857,0.05185116259247445,0.13824994613245767,False
Anaerococcus,IL12P40,-0.019845775295011914,0.6573412866750972,0.7793567014378383,False
Anaerococcus,IL15,-0.09714767871554489,0.029528931174559115,0.09308674084904354,True
Anaerococcus,IL18,-0.13256141008404482,0.002922019771510011,0.017112584304183314,True
Anaerococcus,MCSF,-0.179364675242094,5.310295275477038e-05,0.0008203612302647252,True
Anaerococcus,MCP3,-0.10988875477429055,0.013761730937772191,0.05450770771775186,True
Anaerococcus,MIG,-0.1942534336076652,1.1690074241253571e-05,0.0002564096472727788,True
Anaerococcus,RESISTIN,-0.05883852806498437,0.1881229374028504,0.3467188501479407,False
Anaerococcus,IL21,-0.11439028091517488,0.010317868775125486,0.04405701543097659,True
Anaerococcus,ICAM1,0.04271161575131404,0.3395679811706862,0.5106698293802364,False
Anaerococcus,VCAM1,-0.1425946618486019,0.0013586073756442357,0.009387108910469087,True
Anaerococcus,FGFB,-0.1429458149567901,0.0013214795651533286,0.009171462653676087,True
Anaerococcus,IL22,-0.013018133099279393,0.7710810516073132,0.8604576169844028,False
Anaerococcus,PDGFBB,-0.018186295030914613,0.6843838806493079,0.8032269169659974,False
Anaerococcus,VEGF,-0.06554897067296352,0.14249457847128613,0.2863439022867245,False
Anaerococcus,LEPTIN,-0.011309869362141223,0.8004397416075776,0.8804816749705887,False
Anaerococcus,PAI1,0.03779940719720413,0.39805501911451435,0.5655227127658087,False
Anaerococcus,CD40L,-0.0396906865179588,0.3748545395310391,0.5430135853019725,False
Anaerococcus,ENA78,-0.16416065220271875,0.0002207549590906901,0.002405594545293783,True
Arthrobacter,IL17F,-0.0006715923093202075,0.9880243974863492,0.9940098330401392,False
Arthrobacter,FASL,0.017642390079197462,0.6933379127670656,0.808836250468353,False
Arthrobacter,TGFA,-0.030773122905306528,0.4914988060408396,0.6492722822941535,False
Arthrobacter,MIP1A,-0.04632441227259884,0.3002563862171009,0.4712089760072626,False
Arthrobacter,SDF1A,0.0042752354260835465,0.9238781202830539,0.9552639840451663,False
Arthrobacter,IL27,0.013934211884924616,0.7554678059219716,0.850488206129707,False
Arthrobacter,LIF,-0.07107322175747001,0.11173049091078069,0.23975393757966323,False
Arthrobacter,IL1B,0.047634475011405816,0.28678020361234907,0.4557549528095129,False
Arthrobacter,IL2,0.009202914460992091,0.8370370440934263,0.9037269309311028,False
Arthrobacter,IL4,0.08619786743114881,0.0535977962916605,0.1415274007701427,False
Arthrobacter,IL5,0.016156018663433355,0.7180227912076593,0.8276552832657814,False
Arthrobacter,IP10,-0.022804363483322602,0.6102389059637322,0.7453722803005274,False
Arthrobacter,IL6,0.00784183712461148,0.860872314575144,0.9195627454294566,False
Arthrobacter,IL7,0.008583344328945192,0.8478698816770109,0.9120393994021665,False
Arthrobacter,IL8,0.007911828647346172,0.8596433378511217,0.9189290852891301,False
Arthrobacter,IL10,-0.00313121609111392,0.9442085494729797,0.9686294148847765,False
Arthrobacter,IFNB,-0.05237522420596687,0.24145238395146773,0.4075330618418602,False
Arthrobacter,EOTAXIN,0.049860067066890584,0.26483272194981133,0.43346432842894145,False
Arthrobacter,IL12P70,0.011242286083025375,0.8016073477094227,0.8813749724049187,False
Arthrobacter,IL13,0.015206590970077987,0.7339473565994301,0.8383333844724515,False
Arthrobacter,IL17A,-0.0447842991251085,0.3166289763692617,0.48831013385962135,False
Arthrobacter,IL31,0.09553167902280031,0.03235623106399976,0.09931054437802175,True
Arthrobacter,IL1RA,0.0018334176771790827,0.967315023499111,0.9824976294734499,False
Arthrobacter,SCF,0.09381806421222101,0.035603777922118524,0.10606256656714437,True
Arthrobacter,RANTES,0.017261325566144087,0.6996368109505408,0.8126620632277636,False
Arthrobacter,IFNG,0.04608896540393496,0.3027222568954744,0.47395908907877304,False
Arthrobacter,GMCSF,-0.03175975086159655,0.477708015073684,0.6377669451888115,False
Arthrobacter,TNFA,0.08447996902368142,0.058561944084856654,0.15128502221921303,False
Arthrobacter,HGF,-0.013470089160666422,0.7633661134572018,0.8560496526180214,False
Arthrobacter,MIP1B,0.08986257405303752,0.04417179784801601,0.12262618507061161,False
Arthrobacter,IFNA,0.05317669582572311,0.23431601363876206,0.40111400779194967,False
Arthrobacter,TGFB,0.004539503034451291,0.9191883603575246,0.9530936161696385,False
Arthrobacter,MCP1,0.06026136966684069,0.17764649994782092,0.33504416186974306,False
Arthrobacter,IL9,0.0007250074251773948,0.9870719976011979,0.9938016099552612,False
Arthrobacter,VEGFD,0.04250131733934098,0.3419533688345774,0.5137586963104313,False
Arthrobacter,TNFB,0.007387655810828982,0.868855290167152,0.9243141384756937,False
Arthrobacter,NGF,0.021426152186126056,0.6319963829590174,0.760346419089031,False
Arthrobacter,EGF,0.15741050762537126,0.0003999144408111016,0.0037567720197406516,True
Arthrobacter,BDNF,0.03762301689922825,0.4002619274448974,0.567790714648802,False
Arthrobacter,TRAIL,-0.02538188711238969,0.5704669338623795,0.7142356603285042,False
Arthrobacter,GCSF,0.029498607481116337,0.509624365171,0.6652872818767968,False
Arthrobacter,GROA,0.015911404160952183,0.722114320136192,0.8303121976649042,False
Arthrobacter,IL1A,0.037691404665705426,0.3994054245364751,0.5669216190764985,False
Arthrobacter,IL23,0.06315628165110576,0.15767857955747233,0.30806949367321274,False
Arthrobacter,IL12P40,-0.0019196807017266971,0.9657781018631189,0.9816105297625143,False
Arthrobacter,IL15,-0.0471220192940679,0.292002379858991,0.4623122459463086,False
Arthrobacter,IL18,0.026494647976223952,0.5536857584617201,0.7023019031224764,False
Arthrobacter,MCSF,0.06417390583506577,0.15107774144804376,0.29894106286527805,False
Arthrobacter,MCP3,0.05480389143760023,0.22028861291346852,0.3843684990797856,False
Arthrobacter,MIG,-0.08597254443000464,0.054228240234673535,0.1429250876436316,False
Arthrobacter,RESISTIN,-0.03522668062211098,0.43096393472646766,0.5948300078593276,False
Arthrobacter,IL21,-0.025146569473481088,0.5740463873045395,0.7175579841306743,False
Arthrobacter,ICAM1,-0.02598775075659881,0.5613001613421873,0.7078464496612581,False
Arthrobacter,VCAM1,0.04834623803131989,0.27963188567109587,0.44757286732477264,False
Arthrobacter,FGFB,-0.04038498013368218,0.3665510482698012,0.5360301579314399,False
Arthrobacter,IL22,0.012824623322339758,0.7743912486941734,0.8624956422581812,False
Arthrobacter,PDGFBB,-0.07354924084610841,0.09975987858948525,0.22206004568746118,False
Arthrobacter,VEGF,0.061410286305615396,0.16950807012080704,0.3243672946756184,False
Arthrobacter,LEPTIN,-0.05395337939618192,0.22754375398336962,0.39340084163696976,False
Arthrobacter,PAI1,0.057904845162593636,0.1952404055660564,0.35616611043540913,False
Arthrobacter,CD40L,0.06114808685786437,0.17134037486895207,0.32706598651093066,False
Arthrobacter,ENA78,-0.032456940295581195,0.46809159834020964,0.6292014228132288,False
BBMC-4,IL17F,0.04121670140042835,0.3567558288492131,0.5274768216689478,False
BBMC-4,FASL,-0.05768061265533374,0.19697867449949993,0.3580730400401387,False
BBMC-4,TGFA,-2.6465628443619936e-05,0.9995280563985426,0.9998141083214419,False
BBMC-4,MIP1A,0.03692824625062245,0.4090256153277685,0.5744394778840602,False
BBMC-4,SDF1A,0.01435595029630211,0.7483127902364541,0.8464760396524106,False
BBMC-4,IL27,-0.06024950999401483,0.1777319953467201,0.33504416186974306,False
BBMC-4,LIF,-0.008385331589706854,0.8513381774538584,0.91404352924508,False
BBMC-4,IL1B,-0.08695076620544219,0.05153531734996066,0.1376445868336112,False
BBMC-4,IL2,0.0047679818224363405,0.9151359697110404,0.9519870825853105,False
BBMC-4,IL4,-0.1421280515060195,0.0014094273161043428,0.009695025177344961,True
BBMC-4,IL5,0.06270442840662492,0.16067843492536088,0.31157411276185487,False
BBMC-4,IP10,0.019750134822490422,0.6588881611369826,0.7805936176527309,False
BBMC-4,IL6,-0.060216559285686345,0.17796969458457318,0.33504416186974306,False
BBMC-4,IL7,0.037358675019670835,0.40358293670296697,0.5697209033602904,False
BBMC-4,IL8,-0.06022487912456418,0.17790965482492738,0.33504416186974306,False
BBMC-4,IL10,-0.0656848212531604,0.14166728008506282,0.28505099627673824,False
BBMC-4,IFNB,-0.029130578667847164,0.5149224640166785,0.6705422762742422,False
BBMC-4,EOTAXIN,-0.013928624066170143,0.7555627482842623,0.850488206129707,False
BBMC-4,IL12P70,-0.019419162466803336,0.664252462000221,0.786147607101305,False
BBMC-4,IL13,-0.07161028775479565,0.10904240411690955,0.2358358972761067,False
BBMC-4,IL17A,-0.15263072897189037,0.0006005941193650781,0.005114949917669621,True
BBMC-4,IL31,-0.028484106346411152,0.5242975995507995,0.6783483132752414,False
BBMC-4,IL1RA,0.01753815429407523,0.6950588272083028,0.8100368765269425,False
BBMC-4,SCF,-0.1097810275345034,0.0138552802196837,0.05475716705035874,True
BBMC-4,RANTES,0.028249341071941343,0.5277236193347731,0.6815240706758926,False
BBMC-4,IFNG,-0.09516370123011095,0.03303141717084406,0.10071874743896714,True
BBMC-4,GMCSF,-0.05962622011663982,0.1822683349143377,0.3401910989253648,False
BBMC-4,TNFA,-0.023359977241832978,0.6015623309820007,0.7392348940450062,False
BBMC-4,HGF,-0.020335610615717044,0.649441805762769,0.7731450068604393,False
BBMC-4,MIP1B,0.03581663032672808,0.4232817159653478,0.5877157298414056,False
BBMC-4,IFNA,-0.03710151490621193,0.40682945316824837,0.5725656650218992,False
BBMC-4,TGFB,0.008393415944852125,0.8511965191576626,0.91404352924508,False
BBMC-4,MCP1,-0.08239401786274661,0.06509535701770056,0.1617816195255519,False
BBMC-4,IL9,-0.09274697564514198,0.03777129267371781,0.11060233685943817,True
BBMC-4,VEGFD,-0.11225635156695599,0.011841487099621724,0.048642151071767684,True
BBMC-4,TNFB,-0.004640608155384113,0.917394855286072,0.9528011264679017,False
BBMC-4,NGF,0.038905597530342985,0.3843823279058898,0.5530253170675704,False
BBMC-4,EGF,-0.08131504665772582,0.06870324523892166,0.16885311329861824,False
BBMC-4,BDNF,0.027958787715805754,0.5319794761206846,0.685046957618716,False
BBMC-4,TRAIL,0.041832397929559076,0.3496116910666123,0.5208058494115994,False
BBMC-4,GCSF,-0.08150633084566743,0.06805193623119979,0.1677844663176453,False
BBMC-4,GROA,-0.05892821401812462,0.18744944198298696,0.3457516482431136,False
BBMC-4,IL1A,-0.0019616088778434348,0.9650311259339912,0.9816105297625143,False
BBMC-4,IL23,-0.053509308378247564,0.23139858323888476,0.3977684394112106,False
BBMC-4,IL12P40,0.047385877472307214,0.2893056316618749,0.45913692396850453,False
BBMC-4,IL15,-0.031199665341570895,0.4855107103160453,0.6446672766903514,False
BBMC-4,IL18,-0.06659862051819604,0.13619775330275574,0.27780289516823575,False
BBMC-4,MCSF,-0.03897245826367307,0.383565202742869,0.5523790043083447,False
BBMC-4,MCP3,-0.07257285029565572,0.1043525040292592,0.22910252301041326,False
BBMC-4,MIG,0.007222621442208908,0.8717593867717819,0.9254979791070288,False
BBMC-4,RESISTIN,-0.009438421464064001,0.832927285916906,0.9026128826645566,False
BBMC-4,IL21,0.05053711508645076,0.25839126079850083,0.4274348497734005,False
BBMC-4,ICAM1,-0.03715836866027514,0.40611036888711993,0.5720758358757241,False
BBMC-4,VCAM1,-0.061595561406476144,0.1682221890613183,0.3227034567389151,False
BBMC-4,FGFB,0.04034831743698861,0.3669866395820891,0.5362941150398222,False
BBMC-4,IL22,-0.00901603788164624,0.8403013318850141,0.9063793071828614,False
BBMC-4,PDGFBB,0.06827159931418973,0.1266071498191202,0.2627055986875988,False
BBMC-4,VEGF,0.01084241300367002,0.808524735468621,0.8852460607320668,False
BBMC-4,LEPTIN,-0.04378232272067315,0.32758857133330077,0.4987841704976584,False
BBMC-4,PAI1,0.1280055734504367,0.004069969873063308,0.022212863743831433,True
BBMC-4,CD40L,-0.06924071869602344,0.12129627986104279,0.25441032988446055,False
BBMC-4,ENA78,-0.12635749185678435,0.00457683763859674,0.02396654844535455,True
Bacillus,IL17F,0.09549682179384282,0.03241967952125795,0.09931054437802175,True
Bacillus,FASL,-0.013031236475708856,0.7708570533909931,0.8604576169844028,False
Bacillus,TGFA,-0.0003376027657019475,0.9939798154625683,0.9975526939491012,False
Bacillus,MIP1A,-0.030670744014776544,0.4929419317704875,0.6498950900858426,False
Bacillus,SDF1A,-0.09879692484708108,0.026864583986883704,0.08741799547866286,True
Bacillus,IL27,-0.039956923747582494,0.3716568342391121,0.5400638372537098,False
Bacillus,LIF,-0.11513026692638743,0.009831672273302563,0.04262286181469654,True
Bacillus,IL1B,-0.10271042716606228,0.021356785746051776,0.0730750947160712,True
Bacillus,IL2,-0.02347304277248982,0.5998034946007058,0.7374676731066709,False
Bacillus,IL4,0.04111041835688197,0.3579982848325538,0.528305942390154,False
Bacillus,IL5,0.044677141199597696,0.31778947936149043,0.48947369295492893,False
Bacillus,IP10,-0.004868097859305158,0.9133609582785693,0.9515156653612772,False
Bacillus,IL6,-0.028335452260762273,0.5264656454511809,0.6805852797742539,False
Bacillus,IL7,0.020035328814419766,0.6542798026916896,0.7777642250441594,False
Bacillus,IL8,-0.05015393807949875,0.26202339606469566,0.43068532757187517,False
Bacillus,IL10,-0.09028805324201591,0.043173828145304294,0.12099134173503734,False
Bacillus,IFNB,0.0265769089533364,0.5524548411523624,0.7013144994153659,False
Bacillus,EOTAXIN,0.14641337598325999,0.0010018294797735944,0.007477539455774019,True
Bacillus,IL12P70,0.001241796610692946,0.9778587159351995,0.989347917558459,False
Bacillus,IL13,-0.07964661540797706,0.07460332920040955,0.17918671527990931,False
Bacillus,IL17A,-0.048808549540434266,0.2750540711212274,0.44286753141056345,False
Bacillus,IL31,-0.04023234762116826,0.36836659952172923,0.5377708860497743,False
Bacillus,IL1RA,-0.07135616066507129,0.11030791908536029,0.23790900915905627,False
Bacillus,SCF,-0.03449078801066351,0.4406586941033567,0.6037309745375983,False
Bacillus,RANTES,-0.09093880719650682,0.041684255510083756,0.11819991440976323,False
Bacillus,IFNG,-0.05779627595347608,0.19608063752193358,0.3571386464853079,False
Bacillus,GMCSF,0.04163419933652701,0.3519015113766466,0.5232945404225797,False
Bacillus,TNFA,-0.02111900810578865,0.6368896941406423,0.7634795250719223,False
Bacillus,HGF,0.03369063729071845,0.4513400696383443,0.613484748266092,False
Bacillus,MIP1B,-0.00919018709151292,0.8372592727852023,0.9037269309311028,False
Bacillus,IFNA,-0.057489076110690936,0.19847240539561617,0.36022509176019324,False
Bacillus,TGFB,-0.060258083540228186,0.17767018630400022,0.33504416186974306,False
Bacillus,MCP1,0.23638090389522268,8.362472395837238e-08,5.050064498784826e-06,True
Bacillus,IL9,-0.023923347850623285,0.5928217355846199,0.7317815424657507,False
Bacillus,VEGFD,0.15639795163975315,0.00043631781159951164,0.004058919894789116,True
Bacillus,TNFB,-0.04376541743214447,0.3277755621903714,0.4989055201915637,False
Bacillus,NGF,-0.04069862384207125,0.3628377808425729,0.5324007150848142,False
Bacillus,EGF,0.006810204996476767,0.8790241014208924,0.930955546643627,False
Bacillus,BDNF,-0.13391988497574026,0.0026419000429857174,0.01572962253506221,True
Bacillus,TRAIL,-0.02742137557599919,0.53989659486111,0.6914126042699426,False
Bacillus,GCSF,0.056499121613994,0.2063244891550896,0.3688825063756884,False
Bacillus,GROA,-0.0686190894950671,0.12468248912446799,0.25963886002184333,False
Bacillus,IL1A,-0.03307197915069497,0.45969781235313123,0.6213938451866454,False
Bacillus,IL23,0.12131638750617182,0.0065002291264428065,0.0310403200828198,True
Bacillus,IL12P40,-0.14793649976072612,0.0008853986408328755,0.006839042657596132,True
Bacillus,IL15,-0.022886442157454147,0.6089536660265682,0.7445791604058748,False
Bacillus,IL18,-0.054409552394939165,0.2236316148586444,0.38772819130973024,False
Bacillus,MCSF,-0.027773617200680625,0.534700761101987,0.6872270216813419,False
Bacillus,MCP3,0.030491806593897035,0.4954696470876978,0.6521182731270294,False
Bacillus,MIG,-0.02963891445987833,0.5076120395200248,0.6635917862716095,False
Bacillus,RESISTIN,-0.05040848982695562,0.25960659964786564,0.4285305957978613,False
Bacillus,IL21,-0.09602856266761127,0.03146325412636124,0.09747110705368404,True
Bacillus,ICAM1,0.12074620091851,0.006758122423433298,0.03196873781176484,True
Bacillus,VCAM1,0.08045314780397955,0.07170159297756841,0.17483608146077248,False
Bacillus,FGFB,-0.03935135768990089,0.37895461993685176,0.5474181369078474,False
Bacillus,IL22,-0.0643359299374655,0.15004643120422198,0.29766036906980897,False
Bacillus,PDGFBB,-0.04772813954281385,0.28583255426321474,0.4547113846472626,False
Bacillus,VEGF,0.06028005804242902,0.1775118389622961,0.33504416186974306,False
Bacillus,LEPTIN,0.01705036558111883,0.7031328403834343,0.8149790611030449,False
Bacillus,PAI1,0.010247034681724262,0.8188517099930294,0.8925598807940898,False
Bacillus,CD40L,0.042308186479186057,0.34415341798879284,0.5154974653169446,False
Bacillus,ENA78,-0.022949318667722558,0.6079699189324996,0.7441590215941362,False
Bacteroides,IL17F,0.06930913261204728,0.1209280314421881,0.25375241254791275,False
Bacteroides,FASL,0.05220813742956853,0.2429591531867873,0.40903695232388154,False
Bacteroides,TGFA,-0.000707172975079522,0.9873899866652273,0.9938016099552612,False
Bacteroides,MIP1A,0.04439642202075218,0.32084278255454224,0.4928704786516754,False
Bacteroides,SDF1A,0.027666948441423027,0.5362715483741567,0.6882866960915894,False
Bacteroides,IL27,0.024800837774181357,0.5793245207023667,0.7216453178244028,False
Bacteroides,LIF,-0.038693963597467275,0.3869757608938287,0.5553818790605874,False
Bacteroides,IL1B,-0.03544899215806205,0.42805961111987056,0.5918754658660119,False
Bacteroides,IL2,0.03515788983719701,0.4318649350274115,0.5957767184087036,False
Bacteroides,IL4,0.15893737602442876,0.00035033465950801824,0.0034009523313408866,True
Bacteroides,IL5,0.10182197546085002,0.022512778041798836,0.07618953267421004,True
Bacteroides,IP10,-0.06612763612858882,0.13899617020303714,0.28108312474537905,False
Bacteroides,IL6,0.022250458708831473,0.6189434899704079,0.7518514180675018,False
Bacteroides,IL7,0.0415938356892357,0.3523689969896243,0.5234874875404962,False
Bacteroides,IL8,0.03193587289678367,0.47526862126647784,0.635970960831402,False
Bacteroides,IL10,0.04585033950107079,0.30523508475775385,0.47676961509021004,False
Bacteroides,IFNB,0.024297520876933716,0.5870487773517901,0.7273585970385887,False
Bacteroides,EOTAXIN,0.023080070711741747,0.6059264770494122,0.7422754283457105,False
Bacteroides,IL12P70,0.007341170315471121,0.8696731150326591,0.9246343311421191,False
Bacteroides,IL13,0.09182582299794967,0.03972392955766517,0.11437540089358703,False
Bacteroides,IL17A,-0.028979839144949688,0.5171006983553208,0.6724044315861973,False
Bacteroides,IL31,0.03569209879481293,0.4248966552222835,0.5892542340541659,False
Bacteroides,IL1RA,-2.2481955218804432e-05,0.9995990945347061,0.9998141083214419,False
Bacteroides,SCF,-0.01166021131347146,0.7943942190761226,0.876170094569253,False
Bacteroides,RANTES,0.015130682418587909,0.7352256018872732,0.8391750242454149,False
Bacteroides,IFNG,0.07215654540135329,0.1063608859065014,0.23184575069277694,False
Bacteroides,GMCSF,-0.01324121741045155,0.7672701041090288,0.8582646100810644,False
Bacteroides,TNFA,0.06147694184889473,0.16904461113128744,0.3236136030302539,False
Bacteroides,HGF,-0.11764854585910887,0.008326012413531909,0.03749291813054984,True
Bacteroides,MIP1B,0.054711132890456614,0.22107173859722962,0.3847243953881429,False
Bacteroides,IFNA,0.09739942690261237,0.029108132066353532,0.09201414963191293,True
Bacteroides,TGFB,0.0259477008817553,0.561903920403334,0.7080903061993233,False
Bacteroides,MCP1,0.11602667907785989,0.009270035306809457,0.0407041210355656,True
Bacteroides,IL9,0.019264679505523245,0.6667621790702174,0.7877144646027721,False
Bacteroides,VEGFD,0.01341062987075548,0.7643797708695468,0.8562673896755945,False
Bacteroides,TNFB,0.008885989388466008,0.8425745889793009,0.90819931357296,False
Bacteroides,NGF,0.11738099586236117,0.008475579256960046,0.037943719879584586,True
Bacteroides,EGF,-0.011766134046897766,0.792568813217812,0.8754026084234741,False
Bacteroides,BDNF,-0.053831563113647556,0.22859662855062346,0.39457101809962847,False
Bacteroides,TRAIL,0.008346246433692662,0.8520231153624519,0.9143566781526428,False
Bacteroides,GCSF,0.09483600897291998,0.03364277071200041,0.10204754325557856,True
Bacteroides,GROA,0.022038355042580324,0.6222909390799576,0.7539026862797681,False
Bacteroides,IL1A,0.08716801925390152,0.05095263936101552,0.1367165453137462,False
Bacteroides,IL23,0.1374815346887484,0.0020197274307463785,0.012830235728101996,True
Bacteroides,IL12P40,-0.08787949650820874,0.04908281266374115,0.1330509958076189,False
Bacteroides,IL15,-0.002327370484350928,0.9585162295363756,0.9780777852411996,False
Bacteroides,IL18,0.015768711961646763,0.7245047258693458,0.8320442023443957,False
Bacteroides,MCSF,0.0699536514316629,0.11750148364949634,0.2486945375376231,False
Bacteroides,MCP3,0.08138884163854469,0.0684513760496392,0.16841211567768377,False
Bacteroides,MIG,-0.054721093400623075,0.2209875505092649,0.3847243953881429,False
Bacteroides,RESISTIN,-0.1119490827416862,0.012076521031351513,0.04943294260192301,True
Bacteroides,IL21,-0.04983378651481855,0.2650849611070189,0.43372451412654395,False
Bacteroides,ICAM1,-0.025980731295950448,0.5614059583549935,0.7078464496612581,False
Bacteroides,VCAM1,0.003042129108099806,0.9457934127023857,0.9693201618510646,False
Bacteroides,FGFB,0.03150587260119893,0.48123635966113887,0.641005176861729,False
Bacteroides,IL22,0.004828163792377662,0.9140689198212528,0.9515156653612772,False
Bacteroides,PDGFBB,-0.11572038312909523,0.009458646259742017,0.041298314655211624,True
Bacteroides,VEGF,0.01715395290695423,0.7014154033531406,0.8137678706567125,False
Bacteroides,LEPTIN,-0.04218952165219714,0.34550964519240657,0.5167641846718207,False
Bacteroides,PAI1,-0.04783543125042405,0.2847496276438895,0.45329879101132703,False
Bacteroides,CD40L,-0.024251477679469585,0.5877577563283789,0.7276839060970012,False
Bacteroides,ENA78,-0.0506226391581337,0.25758535110075054,0.42640508459184406,False
Bifidobacterium,IL17F,-0.004287898722366667,0.9236533327222094,0.9552639840451663,False
Bifidobacterium,FASL,0.059193000462026135,0.1854713888527123,0.3437947290735124,False
Bifidobacterium,TGFA,-0.016015262416514204,0.7203761654868649,0.8291458340380995,False
Bifidobacterium,MIP1A,0.022931938173870993,0.6082417782988271,0.7442958602867226,False
Bifidobacterium,SDF1A,0.06658226230725534,0.1362942153796989,0.27780289516823575,False
Bifidobacterium,IL27,0.006757492071876873,0.8799533849786798,0.9316446357356242,False
Bifidobacterium,LIF,-0.04720256424756943,0.291177394912943,0.46132023384844456,False
Bifidobacterium,IL1B,0.03975540342023156,0.3740756863006136,0.5422692507633654,False
Bifidobacterium,IL2,0.00029363535992662127,0.9947638369552649,0.9975526939491012,False
Bifidobacterium,IL4,0.07236633588798512,0.10534500666555908,0.23041123282918613,False
Bifidobacterium,IL5,-0.08532541570797064,0.05607326387159209,0.14631912289725207,False
Bifidobacterium,IP10,0.07923360469215017,0.07612588042087207,0.18154954040205115,False
Bifidobacterium,IL6,0.057413606217067495,0.19906323269645662,0.360977348044691,False
Bifidobacterium,IL7,-0.025604473794328782,0.5670909221024274,0.7115414969714753,False
Bifidobacterium,IL8,0.07971935475578705,0.07433776417038328,0.17873350744171781,False
Bifidobacterium,IL10,0.041917620498314254,0.3486300064211798,0.5200928873463222,False
Bifidobacterium,IFNB,-0.052795729307724824,0.23768937533012655,0.40426320237201474,False
Bifidobacterium,EOTAXIN,0.016662328901892457,0.7095797093093696,0.8206878845996872,False
Bifidobacterium,IL12P70,-0.027647357463856433,0.5365602934858924,0.68846726399266,False
Bifidobacterium,IL13,-0.016404899593092017,0.7138681592042548,0.8238984711590431,False
Bifidobacterium,IL17A,-0.11790999647916749,0.0081821340952073,0.03703882728357632,True
Bifidobacterium,IL31,0.03857992509956855,0.3883776282349325,0.5565349680408124,False
Bifidobacterium,IL1RA,-0.024576144604407536,0.5827669427873268,0.7237890715707984,False
Bifidobacterium,SCF,-0.018188423306381003,0.6843489296571976,0.8032269169659974,False
Bifidobacterium,RANTES,0.052545256068942336,0.23992580129566482,0.4059960508891644,False
Bifidobacterium,IFNG,0.03832379004334711,0.391537500785598,0.5595111796721053,False
Bifidobacterium,GMCSF,-0.18359835009808742,3.49488123296204e-05,0.0005866858387463352,True
Bifidobacterium,TNFA,-0.01891313637203163,0.6724871586514239,0.7926654721746822,False
Bifidobacterium,HGF,0.052080430290239,0.24411523614884087,0.4099443293940448,False
Bifidobacterium,MIP1B,0.015357640791979325,0.7314059753987383,0.8364578911962944,False
Bifidobacterium,IFNA,-0.04490570761861727,0.3153174960118433,0.4867949390621087,False
Bifidobacterium,TGFB,-0.02240003877944812,0.6165875207471851,0.7495769860063819,False
Bifidobacterium,MCP1,-0.07410545612821297,0.09721637383782555,0.21792945757086543,False
Bifidobacterium,IL9,0.056955627143099846,0.20267609157883223,0.3643081359934228,False
Bifidobacterium,VEGFD,-0.07413452841688976,0.09708486458576614,0.21777357468587194,False
Bifidobacterium,TNFB,0.03699647459400629,0.4081599898566305,0.5737436374949613,False
Bifidobacterium,NGF,-0.0030136729406204125,0.9462996951507621,0.9693201618510646,False
Bifidobacterium,EGF,0.07987084002386563,0.07378717661933695,0.17786955483665984,False
Bifidobacterium,BDNF,0.03714754344446065,0.4062472274875091,0.5720925523370434,False
Bifidobacterium,TRAIL,0.0005071568135944834,0.9909564090670124,0.9956413984855106,False
Bifidobacterium,GCSF,-0.05979601671220489,0.1810241462181257,0.3391976887070842,False
Bifidobacterium,GROA,0.07400884839371673,0.09765440157144639,0.21862925724950685,False
Bifidobacterium,IL1A,0.057737151192740636,0.1965393216386782,0.35755393021121035,False
Bifidobacterium,IL23,-0.010535841040027171,0.8138382653228284,0.8891794957122068,False
Bifidobacterium,IL12P40,0.07300416465185168,0.10230350732475688,0.22566950145166959,False
Bifidobacterium,IL15,-0.05105734808615198,0.2535158903388334,0.4211678778405057,False
Bifidobacterium,IL18,0.04244230892960621,0.342624609131677,0.5141027532953527,False
Bifidobacterium,MCSF,0.054754411206141135,0.22070610873493143,0.3845198222620574,False
Bifidobacterium,MCP3,0.036950697925124724,0.4087406466570217,0.5742126909230063,False
Bifidobacterium,MIG,0.012387870276049592,0.7818773497108349,0.8668883348009971,False
Bifidobacterium,RESISTIN,0.01025917644861505,0.8186407884524625,0.8925391949130013,False
Bifidobacterium,IL21,0.025079314775620518,0.5750713542686978,0.718259950939953,False
Bifidobacterium,ICAM1,0.05726860170115376,0.20020201679387697,0.36209232909044264,False
Bifidobacterium,VCAM1,-0.1252245841462753,0.0049576155358417315,0.025388669869674065,True
Bifidobacterium,FGFB,-0.011113255433842298,0.8038377777710413,0.8825065359833052,False
Bifidobacterium,IL22,0.04265135713443742,0.340250396860066,0.5114432815940038,False
Bifidobacterium,PDGFBB,-0.04003295638730535,0.37074673169503547,0.5397533820857592,False
Bifidobacterium,VEGF,0.07435664080131005,0.09608480827320119,0.2159470074772284,False
Bifidobacterium,LEPTIN,-0.23442220350369153,1.0757721985330033e-07,5.952521207307885e-06,True
Bifidobacterium,PAI1,-0.08264521292343341,0.06427815682998078,0.1604366233276493,False
Bifidobacterium,CD40L,0.08930660581996819,0.04550502432787784,0.12557766357544922,False
Bifidobacterium,ENA78,-0.13663493009057517,0.0021540748948764383,0.01337309514175626,True
Blautia,IL17F,0.10589502481013827,0.01762622827177907,0.06448620099431367,True
Blautia,FASL,0.06814752012057967,0.12729995327043628,0.26402532680978086,False
Blautia,TGFA,0.03584100617560981,0.4229660268725659,0.5876283313287815,False
Blautia,MIP1A,0.07881562491804278,0.07769238224680633,0.18385220226343482,False
Blautia,SDF1A,0.08198994707852308,0.06642781197825175,0.164390274453896,False
Blautia,IL27,0.06876449544173588,0.12388390524566932,0.2585548291707192,False
Blautia,LIF,0.08366819887408936,0.06103688170985996,0.15534838530424128,False
Blautia,IL1B,-0.012623788759832175,0.7778310731224125,0.8646699713170496,False
Blautia,IL2,0.11693616759110423,0.00872955655046166,0.03880730206467182,True
Blautia,IL4,0.004585594390699339,0.9183706937887554,0.9530631163391919,False
Blautia,IL5,0.13426496459105386,0.0025747551161845765,0.015428622796724589,True
Blautia,IP10,-0.005929365958484935,0.8945733664867783,0.9413956675953619,False
Blautia,IL6,0.0319896261819202,0.47452546621969227,0.6353421877113646,False
Blautia,IL7,0.04729018489016238,0.2902817130475182,0.4603717481824556,False
Blautia,IL8,0.04553354284085858,0.3085923394336147,0.4804697150159544,False
Blautia,IL10,0.029011901149510966,0.5166369941138431,0.6721773986092251,False
Blautia,IFNB,0.03328454870250406,0.45681641100953574,0.6190133897324792,False
Blautia,EOTAXIN,0.01156111748570672,0.7961029570090244,0.8776242355238514,False
Blautia,IL12P70,0.004725343920507505,0.9158920488103717,0.9521345913186292,False
Blautia,IL13,0.0551186394393014,0.217646106132385,0.3814754592972447,False
Blautia,IL17A,-0.08891792066856682,0.046457049181582305,0.12767451459477405,False
Blautia,IL31,0.08822113942784311,0.048205554040157333,0.1313926297108626,False
Blautia,IL1RA,0.07995389590656475,0.07348671587981569,0.1775324871038456,False
Blautia,SCF,0.005298949133954937,0.9057271886126413,0.9475174337044844,False
Blautia,RANTES,0.09558360261814988,0.03226191444917834,0.09921818927822705,True
Blautia,IFNG,0.008003175677953547,0.8580398913283498,0.9182705396264272,False
Blautia,GMCSF,-0.03907998918671203,0.3822532610594094,0.5511558647833344,False
Blautia,TNFA,0.07689352323251478,0.08523615968163613,0.19748288117568907,False
Blautia,HGF,-0.0527053533368681,0.2384946255894467,0.4051881655063672,False
Blautia,MIP1B,0.0909162526605736,0.04173514748244205,0.11826230091002775,False
Blautia,IFNA,0.10893542241059019,0.014609244197622124,0.05697875951363313,True
Blautia,TGFB,0.10357983812599897,0.02027581564259651,0.07066084199253293,True
Blautia,MCP1,0.0028871331696761625,0.9485513067284185,0.9711060273639687,False
Blautia,IL9,0.035154749675617235,0.43190608983994405,0.5957767184087036,False
Blautia,VEGFD,-0.054842092432784074,0.21996667367982797,0.38409501787878336,False
Blautia,TNFB,0.05615423762820773,0.20911217010794914,0.3724134779785383,False
Blautia,NGF,0.1464616591417813,0.0009979314508092338,0.0074724335688614125,True
Blautia,EGF,0.05606452838555633,0.20984172350164892,0.3730081848824386,False
Blautia,BDNF,0.1057712873082158,0.017759778317102497,0.06477095621531499,True
Blautia,TRAIL,0.08824822615483906,0.048136567145788595,0.13128154676124162,False
Blautia,GCSF,0.015607415643026527,0.7272100178346557,0.8339072533375652,False
Blautia,GROA,0.07674764727791501,0.08583199718101792,0.198369178375613,False
Blautia,IL1A,0.12659991960350214,0.004498869296285484,0.023799448559432865,True
Blautia,IL23,0.1411243226326902,0.00152472066431833,0.010245594059364501,True
Blautia,IL12P40,-0.026104100383442824,0.5595479468324438,0.706190855605368,False
Blautia,IL15,0.09763791106374646,0.02871426012424073,0.09137416669763421,True
Blautia,IL18,0.0523433626583992,0.24173920048195258,0.4077211760032933,False
Blautia,MCSF,0.10522114578544042,0.018364305928191854,0.06629970696125165,True
Blautia,MCP3,-0.03183145063336367,0.4767141079336732,0.6373549746669294,False
Blautia,MIG,-0.02627871626759046,0.5569232234241912,0.7043534192634748,False
Blautia,RESISTIN,0.052155149394483014,0.24343836660031823,0.4092510501415328,False
Blautia,IL21,0.064286716740673,0.15035911371724164,0.2981534664329099,False
Blautia,ICAM1,-0.14563422036393653,0.0010667076558843302,0.007841132468676005,True
Blautia,VCAM1,-0.08424080983875996,0.059282308588730695,0.15228210451035518,False
Blautia,FGFB,0.14557779817492228,0.00107155307909616,0.007859182677913476,True
Blautia,IL22,-0.028641865859277582,0.5220017549322795,0.6766958908377753,False
Blautia,PDGFBB,0.02170484919570382,0.6275701370004927,0.75777749598865,False
Blautia,VEGF,0.07908031196673374,0.07669738039063038,0.18203723805435604,False
Blautia,LEPTIN,-0.04577158104822044,0.3060674628965746,0.4775884907614335,False
Blautia,PAI1,0.0672753486181123,0.13225305509199337,0.271993235815024,False
Blautia,CD40L,0.01725369198730184,0.6997632045513904,0.8126620632277636,False
Blautia,ENA78,-0.10679069926274007,0.016685426121590255,0.06226904611989943,True
Brachybacterium,IL17F,0.09165698327953745,0.040090940129755996,0.11471242217237818,False
Brachybacterium,FASL,0.15974940665692905,0.0003263627386973218,0.003263627386973218,True
Brachybacterium,TGFA,-0.02692408142665942,0.5472747012723991,0.6970220106591771,False
Brachybacterium,MIP1A,-0.01031349097796571,0.8176974202594871,0.8920161521958885,False
Brachybacterium,SDF1A,0.07095406284680134,0.11233390450076007,0.24049524342893977,False
Brachybacterium,IL27,0.08058070370524106,0.07125123085483293,0.1742862827327581,False
Brachybacterium,LIF,0.03123317367543478,0.4850419709842734,0.6442288389251274,False
Brachybacterium,IL1B,0.08427658318263916,0.059174092692594694,0.15210587673884207,False
Brachybacterium,IL2,0.08308932098102588,0.06285403058428168,0.1582410623805684,False
Brachybacterium,IL4,0.14967123404577537,0.0007680895366676503,0.0061685947245329435,True
Brachybacterium,IL5,0.1419785522708543,0.001426075709554241,0.009780607742518025,True
Brachybacterium,IP10,0.054869353538380496,0.2197371363578317,0.38398259453736094,False
Brachybacterium,IL6,0.14032148328688207,0.0016231050134121255,0.010759921051111301,True
Brachybacterium,IL7,0.10720209241007929,0.016268242238109343,0.06140205065520166,True
Brachybacterium,IL8,0.06509973118752974,0.1452566867902304,0.2905133735804608,False
Brachybacterium,IL10,0.10050573320876431,0.024324933241856965,0.0809091127143311,True
Brachybacterium,IFNB,-0.05298440168475993,0.23601447894191768,0.4024174292614147,False
Brachybacterium,EOTAXIN,0.10363149765077252,0.020213110749921364,0.07056378752787863,True
Brachybacterium,IL12P70,-0.04344936399460115,0.33128416643210135,0.5026020805552215,False
Brachybacterium,IL13,0.07854036762158566,0.078738211354935,0.18575985936095776,False
Brachybacterium,IL17A,-0.04201440179688107,0.34751729563463707,0.518932377874458,False
Brachybacterium,IL31,0.1643802300316179,0.0002164438292111373,0.0023737353911127087,True
Brachybacterium,IL1RA,0.043318221829535326,0.3327470968286034,0.5041622679221263,False
Brachybacterium,SCF,-0.007664561589240019,0.8639865810457305,0.9212337784842575,False
Brachybacterium,RANTES,0.09264851990899496,0.03797603442379887,0.11099218106264283,True
Brachybacterium,IFNG,0.09093727470949367,0.04168771174881972,0.11819991440976323,False
Brachybacterium,GMCSF,-0.02047584584715941,0.6471874264256576,0.7710534288699226,False
Brachybacterium,TNFA,0.12319396890100343,0.005712220954895972,0.028378020769515244,True
Brachybacterium,HGF,0.007957808777748552,0.8588361599103453,0.918488533482775,False
Brachybacterium,MIP1B,0.0237451900064967,0.5955795449412582,0.7340166668372252,False
Brachybacterium,IFNA,0.10369087400401664,0.020141247524512837,0.07047163355077854,True
Brachybacterium,TGFB,0.08645682755768733,0.052880785269553865,0.1406321764944373,False
Brachybacterium,MCP1,0.06085807136394279,0.1733842391597113,0.3300191207911001,False
Brachybacterium,IL9,0.10509216455409777,0.01850860987859937,0.0666886157586726,True
Brachybacterium,VEGFD,0.05442623541777876,0.2234894560397731,0.3876262478869619,False
Brachybacterium,TNFB,0.07694783128165836,0.08501518931726099,0.19718220446739312,False
Brachybacterium,NGF,0.18073339066175895,4.64335104025587e-05,0.0007398227271593394,True
Brachybacterium,EGF,0.1306392326534286,0.0033646386790154043,0.019150024305289635,True
Brachybacterium,BDNF,-0.0011986199649762388,0.9786283703948835,0.9895918496194231,False
Brachybacterium,TRAIL,0.031780325071313974,0.47742269842402163,0.6377669451888115,False
Brachybacterium,GCSF,-0.004580090760572717,0.9184683243849436,0.9530631163391919,False
Brachybacterium,GROA,0.10370488416793153,0.020124323465540158,0.07046543984545312,True
Brachybacterium,IL1A,0.07798570338629726,0.08088032491397654,0.18937236195870638,False
Brachybacterium,IL23,0.17011252921098238,0.00012820571453076656,0.001570395654991693,True
Brachybacterium,IL12P40,-0.15904242769442156,0.00034714351222415297,0.003391212882021662,True
Brachybacterium,IL15,0.1264732108327701,0.004539469765771873,0.02387843259144707,True
Brachybacterium,IL18,0.09174975190579249,0.039888933587154556,0.11446258306952027,False
Brachybacterium,MCSF,0.16256219246643913,0.000254646489879428,0.0026972805875611397,True
Brachybacterium,MCP3,0.007126839888770916,0.8734456404381554,0.9268649539108678,False
Brachybacterium,MIG,-0.07511563294471345,0.09272936251429155,0.20951969664307857,False
Brachybacterium,RESISTIN,-0.03141184180833493,0.4825467595551619,0.6417705535041919,False
Brachybacterium,IL21,0.05526752026686142,0.21640410561475007,0.3798713065717583,False
Brachybacterium,ICAM1,-0.04934268205339319,0.2698289204753917,0.4380732140885699,False
Brachybacterium,VCAM1,-0.06503514365571618,0.145657136078999,0.29090786272486235,False
Brachybacterium,FGFB,0.09020877864548901,0.0433583148386105,0.12106371501957452,False
Brachybacterium,IL22,0.02277595845919423,0.6106839693238846,0.7453722803005274,False
Brachybacterium,PDGFBB,-0.0015838378909628595,0.9717623709584194,0.9853238170424445,False
Brachybacterium,VEGF,0.1838117780551796,3.4210861347904913e-05,0.0005798814111298223,True
Brachybacterium,LEPTIN,-0.05583431036642346,0.21172235613722357,0.37548015104427523,False
Brachybacterium,PAI1,-0.07849789838346823,0.07890058378401436,0.1859574979127324,False
Brachybacterium,CD40L,-0.027979048427689012,0.5316821477159065,0.6848537359775526,False
Brachybacterium,ENA78,-0.02582800876057294,0.5637101633888026,0.7094052123837434,False
Brevibacterium,IL17F,-0.015162050101940957,0.7346973038413296,0.8387779186992838,False
Brevibacterium,FASL,0.03431451273400547,0.4429993411742117,0.6060449945454793,False
Brevibacterium,TGFA,-0.0210470044522762,0.6380391294591823,0.7638580191908444,False
Brevibacterium,MIP1A,0.0062465935579141775,0.8889684403311879,0.9369227668948377,False
Brevibacterium,SDF1A,-0.07750962935842594,0.08275632644970961,0.1929874212593529,False
Brevibacterium,IL27,-0.00031412437264109863,0.9943984786712737,0.9975526939491012,False
Brevibacterium,LIF,-0.09961932911984764,0.02561515789231965,0.08411757358706666,True
Brevibacterium,IL1B,-0.08634246913253735,0.05319643043295056,0.14110861466812327,False
Brevibacterium,IL2,-0.04359586307950124,0.32965483618210667,0.5009460745904561,False
Brevibacterium,IL4,0.07036885641626514,0.11533462092521608,0.24488857867682867,False
Brevibacterium,IL5,-0.06912106677014375,0.1219424262834008,0.2551900460026164,False
Brevibacterium,IP10,-0.0022887743413531666,0.9592035760414799,0.9785644204898818,False
Brevibacterium,IL6,0.028795093497846813,0.5197768058556624,0.6749030474815815,False
Brevibacterium,IL7,0.07052568164072134,0.11452438356341609,0.24365817572287227,False
Brevibacterium,IL8,-0.006834288182882412,0.8785995907538792,0.9308471398964544,False
Brevibacterium,IL10,0.06364916796197741,0.1544547586489585,0.30368483201592267,False
Brevibacterium,IFNB,-0.06286622414711865,0.15959936922716042,0.31012831880747843,False
Brevibacterium,EOTAXIN,-0.026350338280496544,0.5558483757414932,0.703892959476564,False
Brevibacterium,IL12P70,-0.011107634009930986,0.8039349863280174,0.8825065359833052,False
Brevibacterium,IL13,-0.02267879106489292,0.6122075181864921,0.7463197011880717,False
Brevibacterium,IL17A,-0.14291087984327466,0.0013251310368609978,0.00918309883964775,True
Brevibacterium,IL31,0.014304236017393453,0.7491890028635915,0.8466968238754368,False
Brevibacterium,IL1RA,-0.1096782659652227,0.01394503859137249,0.05503711619698406,True
Brevibacterium,SCF,-0.05340719787550173,0.23229147130653435,0.3986626613411456,False
Brevibacterium,RANTES,-0.04953106215238534,0.2680023916421517,0.4365450178000288,False
Brevibacterium,IFNG,-0.002588834460496616,0.9538607357116808,0.9754678735560404,False
Brevibacterium,GMCSF,-0.21676347857929973,9.439909267194248e-07,3.568746186378313e-05,True
Brevibacterium,TNFA,-0.10619923756642699,0.017301615940978045,0.06380056631685005,True
Brevibacterium,HGF,-0.0897033968004488,0.04455010780938855,0.12338177564839592,False
Brevibacterium,MIP1B,-0.049803720582068486,0.2653737344533863,0.4338916544332793,False
Brevibacterium,IFNA,-0.030750639359891994,0.4918155386210151,0.6492722822941535,False
Brevibacterium,TGFB,-0.028678536064906685,0.5214688394456476,0.6762309773429882,False
Brevibacterium,MCP1,0.03527749190071066,0.4302991229810631,0.5942651980581952,False
Brevibacterium,IL9,-0.035342285941425904,0.4294522232308371,0.593624505952257,False
Brevibacterium,VEGFD,-0.12852775328694455,0.003920310631264488,0.021540603452864612,True
Brevibacterium,TNFB,-0.03635907454494598,0.4162891454498796,0.5813046625651471,False
Brevibacterium,NGF,0.017821412324101622,0.6903859687050058,0.8081586949942979,False
Brevibacterium,EGF,0.022161765798490957,0.6203423004597658,0.7529605056481105,False
Brevibacterium,BDNF,-0.03929151372369403,0.37968055291648817,0.547956105233293,False
Brevibacterium,TRAIL,-0.05001790795239681,0.26332124441158244,0.43191712209078903,False
Brevibacterium,GCSF,-0.04519481049357334,0.31220888941939773,0.4831185809651246,False
Brevibacterium,GROA,-0.02074998838069857,0.6427897176396626,0.7671899864025747,False
Brevibacterium,IL1A,-0.00688732976104733,0.8776647577952437,0.9302806299858406,False
Brevibacterium,IL23,0.033507103875798104,0.4538105261034473,0.6156873516914446,False
Brevibacterium,IL12P40,-0.21684063432137415,9.354332793151693e-07,3.565380941652079e-05,True
Brevibacterium,IL15,-0.07366092010770497,0.09924498132959839,0.22123162185169343,False
Brevibacterium,IL18,-0.05261731160519597,0.23928092185205305,0.40543200120275485,False
Brevibacterium,MCSF,0.05189633955359485,0.2457885065841298,0.4111210631712962,False
Brevibacterium,MCP3,0.011302004524997075,0.8005755960807848,0.8804816749705887,False
Brevibacterium,MIG,-0.07272967263219163,0.10360377803625564,0.22821282627361678,False
Brevibacterium,RESISTIN,-0.09080338941217313,0.04199060013374176,0.11848075887251162,False
Brevibacterium,IL21,-0.04929954327313906,0.27024838824433395,0.43816422780200587,False
Brevibacterium,ICAM1,0.02314766749251514,0.6048712524072792,0.7419286002885382,False
Brevibacterium,VCAM1,-0.07198421816971427,0.10720113420745461,0.23304594392924916,False
Brevibacterium,FGFB,-0.037374417814633985,0.40338469557444945,0.5697209033602904,False
Brevibacterium,IL22,0.033946974337171164,0.44790236903179614,0.6109551234959965,False
Brevibacterium,PDGFBB,-0.177771740616553,6.200313908950316e-05,0.000918199352758566,True
Brevibacterium,VEGF,0.03142053543177419,0.4824255253921631,0.6417705535041919,False
Brevibacterium,LEPTIN,-0.24958371750656963,1.4446186602113194e-08,1.199549423211185e-06,True
Brevibacterium,PAI1,-0.11791552802030812,0.008179114158709281,0.03703882728357632,True
Brevibacterium,CD40L,0.08251878737300507,0.06468838901620427,0.16120096941337078,False
Brevibacterium,ENA78,-0.1099601278063553,0.013700057999598045,0.05430969283728125,True
Campylobacter,IL17F,0.09945219695119224,0.02586493365063872,0.08487786977803108,True
Campylobacter,FASL,-0.0042944187029620015,0.9235375982011312,0.9552639840451663,False
Campylobacter,TGFA,0.13459232890383718,0.0025124989936849825,0.015172883533292427,True
Campylobacter,MIP1A,0.12651415117776343,0.004526315474554739,0.02386322784204029,True
Campylobacter,SDF1A,-0.023655512210368067,0.5969699237730166,0.7351456953242922,False
Campylobacter,IL27,0.04922835938694673,0.27094153199441284,0.43867622694081465,False
Campylobacter,LIF,0.060952305432462904,0.1727181482138852,0.32888590876108365,False
Campylobacter,IL1B,0.10000446566069812,0.025047486650006768,0.08266203897979521,True
Campylobacter,IL2,0.16226472118406685,0.00026146756593809563,0.0027569709333608726,True
Campylobacter,IL4,0.022851184128144332,0.609505611481546,0.7450581212905334,False
Campylobacter,IL5,0.03374036530857527,0.45067201285851666,0.6131609979799865,False
Campylobacter,IP10,0.028359088902148034,0.5261206117854735,0.680328377308802,False
Campylobacter,IL6,0.03317418297649108,0.45831116484068535,0.6204212275135915,False
Campylobacter,IL7,0.10108675659898478,0.023510019072527973,0.07881873733760279,True
Campylobacter,IL8,0.006594392075251896,0.8828297364400006,0.9336270808382995,False
Campylobacter,IL10,0.05095602545499803,0.25446039397581155,0.42240541063151293,False
Campylobacter,IFNB,0.13014277182257813,0.0034884431909037016,0.019728947054572874,True
Campylobacter,EOTAXIN,-0.08302759304582473,0.06305040414132773,0.15864955587509413,False
Campylobacter,IL12P70,0.04284070247504487,0.33810904964132704,0.5094643813454863,False
Campylobacter,IL13,-0.0030118739037655632,0.946331703731135,0.9693201618510646,False
Campylobacter,IL17A,-0.0259181589985641,0.5623494700493177,0.7084144204977244,False
Campylobacter,IL31,-0.049033615370191644,0.27284402915565686,0.44068243680924085,False
Campylobacter,IL1RA,0.06526615946646525,0.14422868867629426,0.28870572636451497,False
Campylobacter,SCF,0.001501220310657886,0.9732347615028678,0.9866016221906115,False
Campylobacter,RANTES,-0.10446350364756361,0.019226205146949393,0.068350041233421,True
Campylobacter,IFNG,0.02822139275387385,0.5281322365385697,0.6815240706758926,False
Campylobacter,GMCSF,-0.026519287387824282,0.5533169246228662,0.7020255660290117,False
Campylobacter,TNFA,-0.02534952566230298,0.5709585595722424,0.7144664429523485,False
Campylobacter,HGF,-0.06535402156215435,0.14368822727700734,0.28799580036124317,False
Campylobacter,MIP1B,-0.11321922718732791,0.011130953878171562,0.04642056998519979,True
Campylobacter,IFNA,-0.038066978134226895,0.3947212923247402,0.5618290835507382,False
Campylobacter,TGFB,0.10854222054793097,0.01497195228984915,0.05766555737510286,True
Campylobacter,MCP1,-0.0011319356730815186,0.9798171041111812,0.989821754098847,False
Campylobacter,IL9,0.07121445432129758,0.11101860262236479,0.23869226650047679,False
Campylobacter,VEGFD,0.06254782616577897,0.16172808930947777,0.3133481730371132,False
Campylobacter,TNFB,-0.037611393236469774,0.4004076140250188,0.5678241552962298,False
Campylobacter,NGF,0.08286329475047202,0.06357554723801136,0.1596254290803201,False
Campylobacter,EGF,-0.0009319282807461069,0.9833827519512537,0.991915357174258,False
Campylobacter,BDNF,-0.04451109768086402,0.31959318651972407,0.4913703472035326,False
Campylobacter,TRAIL,0.030945624541766675,0.48907235939478133,0.6473630717864313,False
Campylobacter,GCSF,0.012867813061272916,0.7736520838886375,0.862186618862544,False
Campylobacter,GROA,0.07697397939801882,0.08490896185892936,0.1971176598322624,False
Campylobacter,IL1A,0.017970640464910752,0.6879288881838275,0.8065686778785549,False
Campylobacter,IL23,0.013418104217598203,0.7642523266168776,0.8562673896755945,False
Campylobacter,IL12P40,-0.10647576005307882,0.0170110983632807,0.06315097424746362,True
Campylobacter,IL15,0.007875353114593054,0.860283767323299,0.9191910657291683,False
Campylobacter,IL18,0.017181901507830423,0.7009522865428074,0.8134815484012203,False
Campylobacter,MCSF,0.021416470935346373,0.632150377677031,0.760346419089031,False
Campylobacter,MCP3,0.10711991994561353,0.01635083335789497,0.06161375617034976,True
Campylobacter,MIG,0.021653635644287503,0.6283825118901626,0.758167794574275,False
Campylobacter,RESISTIN,-0.03135008954078882,0.48340838103118844,0.642609768952266,False
Campylobacter,IL21,0.10725359940101356,0.01621665937701388,0.06125708050618566,True
Campylobacter,ICAM1,0.0016635647448729096,0.9703415891538865,0.9843543238147275,False
Campylobacter,VCAM1,-0.20576599690200448,3.3419110588691424e-06,9.592522483791058e-05,True
Campylobacter,FGFB,0.022009949582946126,0.6227398318280837,0.7539026862797681,False
Campylobacter,IL22,-0.04534432076798043,0.3106091913640485,0.48176542356331736,False
Campylobacter,PDGFBB,-0.03016050599149796,0.5001678387240699,0.6557035382201649,False
Campylobacter,VEGF,0.14797064147903755,0.0008829382628814306,0.006839042657596132,True
Campylobacter,LEPTIN,-0.08632860373436499,0.05323480730515559,0.14112990534149003,False
Campylobacter,PAI1,-0.08287903679363487,0.06352507573562577,0.15958487421429488,False
Campylobacter,CD40L,0.12603218678824143,0.004683377461670559,0.024387127879919486,True
Campylobacter,ENA78,-0.06373119641363018,0.15392311605706394,0.3033249684760527,False
Capnocytophaga,IL17F,-0.04457679724462257,0.3188787047111115,0.49050148094828594,False
Capnocytophaga,FASL,0.10306434140531699,0.020910856483227633,0.07202628344222851,True
Capnocytophaga,TGFA,0.042796438935466405,0.33860886108422605,0.5097878388597799,False
Capnocytophaga,MIP1A,-0.03223229754618612,0.4711783969251542,0.6317376213501865,False
Capnocytophaga,SDF1A,0.03565785386695451,0.42534137574078146,0.5895193434261203,False
Capnocytophaga,IL27,0.10873251764971367,0.014795437190199389,0.05742803249952184,True
Capnocytophaga,LIF,-0.036248929610380586,0.4177034823499861,0.5827546333415647,False
Capnocytophaga,IL1B,0.006060393777258931,0.8922576529637387,0.9399633181425884,False
Capnocytophaga,IL2,-0.02397854522219067,0.5919684889104072,0.7311164604072758,False
Capnocytophaga,IL4,0.09367630915459459,0.03588442463832486,0.10648363323681684,True
Capnocytophaga,IL5,-0.10347910152271009,0.02039857763374787,0.07083897385879581,True
Capnocytophaga,IP10,0.08529529716103515,0.05616038861697167,0.1464642776606384,False
Capnocytophaga,IL6,0.06729430391938543,0.13214384732805473,0.271993235815024,False
Capnocytophaga,IL7,-0.10363885649784378,0.020204192242241476,0.07056378752787863,True
Capnocytophaga,IL8,0.11863109153360996,0.007796739490881927,0.0357542787303757,True
Capnocytophaga,IL10,0.060449132371201184,0.17629699941627658,0.3336512198964941,False
Capnocytophaga,IFNB,0.003505141950735287,0.9375588577833645,0.9632454018322237,False
Capnocytophaga,EOTAXIN,-0.09762904296992812,0.028728824024073375,0.09137416669763421,True
Capnocytophaga,IL12P70,0.0495450382060009,0.26786721849504297,0.4365450178000288,False
Capnocytophaga,IL13,0.10623735172984897,0.01726131673927481,0.0637266862703701,True
Capnocytophaga,IL17A,0.14059800774843023,0.0015885789598170028,0.010613350809122216,True
Capnocytophaga,IL31,0.031580299725550716,0.4802005246523272,0.6398087219579718,False
Capnocytophaga,IL1RA,-0.03174006232213632,0.47798113656551633,0.6377876025783838,False
Capnocytophaga,SCF,0.09856930412882862,0.02721952885259558,0.08832575656983213,True
Capnocytophaga,RANTES,0.09586196213628106,0.03176028331051273,0.09822328919426482,True
Capnocytophaga,IFNG,0.15382698511532178,0.0005430657021647838,0.004755660103702909,True
Capnocytophaga,GMCSF,0.04600528372192707,0.3036018929076269,0.4750164205990798,False
Capnocytophaga,TNFA,-0.05360241278544012,0.23058656826361182,0.39711774746913425,False
Capnocytophaga,HGF,0.007653742167856391,0.8641767186555551,0.9212337784842575,False
Capnocytophaga,MIP1B,-0.008371897704772735,0.8515735835818086,0.9140852178336587,False
Capnocytophaga,IFNA,-0.0006899011649983173,0.9876979457361461,0.9938964396609131,False
Capnocytophaga,TGFB,-0.018684477054924507,0.6762211539273508,0.7956549508507544,False
Capnocytophaga,MCP1,-0.0833728533785874,0.061958501415752154,0.15684802494670824,False
Capnocytophaga,IL9,0.07024523237091813,0.11597648662296721,0.2460111341295544,False
Capnocytophaga,VEGFD,-0.0075152590783118004,0.8666110721174881,0.9227711209861048,False
Capnocytophaga,TNFB,0.1079501178408154,0.015533058340791855,0.05930108479858959,True
Capnocytophaga,NGF,-0.05201678228546423,0.24469285258844722,0.41032158836504856,False
Capnocytophaga,EGF,0.06631683033591718,0.1378667884913471,0.2795815815459067,False
Capnocytophaga,BDNF,0.123514676063257,0.005586561226089649,0.027932806130448243,True
Capnocytophaga,TRAIL,0.02473400886739758,0.5803473814131149,0.7221341513435869,False
Capnocytophaga,GCSF,0.016463796381507592,0.7128862113028064,0.8234833827768999,False
Capnocytophaga,GROA,0.06148018930192707,0.16902205568009374,0.3236136030302539,False
Capnocytophaga,IL1A,0.04059551920423951,0.3640558508032594,0.5335202351828415,False
Capnocytophaga,IL23,0.015084144346585166,0.7360096313896793,0.8396577001869502,False
Capnocytophaga,IL12P40,0.011530320840898677,0.7966342021698157,0.877691924059973,False
Capnocytophaga,IL15,0.011457283955201701,0.7978944708955467,0.8785409625127366,False
Capnocytophaga,IL18,0.1336801139981888,0.0026894896553997186,0.015972065003331662,True
Capnocytophaga,MCSF,0.09188633962333709,0.03959307714018248,0.11406927428862983,False
Capnocytophaga,MCP3,0.06317252846715057,0.15757151020286492,0.30798971098920636,False
Capnocytophaga,MIG,0.06361217013392832,0.1546950035434781,0.3040286417908593,False
Capnocytophaga,RESISTIN,0.03308944507667097,0.4594606781262348,0.6213938451866454,False
Capnocytophaga,IL21,-0.010419592954087566,0.8158553361543583,0.8909646108778221,False
Capnocytophaga,ICAM1,0.11737638551941605,0.008478177409653417,0.037943719879584586,True
Capnocytophaga,VCAM1,-0.008633697201368052,0.8469883904245684,0.9116888924708896,False
Capnocytophaga,FGFB,0.056498733336088014,0.20632761238395333,0.3688825063756884,False
Capnocytophaga,IL22,0.05358304695005224,0.23075530186270984,0.39711774746913425,False
Capnocytophaga,PDGFBB,0.08559165444450706,0.055307977558098194,0.14485583675422659,False
Capnocytophaga,VEGF,0.004070244611419545,0.927517765319044,0.957158812413128,False
Capnocytophaga,LEPTIN,0.06606839990439256,0.13935123298363955,0.281487069232808,False
Capnocytophaga,PAI1,-0.044258827183102784,0.32234631883833387,0.49397987091780576,False
Capnocytophaga,CD40L,0.013816575137802342,0.7574673414052713,0.8513954888891737,False
Capnocytophaga,ENA78,0.15885536319363963,0.0003528449490374258,0.0034181854438000625,True
Corynebacterium,IL17F,-0.24211685326777652,3.9487471935541474e-08,2.700246242650998e-06,True
Corynebacterium,FASL,-0.1301006390014805,0.0034991379868230753,0.019728947054572874,True
Corynebacterium,TGFA,-0.25323973325313487,8.724189132751277e-09,7.954407738684988e-07,True
Corynebacterium,MIP1A,-0.04034977679842607,0.3669692946917128,0.5362941150398222,False
Corynebacterium,SDF1A,-0.09521035614372587,0.032945151975574245,0.10054960343572064,True
Corynebacterium,IL27,-0.2244444491498921,3.7507647623004994e-07,1.693306421815274e-05,True
Corynebacterium,LIF,-0.20484419900188836,3.7042106199124926e-06,0.00010252725822972077,True
Corynebacterium,IL1B,-0.11813361565610246,0.008060839327793003,0.03671195188465961,True
Corynebacterium,IL2,-0.17942443771526567,5.2793765483381815e-05,0.0008183033649924182,True
Corynebacterium,IL4,-0.170323507019512,0.00012571734512067365,0.001550625079074622,True
Corynebacterium,IL5,-0.2895970910473334,3.725216584937941e-11,5.774085706653809e-09,True
Corynebacterium,IP10,0.043040264656894506,0.3358615192319415,0.5070636572819897,False
Corynebacterium,IL6,-0.10008919157310642,0.024924072598335716,0.08241774516952359,True
Corynebacterium,IL7,-0.049884923340361764,0.26459430472177536,0.4333791887834644,False
Corynebacterium,IL8,-0.12244694788855372,0.006014827563884887,0.029472021256127214,True
Corynebacterium,IL10,-0.08045336256525593,0.07170083276945331,0.17483608146077248,False
Corynebacterium,IFNB,-0.2874579705386769,5.2532070386112715e-11,7.766813388137351e-09,True
Corynebacterium,EOTAXIN,-0.020097696344569833,0.6532737661603134,0.7769112564310633,False
Corynebacterium,IL12P70,-0.18437743788788646,3.232574712106754e-05,0.0005546668786456238,True
Corynebacterium,IL13,-0.2388758637053305,6.047940888690477e-08,3.85245549759051e-06,True
Corynebacterium,IL17A,-0.23544886152919195,9.429861917180385e-08,5.550488343656808e-06,True
Corynebacterium,IL31,-0.12542023541986214,0.004889881043499784,0.025262581483952554,True
Corynebacterium,IL1RA,-0.13445997342599794,0.002537502324351415,0.015284178508075234,True
Corynebacterium,SCF,-0.108485791041904,0.015024649291172464,0.05769167564323035,True
Corynebacterium,RANTES,-0.0446562371408741,0.318016190488211,0.4895023751831756,False
Corynebacterium,IFNG,-0.1643270772356263,0.00021748012606764917,0.002379488438151926,True
Corynebacterium,GMCSF,-0.37943521475298336,1.2308604887617242e-18,1.9078337575806727e-15,True
Corynebacterium,TNFA,-0.17423863478029528,8.701708694001227e-05,0.0011845918749834549,True
Corynebacterium,HGF,0.01703086046066076,0.703456396953724,0.8151189249526081,False
Corynebacterium,MIP1B,-0.13680889810154379,0.0021258188091897124,0.013286367557435702,True
Corynebacterium,IFNA,-0.22838887327949792,2.304864687588389e-07,1.1207574042255428e-05,True
Corynebacterium,TGFB,-0.2654484489972971,1.528249737891138e-09,1.652642158417161e-07,True
Corynebacterium,MCP1,-0.12719682481280167,0.004311984345455499,0.02315326467248045,True
Corynebacterium,IL9,-0.17401956810723793,8.884588833994008e-05,0.0011989953756953685,True
Corynebacterium,VEGFD,-0.12034531119881525,0.006944893789228882,0.032685987975621764,True
Corynebacterium,TNFB,-0.13144774093075878,0.003171531918275121,0.018252009183142712,True
Corynebacterium,NGF,-0.2102356076883657,2.015435134282334e-06,6.592019099069574e-05,True
Corynebacterium,EGF,0.04876599657455659,0.2754732872042618,0.44323556591689184,False
Corynebacterium,BDNF,-0.03811532756860358,0.39412069673759775,0.561649169423791,False
Corynebacterium,TRAIL,-0.14598622471439957,0.0010369317077243872,0.007679837428908272,True
Corynebacterium,GCSF,-0.20136534295732295,5.439689292864566e-06,0.00013599223232161416,True
Corynebacterium,GROA,-0.15995643154773717,0.0003205008488668594,0.0032328176729520524,True
Corynebacterium,IL1A,-0.11378189953270229,0.010733454309669021,0.04531072583861157,True
Corynebacterium,IL23,-0.21298544696986346,1.4684684301330266e-06,5.074777598660447e-05,True
Corynebacterium,IL12P40,-0.013788358605654857,0.7579471943541836,0.8515231828332818,False
Corynebacterium,IL15,-0.2910734647014734,2.933530820614054e-11,4.703764936501845e-09,True
Corynebacterium,IL18,-0.1388310751162493,0.001821340762613428,0.01177380328424645,True
Corynebacterium,MCSF,-0.12756096452914678,0.00420145125564371,0.022638178839795197,True
Corynebacterium,MCP3,-0.046388536426854095,0.2995871237493497,0.4709790760811424,False
Corynebacterium,MIG,-0.12897736136098906,0.003795462716306652,0.020960690772952414,True
Corynebacterium,RESISTIN,-0.1400185712118936,0.0016617150211962848,0.010909448790775966,True
Corynebacterium,IL21,-0.03352746289806304,0.45353610852488346,0.6156873516914446,False
Corynebacterium,ICAM1,0.11458956478444123,0.01018487666087454,0.04364947140374803,True
Corynebacterium,VCAM1,-0.08264658639805031,0.06427371189320387,0.1604366233276493,False
Corynebacterium,FGFB,-0.2075044129275761,2.748790830187164e-06,8.193511128442508e-05,True
Corynebacterium,IL22,-0.044652191313352955,0.3180600809672033,0.4895023751831756,False
Corynebacterium,PDGFBB,-0.10448160339379997,0.01920521073138274,0.06833805207203103,True
Corynebacterium,VEGF,-0.05475588361951229,0.22069367689718583,0.3845198222620574,False
Corynebacterium,LEPTIN,-0.38264959989077607,5.963454247244847e-19,1.3865031124844269e-15,True
Corynebacterium,PAI1,-0.09122522095407415,0.04104253549444315,0.1170127468112573,False
Corynebacterium,CD40L,0.05585024379109176,0.21159180735281508,0.3754725780928128,False
Corynebacterium,ENA78,-0.23787233522856735,6.892856075101614e-08,4.2173395722661185e-06,True
Cutibacterium,IL17F,0.14343532746306334,0.0012712791574428835,0.008929679882340497,True
Cutibacterium,FASL,0.004172666907566406,0.9256990470997322,0.9561307350097189,False
Cutibacterium,TGFA,0.09580832587352016,0.031856419161003305,0.09842681003233579,True
Cutibacterium,MIP1A,-0.031761279804707915,0.47768680897540716,0.6377669451888115,False
Cutibacterium,SDF1A,0.06352144226928882,0.1552853414814423,0.30480237986015474,False
Cutibacterium,IL27,0.0696898414345228,0.11889471543205823,0.25084411377453303,False
Cutibacterium,LIF,0.039304285363210546,0.3795255559395946,0.5479024635576264,False
Cutibacterium,IL1B,-0.05607872928645799,0.20972611355614507,0.3730081848824386,False
Cutibacterium,IL2,-0.050661798897809786,0.25721692224071346,0.42595976164518773,False
Cutibacterium,IL4,-0.04356464073048165,0.33000164956854605,0.5012020653813022,False
Cutibacterium,IL5,0.1340269178322893,0.002620905015160929,0.015644683338252016,True
Cutibacterium,IP10,-0.1822625988299201,3.9920942745196745e-05,0.0006536351541026932,True
Cutibacterium,IL6,-0.06249693190335095,0.1620703260107298,0.31388047311532424,False
Cutibacterium,IL7,-0.025166610495135962,0.5737411274450566,0.7173692505026924,False
Cutibacterium,IL8,-0.00495258826707911,0.911863316903641,0.9514679302249592,False
Cutibacterium,IL10,-0.06628029252694423,0.13808434715684695,0.27977874260537616,False
Cutibacterium,IFNB,0.05578313680202091,0.21214203371579557,0.37549572591403796,False
Cutibacterium,EOTAXIN,0.03644419644426452,0.4151980543300553,0.5804783381343227,False
Cutibacterium,IL12P70,0.03552609262485479,0.4270550135504949,0.5910667351710176,False
Cutibacterium,IL13,0.08580549012098877,0.05469962310775377,0.14362125773633824,False
Cutibacterium,IL17A,-0.008135770074053854,0.8557134555898518,0.9174700411558244,False
Cutibacterium,IL31,0.05775719013768968,0.19638377376516064,0.357484194170526,False
Cutibacterium,IL1RA,0.015613575608603863,0.7271066392028225,0.8339072533375652,False
Cutibacterium,SCF,-0.09941870873338986,0.025915232866774572,0.084982956862131,True
Cutibacterium,RANTES,0.0179091078627254,0.6889416425075359,0.8069467601158795,False
Cutibacterium,IFNG,0.009699912097531179,0.8283694277426927,0.89956044815589,False
Cutibacterium,GMCSF,0.1268642739012927,0.004415218187745853,0.023514429947196915,True
Cutibacterium,TNFA,0.009821344025193723,0.826254781281405,0.8987332708674931,False
Cutibacterium,HGF,0.011432496643496397,0.7983223013801866,0.8786269115781935,False
Cutibacterium,MIP1B,0.14286332893012693,0.0013301160469617146,0.00920392800352972,True
Cutibacterium,IFNA,0.07659999290033014,0.08643851143588464,0.199078295283241,False
Cutibacterium,TGFB,0.09867271080572856,0.02705778253625793,0.0879664839755796,True
Cutibacterium,MCP1,-0.04801065364614442,0.28298701361625966,0.4509560018216612,False
Cutibacterium,IL9,-0.0026092868303486325,0.9534966353969521,0.9753100208085849,False
Cutibacterium,VEGFD,-0.08488183314843348,0.057367829992360724,0.14927834888890731,False
Cutibacterium,TNFB,-0.0004965829684992453,0.9911449534600921,0.9956413984855106,False
Cutibacterium,NGF,0.13261076328842408,0.002911387467603282,0.01708070551045587,True
Cutibacterium,EGF,-0.13068210827894616,0.003354135995263633,0.019113642620068497,True
Cutibacterium,BDNF,-0.019662783791548916,0.6603022360676041,0.7820696377265305,False
Cutibacterium,TRAIL,0.02951849010605565,0.5093389494998287,0.6651014083611917,False
Cutibacterium,GCSF,-0.040002314543852,0.3711133452103055,0.5400026066067803,False
Cutibacterium,GROA,0.05601406939879983,0.2102528836629848,0.3735865147240655,False
Cutibacterium,IL1A,0.04634901541433722,0.2999994863450143,0.4709790760811424,False
Cutibacterium,IL23,0.033591907011580525,0.45266808731574304,0.6151100543594988,False
Cutibacterium,IL12P40,0.12189325052837202,0.006248332010066641,0.0302024364311953,True
Cutibacterium,IL15,0.05194745939407563,0.24532305694315965,0.41093583219216984,False
Cutibacterium,IL18,-0.0974849888333387,0.028966291037410406,0.09181384339440009,True
Cutibacterium,MCSF,-0.0020766314177744234,0.9629820885466118,0.980697921975853,False
Cutibacterium,MCP3,-0.17214205360331392,0.00010607326436272142,0.0013618553135108158,True
Cutibacterium,MIG,-0.060533794709839175,0.17569100698991022,0.33291083231584456,False
Cutibacterium,RESISTIN,0.10598377575371026,0.017530980531491085,0.06439104223651938,True
Cutibacterium,IL21,-0.015439648656243315,0.7300274381182261,0.83545997801461,False
Cutibacterium,ICAM1,-0.2504229580756828,1.2875943902626098e-08,1.1087618360594695e-06,True
Cutibacterium,VCAM1,-0.13961153413758784,0.0017149241093897445,0.011184287669933117,True
Cutibacterium,FGFB,0.03819911505927534,0.39308119707063427,0.5606833025700765,False
Cutibacterium,IL22,0.10275203154460424,0.02130393983389088,0.07302860047179278,True
Cutibacterium,PDGFBB,-0.05437272698883209,0.2239456385038142,0.387983315589693,False
Cutibacterium,VEGF,-0.035668163748788236,0.42520745833018203,0.589509445806603,False
Cutibacterium,LEPTIN,0.11258878669567048,0.011591766333116276,0.04787008299199883,True
Cutibacterium,PAI1,0.11980262419628716,0.007205088707858219,0.033612582740182716,True
Cutibacterium,CD40L,-0.10441239027766033,0.01928560103059438,0.06845652274218615,True
Cutibacterium,ENA78,0.014514441294252086,0.7456294456517141,0.8454467013607584,False
Dermabacter,IL17F,0.07406411050547225,0.09740364635066363,0.21817290728833616,False
Dermabacter,FASL,0.030547179228640385,0.4946867026963502,0.65164112394845,False
Dermabacter,TGFA,0.04504080011459202,0.31386238627414664,0.48487046384544247,False
Dermabacter,MIP1A,0.15715492004274495,0.0004088264462604206,0.0038250361672252627,True
Dermabacter,SDF1A,0.032470209117102626,0.46790962242958956,0.6292014228132288,False
Dermabacter,IL27,-0.04095668634019939,0.35980021888865077,0.5297881627081146,False
Dermabacter,LIF,0.02427285898437237,0.5874284751867141,0.7276351650554664,False
Dermabacter,IL1B,0.08106102762259353,0.06957604747823742,0.17045765056575554,False
Dermabacter,IL2,0.12860816129083968,0.00389771333382726,0.021448955032303853,True
Dermabacter,IL4,0.05258410359878447,0.23957797381357757,0.4056946752487748,False
Dermabacter,IL5,0.02495587550362134,0.5769548200557881,0.7198977913335245,False
Dermabacter,IP10,0.05235467555221175,0.24163733485177571,0.4076972449422196,False
Dermabacter,IL6,0.024487717727846834,0.5841242952111454,0.7243141260618203,False
Dermabacter,IL7,0.17603717209025815,7.328790961808554e-05,0.001034373543272887,True
Dermabacter,IL8,0.012206006917168102,0.7850005465514055,0.8693147276646905,False
Dermabacter,IL10,0.0966657853578613,0.030348982547979457,0.0948405704624358,True
Dermabacter,IFNB,0.013838630337303483,0.7570923335144186,0.8511797269927579,False
Dermabacter,EOTAXIN,-0.04676637715703085,0.2956637647164995,0.4666790583610736,False
Dermabacter,IL12P70,0.038266800636041556,0.39224267450670713,0.5602420805177878,False
Dermabacter,IL13,-0.014641846827025223,0.7434746225896902,0.8440324694926903,False
Dermabacter,IL17A,-0.0756052347322272,0.09061509458804395,0.20624581000215586,False
Dermabacter,IL31,0.044792802314513706,0.31653700707264654,0.48831013385962135,False
Dermabacter,IL1RA,0.10320189766279304,0.02073973257525532,0.07159595877872103,True
Dermabacter,SCF,-0.03613192364788657,0.41920900702237307,0.5838040978298996,False
Dermabacter,RANTES,-0.03328234106947533,0.4568462836065994,0.6190133897324792,False
Dermabacter,IFNG,-0.005715090522442166,0.8983622747590773,0.943626171204149,False
Dermabacter,GMCSF,-0.07121210749090597,0.11103040267538307,0.23869226650047679,False
Dermabacter,TNFA,0.06502756580839758,0.14570417468520525,0.29090786272486235,False
Dermabacter,HGF,-0.02867654996197423,0.5214976956455819,0.6762309773429882,False
Dermabacter,MIP1B,0.08441390408038933,0.05876020807996387,0.1516292832447342,False
Dermabacter,IFNA,0.04047347443636148,0.36550096812098953,0.5353006304764099,False
Dermabacter,TGFB,0.10862446290525395,0.01489544053315533,0.05757589233513905,True
Dermabacter,MCP1,0.026244060906739097,0.5574436664351409,0.7044994047472296,False
Dermabacter,IL9,0.02673017857249775,0.5501649589207159,0.6999362678471489,False
Dermabacter,VEGFD,0.02379007568254769,0.5948841837189407,0.7335485161212077,False
Dermabacter,TNFB,-0.031738860914533665,0.47799780537326186,0.6377876025783838,False
Dermabacter,NGF,0.058432765813469977,0.19119225590637667,0.3510011710583424,False
Dermabacter,EGF,0.07541907900359024,0.09141437737727129,0.20745576125149412,False
Dermabacter,BDNF,-0.0031085766755489332,0.94461128553267,0.9687786673416223,False
Dermabacter,TRAIL,0.11584622681021971,0.00938074508914125,0.0409966773162658,True
Dermabacter,GCSF,0.053239031536444464,0.23376728209513548,0.4006700559315812,False
Dermabacter,GROA,0.015537567243379216,0.7283825833077182,0.8340258587492957,False
Dermabacter,IL1A,0.10503706717024147,0.01857055367771324,0.06677087092830412,True
Dermabacter,IL23,0.030079928378873553,0.5013140661140598,0.6570209716545597,False
Dermabacter,IL12P40,-0.09575338882932444,0.031955144234074605,0.09853542485971281,True
Dermabacter,IL15,-0.0032164383410690474,0.9426926460452563,0.9674510713110663,False
Dermabacter,IL18,0.07220319100730296,0.10613434467798029,0.23162521935243763,False
Dermabacter,MCSF,0.06544130362297387,0.14315286840448926,0.2871824603332979,False
Dermabacter,MCP3,0.0554408685822289,0.21496440987524953,0.37877396965513843,False
Dermabacter,MIG,0.03268574963811557,0.4649590603485926,0.6265484253062552,False
Dermabacter,RESISTIN,-0.04125421416540218,0.3563179495859058,0.527461583404697,False
Dermabacter,IL21,0.13523539548148297,0.0023941850040292098,0.014591035738841187,True
Dermabacter,ICAM1,-0.025969206100426453,0.5615796864662368,0.7078735543692061,False
Dermabacter,VCAM1,-0.027942900401966626,0.5322126831071564,0.6851575239336316,False
Dermabacter,FGFB,0.03750252382209754,0.4017736837192665,0.5686995745996586,False
Dermabacter,IL22,-0.12266366587415674,0.005925588923924721,0.029157659784391488,True
Dermabacter,PDGFBB,-0.12270660033880172,0.005908051501511339,0.02910216046824971,True
Dermabacter,VEGF,0.17443173718910193,8.54345001087223e-05,0.0011713274979194108,True
Dermabacter,LEPTIN,-0.10773051340718515,0.01574580919405346,0.05981863786956584,True
Dermabacter,PAI1,-0.012898350740169111,0.7731295744396208,0.8621229067492175,False
Dermabacter,CD40L,0.09086430950965772,0.04185255129947297,0.11831691987158147,False
Dermabacter,ENA78,-0.09991897977839001,0.02517254194674119,0.08295699507607833,True
Dietzia,IL17F,0.06366026345776372,0.15438276531246123,0.3036716830384707,False
Dietzia,FASL,0.055036696768098775,0.2183318682387062,0.382101312499053,False
Dietzia,TGFA,-0.06371884624451431,0.1540030711451203,0.3033249684760527,False
Dietzia,MIP1A,-0.06867235674484652,0.12438947681506653,0.25928883567059285,False
Dietzia,SDF1A,0.005372643871709474,0.9044223238681997,0.9470585061351935,False
Dietzia,IL27,0.025910446667120886,0.5624658151564728,0.7084144204977244,False
Dietzia,LIF,-0.057428015012403875,0.19895033242930152,0.360951637064476,False
Dietzia,IL1B,0.011048904080788662,0.8049507550172127,0.8827280308683385,False
Dietzia,IL2,0.009770833989301148,0.8271342242091528,0.89926914719957,False
Dietzia,IL4,0.055452762055107366,0.21486588487525218,0.3787438834988335,False
Dietzia,IL5,0.12758291286589993,0.004194871541804555,0.022628947412286757,True
Dietzia,IP10,-0.030792094396951582,0.49123163379440327,0.6492722822941535,False
Dietzia,IL6,0.03485694135545325,0.43581943580617466,0.5986884420971085,False
Dietzia,IL7,0.005711194436265433,0.8984311886459968,0.943626171204149,False
Dietzia,IL8,0.0038546533134336336,0.9313472542549946,0.9598326091058788,False
Dietzia,IL10,-0.02711213198412573,0.544478849300187,0.6947932626909631,False
Dietzia,IFNB,-0.0056469860619791454,0.8995670145812704,0.9443896959661792,False
Dietzia,EOTAXIN,0.017912933175259434,0.6888786661301629,0.8069467601158795,False
Dietzia,IL12P70,-0.05996020294253348,0.17982705660623913,0.3374478665129184,False
Dietzia,IL13,0.0003913889870220375,0.9930207139896208,0.9970948650511199,False
Dietzia,IL17A,-0.027759729750099417,0.5349051343964273,0.6872270216813419,False
Dietzia,IL31,0.1091570737999063,0.014408205214888186,0.05639575273504214,True
Dietzia,IL1RA,-0.039760333840446346,0.3740163907556959,0.5422692507633654,False
Dietzia,SCF,-0.03859694712841931,0.38816818203558445,0.5564063028561861,False
Dietzia,RANTES,-0.007711398141664883,0.8631635787443597,0.9209734510922314,False
Dietzia,IFNG,0.01652959159129538,0.7117898113231779,0.8227463619756094,False
Dietzia,GMCSF,0.047847722350781774,0.28462574686583786,0.4532567544267624,False
Dietzia,TNFA,0.06195625853472648,0.1657397758503916,0.31939078230597634,False
Dietzia,HGF,-0.09633153666409242,0.03092917356452507,0.09632997794711426,True
Dietzia,MIP1B,-0.0384710789506015,0.38971853874321816,0.5581124746399644,False
Dietzia,IFNA,-0.02729316547524692,0.5417940263431257,0.6926523521560682,False
Dietzia,TGFB,-0.01578379764941237,0.7242518805844028,0.8319592995843561,False
Dietzia,MCP1,0.10977556361183524,0.013860039917908008,0.05475716705035874,True
Dietzia,IL9,0.019985655422710316,0.6550815212098817,0.7783199980715788,False
Dietzia,VEGFD,0.1689977362175649,0.00014214063496022832,0.001681816673193541,True
Dietzia,TNFB,-0.012731116211694503,0.7759922611274381,0.8638649782721061,False
Dietzia,NGF,0.10195240380666212,0.02233974907797813,0.07571416414912413,True
Dietzia,EGF,0.0939041650563721,0.03543422840768145,0.10584610740044802,True
Dietzia,BDNF,-0.056000148926349705,0.2103664155155119,0.37364546682472516,False
Dietzia,TRAIL,-0.030276545595785433,0.4985195983657259,0.6540385399122551,False
Dietzia,GCSF,-0.019786587795802366,0.6582984042211031,0.7800936747268423,False
Dietzia,GROA,0.02785383839849143,0.5335209630041367,0.686384080920579,False
Dietzia,IL1A,-0.007634808082931625,0.8645094800489961,0.921377282197532,False
Dietzia,IL23,0.08705739095053114,0.05124865611821575,0.13711521918855193,False
Dietzia,IL12P40,-0.20755767976511091,2.7323120345611757e-06,8.193511128442508e-05,True
Dietzia,IL15,0.0387320550167439,0.38650819221873867,0.5552249285811353,False
Dietzia,IL18,0.009330579710082517,0.8348086404037593,0.9035987378671977,False
Dietzia,MCSF,0.053401783501876826,0.23233888435150635,0.3986626613411456,False
Dietzia,MCP3,0.002099842823838061,0.962568624459756,0.9804915889896748,False
Dietzia,MIG,-0.12532073228663423,0.004924224031747957,0.02533397661284194,True
Dietzia,RESISTIN,-0.0820091930249746,0.06636384285104827,0.16431941919987988,False
Dietzia,IL21,-0.012166317927859962,0.7856825990187515,0.8698628774850463,False
Dietzia,ICAM1,-0.02733221461470037,0.5412157716471697,0.6921488828821064,False
Dietzia,VCAM1,-0.09327433162005788,0.03669050884834241,0.10832435945701092,True
Dietzia,FGFB,-0.0002028068448404897,0.9963834952276627,0.9986029417075492,False
Dietzia,IL22,0.004412686918360213,0.921438531662461,0.953957004726354,False
Dietzia,PDGFBB,-0.06668961114706191,0.13566215304630838,0.2772874776550919,False
Dietzia,VEGF,0.08438859049984669,0.058836322424922344,0.1516292832447342,False
Dietzia,LEPTIN,0.04097401661146513,0.3595968025933868,0.5297881627081146,False
Dietzia,PAI1,-0.05727499100513407,0.2001517391246919,0.36209232909044264,False
Dietzia,CD40L,-0.061608525533366175,0.16813248704726483,0.32266449226982313,False
Dietzia,ENA78,0.022788297943359317,0.6104906108112829,0.7453722803005274,False
Dolosigranulum,IL17F,-0.22299487484028727,4.475834548484366e-07,1.9451056682665703e-05,True
Dolosigranulum,FASL,-0.2873497940439651,5.3449038369977474e-11,7.766813388137351e-09,True
Dolosigranulum,TGFA,-0.29426472997222,1.7419787802690537e-11,3.2400805313004395e-09,True
Dolosigranulum,MIP1A,-0.04040930023670573,0.36626227733681604,0.5360242554145799,False
Dolosigranulum,SDF1A,-0.21122205190550947,1.7999136804628294e-06,5.935885541951884e-05,True
Dolosigranulum,IL27,-0.31809686259352626,2.8827679978918414e-13,1.1170725991830885e-10,True
Dolosigranulum,LIF,-0.24247427329819093,3.765983569261352e-08,2.6941267072408133e-06,True
Dolosigranulum,IL1B,-0.1603353930666878,0.00031002434903818014,0.003150432924588157,True
Dolosigranulum,IL2,-0.14651773649437574,0.0009934217490694204,0.007450663118020653,True
Dolosigranulum,IL4,-0.19476186087439587,1.1077977295608168e-05,0.0002452980686884666,True
Dolosigranulum,IL5,-0.14772027424122308,0.0009011283701843534,0.006937494902909343,True
Dolosigranulum,IP10,0.038066258160412536,0.3947302399914542,0.5618290835507382,False
Dolosigranulum,IL6,-0.16860243882063886,0.0001474145951769005,0.0017310494052320117,True
Dolosigranulum,IL7,0.04373534388736765,0.3281083789252175,0.49908536539164583,False
Dolosigranulum,IL8,-0.29693038749521244,1.1215086011035347e-11,2.230929150166708e-09,True
Dolosigranulum,IL10,-0.18592600443228108,2.7655556056713836e-05,0.0004908333422279364,True
Dolosigranulum,IFNB,-0.2515664419779246,1.1000109720278895e-08,9.836636576787857e-07,True
Dolosigranulum,EOTAXIN,-0.006983568151675295,0.8759690363550889,0.9288842668856219,False
Dolosigranulum,IL12P70,-0.16820742662479254,0.0001528678304253491,0.001777088528694683,True
Dolosigranulum,IL13,-0.33572571358637476,1.0861059492796538e-14,6.312990830187988e-12,True
Dolosigranulum,IL17A,-0.24436279816656198,2.9281674503970762e-08,2.1274966631791257e-06,True
Dolosigranulum,IL31,-0.21805483897343955,8.101811758990472e-07,3.139452056608808e-05,True
Dolosigranulum,IL1RA,-0.19730225559393622,8.449808808163132e-06,0.00019260593606842434,True
Dolosigranulum,SCF,-0.11453165087509563,0.010223367792465153,0.043774088614146375,True
Dolosigranulum,RANTES,-0.24744439497096918,1.9334223792161357e-08,1.5237989937889883e-06,True
Dolosigranulum,IFNG,-0.29701742396265846,1.105413975326656e-11,2.230929150166708e-09,True
Dolosigranulum,GMCSF,-0.3434317746086255,2.4211451847730636e-15,1.876387518199124e-12,True
Dolosigranulum,TNFA,-0.15398795537866333,0.0005357276844765005,0.004706412503320172,True
Dolosigranulum,HGF,-0.07250487521578727,0.10467836962891512,0.2294928895683429,False
Dolosigranulum,MIP1B,-0.23835010700903964,6.477281233460519e-08,4.015914364745522e-06,True
Dolosigranulum,IFNA,-0.3020985473983763,4.713602250033916e-12,1.1535921296135635e-09,True
Dolosigranulum,TGFB,-0.2987333159406389,8.304812539315359e-12,1.8389227765626864e-09,True
Dolosigranulum,MCP1,0.16369214593825523,0.00023022357346296003,0.00247810096435825,True
Dolosigranulum,IL9,-0.29233579031218193,2.3888843092154734e-11,4.1141896436488706e-09,True
Dolosigranulum,VEGFD,0.14686487540286627,0.0009659211542855811,0.0073386176132712155,True
Dolosigranulum,TNFB,-0.24966626494923289,1.4283866821708814e-08,1.199549423211185e-06,True
Dolosigranulum,NGF,-0.25695446298075086,5.183775666594876e-09,5.12862911695025e-07,True
Dolosigranulum,EGF,0.06623975855332201,0.13832600890381688,0.28014631594196365,False
Dolosigranulum,BDNF,-0.17845175645941608,5.804393248399295e-05,0.0008706589872598942,True
Dolosigranulum,TRAIL,-0.15004997697714983,0.0007444703466027371,0.006010047068928346,True
Dolosigranulum,GCSF,-0.1519551244401165,0.0006355333132932637,0.005334350012299055,True
Dolosigranulum,GROA,-0.3010642637262681,5.614256726706303e-12,1.3053146889592154e-09,True
Dolosigranulum,IL1A,-0.22011590799177153,6.3355824940621e-07,2.607120229857413e-05,True
Dolosigranulum,IL23,-0.18810630329517578,2.2152866403164647e-05,0.0004153662450593371,True
Dolosigranulum,IL12P40,-0.146752961472131,0.0009747093159937116,0.007357789479497985,True
Dolosigranulum,IL15,-0.2566981030454497,5.374810737547927e-09,5.206847901999554e-07,True
Dolosigranulum,IL18,-0.2414797359952353,4.2960123837907046e-08,2.8951387803806923e-06,True
Dolosigranulum,MCSF,-0.25511922560518707,6.710973100946293e-09,6.368576514163318e-07,True
Dolosigranulum,MCP3,0.01848907978038589,0.6794182888615745,0.798406632096619,False
Dolosigranulum,MIG,-0.0744142537632724,0.09582675422388576,0.21547118333707388,False
Dolosigranulum,RESISTIN,-0.30274959796998097,4.220815094576443e-12,1.0903772327655812e-09,True
Dolosigranulum,IL21,-0.11317770432455183,0.0111607977374905,0.04650332390621042,True
Dolosigranulum,ICAM1,0.2325361866239601,1.3681717894282855e-07,7.312642322806353e-06,True
Dolosigranulum,VCAM1,0.0920610561065127,0.03921734039499428,0.1135495845807742,True
Dolosigranulum,FGFB,-0.29158848177380603,2.6980687321027632e-11,4.480721287242089e-09,True
Dolosigranulum,IL22,-0.1527018375748811,0.0005970222798856616,0.0050938598192079385,True
Dolosigranulum,PDGFBB,-0.1731535967750529,9.643556311240544e-05,0.001259621821552487,True
Dolosigranulum,VEGF,-0.1246098240266192,0.005175985932531047,0.026189700311500946,True
Dolosigranulum,LEPTIN,-0.3181406586151985,2.860131921668069e-13,1.1170725991830885e-10,True
Dolosigranulum,PAI1,-0.08236628428638372,0.06518610267533617,0.16183415773641924,False
Dolosigranulum,CD40L,-0.0013184728821873703,0.9764919578957232,0.9886104080590273,False
Dolosigranulum,ENA78,-0.2736664122507825,4.4964814915788947e-10,5.50227340416891e-08,True
Enterococcus,IL17F,0.05066096825024377,0.2572247334838037,0.42595976164518773,False
Enterococcus,FASL,0.1640435882118673,0.00022308607853641828,0.0024180658862339045,True
Enterococcus,TGFA,0.1698878016415285,0.00013090711538897898,0.0015852033504134173,True
Enterococcus,MIP1A,0.025000176080692074,0.5762785379206805,0.719574436447681,False
Enterococcus,SDF1A,0.029456296199575394,0.5102320225811474,0.6657067634686687,False
Enterococcus,IL27,0.21492623876934538,1.171434616682557e-06,4.32315156156658e-05,True
Enterococcus,LIF,0.02784789888293197,0.5336082693608373,0.686384080920579,False
Enterococcus,IL1B,0.041559709771137904,0.3527645437520306,0.52390773824559,False
Enterococcus,IL2,0.015289907648241763,0.7325452097324903,0.8371430880452396,False
Enterococcus,IL4,0.1771662081555439,6.574196664285011e-05,0.0009643537693667287,True
Enterococcus,IL5,0.03947264888384661,0.37748591991693103,0.546120796836504,False
Enterococcus,IP10,0.01728293312195267,0.6992790870794405,0.8126620632277636,False
Enterococcus,IL6,0.11584752017246569,0.009379947428825322,0.0409966773162658,True
Enterococcus,IL7,0.0026334404055873128,0.9530666573835099,0.975084698973228,False
Enterococcus,IL8,0.1916737648217491,1.532472198589148e-05,0.00031179760640741825,True
Enterococcus,IL10,0.04194114528937732,0.3483593305585283,0.5198558687731568,False
Enterococcus,IFNB,0.15896022453939823,0.0003496382727687908,0.0034009523313408866,True
Enterococcus,EOTAXIN,-0.1437709717098189,0.0012378790736986228,0.00877907799574668,True
Enterococcus,IL12P70,0.12503898697994065,0.005022649975253502,0.02553917152752508,True
Enterococcus,IL13,0.15922872657184967,0.00034155089442245925,0.0033648552098822786,True
Enterococcus,IL17A,0.14157684614263508,0.0014717095018514272,0.010019691337641488,True
Enterococcus,IL31,0.17422560986996832,8.712482177297668e-05,0.0011845918749834549,True
Enterococcus,IL1RA,0.04548227602534371,0.30913791983053096,0.4806055925148676,False
Enterococcus,SCF,0.2089712237108116,2.3280013132949674e-06,7.364085786953468e-05,True
Enterococcus,RANTES,0.07681095893218126,0.08557298675228203,0.19796735741199575,False
Enterococcus,IFNG,0.1550277531573201,0.000490502665018051,0.0044116777414582925,True
Enterococcus,GMCSF,0.1279890597758561,0.0040747859979465215,0.02221307724554669,True
Enterococcus,TNFA,-0.005345713799732389,0.9048991274749816,0.9470585061351935,False
Enterococcus,HGF,-0.06423839922587554,0.15066658704367988,0.2983814436767936,False
Enterococcus,MIP1B,-0.004406801140646709,0.9215429817700608,0.953957004726354,False
Enterococcus,IFNA,0.12700698170471358,0.004370646877981125,0.02341417970347031,True
Enterococcus,TGFB,0.090729540938193,0.04215846044777027,0.1188822565689095,False
Enterococcus,MCP1,0.03742250668118433,0.4027794967781071,0.5691050319107256,False
Enterococcus,IL9,0.1785907290141951,5.726474120791986e-05,0.0008679183161432071,True
Enterococcus,VEGFD,0.2019729968043051,5.0890013078041795e-06,0.00013104669637517023,True
Enterococcus,TNFB,0.14513754210351107,0.0011100642766515671,0.00807793252962408,True
Enterococcus,NGF,0.02715417024350388,0.5438548123772611,0.6943780553416431,False
Enterococcus,EGF,0.09585685574020324,0.031769425150145005,0.09822328919426482,True
Enterococcus,BDNF,0.07537247890872187,0.0916153423502223,0.20770908918992378,False
Enterococcus,TRAIL,0.09019399518857268,0.043392792045918636,0.12106371501957452,False
Enterococcus,GCSF,0.23174727093431166,1.5120157100024975e-07,7.989628467626833e-06,True
Enterococcus,GROA,0.13600919368080272,0.00225856915426586,0.013891992813936837,True
Enterococcus,IL1A,0.12115746164435094,0.006571208584636895,0.031243476399347197,True
Enterococcus,IL23,0.2219224548403017,5.097137017147116e-07,2.1946006601605635e-05,True
Enterococcus,IL12P40,-0.0601465013991303,0.17847586085268496,0.3355199924877518,False
Enterococcus,IL15,0.1304636053907464,0.003407972140948393,0.019325695677329304,True
Enterococcus,IL18,0.11999917189267904,0.007109861819631179,0.033293914865342375,True
Enterococcus,MCSF,0.14326394818350513,0.0012886512226332467,0.009024440038018972,True
Enterococcus,MCP3,0.09629078676327825,0.031000552532837206,0.09648766350581861,True
Enterococcus,MIG,-0.0036207727948600306,0.9355033993831893,0.9621965952514554,False
Enterococcus,RESISTIN,0.05522322211569874,0.21677311898117935,0.3802892645419641,False
Enterococcus,IL21,0.04395132448600635,0.32572302361767813,0.4974883765106919,False
Enterococcus,ICAM1,0.03265381950434343,0.46539550412675146,0.6267272210221241,False
Enterococcus,VCAM1,0.06273655546571372,0.16046373347703377,0.31141751279975255,False
Enterococcus,FGFB,0.17648013543921867,7.023486329133618e-05,0.0010018163015482,True
Enterococcus,IL22,-0.022420668817269035,0.6162628941233222,0.749574276137444,False
Enterococcus,PDGFBB,0.005499750678573135,0.9021723328982996,0.9459078574920164,False
Enterococcus,VEGF,0.00426622040594267,0.924038150588206,0.9552639840451663,False
Enterococcus,LEPTIN,0.1267391663157109,0.00445462990937727,0.02361918937127059,True
Enterococcus,PAI1,-0.06080966803366058,0.1737271199605778,0.33040127109066947,False
Enterococcus,CD40L,0.08129631035806281,0.06876731471225367,0.1689212960443632,False
Enterococcus,ENA78,0.1431867424215143,0.0012965484272987739,0.009066090506675638,True
Enterorhabdus,IL17F,0.03811964587738455,0.39406708163994175,0.561649169423791,False
Enterorhabdus,FASL,0.012321215292587675,0.783021632664168,0.8675364765042605,False
Enterorhabdus,TGFA,-0.01611438994957364,0.7187185259929272,0.8278526494592795,False
Enterorhabdus,MIP1A,0.12503104526939332,0.005025449881222677,0.02553917152752508,True
Enterorhabdus,SDF1A,0.04188815340995164,0.34896924216296255,0.520105754457855,False
Enterorhabdus,IL27,-0.07957064895063366,0.07488150050186683,0.179484008934887,False
Enterorhabdus,LIF,-0.048138915840614485,0.2817014683857092,0.44941692388517335,False
Enterorhabdus,IL1B,0.02213622692407658,0.6207453383427914,0.7532530854107464,False
Enterorhabdus,IL2,0.08785071011810772,0.04915733565537403,0.1330509958076189,False
Enterorhabdus,IL4,0.06918037628798877,0.1216218074630458,0.2548629025368017,False
Enterorhabdus,IL5,0.08644037948661931,0.05292608792801404,0.1406321764944373,False
Enterorhabdus,IP10,0.04861799307125543,0.27693474702687304,0.44459400173515623,False
Enterorhabdus,IL6,0.002238112753642078,0.9601058380510485,0.9786260734189776,False
Enterorhabdus,IL7,0.07161948616909924,0.10899681297367812,0.2358358972761067,False
Enterorhabdus,IL8,0.0016612497164623296,0.9703828430896153,0.9843543238147275,False
Enterorhabdus,IL10,0.055621807301848805,0.21346902862974576,0.3768530687654965,False
Enterorhabdus,IFNB,-0.025358506566796758,0.5708221041314347,0.7144664429523485,False
Enterorhabdus,EOTAXIN,-0.014806959189747325,0.7406850396929214,0.8427172582755285,False
Enterorhabdus,IL12P70,0.005918904829074001,0.8947582896155817,0.9413956675953619,False
Enterorhabdus,IL13,-0.026629818305064612,0.5516638368770126,0.700884382917516,False
Enterorhabdus,IL17A,-0.07785782464861275,0.08138082548517626,0.19035253445979355,False
Enterorhabdus,IL31,-0.005356926333011966,0.9047006026276632,0.9470585061351935,False
Enterorhabdus,IL1RA,0.010359485757626942,0.816898760331217,0.8917588167652076,False
Enterorhabdus,SCF,-0.01928056914530174,0.6665038651101748,0.787609395873523,False
Enterorhabdus,RANTES,0.02725044350653652,0.542427021625026,0.6931260375257957,False
Enterorhabdus,IFNG,-0.005941328368961574,0.8943619119637101,0.9413956675953619,False
Enterorhabdus,GMCSF,-0.06399687763833035,0.15221070181661253,0.30054342396910755,False
Enterorhabdus,TNFA,0.09909794221849928,0.02640131052106011,0.08633339938321344,True
Enterorhabdus,HGF,-0.03749196791770906,0.4019062850185853,0.5686995745996586,False
Enterorhabdus,MIP1B,0.0693385596096224,0.12076990460329336,0.2535350141784714,False
Enterorhabdus,IFNA,0.02209803801009563,0.6213482227108624,0.7533549505833498,False
Enterorhabdus,TGFB,0.003643137226465846,0.9351058974077129,0.9621040501027713,False
Enterorhabdus,MCP1,0.10121940860371047,0.023327315505546675,0.07839845898094357,True
Enterorhabdus,IL9,-0.025448111602069244,0.5694614980479379,0.7133609821990601,False
Enterorhabdus,VEGFD,0.0938173994999375,0.03560508955081986,0.10606256656714437,True
Enterorhabdus,TNFB,-0.01170290014922123,0.7936584108341511,0.8756130053400673,False
Enterorhabdus,NGF,0.017602477569712203,0.693996675521922,0.8091987314887004,False
Enterorhabdus,EGF,0.09993497275845725,0.02514910529952296,0.08293853875374593,True
Enterorhabdus,BDNF,-0.05731108022707553,0.19986792427623937,0.36176950092818727,False
Enterorhabdus,TRAIL,0.07645167235010386,0.08705123160905932,0.19999418329156418,False
Enterorhabdus,GCSF,0.09624128726824871,0.031087447180930948,0.09669339758617318,True
Enterorhabdus,GROA,-0.032224201601962724,0.471289851282537,0.6317376213501865,False
Enterorhabdus,IL1A,0.11783772829016508,0.008221680313672484,0.037153365848957294,True
Enterorhabdus,IL23,0.050025644886514925,0.2632473087658583,0.43191712209078903,False
Enterorhabdus,IL12P40,-0.10467109419265386,0.0189866115522483,0.06788078537832787,True
Enterorhabdus,IL15,-0.06562312061224984,0.14204256544847776,0.2855589837161356,False
Enterorhabdus,IL18,0.06939663716766437,0.1204582965684592,0.2529950673185796,False
Enterorhabdus,MCSF,0.03772365264449711,0.39900192572217086,0.5665218182009448,False
Enterorhabdus,MCP3,0.11111888427712667,0.012732289877505997,0.05157242851080391,True
Enterorhabdus,MIG,0.030425286303825617,0.496411085943565,0.6526184760072313,False
Enterorhabdus,RESISTIN,-0.12214579549110137,0.00614083824102312,0.029963166653470624,True
Enterorhabdus,IL21,0.06725925107002126,0.13234585311608246,0.2720637564057398,False
Enterorhabdus,ICAM1,0.04939594458250203,0.2693116271758641,0.4378668064222965,False
Enterorhabdus,VCAM1,0.05673672047042456,0.20441970602978277,0.36672516706731867,False
Enterorhabdus,FGFB,0.014156591263130153,0.7516923716032937,0.8483906621250766,False
Enterorhabdus,IL22,-0.1231334962296381,0.005736198225689435,0.028466725452994526,True
Enterorhabdus,PDGFBB,-0.09577950646859808,0.03190817675392798,0.0985212628856342,True
Enterorhabdus,VEGF,0.13187401877230212,0.0030738249613022467,0.017822052456428237,True
Enterorhabdus,LEPTIN,-0.12078286910034919,0.006741265739395069,0.03192147218756321,True
Enterorhabdus,PAI1,0.01669848663310084,0.7089780971048936,0.8202906572624422,False
Enterorhabdus,CD40L,0.020371613092453666,0.6488627342805626,0.7726534479909388,False
Enterorhabdus,ENA78,-0.11392697650865072,0.010633027294595055,0.04494870629078818,True
Escherichia-Shigella,IL17F,0.06649864211251427,0.13678813347151222,0.2783700905614608,False
Escherichia-Shigella,FASL,0.1293309988051874,0.00369980727495611,0.020653185868602535,True
Escherichia-Shigella,TGFA,0.04650674929727196,0.2983559405830263,0.4696530547430847,False
Escherichia-Shigella,MIP1A,0.08377048872173695,0.06072033979465741,0.15479691888440622,False
Escherichia-Shigella,SDF1A,0.15122542599295105,0.0006753813344970253,0.0055980805800555575,True
Escherichia-Shigella,IL27,0.08745572562694501,0.0501894789894294,0.1352933781454184,False
Escherichia-Shigella,LIF,-0.055285912725488336,0.2162510248944692,0.3798713065717583,False
Escherichia-Shigella,IL1B,0.04542648707083138,0.30973234646749553,0.4810472314875932,False
Escherichia-Shigella,IL2,-0.005239904263281096,0.906772840992689,0.9479681040220672,False
Escherichia-Shigella,IL4,0.18064428401023153,4.684241046457687e-05,0.0007408748593887157,True
Escherichia-Shigella,IL5,-0.0373460693814104,0.4037417151138667,0.5697720714050015,False
Escherichia-Shigella,IP10,0.012077568662126085,0.7872083417021642,0.871344629591779,False
Escherichia-Shigella,IL6,0.06191672436509326,0.1660105121105897,0.31964756990237764,False
Escherichia-Shigella,IL7,-0.051567936682200714,0.2487933597062133,0.4151019456885152,False
Escherichia-Shigella,IL8,0.14617214172791215,0.001021516327469138,0.007587940771136569,True
Escherichia-Shigella,IL10,0.09324259625508564,0.03675479756490173,0.10839058109152146,True
Escherichia-Shigella,IFNB,0.037451988559955816,0.40240873551169254,0.5687539878812676,False
Escherichia-Shigella,EOTAXIN,0.027690535677057933,0.5359240071791304,0.6880305448324009,False
Escherichia-Shigella,IL12P70,0.042842220215918075,0.3380919201188627,0.5094643813454863,False
Escherichia-Shigella,IL13,0.11471652947656222,0.010100942331485955,0.04340977989039713,True
Escherichia-Shigella,IL17A,0.05190338251352541,0.24572434330982384,0.4111210631712962,False
Escherichia-Shigella,IL31,0.06941616511743415,0.12035366281996179,0.2528895310044385,False
Escherichia-Shigella,IL1RA,-0.00883668901869248,0.8434367061173508,0.9085343188482226,False
Escherichia-Shigella,SCF,0.14360392143374634,0.001254399989548911,0.008851229061308703,True
Escherichia-Shigella,RANTES,0.1296202035984857,0.003623210278967017,0.020298708189393527,True
Escherichia-Shigella,IFNG,0.12435886531037685,0.0052675930500431815,0.026566494232864203,True
Escherichia-Shigella,GMCSF,-0.04821041421596357,0.28098657241140795,0.4489991621007034,False
Escherichia-Shigella,TNFA,0.10150908632671501,0.022932605279185465,0.07738506135574195,True
Escherichia-Shigella,HGF,-0.023847008441854303,0.5940027233351143,0.7326558789146634,False
Escherichia-Shigella,MIP1B,0.1716923664457695,0.00011064253538249641,0.0013980646454581746,True
Escherichia-Shigella,IFNA,0.12039709679072862,0.006920510084685029,0.032670386221653296,True
Escherichia-Shigella,TGFB,0.06568565226009773,0.14166223079207543,0.28505099627673824,False
Escherichia-Shigella,MCP1,0.05507711756419054,0.21799340132775788,0.3816526039812026,False
Escherichia-Shigella,IL9,0.1053332013024133,0.018239736480365847,0.06595239085046749,True
Escherichia-Shigella,VEGFD,0.028205521014314932,0.5283643601691598,0.6815240706758926,False
Escherichia-Shigella,TNFB,0.11009453099790771,0.01358458153588644,0.05422172029345231,True
Escherichia-Shigella,NGF,0.07961712220716162,0.07471122624997314,0.17926068217872815,False
Escherichia-Shigella,EGF,0.16065895283258697,0.00030133333682752934,0.0030931567687594074,True
Escherichia-Shigella,BDNF,0.12739392288010457,0.004251833940329014,0.02288313405385407,True
Escherichia-Shigella,TRAIL,0.09280613972319497,0.03764871005479546,0.11038240968146211,True
Escherichia-Shigella,GCSF,0.10463117195877436,0.019032485177448134,0.06792099468544423,True
Escherichia-Shigella,GROA,0.09549659790773775,0.03242008739050259,0.09931054437802175,True
Escherichia-Shigella,IL1A,0.20084031076618028,5.761160949219277e-06,0.0001424968000737747,True
Escherichia-Shigella,IL23,0.09087172975695894,0.04183576274020564,0.11831691987158147,False
Escherichia-Shigella,IL12P40,0.0351042370021052,0.43256841786100264,0.5960140281250744,False
Escherichia-Shigella,IL15,0.031015306485392535,0.4880940249438145,0.6464361196208309,False
Escherichia-Shigella,IL18,0.0660109298326422,0.13969637433790455,0.2820617197877795,False
Escherichia-Shigella,MCSF,0.1263752394824548,0.004571088616170402,0.02396559525999683,True
Escherichia-Shigella,MCP3,0.1582078109865371,0.0003732626581388988,0.0035787038357647,True
Escherichia-Shigella,MIG,-0.027068218421652367,0.545131102792244,0.6952440010926864,False
Escherichia-Shigella,RESISTIN,-0.003775140927496399,0.9327600157021119,0.9602245014422891,False
Escherichia-Shigella,IL21,0.011233052279198089,0.8017669103812486,0.8813749724049187,False
Escherichia-Shigella,ICAM1,0.03032800659032838,0.49778956297862764,0.6535250306495026,False
Escherichia-Shigella,VCAM1,0.04205348291673692,0.3470686125419351,0.5185954525449866,False
Escherichia-Shigella,FGFB,0.060841674019322126,0.17350033858520086,0.3301049813507299,False
Escherichia-Shigella,IL22,0.09891015103934907,0.02668951134849558,0.08709208966351188,True
Escherichia-Shigella,PDGFBB,-0.06858230548966131,0.1248851435119862,0.2599444571757994,False
Escherichia-Shigella,VEGF,0.06884209442444565,0.1234593556295307,0.258016181428008,False
Escherichia-Shigella,LEPTIN,-0.08688390001253302,0.051715769182675196,0.1380472598733867,False
Escherichia-Shigella,PAI1,0.062095699319768737,0.16478750707086792,0.3182150780230631,False
Escherichia-Shigella,CD40L,0.12109205164180617,0.006600623299724344,0.03131928402420225,True
Escherichia-Shigella,ENA78,0.03660586810268677,0.41313039436173515,0.5786314258379724,False
Finegoldia,IL17F,-0.11398956186202754,0.010589961511520439,0.04480738947094635,True
Finegoldia,FASL,-0.09827390389586994,0.02768617735662376,0.08911933001037133,True
Finegoldia,TGFA,-0.015592381514716147,0.72746234645922,0.8339072533375652,False
Finegoldia,MIP1A,-0.05716019177832188,0.2010565002467729,0.36265039804014504,False
Finegoldia,SDF1A,-0.084214454422146,0.05936213956374005,0.1523366164301276,False
Finegoldia,IL27,-0.06944396785038096,0.12020481392882897,0.2527753048344769,False
Finegoldia,LIF,-0.10791558826037312,0.015566342284424498,0.05937940247955203,True
Finegoldia,IL1B,0.09830294135712003,0.027640003581989894,0.08909470951504307,True
Finegoldia,IL2,-0.03389863950509366,0.44854944369875094,0.6114968108661254,False
Finegoldia,IL4,-0.09837492725611213,0.02752582101557168,0.08900908742865668,True
Finegoldia,IL5,-0.15962408248220586,0.00032995973064728844,0.003285466268757797,True
Finegoldia,IP10,-0.01601810036949797,0.7203286901416902,0.8291458340380995,False
Finegoldia,IL6,-0.10221437420751431,0.021995694031603723,0.07498532056228542,True
Finegoldia,IL7,0.012978861997488702,0.771752493020367,0.8609027781144564,False
Finegoldia,IL8,-0.07472711580741513,0.0944350580877247,0.21265037293361738,False
Finegoldia,IL10,-0.038721331799662986,0.38663978394604126,0.5552424321646362,False
Finegoldia,IFNB,0.006374261634994786,0.8867142855464142,0.9357109637217402,False
Finegoldia,EOTAXIN,-0.09825690626524183,0.027713236816128375,0.08911933001037133,True
Finegoldia,IL12P70,-0.0171794038025778,0.7009936697728365,0.8134815484012203,False
Finegoldia,IL13,-0.0949951631446761,0.03334465280660867,0.10127539879211649,True
Finegoldia,IL17A,0.027382479988130943,0.5404718753478682,0.6916120519005006,False
Finegoldia,IL31,-0.06916297516909327,0.12171580723744882,0.2548629025368017,False
Finegoldia,IL1RA,-0.03458772921956627,0.4393744920189371,0.6022409921532971,False
Finegoldia,SCF,-0.06615727843952947,0.1388187547181008,0.28098851748288645,False
Finegoldia,RANTES,-0.09938373887155334,0.025967847487453097,0.08509548330983573,True
Finegoldia,IFNG,-0.08196084942764531,0.06652462206504835,0.16454228329918874,False
Finegoldia,GMCSF,-0.12248000417019884,0.006001138319614563,0.02943596327659042,True
Finegoldia,TNFA,-0.10816549838619013,0.015326853467616497,0.05865832808593968,True
Finegoldia,HGF,-0.032683247680032224,0.4649932506950294,0.6265484253062552,False
Finegoldia,MIP1B,-0.08006487123934555,0.07308681226456908,0.17691498023438115,False
Finegoldia,IFNA,-0.14042604788187393,0.0016099692206479038,0.01074082765568544,True
Finegoldia,TGFB,0.004215134244525238,0.9249450652860863,0.955983171536732,False
Finegoldia,MCP1,-0.16273057450458162,0.00025085956439885803,0.0026632351014947257,True
Finegoldia,IL9,-0.04003662127486387,0.3707028982599345,0.5397533820857592,False
Finegoldia,VEGFD,-0.009214401136086157,0.8368364899144012,0.9037269309311028,False
Finegoldia,TNFB,-0.09841520312522364,0.027462113403126032,0.08888937604917979,True
Finegoldia,NGF,-0.07354931892871669,0.09975951784893412,0.22206004568746118,False
Finegoldia,EGF,-0.009558323905479307,0.8308366464345573,0.9011874051599468,False
Finegoldia,BDNF,-0.056968549624548684,0.20257350137269284,0.3643081359934228,False
Finegoldia,TRAIL,-0.08349338795447675,0.06158099831882471,0.15622020850111015,False
Finegoldia,GCSF,-0.08281110677143248,0.06374310652888375,0.15978730208049027,False
Finegoldia,GROA,-0.013961779657811577,0.754999457124785,0.850488206129707,False
Finegoldia,IL1A,-0.096760452193164,0.03018636302951759,0.09452295494091367,True
Finegoldia,IL23,-0.16067301058908184,0.0003009609432499422,0.0030931567687594074,True
Finegoldia,IL12P40,0.0797964431767258,0.07405716218971409,0.17833547601355282,False
Finegoldia,IL15,-0.0003266950865337108,0.9941743193745858,0.9975526939491012,False
Finegoldia,IL18,-0.06878660750116504,0.12376281301754272,0.2584180873514026,False
Finegoldia,MCSF,-0.10978893809731279,0.013848391769151844,0.05475716705035874,True
Finegoldia,MCP3,-0.039591615601228154,0.37604876967381806,0.5444043521118475,False
Finegoldia,MIG,-0.07377842137847403,0.0987055265246527,0.22055775989410623,False
Finegoldia,RESISTIN,-0.09131324876403235,0.040846990517382775,0.11652669073977295,False
Finegoldia,IL21,0.031175635360605723,0.48584700989612684,0.6449296591541507,False
Finegoldia,ICAM1,0.03721779693184536,0.40535953158707205,0.5715712344427814,False
Finegoldia,VCAM1,-0.13869762905684424,0.0018401306654694935,0.011867694305732516,True
Finegoldia,FGFB,-0.1269453698816817,0.0043898397096292265,0.0234482597937501,True
Finegoldia,IL22,0.08038282304791844,0.07195088158149925,0.1753519912756664,False
Finegoldia,PDGFBB,-0.08589477200937332,0.05444727122599835,0.14328229269999565,False
Finegoldia,VEGF,0.009064734215063715,0.839450456963332,0.9056716067005786,False
Finegoldia,LEPTIN,-0.11000709534706091,0.013659606572468798,0.05430969283728125,True
Finegoldia,PAI1,-0.05676755052089762,0.20417348543008282,0.36642481947120226,False
Finegoldia,CD40L,0.02227976809789135,0.6184815421674859,0.7514865876871726,False
Finegoldia,ENA78,0.01772726717595049,0.6919377704829175,0.8082667749681629,False
Frederiksenia,IL17F,0.22956049595409425,1.9910863701626093e-07,1.013676374540855e-05,True
Frederiksenia,FASL,0.06764154109709693,0.13015560112181865,0.2685634871803885,False
Frederiksenia,TGFA,0.18369740530330778,3.4604463087521315e-05,0.0005830099759310656,True
Frederiksenia,MIP1A,0.001348265163327054,0.9759609274662682,0.9885032264687752,False
Frederiksenia,SDF1A,0.08250355396147248,0.0647379642656426,0.16123810060805469,False
Frederiksenia,IL27,0.10659089422796579,0.0168914011718691,0.06286003781641862,True
Frederiksenia,LIF,0.05117216948411615,0.2524484996307132,0.4198446077549415,False
Frederiksenia,IL1B,0.020913988540319436,0.6401648198373799,0.7652355815536804,False
Frederiksenia,IL2,0.09744951770610795,0.02902502146016519,0.09181384339440009,True
Frederiksenia,IL4,0.023960078110070327,0.5922538928646801,0.7312747216730648,False
Frederiksenia,IL5,0.22584082702223426,3.1600489301732874e-07,1.4548740124065136e-05,True
Frederiksenia,IP10,-0.060240576710346494,0.1777964148137686,0.33504416186974306,False
Frederiksenia,IL6,-0.030762762093625298,0.4916447483976608,0.6492722822941535,False
Frederiksenia,IL7,0.07386695045587902,0.09830062842903778,0.21997012617662448,False
Frederiksenia,IL8,0.042459903604995464,0.3424243760288861,0.5141027532953527,False
Frederiksenia,IL10,0.022977649954792012,0.6075268870593994,0.7440084342444581,False
Frederiksenia,IFNB,0.16992736374476705,0.00013042770204146382,0.0015852033504134173,True
Frederiksenia,EOTAXIN,-0.043813029254334834,0.3272491003138245,0.4987357618028899,False
Frederiksenia,IL12P70,0.10691711352450671,0.016556246746683278,0.061936079945355785,True
Frederiksenia,IL13,0.09258754223347727,0.03810331068930357,0.11129421777968693,True
Frederiksenia,IL17A,0.05804044976898315,0.1941946439089087,0.3548153611695188,False
Frederiksenia,IL31,0.1400177410982881,0.0016618219776542782,0.010909448790775966,True
Frederiksenia,IL1RA,0.05471804346431259,0.22101332670490617,0.3847243953881429,False
Frederiksenia,SCF,-0.015342924995439515,0.731653436926285,0.8365351565545182,False
Frederiksenia,RANTES,0.04924003914961605,0.27082771861947835,0.43864468532935363,False
Frederiksenia,IFNG,0.04113302854425791,0.3577337431511818,0.5282188934025919,False
Frederiksenia,GMCSF,0.14796613909310158,0.0008832623592824049,0.006839042657596132,True
Frederiksenia,TNFA,0.08780027813790436,0.049288123544206267,0.1333273848054445,False
Frederiksenia,HGF,-0.14628511326732563,0.001012252826584853,0.007531161029791307,True
Frederiksenia,MIP1B,0.1603252440640469,0.0003103007052605109,0.003150432924588157,True
Frederiksenia,IFNA,0.10158882398114265,0.022824976445877342,0.07707780717017403,True
Frederiksenia,TGFB,0.23559665503556326,9.252246167407289e-08,5.5157621382620375e-06,True
Frederiksenia,MCP1,0.04816683667520072,0.28142214804404775,0.44941692388517335,False
Frederiksenia,IL9,0.051441188225418634,0.24995991717109145,0.41689871407660517,False
Frederiksenia,VEGFD,0.04618346370794704,0.301730953443997,0.4730441448127397,False
Frederiksenia,TNFB,0.06491762272120377,0.1463879386881568,0.29189704755571577,False
Frederiksenia,NGF,0.1720595239052635,0.00010689832030783823,0.0013618553135108158,True
Frederiksenia,EGF,-0.051390089199567536,0.25043129414385046,0.41753514441337564,False
Frederiksenia,BDNF,0.004090874004395993,0.9271514174053084,0.957158812413128,False
Frederiksenia,TRAIL,0.11798242272196528,0.008142671760234388,0.03693992554642918,True
Frederiksenia,GCSF,0.026888771054684183,0.5478004688007942,0.6974137216255031,False
Frederiksenia,GROA,0.10340304476886603,0.02049169144715775,0.07105595997366762,True
Frederiksenia,IL1A,0.08771909480098107,0.04949927192277546,0.13382070607029412,False
Frederiksenia,IL23,0.109445134222806,0.014150570287536097,0.0557156239094351,True
Frederiksenia,IL12P40,0.0023570216714764655,0.9579882017791498,0.9779681972059378,False
Frederiksenia,IL15,0.20584204618276594,3.3135839239445164e-06,9.570288972883232e-05,True
Frederiksenia,IL18,-0.0037941170270005334,0.9324228325031595,0.960089940464945,False
Frederiksenia,MCSF,0.06738565555453933,0.1316185167893296,0.2711679676873649,False
Frederiksenia,MCP3,-0.06308592234160389,0.15814289407685497,0.30870991979056356,False
Frederiksenia,MIG,0.04273561026112648,0.3392964923494757,0.5104266222662769,False
Frederiksenia,RESISTIN,0.015613648218675176,0.7271054206655061,0.8339072533375652,False
Frederiksenia,IL21,0.04371261299493987,0.3283600812629819,0.4993048979309568,False
Frederiksenia,ICAM1,-0.1649184336301407,0.00020620791934712943,0.0022829669805232446,True
Frederiksenia,VCAM1,-0.05246400434561535,0.24065444843060987,0.4064813604076774,False
Frederiksenia,FGFB,0.11467887580604885,0.01012577028530978,0.04347629900894781,True
Frederiksenia,IL22,0.14243566961956453,0.0013757312834908788,0.009491321169484548,True
Frederiksenia,PDGFBB,-0.001192455298993478,0.9787382615913391,0.9895918496194231,False
Frederiksenia,VEGF,0.04019955856595521,0.3687573495577199,0.5377708860497743,False
Frederiksenia,LEPTIN,0.13084208868806158,0.003315209880042765,0.019018041082196596,True
Frederiksenia,PAI1,0.09379002692342213,0.035659137579936225,0.10608764539136498,True
Frederiksenia,CD40L,-0.05519288078713059,0.2170261292857232,0.3805322402634287,False
Frederiksenia,ENA78,0.09104652443644375,0.04144192459103463,0.11771835635205316,False
Fusobacterium,IL17F,-0.023657977387854006,0.5969316835949671,0.7351456953242922,False
Fusobacterium,FASL,0.1344105197555913,0.0025469027178235716,0.015320954253401822,True
Fusobacterium,TGFA,0.05009037562041639,0.2626292889727284,0.43137626058749107,False
Fusobacterium,MIP1A,-3.082887241575211e-05,0.9994502496396083,0.9998141083214419,False
Fusobacterium,SDF1A,0.037333751845439786,0.4038969006514881,0.5698181395720326,False
Fusobacterium,IL27,0.12299660044083167,0.005790811687268536,0.028592958679214606,True
Fusobacterium,LIF,0.011846540882283875,0.7911838881269404,0.8740805606534267,False
Fusobacterium,IL1B,0.03661227434208269,0.4130485887789205,0.5786314258379724,False
Fusobacterium,IL2,0.017097252023199578,0.7023552939170514,0.814655055304138,False
Fusobacterium,IL4,0.10896334705008269,0.014583781400691602,0.05697875951363313,True
Fusobacterium,IL5,-0.036265966006764905,0.4174845389302564,0.5826239814002677,False
Fusobacterium,IP10,0.06697651780713369,0.13398394403006653,0.27446050208802175,False
Fusobacterium,IL6,0.10591502923612688,0.0176047200818537,0.06448620099431367,True
Fusobacterium,IL7,-0.08811700094394029,0.04847155489432491,0.13196295682588458,False
Fusobacterium,IL8,0.15130102375380158,0.0006711479975357094,0.005572925336680443,True
Fusobacterium,IL10,0.08318280747674237,0.06255758445787256,0.15783655329848476,False
Fusobacterium,IFNB,0.04135425313837208,0.3551518662494202,0.526780280082872,False
Fusobacterium,EOTAXIN,-0.12014845708596784,0.007038287934567578,0.03305862514721135,True
Fusobacterium,IL12P70,0.03283139113388695,0.4629712097179062,0.6250917901243507,False
Fusobacterium,IL13,0.1290349064912401,0.00377974625317716,0.02090226987311281,True
Fusobacterium,IL17A,0.10623114255191637,0.01726787627971319,0.0637266862703701,True
Fusobacterium,IL31,0.08271333313498246,0.06405800602346366,0.1602311608440592,False
Fusobacterium,IL1RA,0.019397279185871596,0.6646077486248572,0.7863385458911284,False
Fusobacterium,SCF,0.16077006170664065,0.0002984017340363406,0.00307664759039686,True
Fusobacterium,RANTES,0.10926291689662322,0.014313066060947698,0.056165195935364384,True
Fusobacterium,IFNG,0.16019607850268136,0.0003138380148313229,0.003172492976012286,True
Fusobacterium,GMCSF,0.10868111303792076,0.0148429377285516,0.05751638369813745,True
Fusobacterium,TNFA,-0.002507993966959888,0.9552999799852182,0.9762247715895214,False
Fusobacterium,HGF,-0.033512684097719646,0.4537353014659573,0.6156873516914446,False
Fusobacterium,MIP1B,0.00013332240573388186,0.9976225553350679,0.9992104712222938,False
Fusobacterium,IFNA,0.05475513049993898,0.22070003555191378,0.3845198222620574,False
Fusobacterium,TGFB,0.028613984825969795,0.522407127148185,0.6768693051373085,False
Fusobacterium,MCP1,-0.10325676001462514,0.020671822528242075,0.07146763922403394,True
Fusobacterium,IL9,0.13041027188085552,0.0034212313199280617,0.019377254126267344,True
Fusobacterium,VEGFD,0.011349842085401794,0.7997493597404224,0.8799892387110658,False
Fusobacterium,TNFB,0.1300869992529896,0.0035026066045081234,0.019728947054572874,True
Fusobacterium,NGF,-0.05733187877184675,0.19970449237478866,0.3616698673737726,False
Fusobacterium,EGF,0.03603041807458486,0.4205176608403013,0.5852760020674651,False
Fusobacterium,BDNF,0.1350923242577208,0.0024200591388220762,0.014729417533406616,True
Fusobacterium,TRAIL,0.060335629862633175,0.17711185833169762,0.33478461026113576,False
Fusobacterium,GCSF,0.07686548334351327,0.08535043039911538,0.19764915406169647,False
Fusobacterium,GROA,0.08314494457291106,0.06267750870967459,0.15796770487804165,False
Fusobacterium,IL1A,0.09055220838470165,0.04256385684769934,0.1198074663085968,False
Fusobacterium,IL23,0.05964880877785033,0.18210245228341845,0.3401910989253648,False
Fusobacterium,IL12P40,0.011861800727850322,0.7909211270098432,0.8739979183925312,False
Fusobacterium,IL15,0.06419103126225001,0.15096848142236757,0.298852038575568,False
Fusobacterium,IL18,0.17010180670439073,0.00012833340836491256,0.001570395654991693,True
Fusobacterium,MCSF,0.11928526770926305,0.00746122527951543,0.03441934280728844,True
Fusobacterium,MCP3,0.07633978989213364,0.08751573276921218,0.20079176725169,False
Fusobacterium,MIG,0.0736387905757852,0.0993468412204815,0.22135256908252945,False
Fusobacterium,RESISTIN,0.053886347180735414,0.2281226952903939,0.3941863425139641,False
Fusobacterium,IL21,0.040192128366308665,0.36884593161424395,0.5377708860497743,False
Fusobacterium,ICAM1,0.1092199619611756,0.014351610134722604,0.056268960477622344,True
Fusobacterium,VCAM1,0.07105764960583409,0.1118092022294422,0.23981217267846228,False
Fusobacterium,FGFB,0.09592327413206675,0.03165069362924212,0.09798650158187473,True
Fusobacterium,IL22,0.05447418793017939,0.22308120355961827,0.38715884856176025,False
Fusobacterium,PDGFBB,0.09236197568249217,0.03857727445765789,0.11253721846180001,True
Fusobacterium,VEGF,0.023078426387415786,0.6059521561291004,0.7422754283457105,False
Fusobacterium,LEPTIN,0.11696788691460236,0.008711224218893825,0.03879999292898112,True
Fusobacterium,PAI1,-0.05253922762995798,0.23997980966804153,0.4059960508891644,False
Fusobacterium,CD40L,0.04320207684972404,0.3340461963718544,0.5053073562554076,False
Fusobacterium,ENA78,0.11352757871193117,0.010911533716072792,0.04587579726920297,True
Gemella,IL17F,-0.02852170960086027,0.5237498985392974,0.6781504139482991,False
Gemella,FASL,0.059137223246839045,0.18588678056364832,0.3439608156072283,False
Gemella,TGFA,0.0095912765504045,0.8302622868612669,0.9011874051599468,False
Gemella,MIP1A,-0.019938549520370434,0.6558421673795204,0.7787707043704724,False
Gemella,SDF1A,-0.0009444030153558417,0.9831603472051202,0.9919061867007614,False
Gemella,IL27,0.0490884903283753,0.27230702404160567,0.4401208417773606,False
Gemella,LIF,-0.08352553118125786,0.0614806499716671,0.15605077640188428,False
Gemella,IL1B,0.06880216967593329,0.12367764514556828,0.25835626681351864,False
Gemella,IL2,-0.02208464220858545,0.6215597609052402,0.7533549505833498,False
Gemella,IL4,0.12117071411432963,0.006565263319810055,0.031243476399347197,True
Gemella,IL5,-0.05606952122783721,0.20980107138590837,0.3730081848824386,False
Gemella,IP10,-0.023248345011586003,0.6033011434799544,0.740393327311108,False
Gemella,IL6,0.04018571574691806,0.3689223927954366,0.5377708860497743,False
Gemella,IL7,-0.030269719428915355,0.49861647827719235,0.6540385399122551,False
Gemella,IL8,0.09307765031172215,0.03709048380140056,0.1090896582394134,True
Gemella,IL10,0.08508532752495353,0.05677090115420336,0.1478598880765176,False
Gemella,IFNB,0.01769261224105364,0.6925093157649052,0.8084781115507931,False
Gemella,EOTAXIN,-0.10852658322608853,0.014986539003777033,0.05766555737510286,True
Gemella,IL12P70,0.017812396605507604,0.6905345194522777,0.8081586949942979,False
Gemella,IL13,0.07742098183841707,0.0831095009393273,0.19361682333059715,False
Gemella,IL17A,0.14835619605795916,0.0008555889924835122,0.006655080350480834,True
Gemella,IL31,0.027892254683728992,0.5329564467465311,0.6859251252065789,False
Gemella,IL1RA,-0.05971401770284072,0.18162420882609684,0.33972347990400253,False
Gemella,SCF,0.132378016779718,0.002961839013139932,0.017280491105521562,True
Gemella,RANTES,-0.003808436290151282,0.9321684038654913,0.9600405488315691,False
Gemella,IFNG,0.08009773096077416,0.0729687422937627,0.17672117274270654,False
Gemella,GMCSF,0.022576774166774005,0.6138089065080489,0.7473961481398947,False
Gemella,TNFA,-0.031033787107341813,0.4878347337077348,0.6462767839717853,False
Gemella,HGF,-0.1140750161878681,0.010531409085237173,0.0446002297325618,True
Gemella,MIP1B,-0.05128098595787539,0.2514398171677911,0.4186162369603397,False
Gemella,IFNA,0.009441012395153653,0.8328820974879438,0.9026128826645566,False
Gemella,TGFB,-0.02268418754687713,0.6121228593956345,0.7463197011880717,False
Gemella,MCP1,0.023477681454638796,0.5997313852941824,0.7374676731066709,False
Gemella,IL9,0.0942805138551551,0.034701163709347574,0.10423799176257509,True
Gemella,VEGFD,0.1053777786849753,0.01819038632240599,0.06587639906478805,True
Gemella,TNFB,0.06467696732653662,0.1478931753011026,0.29414168740381824,False
Gemella,NGF,-0.07184863793041914,0.1078658861420911,0.2342720086691843,False
Gemella,EGF,0.08033910446051923,0.07210621257072425,0.17536396733729245,False
Gemella,BDNF,0.084678668280669,0.057968974097743715,0.1503378302032952,False
Gemella,TRAIL,-0.00934552511185802,0.8345478537072994,0.9035707791314437,False
Gemella,GCSF,0.06079065342391769,0.17386195425298356,0.33052252137218874,False
Gemella,GROA,0.050016979653978944,0.263330116371481,0.43191712209078903,False
Gemella,IL1A,0.03523449654195857,0.4308616330563415,0.5948300078593276,False
Gemella,IL23,0.010344559694048171,0.8171579179003333,0.8917588167652076,False
Gemella,IL12P40,-0.11430478472888674,0.010375395441012309,0.04422143794748601,True
Gemella,IL15,0.009301845771763188,0.835310078179519,0.9037269309311028,False
Gemella,IL18,0.03897151426588713,0.3835767322390635,0.5523790043083447,False
Gemella,MCSF,0.03620189311957265,0.4183083223547449,0.5834234249998691,False
Gemella,MCP3,0.13470031886669698,0.0024922652442686587,0.015089887221157894,True
Gemella,MIG,0.004076470061243956,0.9274072087977884,0.957158812413128,False
Gemella,RESISTIN,-0.0843664506665332,0.058902960652167054,0.15166044686189192,False
Gemella,IL21,-0.015433435422519945,0.7301318510665654,0.83545997801461,False
Gemella,ICAM1,0.1058987136411622,0.017622260419634828,0.06448620099431367,True
Gemella,VCAM1,0.01264688306504129,0.7774352995362094,0.8644366673465742,False
Gemella,FGFB,0.023282045557096447,0.6027759776090336,0.7402096545678684,False
Gemella,IL22,0.02870954685233955,0.5210183882624435,0.6759864691463064,False
Gemella,PDGFBB,0.023445344466850256,0.6002341520961454,0.7377977285876489,False
Gemella,VEGF,0.01352095438694531,0.7624992877882087,0.8553972709807408,False
Gemella,LEPTIN,0.02495105348829607,0.5770284542998831,0.7198977913335245,False
Gemella,PAI1,-0.0611371637382734,0.17141702744667214,0.327078037598287,False
Gemella,CD40L,0.03560915472366705,0.4259742718666506,0.5900447912362006,False
Gemella,ENA78,0.16092425421497952,0.0002943774760553202,0.003048675420172024,True
Glutamicibacter,IL17F,0.13526741800280415,0.0023884284864578408,0.014575330389290316,True
Glutamicibacter,FASL,0.024174347815888578,0.5889462955908382,0.728544898775578,False
Glutamicibacter,TGFA,0.0993385466453608,0.02603597874244501,0.08525866278335867,True
Glutamicibacter,MIP1A,0.008269204733559946,0.8533735385066954,0.9153833804051058,False
Glutamicibacter,SDF1A,0.039442248252162325,0.3778537085175129,0.5463369852631949,False
Glutamicibacter,IL27,0.08395824029357231,0.06014286087207904,0.15374618089893763,False
Glutamicibacter,LIF,0.08904252121788031,0.0461500551475093,0.12720673173439137,False
Glutamicibacter,IL1B,0.004654219639215232,0.9171534327994328,0.9528011264679017,False
Glutamicibacter,IL2,0.028787079173965932,0.5198930572212956,0.6749030474815815,False
Glutamicibacter,IL4,-0.024517181134522965,0.5836718689931615,0.7241402229429438,False
Glutamicibacter,IL5,0.20167312865293247,5.2592730947203225e-06,0.00013363726716092623,True
Glutamicibacter,IP10,-0.03192208690959719,0.47545931914534456,0.636043105300878,False
Glutamicibacter,IL6,-0.005435016922789678,0.9033181257394374,0.946255752351517,False
Glutamicibacter,IL7,0.07922100552441028,0.07617272114503264,0.18154954040205115,False
Glutamicibacter,IL8,-0.0006409561088412015,0.988570653505872,0.9941081887857056,False
Glutamicibacter,IL10,-0.009921817775918966,0.824506054510735,0.8972509135209262,False
Glutamicibacter,IFNB,0.07588959820265835,0.08940497485465282,0.20399074243088106,False
Glutamicibacter,EOTAXIN,0.02703032589682173,0.5456942357374166,0.6955806458823978,False
Glutamicibacter,IL12P70,0.06508902878830128,0.14532298458739323,0.29052101389999074,False
Glutamicibacter,IL13,0.04932468800139239,0.2700038347479229,0.4380732140885699,False
Glutamicibacter,IL17A,0.02567854801070079,0.5659695458487835,0.7107097996750859,False
Glutamicibacter,IL31,0.1665891676644734,0.00017724649951560077,0.0020200887812439794,True
Glutamicibacter,IL1RA,0.07970668925972846,0.07438394933872118,0.17875212631785709,False
Glutamicibacter,SCF,-0.02047862377209367,0.64714280183561,0.7710534288699226,False
Glutamicibacter,RANTES,0.07234781574336191,0.1054343776496439,0.23049828682221166,False
Glutamicibacter,IFNG,-0.0056389664671667675,0.8997088931462739,0.9443896959661792,False
Glutamicibacter,GMCSF,0.06669242710529477,0.13564560331601005,0.2772874776550919,False
Glutamicibacter,TNFA,0.054324660409806415,0.22435599246301108,0.38854948415381807,False
Glutamicibacter,HGF,-0.08932861371647315,0.04545161331685982,0.12550475173598466,False
Glutamicibacter,MIP1B,0.10687059540436294,0.016603680186076403,0.06201374527329741,True
Glutamicibacter,IFNA,0.07665387216084425,0.08621679501017594,0.1990125673178489,False
Glutamicibacter,TGFB,0.15362085022018232,0.0005525989419484147,0.004811957078764285,True
Glutamicibacter,MCP1,0.0442885365024215,0.3220212896706777,0.49376524308803804,False
Glutamicibacter,IL9,0.012862502528372892,0.7737429592501928,0.862186618862544,False
Glutamicibacter,VEGFD,0.06494123316260987,0.14624089335500334,0.2917413572236795,False
Glutamicibacter,TNFB,0.033994779951181046,0.44726289966252264,0.6105324053341017,False
Glutamicibacter,NGF,0.14789289292610872,0.0008885503250262315,0.0068520049939833775,True
Glutamicibacter,EGF,-0.017960333928084674,0.6880984828267156,0.8065686778785549,False
Glutamicibacter,BDNF,0.0019077275582161783,0.9659910598896427,0.9816124188126832,False
Glutamicibacter,TRAIL,0.08365554723116987,0.061076127490503215,0.15536323459017504,False
Glutamicibacter,GCSF,0.028804434436787093,0.5196413282167418,0.6749030474815815,False
Glutamicibacter,GROA,0.07844637133777206,0.07909795140553473,0.18613637349986667,False
Glutamicibacter,IL1A,0.05800498178180667,0.19446777085639766,0.3550353884893008,False
Glutamicibacter,IL23,0.1314800528155029,0.003164028038200259,0.018231388324202236,True
Glutamicibacter,IL12P40,-0.041616021600604736,0.3521119946616845,0.5234401455168903,False
Glutamicibacter,IL15,0.15061890887690688,0.000710251798551452,0.005784012019727236,True
Glutamicibacter,IL18,0.004787845962818765,0.9147837537713798,0.9519870825853105,False
Glutamicibacter,MCSF,0.054999382000787696,0.21864466061349555,0.38250476743895945,False
Glutamicibacter,MCP3,-0.06271407566893906,0.16061394065408452,0.31157411276185487,False
Glutamicibacter,MIG,-0.01073226822799967,0.8104327741095766,0.8865002116230372,False
Glutamicibacter,RESISTIN,0.062002928632118814,0.16542059802361764,0.31904014135620984,False
Glutamicibacter,IL21,0.04582288328542688,0.3055250923774999,0.4770623504215496,False
Glutamicibacter,ICAM1,-0.15341538735021876,0.000562255563930432,0.004850627777878495,True
Glutamicibacter,VCAM1,-0.03353351991971902,0.45345448445115655,0.6156873516914446,False
Glutamicibacter,FGFB,0.10383122334954677,0.019972265738442282,0.07033575687609023,True
Glutamicibacter,IL22,0.07576524342456331,0.08993256535615715,0.20499334750300527,False
Glutamicibacter,PDGFBB,0.04835714050436232,0.27952333824068154,0.44757286732477264,False
Glutamicibacter,VEGF,-0.00211124552696089,0.9623655121168411,0.9804915889896748,False
Glutamicibacter,LEPTIN,0.09682321961807862,0.03007895266377621,0.09425008752463569,True
Glutamicibacter,PAI1,0.10998795024493953,0.013676082832926158,0.05430969283728125,True
Glutamicibacter,CD40L,-0.08770517278759088,0.04953555733529725,0.13384098873279035,False
Glutamicibacter,ENA78,0.06307644203959938,0.15820553523890601,0.30870991979056356,False
Gordonia,IL17F,0.060627568864363095,0.1750216039123411,0.33191291117144617,False
Gordonia,FASL,0.11921469097826021,0.007496790806507459,0.03454913503494518,True
Gordonia,TGFA,0.018646979845638113,0.6768342429330245,0.7959735026905826,False
Gordonia,MIP1A,0.0038384791899680522,0.9316346157795754,0.9599160122701142,False
Gordonia,SDF1A,0.10323346575002408,0.020700633127662172,0.07151407432661894,True
Gordonia,IL27,0.04344928671461888,0.33128502729069975,0.5026020805552215,False
Gordonia,LIF,-0.04925763355032746,0.2706563317679594,0.43851984066934185,False
Gordonia,IL1B,0.150674212631829,0.0007070044359090309,0.005767667766626305,True
Gordonia,IL2,0.06325662625900416,0.1570181688279849,0.307295658691132,False
Gordonia,IL4,0.11859858282545759,0.007813758688437046,0.0357970225627904,True
Gordonia,IL5,0.04228699807124899,0.34439533275577305,0.5154974653169446,False
Gordonia,IP10,0.010195401909898242,0.8197487980420712,0.8933283128417229,False
Gordonia,IL6,0.06050972227056093,0.17586315384032705,0.3331012893513323,False
Gordonia,IL7,0.05317041580804861,0.23437134605822094,0.40111400779194967,False
Gordonia,IL8,0.1113680447874654,0.012532255407741642,0.05102888585463978,True
Gordonia,IL10,0.09180374225008521,0.03977176480095929,0.11444226876513658,False
Gordonia,IFNB,0.047435214124904056,0.28880325116542455,0.4584961140045149,False
Gordonia,EOTAXIN,-0.013118301932884536,0.769369180657173,0.8595787337952557,False
Gordonia,IL12P70,-0.005582725225659762,0.9007039739216313,0.9452208257132895,False
Gordonia,IL13,0.03586141908741984,0.42270176714898333,0.587519975965858,False
Gordonia,IL17A,0.10562243957918523,0.01792160052329209,0.06520770143451347,True
Gordonia,IL31,0.14125399865047178,0.0015093531858122178,0.010229747087428583,True
Gordonia,IL1RA,0.05736052694765701,0.19947953860435172,0.36148864166416034,False
Gordonia,SCF,0.06256245055421406,0.16162984879822856,0.31328836886692907,False
Gordonia,RANTES,0.09089038241068095,0.04179358558052692,0.11831691987158147,False
Gordonia,IFNG,0.05563947514999106,0.21332341350187473,0.3767390325802193,False
Gordonia,GMCSF,-0.08013934539442992,0.07281943867882104,0.17654347750600513,False
Gordonia,TNFA,0.1145965282082744,0.010180257257179075,0.04364947140374803,True
Gordonia,HGF,-0.07348954638845474,0.10003596981873938,0.22235528664299145,False
Gordonia,MIP1B,0.06632023709859483,0.13784651688977131,0.2795815815459067,False
Gordonia,IFNA,0.10708133081550467,0.016389745673432123,0.06164171899559478,True
Gordonia,TGFB,0.10380199683516897,0.020007352637488554,0.07033575687609023,True
Gordonia,MCP1,-0.024704522150842585,0.5807989632339429,0.7224478896338175,False
Gordonia,IL9,0.1099628902194888,0.013697675917666017,0.05430969283728125,True
Gordonia,VEGFD,0.04318002558349313,0.3342932110268949,0.5055010782767538,False
Gordonia,TNFB,0.1020175402430321,0.022253770170527633,0.07556713928777298,True
Gordonia,NGF,0.057874472703869057,0.19547519654326326,0.3563150387793705,False
Gordonia,EGF,0.17351926904838966,9.315910306837636e-05,0.0012237000826778252,True
Gordonia,BDNF,0.12766459889071388,0.004170465356059347,0.022523419170355358,True
Gordonia,TRAIL,0.07772466298667693,0.08190466307706012,0.19138526799413547,False
Gordonia,GCSF,0.03228502263425237,0.47045290170395915,0.6309795191587568,False
Gordonia,GROA,0.10370493159712685,0.02012426619283404,0.07046543984545312,True
Gordonia,IL1A,0.12562070403030268,0.0048213455921724884,0.024993597551395845,True
Gordonia,IL23,0.06191757723431092,0.16600466802905658,0.31964756990237764,False
Gordonia,IL12P40,-0.09037999030130901,0.04296070225080739,0.12055960498868702,False
Gordonia,IL15,0.11158306727055083,0.012361863597394133,0.05051200854822735,True
Gordonia,IL18,0.07063946234111707,0.1139393362405311,0.243258913461189,False
Gordonia,MCSF,0.12983983321088496,0.0035660042878734575,0.02002647335581108,True
Gordonia,MCP3,0.06118604196316826,0.17107422526173482,0.3267971406240765,False
Gordonia,MIG,-0.06761792364394638,0.13029009448500112,0.26866915270743025,False
Gordonia,RESISTIN,-0.09392600522684356,0.03539133018702313,0.10583259509302737,True
Gordonia,IL21,0.1127640737039298,0.01146197825283833,0.0473916134973116,True
Gordonia,ICAM1,-0.08626869708045001,0.05340088302915778,0.1414236573648488,False
Gordonia,VCAM1,-0.08252545330467655,0.0646667053939534,0.16120096941337078,False
Gordonia,FGFB,0.07218035998018195,0.10624517920309524,0.2317261178679141,False
Gordonia,IL22,-0.01107962045146647,0.8044194562490554,0.8826687827536095,False
Gordonia,PDGFBB,0.004726376400258456,0.9158737394035095,0.9521345913186292,False
Gordonia,VEGF,0.1039720361702696,0.01980396719972868,0.07002923762641701,True
Gordonia,LEPTIN,-0.07649590404967024,0.08686814343749631,0.19967220315588624,False
Gordonia,PAI1,-0.031094258718097786,0.48698680865015154,0.6457641653879896,False
Gordonia,CD40L,0.09902286736336559,0.02651620374524856,0.08664817105790991,True
Gordonia,ENA78,0.11551659965968415,0.00958601505913067,0.041658850490614595,True
Granulicatella,IL17F,-0.008077130669295999,0.8567421606602643,0.9177265715434759,False
Granulicatella,FASL,0.07350953179688,0.09994346828117974,0.2222559194201271,False
Granulicatella,TGFA,0.022919234232174863,0.6084405228947348,0.7443431811261555,False
Granulicatella,MIP1A,0.0464948722225407,0.29847948747325537,0.4696885335873561,False
Granulicatella,SDF1A,0.0071148473652342895,0.8736568117891226,0.9268775210630663,False
Granulicatella,IL27,0.102771980406991,0.02127864107420314,0.07302264280077093,True
Granulicatella,LIF,-0.020800361490035404,0.6419829976924347,0.7666206829146948,False
Granulicatella,IL1B,0.09365355963614544,0.03592963882764852,0.10648363323681684,True
Granulicatella,IL2,0.040689247708416906,0.36294844447717445,0.5324007150848142,False
Granulicatella,IL4,0.053678436825686876,0.22992501985264405,0.39671663907784593,False
Granulicatella,IL5,0.0043273381502615185,0.9229532781394303,0.955204260705175,False
Granulicatella,IP10,0.0755582477230029,0.09081630842275357,0.20650163039892622,False
Granulicatella,IL6,0.07676440269595361,0.08576338873634137,0.19830917833117223,False
Granulicatella,IL7,0.026582694174078766,0.5523683240536712,0.7013144994153659,False
Granulicatella,IL8,0.07281477672879463,0.10319924609155547,0.22748582863430655,False
Granulicatella,IL10,0.0408965212507402,0.36050697351041905,0.5301573139859104,False
Granulicatella,IFNB,0.013386916984140513,0.7647841387494092,0.8564835113745947,False
Granulicatella,EOTAXIN,-0.06019140155031679,0.17815133578118683,0.33525038906617516,False
Granulicatella,IL12P70,0.02386419861979135,0.593736693846624,0.732613153558638,False
Granulicatella,IL13,0.039464313127792486,0.3775867444794324,0.546120796836504,False
Granulicatella,IL17A,0.09052889193019885,0.04261740382570472,0.11988561874744522,False
Granulicatella,IL31,0.08281796727249462,0.06372105886386156,0.15978730208049027,False
Granulicatella,IL1RA,0.03838532987041862,0.3907768833252254,0.5592836280277926,False
Granulicatella,SCF,0.1750221688730387,8.076211039449859e-05,0.00111768992063815,True
Granulicatella,RANTES,0.02539517186388231,0.5702651740306681,0.7141753458773517,False
Granulicatella,IFNG,0.08637993383768856,0.053092850249482106,0.1409142429566734,False
Granulicatella,GMCSF,0.038642359025860405,0.38760975070105086,0.5559485936952149,False
Granulicatella,TNFA,0.027387878443521137,0.5403920118858638,0.6916120519005006,False
Granulicatella,HGF,0.005831192235189728,0.8963090231562076,0.942523056914601,False
Granulicatella,MIP1B,-0.08542024872815224,0.055799670437192965,0.1456869553806554,False
Granulicatella,IFNA,0.033209022907627304,0.4578390101342915,0.6199625501236038,False
Granulicatella,TGFB,0.01644771259624449,0.713154318804855,0.8234833827768999,False
Granulicatella,MCP1,-0.006326005536744318,0.8875662066580481,0.936293752486371,False
Granulicatella,IL9,0.10183949647799934,0.022489466972017265,0.07616607532402059,True
Granulicatella,VEGFD,0.1161025072373285,0.009223861671191373,0.040539656683402536,True
Granulicatella,TNFB,0.06238462271970705,0.16282747291874217,0.3150843733134212,False
Granulicatella,NGF,-0.015573204721672472,0.7277842471755135,0.8339568135451301,False
Granulicatella,EGF,0.13760694865913523,0.002000490730404938,0.012725419830893245,True
Granulicatella,BDNF,0.1264738521021458,0.00453926345756113,0.02387843259144707,True
Granulicatella,TRAIL,0.0468710504357803,0.2945829704193598,0.46528899879416546,False
Granulicatella,GCSF,0.11804385109911629,0.008109334958786516,0.036825757684304725,True
Granulicatella,GROA,0.061279184372128266,0.17042239837235343,0.32584874688792903,False
Granulicatella,IL1A,0.059792194860819624,0.18105208159661773,0.3391976887070842,False
Granulicatella,IL23,0.018171633009911498,0.6846246817850332,0.8033067802928096,False
Granulicatella,IL12P40,-0.10074294607459561,0.023989328007783858,0.0801338410032856,True
Granulicatella,IL15,0.038327575385797404,0.39149068902122597,0.5595111796721053,False
Granulicatella,IL18,0.0919754657281273,0.03940102798921515,0.11372736198004374,True
Granulicatella,MCSF,0.06292547964790475,0.15920554615021706,0.3098810337373417,False
Granulicatella,MCP3,0.11893141132746847,0.007641073019910678,0.03510967346105203,True
Granulicatella,MIG,0.005235348808831883,0.9068535223186385,0.9479681040220672,False
Granulicatella,RESISTIN,-0.014945945897235727,0.7383394816144223,0.8416961484449776,False
Granulicatella,IL21,0.07911191926801381,0.07657925876023004,0.18195889281301467,False
Granulicatella,ICAM1,0.11611530147090783,0.009216091155980675,0.040539656683402536,True
Granulicatella,VCAM1,-0.009909720985286563,0.8247165510837258,0.8972699959146758,False
Granulicatella,FGFB,0.058610419293251975,0.1898439353928018,0.34921086760587344,False
Granulicatella,IL22,-0.05219755489025798,0.24305480672530147,0.409049891882972,False
Granulicatella,PDGFBB,0.10702236508209369,0.016449361913350894,0.061687287789258756,True
Granulicatella,VEGF,0.07177874332800042,0.10820984918661852,0.23490933646955003,False
Granulicatella,LEPTIN,0.04951651091052568,0.2681431775226364,0.4365450178000288,False
Granulicatella,PAI1,-0.03649416725644453,0.4145583148513481,0.5799326606674996,False
Granulicatella,CD40L,0.04898929015277886,0.27327832171954436,0.44115460668769907,False
Granulicatella,ENA78,0.0880580841355885,0.048622589651435205,0.1322966892212836,False
Haemophilus,IL17F,0.0586011718717285,0.18991394694153055,0.34921086760587344,False
Haemophilus,FASL,0.08795350647969959,0.04889164747804945,0.13279565465708526,False
Haemophilus,TGFA,0.0463535047712839,0.29995262536763806,0.4709790760811424,False
Haemophilus,MIP1A,0.018217729291157638,0.6838677291112429,0.8030265000927475,False
Haemophilus,SDF1A,0.027743071725856848,0.5351503323673417,0.6872270216813419,False
Haemophilus,IL27,0.06803484281472234,0.1279316381416675,0.26521717225089336,False
Haemophilus,LIF,-0.001662685718052238,0.9703572534516728,0.9843543238147275,False
Haemophilus,IL1B,0.10599712858258799,0.0175166892435592,0.06438941105339943,True
Haemophilus,IL2,0.05169329329414061,0.24764335109045169,0.4136284420153018,False
Haemophilus,IL4,0.15843671371163107,0.0003659225877402479,0.003524647975032979,True
Haemophilus,IL5,0.05691764877121799,0.20297781625236022,0.36455056592657636,False
Haemophilus,IP10,-0.023504697982450622,0.59931148536622,0.737443346640096,False
Haemophilus,IL6,0.058483003696434464,0.19081025952972347,0.35069869834514394,False
Haemophilus,IL7,0.028504085000941884,0.5240065689123969,0.6781604635242543,False
Haemophilus,IL8,0.09394773613506771,0.035348690438178815,0.10577310845400997,True
Haemophilus,IL10,0.09826845917804687,0.027694842627275614,0.08911933001037133,True
Haemophilus,IFNB,0.048817246401029184,0.27496844633409434,0.44286753141056345,False
Haemophilus,EOTAXIN,-0.010773134347140315,0.8097247183755361,0.88593410363441,False
Haemophilus,IL12P70,0.045299015825011495,0.3110933649480659,0.4823555008364476,False
Haemophilus,IL13,0.09199600037136642,0.03935689182307393,0.11369471429710178,True
Haemophilus,IL17A,0.11231765056092471,0.01179508556995261,0.04849438364304123,True
Haemophilus,IL31,0.09559068394894046,0.032249069783677496,0.09921818927822705,True
Haemophilus,IL1RA,-0.004938631023634584,0.9121106957445899,0.9514679302249592,False
Haemophilus,SCF,0.0989319931126401,0.02665585196428411,0.08704333682157382,True
Haemophilus,RANTES,0.007655574465938114,0.8641445177886062,0.9212337784842575,False
Haemophilus,IFNG,0.11961735639705497,0.007295893765676405,0.03392590601039528,True
Haemophilus,GMCSF,0.032344933578036056,0.46962927631870255,0.630265211555273,False
Haemophilus,TNFA,0.0804849360649461,0.0715891410760796,0.17478975235336364,False
Haemophilus,HGF,-0.04956086539906741,0.2677141979677866,0.4365450178000288,False
Haemophilus,MIP1B,0.025857290103309654,0.563268028555529,0.7090630199644233,False
Haemophilus,IFNA,0.0642615473847484,0.1505192218521689,0.2982279274828809,False
Haemophilus,TGFB,0.07263465716117035,0.10405690595499503,0.22889891179737404,False
Haemophilus,MCP1,0.10693391465863797,0.016539144212321947,0.061936079945355785,True
Haemophilus,IL9,0.08686775639859518,0.05175941486931257,0.13808449749988724,False
Haemophilus,VEGFD,0.1465185966543998,0.0009933527223158043,0.007450663118020653,True
Haemophilus,TNFB,0.05696888032801127,0.20257087644818167,0.3643081359934228,False
Haemophilus,NGF,0.056908475272619205,0.2030507453225447,0.36455056592657636,False
Haemophilus,EGF,0.08001122924016206,0.07327989093423591,0.17719786419355016,False
Haemophilus,BDNF,0.01297314499841665,0.7718502541847675,0.8609027781144564,False
Haemophilus,TRAIL,0.02549576380830668,0.568738553097497,0.7130316181998817,False
Haemophilus,GCSF,0.1225999427096186,0.005951704133618808,0.029255205307957145,True
Haemophilus,GROA,0.05805580139926684,0.1940765132878103,0.3547389099010684,False
Haemophilus,IL1A,0.08165664720834818,0.06754367925282476,0.16697400772229404,False
Haemophilus,IL23,0.10053772207760726,0.024279440498983246,0.0808156036651912,True
Haemophilus,IL12P40,-0.038349837251638486,0.3912154542713864,0.5595111796721053,False
Haemophilus,IL15,0.054684479335800486,0.22129713213528412,0.3848952471589011,False
Haemophilus,IL18,0.090321811992148,0.04309546629693296,0.12086484817897362,False
Haemophilus,MCSF,0.0732922737311325,0.10095269317722975,0.22353810632100876,False
Haemophilus,MCP3,0.1320294257955522,0.003038890457102681,0.017663550781909333,True
Haemophilus,MIG,-0.0022544872877074797,0.9598142087160539,0.9786260734189776,False
Haemophilus,RESISTIN,-0.08279916673330641,0.06378149333710202,0.15979738363013166,False
Haemophilus,IL21,0.0039018159197447624,0.9305093793367316,0.9596071443592374,False
Haemophilus,ICAM1,0.03307925573417978,0.4595990101491312,0.6213938451866454,False
Haemophilus,VCAM1,-0.019084153659463678,0.6696997031774343,0.7903816293845355,False
Haemophilus,FGFB,0.05250747945231419,0.24026438039432044,0.40611754592278815,False
Haemophilus,IL22,0.04614852463508544,0.30209721901499825,0.47329921442713674,False
Haemophilus,PDGFBB,-0.03669923231957197,0.411939110417607,0.5776588852357879,False
Haemophilus,VEGF,0.07502230398527232,0.09313683468399285,0.21023605887406155,False
Haemophilus,LEPTIN,-0.0016171320379584294,0.9711690375612119,0.9849369737534647,False
Haemophilus,PAI1,-0.0303439828960456,0.4975630355465964,0.6535250306495026,False
Haemophilus,CD40L,0.0092246147252833,0.8366581723427937,0.9037269309311028,False
Haemophilus,ENA78,0.0984104124205633,0.027469684598423947,0.08888937604917979,True
Kitasatospora,IL17F,-0.07846863673409728,0.07901261764573042,0.18602970736842858,False
Kitasatospora,FASL,0.06866829718074471,0.12441178878317712,0.25928883567059285,False
Kitasatospora,TGFA,0.033698381148834666,0.45123600029285993,0.613484748266092,False
Kitasatospora,MIP1A,0.03145308593861936,0.4819717492693917,0.6416171297173408,False
Kitasatospora,SDF1A,-0.02985891960241568,0.504465051885276,0.660592084276692,False
Kitasatospora,IL27,0.10855166966045192,0.014963144070080592,0.05766555737510286,True
Kitasatospora,LIF,0.058421661343793486,0.19127676719609454,0.3510011710583424,False
Kitasatospora,IL1B,0.041902869952226925,0.3487997939034442,0.520105754457855,False
Kitasatospora,IL2,0.08322311929314881,0.062430111706887004,0.15760044486266264,False
Kitasatospora,IL4,0.021347442310481225,0.6332488415809785,0.7605664291479659,False
Kitasatospora,IL5,0.0046499510319344935,0.9172291428875426,0.9528011264679017,False
Kitasatospora,IP10,0.06730629064828479,0.13207482377431487,0.27198756888864667,False
Kitasatospora,IL6,0.08242158034049585,0.06500527415603348,0.16164413092275703,False
Kitasatospora,IL7,0.010793956386146027,0.809364010626752,0.8857478581817831,False
Kitasatospora,IL8,0.08345918235222317,0.061687933659043986,0.15632092180629675,False
Kitasatospora,IL10,0.043899204713263584,0.32629761849151806,0.49811390560644575,False
Kitasatospora,IFNB,0.012420362340702025,0.7813197206583973,0.8665398147266682,False
Kitasatospora,EOTAXIN,-0.14034186487712652,0.0016205369118057473,0.010759921051111301,True
Kitasatospora,IL12P70,0.05185902388480647,0.2461286578662685,0.411417980431988,False
Kitasatospora,IL13,0.002379020867673095,0.9575964523886145,0.9777829388684799,False
Kitasatospora,IL17A,-0.07783951707907293,0.08145268353002214,0.19042482574892053,False
Kitasatospora,IL31,0.15951023663410002,0.00033325930555999064,0.003311230279602471,True
Kitasatospora,IL1RA,0.10496379046978234,0.018653215926863774,0.06697872900379656,True
Kitasatospora,SCF,0.08400995239107832,0.05998460665322672,0.15349684946245085,False
Kitasatospora,RANTES,0.04604300728069991,0.30320514510384716,0.4745553432288419,False
Kitasatospora,IFNG,0.06476999828578943,0.14730989894314184,0.2932324615092507,False
Kitasatospora,GMCSF,-0.034422526681530674,0.44156425306621727,0.6046153641807746,False
Kitasatospora,TNFA,0.003546355356521961,0.9368261983788901,0.9628380799190202,False
Kitasatospora,HGF,-0.008241670680759714,0.8538562724766152,0.9156899601052262,False
Kitasatospora,MIP1B,-0.1253896988783072,0.00490039752656456,0.025262581483952554,True
Kitasatospora,IFNA,0.04933609107273921,0.2698929802383042,0.4380732140885699,False
Kitasatospora,TGFB,0.07132100861977807,0.11048387804798145,0.23805580905264911,False
Kitasatospora,MCP1,-0.05530648322726865,0.21607990837598137,0.3798713065717583,False
Kitasatospora,IL9,0.07246128116894007,0.10488777865923794,0.2298436243004036,False
Kitasatospora,VEGFD,0.0827469613464924,0.06394955548352413,0.16004598116167232,False
Kitasatospora,TNFB,0.03719980326506228,0.4055867824371331,0.5716818849144192,False
Kitasatospora,NGF,0.027159150345152684,0.5437809087665129,0.6943780553416431,False
Kitasatospora,EGF,0.05928195516457683,0.18481033002028704,0.3434896452333104,False
Kitasatospora,BDNF,0.016319956403471583,0.7152851939834122,0.8253290699808602,False
Kitasatospora,TRAIL,0.01587330157547436,0.7227523580543607,0.8306471737401822,False
Kitasatospora,GCSF,0.1339895314423448,0.00262822119751228,0.01566824175440013,True
Kitasatospora,GROA,0.01248094532129,0.7802802946099913,0.866150243479699,False
Kitasatospora,IL1A,0.053043878993264855,0.2354882122693768,0.4018422704780191,False
Kitasatospora,IL23,0.10928766978723686,0.014290896312352596,0.056165195935364384,True
Kitasatospora,IL12P40,-0.05311541886355343,0.23485631130292176,0.4015006792494802,False
Kitasatospora,IL15,0.011927833019298818,0.7897843824277819,0.8733644181424937,False
Kitasatospora,IL18,0.1136630590636494,0.01081634507942901,0.04551674626185059,True
Kitasatospora,MCSF,0.08838764444256406,0.047782791170293965,0.13062315046553025,False
Kitasatospora,MCP3,0.05640088752373515,0.20711575583226285,0.3699159185575124,False
Kitasatospora,MIG,-0.05775199245464038,0.19642411099047183,0.357484194170526,False
Kitasatospora,RESISTIN,-0.00731403911716854,0.8701505017371857,0.9246343311421191,False
Kitasatospora,IL21,0.055273164349404026,0.21635712155956258,0.3798713065717583,False
Kitasatospora,ICAM1,0.038229310697031525,0.3927069847986482,0.5603214112653312,False
Kitasatospora,VCAM1,-0.046576528120178366,0.2976307798349757,0.46869416184314366,False
Kitasatospora,FGFB,0.13990342770956418,0.00167661120806316,0.010965178786910963,True
Kitasatospora,IL22,-0.16729095703238878,0.0001662577037293172,0.0019183581199536599,True
Kitasatospora,PDGFBB,-0.0502150220958098,0.2614420362193608,0.4298817073621032,False
Kitasatospora,VEGF,-0.047051122766538625,0.2927298348291067,0.46314859882795034,False
Kitasatospora,LEPTIN,-0.018874287145282644,0.6731210001125525,0.7931696775905576,False
Kitasatospora,PAI1,-0.10692879413378421,0.01654435495603279,0.061936079945355785,True
Kitasatospora,CD40L,0.04264678059789305,0.3403022609143759,0.5114432815940038,False
Kitasatospora,ENA78,-0.10854134313813672,0.014972770419725182,0.05766555737510286,True
Klebsiella,IL17F,0.11739556881889279,0.008467371354095199,0.037943719879584586,True
Klebsiella,FASL,0.0934534908762203,0.03632936126549066,0.1073944881656272,True
Klebsiella,TGFA,0.0518574543281654,0.24614297237887972,0.411417980431988,False
Klebsiella,MIP1A,0.012429821925755365,0.7811573962424019,0.8665398147266682,False
Klebsiella,SDF1A,0.016135290569709592,0.7183691877979986,0.8276552832657814,False
Klebsiella,IL27,0.07481192319490372,0.09406060736255903,0.2119097985639048,False
Klebsiella,LIF,-0.07102142883174795,0.11199245319857655,0.23998382828266404,False
Klebsiella,IL1B,0.034198674876280755,0.44454132858125683,0.6076182180784375,False
Klebsiella,IL2,0.009949974799257995,0.8240161421588115,0.896927682827358,False
Klebsiella,IL4,0.14362984872773485,0.0012518225991626417,0.008846466696210158,True
Klebsiella,IL5,0.031424306467373465,0.48237294274651665,0.6417705535041919,False
Klebsiella,IP10,-0.06597017232409845,0.13994154424899297,0.28231157516608124,False
Klebsiella,IL6,-0.002510027232251683,0.9552637789316549,0.9762247715895214,False
Klebsiella,IL7,-0.052830350832397344,0.2373814051899266,0.40388713286979827,False
Klebsiella,IL8,0.073311738258204,0.10086194610803652,0.2234435680811671,False
Klebsiella,IL10,0.029657504891346536,0.5073457222393911,0.6634301485976289,False
Klebsiella,IFNB,0.06503012272174143,0.14568830164698787,0.29090786272486235,False
Klebsiella,EOTAXIN,0.009718980426484426,0.8280372845070295,0.8994098044750496,False
Klebsiella,IL12P70,0.06953363807666871,0.11972572093283304,0.25208221555957905,False
Klebsiella,IL13,0.08721965081379647,0.05081497418517143,0.13658360113355325,False
Klebsiella,IL17A,-0.007984092334705704,0.8583748199389941,0.9184176053189882,False
Klebsiella,IL31,0.09761312048084497,0.028754989136876116,0.0913948731964962,True
Klebsiella,IL1RA,-0.037158213529868186,0.40611232994102475,0.5720758358757241,False
Klebsiella,SCF,0.10755352810666162,0.015919126372462237,0.060427704189346454,True
Klebsiella,RANTES,-0.0065773285492241335,0.8831307501000487,0.9337330577456177,False
Klebsiella,IFNG,0.08596478501785954,0.05425006014860425,0.1429250876436316,False
Klebsiella,GMCSF,-0.028582604271700784,0.522863572974579,0.6772466892289114,False
Klebsiella,TNFA,0.05913826913351008,0.1858789851901264,0.3439608156072283,False
Klebsiella,HGF,-0.068930681540095,0.1229760744428574,0.2572374026807408,False
Klebsiella,MIP1B,0.08615349824527987,0.05372145456994056,0.14171458746531787,False
Klebsiella,IFNA,0.05581113554865942,0.21191234007797247,0.37549572591403796,False
Klebsiella,TGFB,0.059281894267782215,0.18481078197395395,0.3434896452333104,False
Klebsiella,MCP1,0.13784387834383766,0.0019646059602465376,0.01254865070761868,True
Klebsiella,IL9,0.05819699959757897,0.19299246017321087,0.3534521228063925,False
Klebsiella,VEGFD,0.09554210576061878,0.03233727253965576,0.09931054437802175,True
Klebsiella,TNFB,0.03999821666595936,0.37116239115912164,0.5400026066067803,False
Klebsiella,NGF,0.07753477570440748,0.08265636371607823,0.19285102422466824,False
Klebsiella,EGF,0.14034311551323686,0.0016203794518296353,0.010759921051111301,True
Klebsiella,BDNF,-0.00804391999287631,0.8573248799089499,0.9180274637660313,False
Klebsiella,TRAIL,0.007248884870414296,0.8712971149505178,0.9252184481662269,False
Klebsiella,GCSF,0.09457543322096967,0.034135771716898404,0.10307229771660882,True
Klebsiella,GROA,0.04961188689668502,0.2672213195740112,0.43614571288843523,False
Klebsiella,IL1A,0.08029230955559923,0.0722727769103384,0.17549264367262327,False
Klebsiella,IL23,0.11061146191409527,0.013148395846945276,0.0529094794853588,True
Klebsiella,IL12P40,-0.08292641201055038,0.0633733823186205,0.15928985285491098,False
Klebsiella,IL15,0.037518616123904405,0.4015715855997908,0.5686995745996586,False
Klebsiella,IL18,-0.00639165199397061,0.8864073052198718,0.9357109637217402,False
Klebsiella,MCSF,0.08147576857138546,0.06815565750346321,0.167951143291523,False
Klebsiella,MCP3,0.07959932952634516,0.0747763799028899,0.1793244799115204,False
Klebsiella,MIG,-0.07989462048198558,0.07370104693434888,0.17775408103979373,False
Klebsiella,RESISTIN,-0.06664734418295248,0.13591074800531278,0.27742975339100284,False
Klebsiella,IL21,-0.025086524023910223,0.574961443480305,0.718259950939953,False
Klebsiella,ICAM1,-0.08325251072591122,0.06233730613109292,0.15745164231916461,False
Klebsiella,VCAM1,-0.0481560012116166,0.28153052388560473,0.44941692388517335,False
Klebsiella,FGFB,0.017302563671518757,0.6989541512187837,0.8126620632277636,False
Klebsiella,IL22,0.048024905467263325,0.2828439751747403,0.4509560018216612,False
Klebsiella,PDGFBB,-0.13279551585212587,0.0028718975146110326,0.016925631740103045,True
Klebsiella,VEGF,0.0876149345033403,0.04977128816553488,0.13424390369474315,False
Klebsiella,LEPTIN,-0.0791513945961641,0.07643194076123778,0.18179464170831494,False
Klebsiella,PAI1,-0.017647536459212743,0.6932529876964244,0.808836250468353,False
Klebsiella,CD40L,0.07990906573303679,0.0736487681648911,0.17773224958896136,False
Klebsiella,ENA78,-0.00640103622409062,0.8862416587646893,0.9357109637217402,False
Kocuria,IL17F,0.075592836728213,0.09066815216442806,0.2062656103544963,False
Kocuria,FASL,0.08625400888226482,0.05344166805496775,0.1414236573648488,False
Kocuria,TGFA,0.005216052846034234,0.9071952823436987,0.9479681040220672,False
Kocuria,MIP1A,0.004203872471646443,0.9251450047129665,0.955983171536732,False
Kocuria,SDF1A,0.02623938785689131,0.5575138628447689,0.7044994047472296,False
Kocuria,IL27,0.04992594979504053,0.26420110854571227,0.43288765142267865,False
Kocuria,LIF,0.007494180233120721,0.866981722165082,0.9229544432389265,False
Kocuria,IL1B,0.08326469938120817,0.062298852960182304,0.15745164231916461,False
Kocuria,IL2,0.07802519004093782,0.0807262838071384,0.18910691168926627,False
Kocuria,IL4,0.07917763891383592,0.07633412715074743,0.181757752105504,False
Kocuria,IL5,0.15073093256082842,0.000703688209554055,0.005751426349832564,True
Kocuria,IP10,-0.033983961600142526,0.4474075654560943,0.6105324053341017,False
Kocuria,IL6,0.0534656527249157,0.23178002485938162,0.3981444830425285,False
Kocuria,IL7,0.04095672372020871,0.35979978005844526,0.5297881627081146,False
Kocuria,IL8,-0.005437929680559355,0.9032665653540641,0.946255752351517,False
Kocuria,IL10,0.030475987390087098,0.49569344467693577,0.6522256311432533,False
Kocuria,IFNB,0.05893517019392606,0.1873972789374157,0.3457516482431136,False
Kocuria,EOTAXIN,-0.007958610727975293,0.8588220830333684,0.918488533482775,False
Kocuria,IL12P70,0.01430337970666462,0.7492035143483156,0.8466968238754368,False
Kocuria,IL13,0.07095082671801009,0.11235032772545617,0.24049524342893977,False
Kocuria,IL17A,0.04348545769544963,0.3308822591156908,0.5023188066888548,False
Kocuria,IL31,0.18214189859011498,4.0401786319936445e-05,0.0006568821901667988,True
Kocuria,IL1RA,0.039052294541909824,0.3825908897641035,0.5514716792941976,False
Kocuria,SCF,0.057076489171904374,0.20171805393753964,0.3634207480858424,False
Kocuria,RANTES,-0.007519643578399525,0.8665339788151807,0.9227711209861048,False
Kocuria,IFNG,0.05720075343756461,0.20073648452477436,0.36235429077647546,False
Kocuria,GMCSF,0.07113996752399848,0.11139361004889414,0.23925186453919528,False
Kocuria,TNFA,0.122043295824122,0.0061842646027805105,0.030027183940725153,True
Kocuria,HGF,-0.03388784661281042,0.4486940040161763,0.6114968108661254,False
Kocuria,MIP1B,0.024621247692839823,0.5820751759759759,0.723316292968543,False
Kocuria,IFNA,0.09304758575078913,0.0371519486329592,0.10913238227622254,True
Kocuria,TGFB,0.07818155792892027,0.08011860933721644,0.18796747397480146,False
Kocuria,MCP1,0.06580959035891629,0.14091071105455433,0.2840185112705238,False
Kocuria,IL9,0.045256807538757264,0.31154489099038263,0.48286403565487895,False
Kocuria,VEGFD,0.1402928832399771,0.0016267149460067194,0.010759921051111301,True
Kocuria,TNFB,0.010352308304810104,0.8170233781889862,0.8917588167652076,False
Kocuria,NGF,0.14851270214845727,0.0008447124449536558,0.006641693920142758,True
Kocuria,EGF,0.11222059433444109,0.011868628736248407,0.048710612200842975,True
Kocuria,BDNF,-0.045248947110870956,0.3116290260215681,0.48286403565487895,False
Kocuria,TRAIL,0.03503702783063926,0.43345058057183317,0.5966682059381363,False
Kocuria,GCSF,0.07382076903764309,0.09851167922976156,0.22023043673961118,False
Kocuria,GROA,0.04339216450899589,0.33192173330164054,0.5031230007452527,False
Kocuria,IL1A,0.0713582361712908,0.11029753672457558,0.23790900915905627,False
Kocuria,IL23,0.12038217757020646,0.006927527056892506,0.032670386221653296,True
Kocuria,IL12P40,-0.142986972423108,0.001317189601034873,0.009169059348521197,True
Kocuria,IL15,0.12205813163414009,0.006177962051530462,0.030027183940725153,True
Kocuria,IL18,0.06746732704685424,0.13115022098868348,0.27032292889954707,False
Kocuria,MCSF,0.07129005841728847,0.11063898694847643,0.23818115245852564,False
Kocuria,MCP3,0.038666125279326495,0.3873176911666344,0.5557010996374112,False
Kocuria,MIG,-0.0843813034550691,0.058858248657364574,0.1516292832447342,False
Kocuria,RESISTIN,-0.05723927713611546,0.20043289080591906,0.36222811591431153,False
Kocuria,IL21,0.02816975825791756,0.528887579034051,0.6818206937921645,False
Kocuria,ICAM1,-0.044094734071769746,0.324145391277773,0.49565145328564436,False
Kocuria,VCAM1,0.00426844753498789,0.9239986153783661,0.9552639840451663,False
Kocuria,FGFB,0.04150957159720249,0.35334619320285465,0.5244365778465606,False
Kocuria,IL22,-0.011201180637323402,0.8023177244171058,0.8817720204536852,False
Kocuria,PDGFBB,-0.10813808055634087,0.015352969077231438,0.058709955764084026,True
Kocuria,VEGF,0.048984415442325555,0.2733261122295185,0.44115460668769907,False
Kocuria,LEPTIN,0.06672215835146021,0.13547096399724348,0.2771403354981004,False
Kocuria,PAI1,-0.021872966194760434,0.6249065473896375,0.7557387374152963,False
Kocuria,CD40L,0.021310560811748,0.6338360737657225,0.760891858055019,False
Kocuria,ENA78,0.0572188922604214,0.20059349624600073,0.3622367990461761,False
Lachnospiraceae NK4A136 group,IL17F,-0.023640476147589944,0.5972031893371472,0.7352382394539938,False
Lachnospiraceae NK4A136 group,FASL,0.04858679224762675,0.2772435104746573,0.4448524236394605,False
Lachnospiraceae NK4A136 group,TGFA,-0.04112516769986096,0.35782570198240093,0.5282188934025919,False
Lachnospiraceae NK4A136 group,MIP1A,0.08893271226420292,0.04642051584800404,0.12764955570267225,False
Lachnospiraceae NK4A136 group,SDF1A,0.05831574790611954,0.19208420587847067,0.3522048727661232,False
Lachnospiraceae NK4A136 group,IL27,-0.07931244374383038,0.07583330713583968,0.18120497337186767,False
Lachnospiraceae NK4A136 group,LIF,-0.0698514873493428,0.1180395085761992,0.2492659922249438,False
Lachnospiraceae NK4A136 group,IL1B,0.04555464447363754,0.30836796082254525,0.48037220027632677,False
Lachnospiraceae NK4A136 group,IL2,0.00792312720256857,0.8594449789268527,0.9189282943228018,False
Lachnospiraceae NK4A136 group,IL4,0.08701877149612636,0.05135233063049147,0.13731359254271727,False
Lachnospiraceae NK4A136 group,IL5,-0.05550193693572011,0.21445886680914397,0.3783132513894232,False
Lachnospiraceae NK4A136 group,IP10,0.10217480042726637,0.022047371156765673,0.07499654416895418,True
Lachnospiraceae NK4A136 group,IL6,0.03708001889372481,0.40710153116455816,0.572646805065754,False
Lachnospiraceae NK4A136 group,IL7,0.08568679323300649,0.0550366205694579,0.14426171682524194,False
Lachnospiraceae NK4A136 group,IL8,0.04280300531369439,0.33853468553251975,0.5097878388597799,False
Lachnospiraceae NK4A136 group,IL10,0.11918247272325429,0.007513076787783345,0.03458990798335897,True
Lachnospiraceae NK4A136 group,IFNB,-0.03889340188586676,0.3845314889599286,0.5530687979163835,False
Lachnospiraceae NK4A136 group,EOTAXIN,-0.045965920227357966,0.3040162548289822,0.47534485035466284,False
Lachnospiraceae NK4A136 group,IL12P70,0.020449993096121204,0.6476027856853297,0.771350654056553,False
Lachnospiraceae NK4A136 group,IL13,-0.051948635278297406,0.2453123576948609,0.41093583219216984,False
Lachnospiraceae NK4A136 group,IL17A,0.0003164932941432782,0.9943562363441619,0.9975526939491012,False
Lachnospiraceae NK4A136 group,IL31,-0.024249981148117262,0.5877808067312551,0.7276839060970012,False
Lachnospiraceae NK4A136 group,IL1RA,-0.05535285040238955,0.21569455774088167,0.379620927934273,False
Lachnospiraceae NK4A136 group,SCF,-0.002840043984651656,0.949389303430743,0.9717500024109521,False
Lachnospiraceae NK4A136 group,RANTES,0.05360410361405712,0.2305718403060124,0.39711774746913425,False
Lachnospiraceae NK4A136 group,IFNG,0.002500094206652211,0.9554406312911639,0.9762247715895214,False
Lachnospiraceae NK4A136 group,GMCSF,-0.19204256799964833,1.4746153790134757e-05,0.0003047538449961183,True
Lachnospiraceae NK4A136 group,TNFA,0.03255929095486726,0.4666889174693588,0.6281052000672991,False
Lachnospiraceae NK4A136 group,HGF,-0.06100441297379213,0.1723506475678027,0.328455127537001,False
Lachnospiraceae NK4A136 group,MIP1B,0.08837041602856452,0.04782639019845153,0.13062681233436366,False
Lachnospiraceae NK4A136 group,IFNA,0.01477221345045895,0.7412717900464396,0.842766216067468,False
Lachnospiraceae NK4A136 group,TGFB,-0.016656638538578787,0.7096744051559876,0.8206878845996872,False
Lachnospiraceae NK4A136 group,MCP1,0.045598472451254084,0.3079022715204894,0.48012929663657805,False
Lachnospiraceae NK4A136 group,IL9,0.026425111991394717,0.5547273079490569,0.7032393625853638,False
Lachnospiraceae NK4A136 group,VEGFD,-0.0023966321652867007,0.9572828475977804,0.9776774085942629,False
Lachnospiraceae NK4A136 group,TNFB,0.037802627479926215,0.39801479659215533,0.5655227127658087,False
Lachnospiraceae NK4A136 group,NGF,-0.041063973584935576,0.3585420786300999,0.5286051571432989,False
Lachnospiraceae NK4A136 group,EGF,0.1411920908415159,0.0015166718434029393,0.010229747087428583,True
Lachnospiraceae NK4A136 group,BDNF,0.06066277679580539,0.17477076410870895,0.33157244108751394,False
Lachnospiraceae NK4A136 group,TRAIL,0.0691917365550129,0.12156047054125246,0.2548494986550153,False
Lachnospiraceae NK4A136 group,GCSF,0.028860969983988554,0.5188217446973868,0.6741865325758682,False
Lachnospiraceae NK4A136 group,GROA,0.036749658274155605,0.41129654444348174,0.5769318044229834,False
Lachnospiraceae NK4A136 group,IL1A,0.09276466833135512,0.037734599598399504,0.11056451678169986,True
Lachnospiraceae NK4A136 group,IL23,-0.00168861635529145,0.9698951731390564,0.9843543238147275,False
Lachnospiraceae NK4A136 group,IL12P40,-0.09746191651106133,0.02900448084584526,0.09181384339440009,True
Lachnospiraceae NK4A136 group,IL15,-0.05094821257597281,0.2545333248579568,0.42240541063151293,False
Lachnospiraceae NK4A136 group,IL18,0.043880351184952184,0.3265056310297735,0.49811390560644575,False
Lachnospiraceae NK4A136 group,MCSF,0.07320988955488834,0.10133750115412563,0.22407008101126208,False
Lachnospiraceae NK4A136 group,MCP3,0.12539281641809044,0.0048993229425443275,0.025262581483952554,True
Lachnospiraceae NK4A136 group,MIG,0.07662771501690183,0.08632437597421531,0.1990125673178489,False
Lachnospiraceae NK4A136 group,RESISTIN,-0.10199994820777847,0.022276963011054057,0.07556713928777298,True
Lachnospiraceae NK4A136 group,IL21,0.07587278503974151,0.08947616115199658,0.20405304039077202,False
Lachnospiraceae NK4A136 group,ICAM1,0.06323158609314652,0.15718277278205955,0.30748838596406264,False
Lachnospiraceae NK4A136 group,VCAM1,0.07314812032765956,0.10162678212089168,0.2244962170366491,False
Lachnospiraceae NK4A136 group,FGFB,0.006447512274933622,0.8854213563820499,0.9354073296946115,False
Lachnospiraceae NK4A136 group,IL22,-0.08047976765185584,0.07160741467379736,0.17478975235336364,False
Lachnospiraceae NK4A136 group,PDGFBB,-0.12531807839217377,0.004925142980217014,0.02533397661284194,True
Lachnospiraceae NK4A136 group,VEGF,0.08090134067697465,0.07012935904738347,0.17172275912076523,False
Lachnospiraceae NK4A136 group,LEPTIN,-0.21931959605850765,6.969004150733213e-07,2.8179016783399512e-05,True
Lachnospiraceae NK4A136 group,PAI1,0.0035578222716620787,0.9366223580669624,0.9628380799190202,False
Lachnospiraceae NK4A136 group,CD40L,0.12203863539599501,0.00618624563768058,0.030027183940725153,True
Lachnospiraceae NK4A136 group,ENA78,-0.020032495831900733,0.6543255157790864,0.7777642250441594,False
Lactobacillus,IL17F,-0.1046561362005512,0.01900378809707869,0.06788078537832787,True
Lactobacillus,FASL,-0.20725096211825014,2.8285103903656666e-06,8.316927789958159e-05,True
Lactobacillus,TGFA,-0.21955297231750573,6.77732375006793e-07,2.7644346875277083e-05,True
Lactobacillus,MIP1A,-0.0926973918765111,0.0378742863320685,0.11083412929145281,True
Lactobacillus,SDF1A,-0.15373739952159163,0.000547189894591453,0.004782768815508001,True
Lactobacillus,IL27,-0.27694699664140365,2.7273256098662157e-10,3.5227955794105285e-08,True
Lactobacillus,LIF,-0.2031562808328433,4.467075087964259e-06,0.00011869656662305031,True
Lactobacillus,IL1B,-0.08570035406251893,0.054998032326160726,0.14424187835118296,False
Lactobacillus,IL2,-0.11345314283071474,0.010964147748808908,0.04605536317250354,True
Lactobacillus,IL4,-0.12326850627945309,0.005682791078812561,0.028264757918412625,True
Lactobacillus,IL5,-0.05708758731209336,0.20163024755904507,0.3634207480858424,False
Lactobacillus,IP10,-0.026111008519907136,0.5594439942093337,0.706190855605368,False
Lactobacillus,IL6,-0.13375569485100475,0.0026744047798720784,0.015902790570850592,True
Lactobacillus,IL7,-0.010820421693874534,0.8089056007646535,0.8854545771082012,False
Lactobacillus,IL8,-0.20890264985010634,2.346216813179559e-06,7.37155958194929e-05,True
Lactobacillus,IL10,-0.14724659988120628,0.0009364932350569878,0.007162324906274659,True
Lactobacillus,IFNB,-0.13990369788245763,0.00167657611273029,0.010965178786910963,True
Lactobacillus,EOTAXIN,0.07543902231105368,0.09132847900090134,0.2073620250752887,False
Lactobacillus,IL12P70,-0.12871253647531916,0.0038685564209886224,0.02131372909667902,True
Lactobacillus,IL13,-0.24862506361703274,1.6467098082640408e-08,1.320207001453067e-06,True
Lactobacillus,IL17A,-0.09746086816360375,0.029006217119079417,0.09181384339440009,True
Lactobacillus,IL31,-0.14379386664480615,0.0012356304888655127,0.00877907799574668,True
Lactobacillus,IL1RA,-0.17728264363501417,6.500691440950566e-05,0.0009565890886208901,True
Lactobacillus,SCF,-0.06454137499001242,0.14874644747605886,0.29533346744819544,False
Lactobacillus,RANTES,-0.14473955053831516,0.001145972404364718,0.008287358756292284,True
Lactobacillus,IFNG,-0.21919231619975096,7.075727420499622e-07,2.8363907332175206e-05,True
Lactobacillus,GMCSF,-0.2101626953219157,2.032310212246445e-06,6.592019099069574e-05,True
Lactobacillus,TNFA,-0.05111007036274349,0.2530253906201095,0.4205032403086166,False
Lactobacillus,HGF,-0.061846939764951765,0.1664892172723115,0.32010552776461343,False
Lactobacillus,MIP1B,-0.13006765056807543,0.003507532368341276,0.019728947054572874,True
Lactobacillus,IFNA,-0.23459362030324396,1.0524117856687912e-07,5.89604193175889e-06,True
Lactobacillus,TGFB,-0.22343299141578762,4.243560400691824e-07,1.8615618738883944e-05,True
Lactobacillus,MCP1,0.263737834098584,1.9612976522482607e-09,2.026674240656536e-07,True
Lactobacillus,IL9,-0.2130043926621794,1.4652472768194077e-06,5.074777598660447e-05,True
Lactobacillus,VEGFD,0.17900268305690245,5.501262669476466e-05,0.0008442531819493587,True
Lactobacillus,TNFB,-0.16024020956553026,0.0003126252365827371,0.0031671184098251144,True
Lactobacillus,NGF,-0.193077544903885,1.323136621831267e-05,0.00027966296779615416,True
Lactobacillus,EGF,0.10441372075983829,0.019284052930064178,0.06845652274218615,True
Lactobacillus,BDNF,-0.10639194023879824,0.017098706284762153,0.06324452680727746,True
Lactobacillus,TRAIL,-0.1505560903557963,0.0007139571768553961,0.005804022504156629,True
Lactobacillus,GCSF,-0.11808260071494145,0.008088368486437951,0.03680128518780477,True
Lactobacillus,GROA,-0.20078452632812205,5.796363328471149e-06,0.000142608939033814,True
Lactobacillus,IL1A,-0.17085044654374223,0.00011969917470685525,0.0014922283173910908,True
Lactobacillus,IL23,-0.10475307347522089,0.01889271334248658,0.06773409178300893,True
Lactobacillus,IL12P40,-0.15050761503782567,0.0007168287468581908,0.005817196636807308,True
Lactobacillus,IL15,-0.1788813539340905,5.5667077895030406e-05,0.00085148655332859,True
Lactobacillus,IL18,-0.20017092877606818,6.197364013556181e-06,0.00014778329570787815,True
Lactobacillus,MCSF,-0.19335129817686486,1.2856169995623962e-05,0.0002742256444020707,True
Lactobacillus,MCP3,0.03478454876858444,0.43677378037667003,0.5996451369210262,False
Lactobacillus,MIG,-0.07322023017030661,0.10128913738225791,0.22406969021289214,False
Lactobacillus,RESISTIN,-0.2384334256012826,6.407331886259729e-08,4.015914364745522e-06,True
Lactobacillus,IL21,-0.17379975147079946,9.071729335426971e-05,0.0012121707301648108,True
Lactobacillus,ICAM1,0.13643607090244908,0.002186794063257361,0.01351047446004927,True
Lactobacillus,VCAM1,0.14019993553006826,0.0016384978545276481,0.010807113508586616,True
Lactobacillus,FGFB,-0.22370116706040072,4.107151148853411e-07,1.8188812230636535e-05,True
Lactobacillus,IL22,-0.043946639489393646,0.32577464655377564,0.4974883765106919,False
Lactobacillus,PDGFBB,-0.10996826371907893,0.013693043290447337,0.05430969283728125,True
Lactobacillus,VEGF,-0.08732149252833676,0.050544344210794664,0.13601342626168703,False
Lactobacillus,LEPTIN,-0.18232594582496325,3.967075371154775e-05,0.000651833939076668,True
Lactobacillus,PAI1,0.0139082516870657,0.7559089255694702,0.8506021383091087,False
Lactobacillus,CD40L,-0.0051712082023731495,0.9079896133373504,0.9483719007229738,False
Lactobacillus,ENA78,-0.08786514383906135,0.049119957420148366,0.1330509958076189,False
Lawsonella,IL17F,-0.11679070888098599,0.008814066059771579,0.03914556559497406,True
Lawsonella,FASL,-0.00929805228576442,0.8353762835361975,0.9037269309311028,False
Lawsonella,TGFA,-0.20437962991981357,3.900742421194478e-06,0.00010669677799149602,True
Lawsonella,MIP1A,0.0531221312112377,0.2347970836267634,0.4015006792494802,False
Lawsonella,SDF1A,0.06784747398049921,0.12898743119922254,0.2669299310531308,False
Lawsonella,IL27,-0.15937517186797323,0.0003372137814266379,0.0033362640077316302,True
Lawsonella,LIF,-0.09669758204078974,0.030294278434196183,0.09473328494889863,True
Lawsonella,IL1B,-0.06030066670170013,0.17736342906153352,0.33504416186974306,False
Lawsonella,IL2,-0.11436653804335678,0.01033381586837225,0.044084627328377035,True
Lawsonella,IL4,-0.07409844915658807,0.09724809128162275,0.21792945757086543,False
Lawsonella,IL5,-0.10416625462910203,0.019573864985728127,0.06942675223770846,True
Lawsonella,IP10,0.04824069651561658,0.28068415710045913,0.4488097247778394,False
Lawsonella,IL6,0.005535283311727529,0.901543488549256,0.9456222275564798,False
Lawsonella,IL7,0.09050675183141098,0.042668301822796045,0.11990740703216955,False
Lawsonella,IL8,-0.02134330721911239,0.6333146696044998,0.7605664291479659,False
Lawsonella,IL10,-0.013119861348097115,0.7693425393095648,0.8595787337952557,False
Lawsonella,IFNB,-0.1783501293105117,5.862006116352977e-05,0.0008764735833132265,True
Lawsonella,EOTAXIN,-0.006218730298507973,0.8894605240068197,0.9372289681920942,False
Lawsonella,IL12P70,-0.1608538772353244,0.0002962079107606174,0.003060815077859713,True
Lawsonella,IL13,-0.11966651876771044,0.007271698626289251,0.03384724585810312,True
Lawsonella,IL17A,-0.15586599902634796,0.00045665611250341766,0.004213196276073199,True
Lawsonella,IL31,-0.006387235823056997,0.8864852593109206,0.9357109637217402,False
Lawsonella,IL1RA,-0.017763685300542353,0.6913373343228825,0.8082667749681629,False
Lawsonella,SCF,-0.1880574395586381,2.226390865920656e-05,0.0004157717882140984,True
Lawsonella,RANTES,0.06707193295619601,0.1334293918818203,0.2735673206256307,False
Lawsonella,IFNG,-0.09616683130430079,0.031218544524068317,0.09697143088638455,True
Lawsonella,GMCSF,-0.2514124327440759,1.1236384524943745e-08,9.858337366224228e-07,True
Lawsonella,TNFA,-0.12209798137119936,0.0061610616159063466,0.030027183940725153,True
Lawsonella,HGF,-0.008007561682720767,0.8579629168800837,0.9182705396264272,False
Lawsonella,MIP1B,-0.04274142738356539,0.3392306947171274,0.5104266222662769,False
Lawsonella,IFNA,-0.0694364701272069,0.12024494070835763,0.2527753048344769,False
Lawsonella,TGFB,-0.1464178615685535,0.0010014667551780491,0.007477539455774019,True
Lawsonella,MCP1,-0.13430564264671396,0.0025669434267914454,0.015418309806131913,True
Lawsonella,IL9,-0.0413356680083575,0.3553683181267633,0.5269332523244417,False
Lawsonella,VEGFD,-0.10775392154477818,0.015723010561060072,0.05981109590376429,True
Lawsonella,TNFB,-0.03996492141821472,0.3715610380167057,0.5400638372537098,False
Lawsonella,NGF,-0.03665663105528164,0.4124824305460214,0.5782463979617122,False
Lawsonella,EGF,0.009236566998940472,0.8364495099570644,0.9037269309311028,False
Lawsonella,BDNF,-0.0198530206022295,0.6572241616807813,0.7793567014378383,False
Lawsonella,TRAIL,-0.009193183609448454,0.8372069503394777,0.9037269309311028,False
Lawsonella,GCSF,-0.1308350660825953,0.003316909960787406,0.019018041082196596,True
Lawsonella,GROA,-0.001132040034081641,0.9798152437058322,0.989821754098847,False
Lawsonella,IL1A,0.014918215982688075,0.738807262258655,0.8420229827212612,False
Lawsonella,IL23,-0.12610117204036467,0.004660599044822638,0.024314246506800665,True
Lawsonella,IL12P40,0.04950390541787879,0.26826517887361356,0.4365450178000288,False
Lawsonella,IL15,-0.1370750070882319,0.002083252177947051,0.013090706253315928,True
Lawsonella,IL18,-0.031702144264745255,0.4785073795840281,0.6381532644996802,False
Lawsonella,MCSF,0.021603768063721832,0.6291739677593257,0.7587289808300997,False
Lawsonella,MCP3,-0.07519214015508376,0.09239639909147596,0.20897045514365914,False
Lawsonella,MIG,-0.10578124169324842,0.01774900193216763,0.06477095621531499,True
Lawsonella,RESISTIN,-0.0916407918974221,0.04012628589200882,0.11471242217237818,False
Lawsonella,IL21,0.07522461670337861,0.09225534916378257,0.208752979859654,False
Lawsonella,ICAM1,-0.060692770491484326,0.17455728438839777,0.3314378817501224,False
Lawsonella,VCAM1,-0.06640697356673533,0.13733117144348334,0.27894614395341805,False
Lawsonella,FGFB,-0.0983399766512441,0.027581208188249808,0.08906431810789,True
Lawsonella,IL22,0.023133477257863584,0.605092701995821,0.7420045000739894,False
Lawsonella,PDGFBB,-0.041088247549607666,0.35825780485682457,0.5285211905406835,False
Lawsonella,VEGF,0.025764840951206767,0.5646645357223976,0.7098378186291292,False
Lawsonella,LEPTIN,-0.2393821166900342,5.660586995152686e-08,3.6557957677027763e-06,True
Lawsonella,PAI1,-0.1004197162184533,0.02444762720321269,0.08114308814770807,True
Lawsonella,CD40L,-0.024354113577057752,0.5861778971375029,0.726473140109112,False
Lawsonella,ENA78,-0.16247228232175182,0.00025669040005860843,0.002712750818801203,True
Leptotrichia,IL17F,-0.008323381182713408,0.8524238632851739,0.9145756724217948,False
Leptotrichia,FASL,0.05058059054254092,0.2579813657422581,0.4269086657300713,False
Leptotrichia,TGFA,0.09231694981439517,0.038672479151224355,0.11267357647443187,True
Leptotrichia,MIP1A,-0.022963763056010944,0.6077440261664884,0.7440783890663957,False
Leptotrichia,SDF1A,0.0783899085852743,0.0793146841199365,0.18655198844598114,False
Leptotrichia,IL27,0.13079853352281418,0.003325766792734055,0.01902191339017633,True
Leptotrichia,LIF,0.09475088896081096,0.03380314307392359,0.10226715373698418,True
Leptotrichia,IL1B,0.02385942699859561,0.5938105324220444,0.732613153558638,False
Leptotrichia,IL2,0.01606476160965692,0.7195482611894253,0.8286031239551331,False
Leptotrichia,IL4,0.014392760905359165,0.7476892928668998,0.8464760396524106,False
Leptotrichia,IL5,-0.0089216548231542,0.8419510235746699,0.9077375978720648,False
Leptotrichia,IP10,-0.02209321520485006,0.6214243778686845,0.7533549505833498,False
Leptotrichia,IL6,0.046188276477669106,0.30168052438320253,0.4730441448127397,False
Leptotrichia,IL7,-0.15144421374024103,0.0006631969565065911,0.005526641304221592,True
Leptotrichia,IL8,0.06708511099484753,0.13335294059804847,0.2735673206256307,False
Leptotrichia,IL10,0.03646437472803592,0.4149396566545843,0.5802915499079149,False
Leptotrichia,IFNB,0.03162140501896641,0.4796289640637461,0.6392303476343993,False
Leptotrichia,EOTAXIN,-0.01446485479715797,0.746468644930794,0.8457795319025809,False
Leptotrichia,IL12P70,0.10996521149191915,0.013695674521854516,0.05430969283728125,True
Leptotrichia,IL13,0.1336372368785018,0.002698081748372529,0.016002653226954412,True
Leptotrichia,IL17A,0.0982978466083432,0.02764810017853917,0.08909470951504307,True
Leptotrichia,IL31,0.09021710911988735,0.04333889710739182,0.12106371501957452,False
Leptotrichia,IL1RA,0.029128835396785978,0.5149476276506062,0.6705422762742422,False
Leptotrichia,SCF,0.146288730549297,0.0010119574996842462,0.007531161029791307,True
Leptotrichia,RANTES,0.04918611262514592,0.2713534781405761,0.43903438464903105,False
Leptotrichia,IFNG,0.126145575146065,0.004645990420410258,0.024273994893154717,True
Leptotrichia,GMCSF,0.18853858609616977,2.1193140162340002e-05,0.0004055477438472469,True
Leptotrichia,TNFA,0.015811569446118227,0.7237864868483666,0.831630136853201,False
Leptotrichia,HGF,0.09793159767662117,0.028235512251251548,0.09036141222871279,True
Leptotrichia,MIP1B,0.018496669643310256,0.6792939939519208,0.798406632096619,False
Leptotrichia,IFNA,0.06774719405173976,0.12955525826323347,0.26784855533954843,False
Leptotrichia,TGFB,0.0938004914295122,0.03563846684459073,0.10608764539136498,True
Leptotrichia,MCP1,-0.034731965875746965,0.4374677274310401,0.6004205822179269,False
Leptotrichia,IL9,0.08709110194125907,0.05115830131566696,0.13703116423839365,False
Leptotrichia,VEGFD,-0.043273365752919506,0.33324843297412676,0.5045930359263072,False
Leptotrichia,TNFB,0.07703533802252571,0.0846601109526885,0.19663811984515558,False
Leptotrichia,NGF,0.03489903460956917,0.43526507610717236,0.5981036063529407,False
Leptotrichia,EGF,0.004534666543953141,0.9192741652732964,0.9530936161696385,False
Leptotrichia,BDNF,0.10119251351038397,0.023364258876774093,0.07839845898094357,True
Leptotrichia,TRAIL,0.04018713816085253,0.3689054317249504,0.5377708860497743,False
Leptotrichia,GCSF,-0.015950897549765558,0.7214531961847866,0.8299746071893266,False
Leptotrichia,GROA,0.13463056926021236,0.002505316944921406,0.015149185687756226,True
Leptotrichia,IL1A,0.02558135470345677,0.5674411288390324,0.7117888451851904,False
Leptotrichia,IL23,0.0034221480179575875,0.939034417743405,0.964548275349422,False
Leptotrichia,IL12P40,0.1653782988717301,0.0001978228580667444,0.002216569373518943,True
Leptotrichia,IL15,0.07202033023499867,0.10702462299613248,0.23277104627315998,False
Leptotrichia,IL18,0.07038780494643151,0.11523648531437049,0.24479198570663444,False
Leptotrichia,MCSF,0.04434711275531837,0.3213810722448991,0.4933714050639752,False
Leptotrichia,MCP3,-0.06369325609714895,0.1541688421129522,0.303379228025911,False
Leptotrichia,MIG,0.06341562460188264,0.1559760164353283,0.3058371595559043,False
Leptotrichia,RESISTIN,0.2024277273183077,4.8408007308634436e-06,0.00012717357852268368,True
Leptotrichia,IL21,0.0019250590104125695,0.9656822823387414,0.9816105297625143,False
Leptotrichia,ICAM1,-0.07108522426774427,0.11166985252351407,0.23973444793829196,False
Leptotrichia,VCAM1,-0.0486291506789215,0.27682438804034476,0.44459400173515623,False
Leptotrichia,FGFB,0.07071370982512991,0.11355883094329405,0.24255790715953943,False
Leptotrichia,IL22,0.10218103541603164,0.022039222261857786,0.07499654416895418,True
Leptotrichia,PDGFBB,0.000715416264816547,0.9872430081794861,0.9938016099552612,False
Leptotrichia,VEGF,-0.049864599080941284,0.26478924062812675,0.43346432842894145,False
Leptotrichia,LEPTIN,0.1804975659545005,4.752310830999527e-05,0.0007490930631914508,True
Leptotrichia,PAI1,0.014683996762322382,0.742762176147953,0.8434295773108624,False
Leptotrichia,CD40L,0.0013306620807456695,0.976274691110445,0.9886056867734253,False
Leptotrichia,ENA78,0.10355543956583582,0.020305489661244333,0.07067404709939083,True
Lysinibacillus,IL17F,0.11634264867292465,0.009078980928729444,0.04013047653858547,True
Lysinibacillus,FASL,0.0578949470392031,0.1953168992710308,0.35616611043540913,False
Lysinibacillus,TGFA,0.10282683979077821,0.02120920394153699,0.0728381080710096,True
Lysinibacillus,MIP1A,-0.1534234407545768,0.0005618741273398035,0.004850627777878495,True
Lysinibacillus,SDF1A,-0.121307836918358,0.006504030416952397,0.0310403200828198,True
Lysinibacillus,IL27,0.1788160224230438,5.6022515904305455e-05,0.0008541137670656405,True
Lysinibacillus,LIF,0.009542609417196429,0.8311105793169462,0.9012742989327892,False
Lysinibacillus,IL1B,-0.04092034567423673,0.3602270060453775,0.5300377501758634,False
Lysinibacillus,IL2,0.014725687612433801,0.7420577055033456,0.8434295773108624,False
Lysinibacillus,IL4,0.04834621244938108,0.27963214040412016,0.44757286732477264,False
Lysinibacillus,IL5,0.14101085591319862,0.0015382849602236532,0.010321825490678194,True
Lysinibacillus,IP10,-0.04305620075277064,0.3356824563756662,0.5069579156046924,False
Lysinibacillus,IL6,0.0274714728185239,0.5391560881461779,0.6908901714252902,False
Lysinibacillus,IL7,0.03491485522393761,0.4350568267308542,0.5981036063529407,False
Lysinibacillus,IL8,0.03909054427599747,0.38212463066541325,0.5511412942289614,False
Lysinibacillus,IL10,-0.08276799331819888,0.06388180452269378,0.1599625153637728,False
Lysinibacillus,IFNB,0.10863421569848379,0.014886390128512207,0.05757589233513905,True
Lysinibacillus,EOTAXIN,0.093063587996095,0.0371192224401861,0.10910517341774044,True
Lysinibacillus,IL12P70,0.09664646617674431,0.030382261240436293,0.09486297115635373,True
Lysinibacillus,IL13,0.03563774113506939,0.42560269527187133,0.5897057607312878,False
Lysinibacillus,IL17A,-0.038597194341504326,0.3881651407273502,0.5564063028561861,False
Lysinibacillus,IL31,0.20791026052247497,2.6255962992756073e-06,7.979753458582727e-05,True
Lysinibacillus,IL1RA,0.03618461206409519,0.4185306676994518,0.5835585021896404,False
Lysinibacillus,SCF,0.07928607896376838,0.07593104538706014,0.1813453318180943,False
Lysinibacillus,RANTES,0.02831028705606105,0.5268331187844033,0.6806818567233885,False
Lysinibacillus,IFNG,0.07837860790313422,0.07935811964695579,0.18655978582322771,False
Lysinibacillus,GMCSF,0.14713612632460657,0.0009449235654198571,0.007203105867544812,True
Lysinibacillus,TNFA,0.05724485913795408,0.2003889284549356,0.36222811591431153,False
Lysinibacillus,HGF,-0.019910458051207093,0.6562959460287834,0.778911727675815,False
Lysinibacillus,MIP1B,-0.07806218942429285,0.08058216141361711,0.18890812202987184,False
Lysinibacillus,IFNA,0.012669262277981269,0.7770518356103334,0.8642983688798479,False
Lysinibacillus,TGFB,0.10311379810116882,0.020849190212542834,0.07186711229675626,True
Lysinibacillus,MCP1,0.21238501540278587,1.574143655592939e-06,5.3041797090631634e-05,True
Lysinibacillus,IL9,0.03350140453403285,0.4538873637845746,0.6156873516914446,False
Lysinibacillus,VEGFD,0.2280804508802332,2.395076966227036e-07,1.1364395809138486e-05,True
Lysinibacillus,TNFB,0.05628348200157549,0.2080643238944055,0.37097358363074595,False
Lysinibacillus,NGF,0.09728495768232195,0.029298826100138828,0.0924912025564464,True
Lysinibacillus,EGF,0.05332561066167593,0.23300664702543136,0.3996609770078406,False
Lysinibacillus,BDNF,-0.09002033390093843,0.04379952763442353,0.12181088726080708,False
Lysinibacillus,TRAIL,-0.06149796896585585,0.1688986054639854,0.3236005419890944,False
Lysinibacillus,GCSF,0.11505415460763681,0.009880724009776536,0.04277967099204925,True
Lysinibacillus,GROA,0.032379532216660956,0.46915399392074186,0.630146179009662,False
Lysinibacillus,IL1A,-0.07955607186583971,0.0749349748179215,0.17951964600893094,False
Lysinibacillus,IL23,0.2444216563726933,2.905195976149131e-08,2.1274966631791257e-06,True
Lysinibacillus,IL12P40,-0.1929691024367993,1.3382854354873824e-05,0.0002815849445708746,True
Lysinibacillus,IL15,0.1321781380102451,0.0030057993434908408,0.017514996174476705,True
Lysinibacillus,IL18,0.061092607146721295,0.17172996679310926,0.32748562146641125,False
Lysinibacillus,MCSF,0.0519473257306026,0.24532427315386313,0.41093583219216984,False
Lysinibacillus,MCP3,-0.04590617919968555,0.30464583710121146,0.4761691235363473,False
Lysinibacillus,MIG,-0.1296404179579965,0.0036179105744235315,0.020293467033859373,True
Lysinibacillus,RESISTIN,0.06201383725080976,0.16534606027786522,0.3190287055153831,False
Lysinibacillus,IL21,-0.13485975570217712,0.0024626636670878033,0.014949590146159642,True
Lysinibacillus,ICAM1,0.026275643500757857,0.5569693597057628,0.7043534192634748,False
Lysinibacillus,VCAM1,0.04936031268653701,0.26965761405785965,0.4380732140885699,False
Lysinibacillus,FGFB,0.11256363266615266,0.011610497454212396,0.047889092411712034,True
Lysinibacillus,IL22,-0.0351137718917035,0.4324433504188878,0.5960140281250744,False
Lysinibacillus,PDGFBB,-0.014501882295582885,0.7458419650793651,0.845481506001718,False
Lysinibacillus,VEGF,-0.014587485774031834,0.7443937928683586,0.8446635277788842,False
Lysinibacillus,LEPTIN,0.14307079600689476,0.0013084920156292868,0.009135867676690966,True
Lysinibacillus,PAI1,0.03823418679520352,0.39264657587687224,0.5603214112653312,False
Lysinibacillus,CD40L,-0.017313736833118206,0.6987692313310463,0.8126620632277636,False
Lysinibacillus,ENA78,-0.004505971699007338,0.9197832641365593,0.9531963847191889,False
Methylobacterium-Methylorubrum,IL17F,0.15082113542751108,0.0006984440166851612,0.005727980031015872,True
Methylobacterium-Methylorubrum,FASL,0.048959778659387936,0.27356773258842165,0.4413913797835395,False
Methylobacterium-Methylorubrum,TGFA,0.0835506609721418,0.06140229100846964,0.1559370033803298,False
Methylobacterium-Methylorubrum,MIP1A,-0.0349875924465681,0.43410011268272297,0.597208734903746,False
Methylobacterium-Methylorubrum,SDF1A,-0.014787884720812237,0.7410071311378201,0.842766216067468,False
Methylobacterium-Methylorubrum,IL27,0.07080974248945285,0.11306816125724431,0.24162084092196048,False
Methylobacterium-Methylorubrum,LIF,0.01645041974124938,0.7131091897719846,0.8234833827768999,False
Methylobacterium-Methylorubrum,IL1B,0.06168065916455916,0.16763403026250082,0.32197366407295697,False
Methylobacterium-Methylorubrum,IL2,0.10645436703011837,0.017033420805373393,0.06316220633571475,True
Methylobacterium-Methylorubrum,IL4,0.10966738564151596,0.013954572042203054,0.05503711619698406,True
Methylobacterium-Methylorubrum,IL5,0.21198246470101875,1.6490326339483975e-06,5.5165480200432e-05,True
Methylobacterium-Methylorubrum,IP10,-0.16990169017742487,0.00013073862592008817,0.0015852033504134173,True
Methylobacterium-Methylorubrum,IL6,-0.032517186751530286,0.4672656595081124,0.6286994550673387,False
Methylobacterium-Methylorubrum,IL7,0.05911975058500372,0.186017046303239,0.34406494244632513,False
Methylobacterium-Methylorubrum,IL8,0.004868164567675725,0.9133597757123821,0.9515156653612772,False
Methylobacterium-Methylorubrum,IL10,-0.005771304739772113,0.897368044226574,0.9432634995958379,False
Methylobacterium-Methylorubrum,IFNB,0.0969488124212649,0.029865015695684047,0.0937692930350647,True
Methylobacterium-Methylorubrum,EOTAXIN,0.05947717029452822,0.1833657024432189,0.34146997050899797,False
Methylobacterium-Methylorubrum,IL12P70,0.09713162153274378,0.029555946963199315,0.09308674084904354,True
Methylobacterium-Methylorubrum,IL13,0.10357104982795479,0.02028649979785623,0.07066084199253293,True
Methylobacterium-Methylorubrum,IL17A,0.012258482961827017,0.7840990021417814,0.8685231919864896,False
Methylobacterium-Methylorubrum,IL31,0.07612987273038065,0.08839262164253177,0.20214424043134227,False
Methylobacterium-Methylorubrum,IL1RA,0.004520722780105289,0.9195215489573659,0.9531375841845189,False
Methylobacterium-Methylorubrum,SCF,0.020232657370884526,0.6510988924209566,0.774919337025198,False
Methylobacterium-Methylorubrum,RANTES,-0.017048702339055637,0.7031604286334228,0.8149790611030449,False
Methylobacterium-Methylorubrum,IFNG,0.07727146533472698,0.0837079369557696,0.19491332340727524,False
Methylobacterium-Methylorubrum,GMCSF,0.07917653058297572,0.07633825588431167,0.181757752105504,False
Methylobacterium-Methylorubrum,TNFA,0.09234804775374271,0.03860670305210795,0.11255245717385703,True
Methylobacterium-Methylorubrum,HGF,-0.03781201806332632,0.3978975186747403,0.5655227127658087,False
Methylobacterium-Methylorubrum,MIP1B,0.09219384271509284,0.03893379894233818,0.11315135317617032,True
Methylobacterium-Methylorubrum,IFNA,0.06698581749449255,0.13392981626685116,0.27446050208802175,False
Methylobacterium-Methylorubrum,TGFB,0.09814909164491799,0.027885402891838693,0.08949239049077187,True
Methylobacterium-Methylorubrum,MCP1,0.18252711729624593,3.8886027289610946e-05,0.0006443182857150963,True
Methylobacterium-Methylorubrum,IL9,0.012417044610195079,0.7813766544406279,0.8665398147266682,False
Methylobacterium-Methylorubrum,VEGFD,0.053633555411872744,0.23031540744324175,0.3969925716063565,False
Methylobacterium-Methylorubrum,TNFB,0.015391795425340218,0.730831736870684,0.8360067838742142,False
Methylobacterium-Methylorubrum,NGF,0.11652560411725431,0.008969964438940586,0.03972412822959402,True
Methylobacterium-Methylorubrum,EGF,-0.03074386293402792,0.4919110216176995,0.6492722822941535,False
Methylobacterium-Methylorubrum,BDNF,-0.053630607400146274,0.23034106627826875,0.3969925716063565,False
Methylobacterium-Methylorubrum,TRAIL,-0.016979105476059356,0.7043151829786024,0.815707497098506,False
Methylobacterium-Methylorubrum,GCSF,0.08988094334978462,0.044128314805875826,0.12257865223854397,False
Methylobacterium-Methylorubrum,GROA,0.003052969874048984,0.945600543213871,0.9693201618510646,False
Methylobacterium-Methylorubrum,IL1A,0.030317123132400092,0.49794391044971786,0.6535250306495026,False
Methylobacterium-Methylorubrum,IL23,0.13526716734903413,0.0023884734960514455,0.014575330389290316,True
Methylobacterium-Methylorubrum,IL12P40,-0.08479558103970539,0.05762240684111649,0.1498569305431721,False
Methylobacterium-Methylorubrum,IL15,0.09159775147169244,0.04022037122952414,0.11488005295902166,False
Methylobacterium-Methylorubrum,IL18,-0.04040267934026261,0.36634087821667416,0.5360242554145799,False
Methylobacterium-Methylorubrum,MCSF,0.04932530822035174,0.2699978045131582,0.4380732140885699,False
Methylobacterium-Methylorubrum,MCP3,0.016521233039459342,0.7119290638983744,0.8227463619756094,False
Methylobacterium-Methylorubrum,MIG,-0.031091093779418613,0.4870311673151999,0.6457641653879896,False
Methylobacterium-Methylorubrum,RESISTIN,-0.06707178430758394,0.13343025444708181,0.2735673206256307,False
Methylobacterium-Methylorubrum,IL21,-0.07690119379412153,0.08520492140061842,0.19748288117568907,False
Methylobacterium-Methylorubrum,ICAM1,-0.18702926038458978,2.4726617918057383e-05,0.0004526723359014442,True
Methylobacterium-Methylorubrum,VCAM1,0.021080620547668617,0.6375023883998543,0.7636234173259461,False
Methylobacterium-Methylorubrum,FGFB,0.04980885834433145,0.2653243726473769,0.4338916544332793,False
Methylobacterium-Methylorubrum,IL22,0.07627652660971264,0.08777926332279762,0.20126902093245014,False
Methylobacterium-Methylorubrum,PDGFBB,-0.051136184565663094,0.25278268235698115,0.4202500797139658,False
Methylobacterium-Methylorubrum,VEGF,0.041247735008104545,0.35639355539790807,0.527461583404697,False
Methylobacterium-Methylorubrum,LEPTIN,0.013073176932155843,0.7701402222582697,0.8600269052595951,False
Methylobacterium-Methylorubrum,PAI1,0.05783289570801035,0.19579693750178945,0.35676166120036085,False
Methylobacterium-Methylorubrum,CD40L,-0.05078262006207007,0.2560824919249491,0.4245217780574022,False
Methylobacterium-Methylorubrum,ENA78,0.01935962366208002,0.6652192817958614,0.7863385458911284,False
Microbacterium,IL17F,-0.10020052911619609,0.024762693808769498,0.08201319530682205,True
Microbacterium,FASL,-0.05812901213864887,0.19351388082806548,0.3539888063928027,False
Microbacterium,TGFA,-0.15423513730646857,0.0005246387273364345,0.004629165241203834,True
Microbacterium,MIP1A,-0.048729491182337874,0.2758332710743333,0.443507852868482,False
Microbacterium,SDF1A,-0.03759698189441653,0.4005882844279418,0.56790717152132,False
Microbacterium,IL27,-0.12175717750472155,0.006306947852331485,0.030390992241804568,True
Microbacterium,LIF,-0.12918094777584738,0.00374012449866172,0.020789182982145438,True
Microbacterium,IL1B,-0.05716749804345846,0.20099882927095952,0.36265039804014504,False
Microbacterium,IL2,-0.11709904011993448,0.00863578722254218,0.03857484206034691,True
Microbacterium,IL4,-0.09551689293374781,0.03238313230165579,0.09931054437802175,True
Microbacterium,IL5,-0.1176614047409892,0.008318883650755504,0.03749291813054984,True
Microbacterium,IP10,-0.07449380189041925,0.09547135988665258,0.21477591846779606,False
Microbacterium,IL6,-0.09027997043092534,0.043192608017239134,0.12099134173503734,False
Microbacterium,IL7,-0.061395956765123064,0.16960782800538693,0.32442468129372654,False
Microbacterium,IL8,-0.05612776853509116,0.20932723715742887,0.3726537721217627,False
Microbacterium,IL10,-0.03552314594044211,0.4270933828332514,0.5910667351710176,False
Microbacterium,IFNB,-0.15398601818285973,0.0005358154435781245,0.004706412503320172,True
Microbacterium,EOTAXIN,0.013970930612432406,0.7548440114283036,0.850488206129707,False
Microbacterium,IL12P70,-0.10120035280798227,0.023353485513698126,0.07839845898094357,True
Microbacterium,IL13,-0.08158060442092066,0.06780040827662354,0.16743064178773204,False
Microbacterium,IL17A,-0.07335406768394058,0.10066482253224433,0.22311316719491714,False
Microbacterium,IL31,-0.07915226252023237,0.07642870434540619,0.18179464170831494,False
Microbacterium,IL1RA,-0.10363967919585122,0.02020319539142702,0.07056378752787863,True
Microbacterium,SCF,-0.15303179556910154,0.0005807047324797606,0.004982060896735953,True
Microbacterium,RANTES,0.007552037436106733,0.8659644321797251,0.9225050652086418,False
Microbacterium,IFNG,-0.0600515874502988,0.17916331388728132,0.3364739133989734,False
Microbacterium,GMCSF,-0.12189790435832802,0.0062463359667961895,0.0302024364311953,True
Microbacterium,TNFA,-0.06313311237655736,0.15783136417442964,0.3082384894628718,False
Microbacterium,HGF,-0.03615788811689068,0.41887464579325717,0.5838040978298996,False
Microbacterium,MIP1B,-0.042190209667649636,0.34550177204756316,0.5167641846718207,False
Microbacterium,IFNA,-0.076713964610731,0.08597005145619208,0.1985895376409802,False
Microbacterium,TGFB,-0.1259830072373867,0.004699677484800551,0.02444463121288877,True
Microbacterium,MCP1,-0.07341475055513468,0.10038276303431214,0.22280102908634808,False
Microbacterium,IL9,-0.11694133569172649,0.008726567280565495,0.03880730206467182,True
Microbacterium,VEGFD,-0.09177601015426644,0.03983191203021979,0.11445181960279852,False
Microbacterium,TNFB,-0.07882346357127357,0.07766276558813456,0.18385220226343482,False
Microbacterium,NGF,-0.07805740180029505,0.08060079873274532,0.18890812202987184,False
Microbacterium,EGF,-0.053195086633551686,0.23415402769813723,0.40111400779194967,False
Microbacterium,BDNF,-0.12185628156755586,0.0062642084691766076,0.030247735598827857,True
Microbacterium,TRAIL,-0.11479847583583312,0.0100470955277364,0.04321831101200209,True
Microbacterium,GCSF,-0.14740481918595527,0.0009245403349832332,0.007082557755637619,True
Microbacterium,GROA,-0.04082648218774374,0.3613308102888789,0.5308651715144667,False
Microbacterium,IL1A,-0.060388612367018535,0.17673113809658014,0.33433677467416506,False
Microbacterium,IL23,-0.14159296904469582,0.0014698523971558915,0.010019691337641488,True
Microbacterium,IL12P40,0.042327121607052876,0.3439373211584047,0.5154974653169446,False
Microbacterium,IL15,-0.17382379337045095,9.051081947513144e-05,0.0012121707301648108,True
Microbacterium,IL18,-0.13056389729954115,0.003383164940998014,0.01923192784308162,True
Microbacterium,MCSF,-0.03533029035225032,0.4296089404098812,0.5936646576243529,False
Microbacterium,MCP3,-0.10510948158325165,0.01848917830105268,0.0666886157586726,True
Microbacterium,MIG,-0.07103138453712404,0.11194206099510233,0.23998382828266404,False
Microbacterium,RESISTIN,-0.06513640563670328,0.14502967595594168,0.2901841623042723,False
Microbacterium,IL21,-0.07900781203119861,0.07696888393103869,0.18241860870506113,False
Microbacterium,ICAM1,-0.1218070880521755,0.006285390949574851,0.03031853518207786,True
Microbacterium,VCAM1,-0.09190368742843355,0.039555634084199806,0.11403205114167955,False
Microbacterium,FGFB,-0.13723677381706842,0.0020577584815314287,0.013004431682781748,True
Microbacterium,IL22,0.02021460993129031,0.6513895528977693,0.7750668938010817,False
Microbacterium,PDGFBB,-0.09619460346870908,0.031169589855117672,0.096884086113835,True
Microbacterium,VEGF,-0.09361453520028894,0.03600731187366729,0.10664586000799547,True
Microbacterium,LEPTIN,-0.13111807681948112,0.003249020129193667,0.018674837578183622,True
Microbacterium,PAI1,-0.008082385303226152,0.8566499692311438,0.9177265715434759,False
Microbacterium,CD40L,-0.07414030222857801,0.0970587634857851,0.21777357468587194,False
Microbacterium,ENA78,-0.058844134428832386,0.1880807844016119,0.3467188501479407,False
Micrococcus,IL17F,-0.02175019991256474,0.6268511367924456,0.7571059184636031,False
Micrococcus,FASL,0.0016921934383031078,0.9698314308097,0.9843543238147275,False
Micrococcus,TGFA,-0.1066635970440366,0.016816197195169816,0.06270674976546883,True
Micrococcus,MIP1A,-0.021815743276282825,0.6258126223097936,0.7562444630302859,False
Micrococcus,SDF1A,0.034003441151926266,0.4471470989592147,0.6105324053341017,False
Micrococcus,IL27,-0.0843917442594397,0.058826835068925803,0.1516292832447342,False
Micrococcus,LIF,-0.1368391863698405,0.002120934129215176,0.013273679274361464,True
Micrococcus,IL1B,0.040514197694877324,0.36501837252712455,0.5347622659896437,False
Micrococcus,IL2,-0.11956982681675525,0.007319353775273093,0.033962084015654447,True
Micrococcus,IL4,-0.029373216649471318,0.5114262756190263,0.6668906846967113,False
Micrococcus,IL5,-0.09699255263470052,0.029790814693397602,0.09359951913803975,True
Micrococcus,IP10,0.11653341252709143,0.008965337734920009,0.03972412822959402,True
Micrococcus,IL6,0.03458265539176944,0.4394416529841155,0.6022409921532971,False
Micrococcus,IL7,-0.01312427890339481,0.769267070424313,0.8595787337952557,False
Micrococcus,IL8,0.032166947202116984,0.47207846853434365,0.6324301004565537,False
Micrococcus,IL10,-0.040051857936139135,0.37052069644782526,0.5397533820857592,False
Micrococcus,IFNB,-0.10949149403305128,0.01410948792400988,0.05560094817512368,True
Micrococcus,EOTAXIN,0.010692979567786925,0.8111136442800482,0.8868277559139958,False
Micrococcus,IL12P70,-0.11253128444388312,0.011634625134221163,0.04791940378576475,True
Micrococcus,IL13,-0.09548079472951841,0.03244888823951752,0.0993333313454618,True
Micrococcus,IL17A,-0.03994474528908395,0.37180273733451463,0.5401070692300822,False
Micrococcus,IL31,0.026963069391859815,0.5466944640998859,0.6966646363563905,False
Micrococcus,IL1RA,-0.06161530811824365,0.16808557092592577,0.32266449226982313,False
Micrococcus,SCF,-0.10274584777018535,0.02131178727746727,0.07302860047179278,True
Micrococcus,RANTES,0.11332893889864544,0.011052440216554774,0.04629555228841769,True
Micrococcus,IFNG,-0.07258435784906923,0.10429741758180357,0.22908974575124544,False
Micrococcus,GMCSF,-0.11502824439325267,0.009897471768658435,0.04281231974349928,True
Micrococcus,TNFA,-0.0037395333558681593,0.9333927532180453,0.9606631922230878,False
Micrococcus,HGF,-0.0126667386321446,0.7770950751361357,0.8642983688798479,False
Micrococcus,MIP1B,-0.05216809455867459,0.2433212319902893,0.4092020718824033,False
Micrococcus,IFNA,-0.052976450898002576,0.2360848918333633,0.4024174292614147,False
Micrococcus,TGFB,-0.07907133106812378,0.07673097047539396,0.18203723805435604,False
Micrococcus,MCP1,-0.08027015632580743,0.07235173980625516,0.17559268794315577,False
Micrococcus,IL9,-0.001089835183548749,0.9805676229450768,0.9903647799076036,False
Micrococcus,VEGFD,0.10376068870703206,0.02005703518660121,0.07033575687609023,True
Micrococcus,TNFB,0.0499701433654816,0.2637780084428095,0.4323978358326548,False
Micrococcus,NGF,-0.062049884785307166,0.16509992949866958,0.3186860407508566,False
Micrococcus,EGF,0.11448754817610333,0.010252766161765122,0.043819267143573364,True
Micrococcus,BDNF,0.033057665444309055,0.4598921999341882,0.621475945857011,False
Micrococcus,TRAIL,-0.04886899121691446,0.2744593687927088,0.442216238699271,False
Micrococcus,GCSF,-0.05740639383078643,0.1991197629536844,0.360977348044691,False
Micrococcus,GROA,0.015248012005903587,0.7332501658626052,0.8377428184916742,False
Micrococcus,IL1A,-0.016136804848435105,0.7183438800433903,0.8276552832657814,False
Micrococcus,IL23,-0.08542507287386034,0.05578578245310026,0.1456869553806554,False
Micrococcus,IL12P40,0.03966944876897368,0.37511034864101833,0.5432149240674977,False
Micrococcus,IL15,-0.06870813153102144,0.124192987795429,0.25908362191509415,False
Micrococcus,IL18,-0.018857751938252402,0.673390849245721,0.7931696775905576,False
Micrococcus,MCSF,0.031813524721765726,0.47696249223874476,0.6375037622621912,False
Micrococcus,MCP3,0.03746715690709506,0.40221805935467714,0.5687449120004846,False
Micrococcus,MIG,-0.05927118886799837,0.1848902461952292,0.3434896452333104,False
Micrococcus,RESISTIN,-0.04840068741372248,0.27909006046092705,0.44735221687118604,False
Micrococcus,IL21,-0.01186186947541495,0.7909199432908336,0.8739979183925312,False
Micrococcus,ICAM1,0.025513320588588437,0.5684723045477366,0.7128900259296049,False
Micrococcus,VCAM1,-0.03373532936071565,0.4507396414396654,0.6131609979799865,False
Micrococcus,FGFB,-0.024150519863895843,0.5893136979530146,0.7286117244034879,False
Micrococcus,IL22,-0.00012862708702458022,0.9977062834161528,0.9992104712222938,False
Micrococcus,PDGFBB,0.03549577353520079,0.4274498993132497,0.5912804851661568,False
Micrococcus,VEGF,0.04123701609969162,0.3565186573421425,0.527461583404697,False
Micrococcus,LEPTIN,-0.10810259226798359,0.015386829819920778,0.058791091752367804,True
Micrococcus,PAI1,-0.035874605143575974,0.4225311155036562,0.587519975965858,False
Micrococcus,CD40L,-0.015293792173976584,0.7324798582280976,0.8371430880452396,False
Micrococcus,ENA78,-0.048620859867272125,0.27690638892848624,0.44459400173515623,False
Microlunatus,IL17F,0.20720296980418162,2.8438527281792415e-06,8.316927789958159e-05,True
Microlunatus,FASL,0.052141735982917256,0.24355977982424956,0.40930718329698607,False
Microlunatus,TGFA,0.16467957465336738,0.00021069343956593955,0.002321622023653125,True
Microlunatus,MIP1A,0.0435612915815267,0.3300388654188273,0.5012020653813022,False
Microlunatus,SDF1A,0.08936147931313793,0.04537194980525742,0.12535921960454366,False
Microlunatus,IL27,0.09486124446968029,0.03359535004503356,0.10197022043694913,True
Microlunatus,LIF,0.03341288749174374,0.45508167610599715,0.6171273822959716,False
Microlunatus,IL1B,0.030725950760345067,0.4921634602334438,0.6494211379357304,False
Microlunatus,IL2,0.05397725561965611,0.22733779310366878,0.39327408405210557,False
Microlunatus,IL4,0.020993668135494654,0.6388911273246745,0.7641059007355289,False
Microlunatus,IL5,0.21828721776787974,7.881212985350471e-07,3.0796336455361084e-05,True
Microlunatus,IP10,-0.0657480629878248,0.1412834098870336,0.2845248401796043,False
Microlunatus,IL6,-0.007139924972345033,0.8732152409072184,0.926831972202366,False
Microlunatus,IL7,0.05701983750314043,0.2021667043095492,0.36399630346693934,False
Microlunatus,IL8,0.04146659712375666,0.3538452179461059,0.5250096564931055,False
Microlunatus,IL10,0.026289570590160526,0.5567602652695725,0.7043534192634748,False
Microlunatus,IFNB,0.18206803754666165,4.0698729767925365e-05,0.0006594045066928674,True
Microlunatus,EOTAXIN,-0.11116296403386224,0.01269669735512561,0.05152123247029707,True
Microlunatus,IL12P70,0.12567724444652437,0.004802173069093863,0.024921991932239356,True
Microlunatus,IL13,0.09748773045380954,0.028961755917642294,0.09181384339440009,True
Microlunatus,IL17A,0.10163945233872904,0.022756866289942647,0.07690365425016955,True
Microlunatus,IL31,0.1599161089435704,0.00032163481745387754,0.00323290795839764,True
Microlunatus,IL1RA,0.059009203663702665,0.1868427778279678,0.34545483773361835,False
Microlunatus,SCF,0.0357606974577084,0.42400661629607317,0.5883708641530111,False
Microlunatus,RANTES,0.02931743722943227,0.5122289100533624,0.667750050952659,False
Microlunatus,IFNG,0.04228299978675468,0.3444409945676875,0.5154974653169446,False
Microlunatus,GMCSF,0.11000918089681384,0.01365781280619569,0.05430969283728125,True
Microlunatus,TNFA,0.09226414599070724,0.03878438342578742,0.11286432856424825,True
Microlunatus,HGF,-0.1575942473695134,0.00039361984280743484,0.003720187538728805,True
Microlunatus,MIP1B,0.18679038189125743,2.5334679075285226e-05,0.0004605111420603594,True
Microlunatus,IFNA,0.119961604387524,0.007127975627230495,0.033345157612295576,True
Microlunatus,TGFB,0.1851432454229697,2.992992902955612e-05,0.0005212515729866515,True
Microlunatus,MCP1,0.033543068217273216,0.453325828929772,0.6156873516914446,False
Microlunatus,IL9,0.0455103656765957,0.30883891166816274,0.4804697150159544,False
Microlunatus,VEGFD,0.07887766034955479,0.07745824550368033,0.18348489128482603,False
Microlunatus,TNFB,0.04244959113844108,0.3425417261872188,0.5141027532953527,False
Microlunatus,NGF,0.17847844806471902,5.789350552956536e-05,0.0008706589872598942,True
Microlunatus,EGF,0.006493238397656154,0.8846144096889292,0.9348765920576183,False
Microlunatus,BDNF,0.014890073738700153,0.7392820971186242,0.8422972155835727,False
Microlunatus,TRAIL,0.14515593506895064,0.0011084301513340866,0.00807793252962408,True
Microlunatus,GCSF,0.0833712924660603,0.06196340254346302,0.15684802494670824,False
Microlunatus,GROA,0.10096527898741268,0.02367841675490975,0.0792689977756158,True
Microlunatus,IL1A,0.12491780880629726,0.005065525530881637,0.025686688897055193,True
Microlunatus,IL23,0.12003001689728451,0.0070950201934827095,0.0332579071569502,True
Microlunatus,IL12P40,-0.03269290935401411,0.46486122741569436,0.6265484253062552,False
Microlunatus,IL15,0.19142809580707376,1.5722025172922492e-05,0.00031648232490947875,True
Microlunatus,IL18,0.00013958305928374632,0.99751091385786,0.9992104712222938,False
Microlunatus,MCSF,0.0482838147683394,0.2802539354629618,0.448290608841683,False
Microlunatus,MCP3,-0.04773097880225022,0.28580386108941824,0.4547113846472626,False
Microlunatus,MIG,0.03167005886380127,0.47895292089864105,0.638512351542053,False
Microlunatus,RESISTIN,0.024942651494391347,0.577156766901372,0.7198977913335245,False
Microlunatus,IL21,0.058998733120171426,0.18692112739973588,0.3454623380003068,False
Microlunatus,ICAM1,-0.1468217897907896,0.0009692958006541197,0.007340758099416379,True
Microlunatus,VCAM1,-0.05309262533996771,0.23505751301040137,0.401549388500502,False
Microlunatus,FGFB,0.12518579758590592,0.004971143500061624,0.025429941997014906,True
Microlunatus,IL22,0.11789858247475203,0.008188368698390635,0.03703882728357632,True
Microlunatus,PDGFBB,-0.07995170418500064,0.0734946317580436,0.1775324871038456,False
Microlunatus,VEGF,0.030508147639121394,0.4952385233931109,0.6520094882870835,False
Microlunatus,LEPTIN,0.12910880354237908,0.0037596503158442377,0.02086202144233378,True
Microlunatus,PAI1,0.10708222622711114,0.01638884184431549,0.06164171899559478,True
Microlunatus,CD40L,0.012693746006793896,0.7766323732001428,0.8642983688798479,False
Microlunatus,ENA78,0.12767705550722153,0.004166754870266034,0.022523419170355358,True
Micromonospora,IL17F,0.1856691402387298,2.838319561562374e-05,0.0004986146338276579,True
Micromonospora,FASL,0.09178643512843518,0.039809292626836086,0.11445181960279852,False
Micromonospora,TGFA,0.1509418265956958,0.0006914839312945829,0.005680919223533234,True
Micromonospora,MIP1A,-0.008989224906088457,0.8407699166445074,0.906674423097625,False
Micromonospora,SDF1A,0.12704857599909605,0.004357732664524953,0.023371922595203033,True
Micromonospora,IL27,0.17400631015054063,8.89577214225596e-05,0.0011989953756953685,True
Micromonospora,LIF,0.06184393108324064,0.16650987933011885,0.32010552776461343,False
Micromonospora,IL1B,0.03478614992852244,0.4367526594680622,0.5996451369210262,False
Micromonospora,IL2,0.010093021842633651,0.8215282840756926,0.8946385294969486,False
Micromonospora,IL4,0.05918003076612687,0.18556791742313553,0.3437947290735124,False
Micromonospora,IL5,0.16141083233201242,0.0002820081595339913,0.002940219600522555,True
Micromonospora,IP10,-0.09609802558192719,0.03134011348324135,0.0971543517980482,True
Micromonospora,IL6,0.01485028696444198,0.739953575410515,0.8422972155835727,False
Micromonospora,IL7,0.0276228566539962,0.5369215127397468,0.6887406991006407,False
Micromonospora,IL8,0.06581396517029128,0.14088423958633856,0.2840185112705238,False
Micromonospora,IL10,-0.008834697340522758,0.8434715385952207,0.9085343188482226,False
Micromonospora,IFNB,0.10061606653507359,0.024168333923546566,0.08056111307848855,True
Micromonospora,EOTAXIN,0.027167679885583516,0.5436543438391928,0.6943780553416431,False
Micromonospora,IL12P70,0.056372974959318305,0.2073409890418828,0.36996761283375096,False
Micromonospora,IL13,0.15032187620080562,0.0007279308181984553,0.0058867448776048995,True
Micromonospora,IL17A,0.05671011552540083,0.2046323563538623,0.3669650817761125,False
Micromonospora,IL31,0.15849230679495735,0.0003641603428319118,0.0035204690107450936,True
Micromonospora,IL1RA,0.04792740209167241,0.28382354449253433,0.4521341150703271,False
Micromonospora,SCF,0.0032918993460707667,0.9413505447653222,0.9662869830372512,False
Micromonospora,RANTES,0.10139362834162409,0.023089227801784747,0.0776880674951513,True
Micromonospora,IFNG,0.10715990375515516,0.01631060007103951,0.06151199540173052,True
Micromonospora,GMCSF,0.14507371059745014,0.0011157526384222272,0.008106640263536495,True
Micromonospora,TNFA,0.07983160266426015,0.07392946852635025,0.17812022209716513,False
Micromonospora,HGF,-0.01086908886640874,0.8080627995818164,0.8849486618123991,False
Micromonospora,MIP1B,0.14867274248798037,0.000833722615585722,0.006582020649360963,True
Micromonospora,IFNA,0.14908135268048128,0.000806260695641052,0.00640873886278785,True
Micromonospora,TGFB,0.16609550757523286,0.0001853803928643088,0.0020973694083188223,True
Micromonospora,MCP1,0.01030888620726697,0.8177773885615209,0.8920161521958885,False
Micromonospora,IL9,0.08676459722354866,0.05203904092156755,0.13867136979099665,False
Micromonospora,VEGFD,-0.005970925106415335,0.8938387750210348,0.9412025144582907,False
Micromonospora,TNFB,0.07649749171280447,0.08686157739359494,0.19967220315588624,False
Micromonospora,NGF,0.19165783649765916,1.5350189698475692e-05,0.00031179760640741825,True
Micromonospora,EGF,-0.021021245702450366,0.6384505420192166,0.7639719558387434,False
Micromonospora,BDNF,0.0323336177874031,0.46978477919367234,0.630265211555273,False
Micromonospora,TRAIL,0.0722001492255729,0.10614910590108485,0.23162521935243763,False
Micromonospora,GCSF,-0.011700439384033522,0.7937008209695449,0.8756130053400673,False
Micromonospora,GROA,0.14030400217611702,0.0016253106260108983,0.010759921051111301,True
Micromonospora,IL1A,0.09859490438439755,0.027179408241789146,0.08825715665106111,True
Micromonospora,IL23,0.11531841538239385,0.00971134432185361,0.0421640999968434,True
Micromonospora,IL12P40,0.07548009032627387,0.09115179757482479,0.20706197299606025,False
Micromonospora,IL15,0.17028715779808268,0.00012614280284255813,0.0015517567016346437,True
Micromonospora,IL18,0.01172445526265762,0.7932869445650599,0.8756130053400673,False
Micromonospora,MCSF,0.1219859699336124,0.006208672074487262,0.03010428339539354,True
Micromonospora,MCP3,-0.08901449676410339,0.04621895365027607,0.12731357670812157,False
Micromonospora,MIG,-0.05041497240642419,0.2595452535576452,0.4285305957978613,False
Micromonospora,RESISTIN,0.11670969879596685,0.008861447072896904,0.039318443596345995,True
Micromonospora,IL21,0.03653628061518516,0.4140196200863965,0.5795277644195496,False
Micromonospora,ICAM1,-0.2029057626499565,4.592360856412873e-06,0.00012133226126318102,True
Micromonospora,VCAM1,-0.04245572636423219,0.3424719076268897,0.5141027532953527,False
Micromonospora,FGFB,0.07937450119606013,0.07560365465176842,0.18084207517012507,False
Micromonospora,IL22,0.16440913165086204,0.00021588228887089073,0.002373174097516884,True
Micromonospora,PDGFBB,-0.020640831131205382,0.6445393001264111,0.7688672776516001,False
Micromonospora,VEGF,0.03812578178964129,0.39399090717882135,0.561649169423791,False
Micromonospora,LEPTIN,0.12655030487228203,0.004514727788162299,0.023829153478949705,True
Micromonospora,PAI1,0.0637883375103875,0.1535535935970661,0.3028092494598632,False
Micromonospora,CD40L,-0.04716750297058888,0.29153631921840945,0.4617315682444155,False
Micromonospora,ENA78,0.09500450395598338,0.033327226399066566,0.10127539879211649,True
Moraxella,IL17F,-0.009569099544598666,0.8306488187593304,0.9011874051599468,False
Moraxella,FASL,0.005297934280281839,0.9057451597454695,0.9475174337044844,False
Moraxella,TGFA,-0.04765672353964473,0.28655491319546045,0.45570463281767826,False
Moraxella,MIP1A,-0.025621022142110834,0.5668403120503082,0.7114190151238685,False
Moraxella,SDF1A,-0.037484243547314236,0.40200333370087693,0.5686995745996586,False
Moraxella,IL27,-0.09267470548385404,0.03792148906286977,0.1109024680140531,True
Moraxella,LIF,-0.11764303012403377,0.008329071920184512,0.03749291813054984,True
Moraxella,IL1B,0.08448921443237267,0.058534242413807454,0.15128502221921303,False
Moraxella,IL2,-0.0010330121368440982,0.9815806255711609,0.9907423288269803,False
Moraxella,IL4,0.08557460071530239,0.05535673589510981,0.14485583675422659,False
Moraxella,IL5,-0.07906121453964395,0.07676882232786929,0.18203723805435604,False
Moraxella,IP10,-0.0749384474226775,0.09350417129956475,0.21086052208679731,False
Moraxella,IL6,0.0021156966941110484,0.9622862257009718,0.9804915889896748,False
Moraxella,IL7,0.05621359419475883,0.20863046561073395,0.3716979559731467,False
Moraxella,IL8,0.015586464642604521,0.7275616616753767,0.8339072533375652,False
Moraxella,IL10,0.0721471193013958,0.106406711531342,0.23184575069277694,False
Moraxella,IFNB,-0.018089592581874096,0.6859726587643542,0.8044824371385239,False
Moraxella,EOTAXIN,-0.1170589409160981,0.008658789549972878,0.03864047160016687,True
Moraxella,IL12P70,-0.04835323218531905,0.27956224704425675,0.44757286732477264,False
Moraxella,IL13,-0.053867114814901196,0.2282889936322807,0.3941863425139641,False
Moraxella,IL17A,0.11086058619866251,0.012942629405269756,0.05233324063869945,True
Moraxella,IL31,-0.009757773649780595,0.8273616562828372,0.8993061481335186,False
Moraxella,IL1RA,-0.10503389243141399,0.018574128414739224,0.06677087092830412,True
Moraxella,SCF,-0.016189531293469443,0.7174628686761749,0.827636402715012,False
Moraxella,RANTES,-0.039384338371347145,0.37855491433536614,0.5471807123591709,False
Moraxella,IFNG,-0.02362681986749479,0.5974150851180522,0.7353044324507524,False
Moraxella,GMCSF,-0.20429640222069823,3.936987670979546e-06,0.00010705843666698766,True
Moraxella,TNFA,-0.021305735771741507,0.6339129157215363,0.760891858055019,False
Moraxella,HGF,-0.1437467665359548,0.00124026043782787,0.00877907799574668,True
Moraxella,MIP1B,-0.0035390909261673893,0.9369553358351755,0.9628380799190202,False
Moraxella,IFNA,-0.05031113494390898,0.26052909464315843,0.42927093935546007,False
Moraxella,TGFB,-0.037584899584411566,0.40073979412549987,0.567948809108069,False
Moraxella,MCP1,0.05032181150307853,0.26042781769559986,0.42927093935546007,False
Moraxella,IL9,-0.021691173020640053,0.6277870313234071,0.7578426001178201,False
Moraxella,VEGFD,0.03899935354372821,0.3832368067127877,0.5522315312099358,False
Moraxella,TNFB,-0.009601694927592427,0.8300807149318044,0.9011874051599468,False
Moraxella,NGF,-0.065301559155201,0.14401074988736595,0.2885178746127754,False
Moraxella,EGF,0.07833125409474459,0.07954033943911798,0.18679928201611043,False
Moraxella,BDNF,-0.0011464008853055026,0.9795592391159071,0.989821754098847,False
Moraxella,TRAIL,-0.04950240365921824,0.26827971607047707,0.4365450178000288,False
Moraxella,GCSF,-0.017750027509490975,0.6915624916217247,0.8082667749681629,False
Moraxella,GROA,0.004844987161115628,0.9137706624379698,0.9515156653612772,False
Moraxella,IL1A,-0.00867762571384977,0.8462195216140482,0.9110721869658078,False
Moraxella,IL23,-0.04092382107824455,0.3601861769769382,0.5300377501758634,False
Moraxella,IL12P40,-0.1932725993314342,1.2962982251053656e-05,0.00027524140396072833,True
Moraxella,IL15,-0.006441983165386422,0.8855189387775655,0.9354073296946115,False
Moraxella,IL18,-0.06549907785310086,0.14279934081908496,0.28683236924783806,False
Moraxella,MCSF,-0.0006471687304844695,0.9884598794738924,0.9941081887857056,False
Moraxella,MCP3,0.09555103006001886,0.03232105337678193,0.09931054437802175,True
Moraxella,MIG,-0.0008579421161135315,0.9847018338841682,0.9926660892118326,False
Moraxella,RESISTIN,-0.2252569525132714,3.395254437029679e-07,1.5478365815870597e-05,True
Moraxella,IL21,-0.03267250296602162,0.4651400977351836,0.6265647318854588,False
Moraxella,ICAM1,0.0193571587424013,0.6652593203302579,0.7863385458911284,False
Moraxella,VCAM1,-0.017534323552895685,0.6951221019880269,0.8100368765269425,False
Moraxella,FGFB,-0.09342523070107896,0.036386126417014476,0.10749395669575433,True
Moraxella,IL22,0.06287597455664298,0.15953451574569982,0.31012831880747843,False
Moraxella,PDGFBB,-0.07709056084271357,0.0844366481635894,0.19631520698034535,False
Moraxella,VEGF,-0.015174369724038888,0.734489849595539,0.8387470040813497,False
Moraxella,LEPTIN,-0.20908659738271806,2.2976593248529765e-06,7.317887575730371e-05,True
Moraxella,PAI1,-0.10559713636428177,0.017949237013693775,0.06525719477222522,True
Moraxella,CD40L,0.029796851591673168,0.5053518424051369,0.6613808238626193,False
Moraxella,ENA78,0.11621517823086122,0.009155631437107539,0.040371150546206214,True
Mycetocola,IL17F,0.18629804659618646,2.663293054929103e-05,0.000474494739671277,True
Mycetocola,FASL,0.02938894828062306,0.5112000247285546,0.6667826409502886,False
Mycetocola,TGFA,0.1276970366759994,0.004160809262041181,0.022523419170355358,True
Mycetocola,MIP1A,-0.05024494369222727,0.26115758562258323,0.42971789566348617,False
Mycetocola,SDF1A,0.00854961713308933,0.848460425443645,0.9122175672399883,False
Mycetocola,IL27,0.052256673907369725,0.24252077930626947,0.40844680325032706,False
Mycetocola,LIF,0.022784428952311794,0.6105512346086464,0.7453722803005274,False
Mycetocola,IL1B,0.010902580769294588,0.8074829273538018,0.8847303516011259,False
Mycetocola,IL2,0.04695623543466214,0.2937053514510331,0.46437602320547566,False
Mycetocola,IL4,-0.02899909536078731,0.5168221750576258,0.6722302416833456,False
Mycetocola,IL5,0.21254056316891726,1.546088490682139e-06,5.2862584424058426e-05,True
Mycetocola,IP10,-0.09398231913894312,0.0352809228135117,0.10563830720079163,True
Mycetocola,IL6,-0.05085730372148702,0.25538299757562216,0.42351317358296825,False
Mycetocola,IL7,0.06184999330792776,0.16646824909586658,0.32010552776461343,False
Mycetocola,IL8,0.006693708494662395,0.8810780549528596,0.9324107773169771,False
Mycetocola,IL10,-0.07253845609789046,0.10451728576762065,0.22935600699359887,False
Mycetocola,IFNB,0.13985095688616225,0.0016834399306326292,0.010994375951463098,True
Mycetocola,EOTAXIN,-0.06332773000848343,0.15655147165904185,0.30676963473010727,False
Mycetocola,IL12P70,0.018855558879420236,0.6734266423930153,0.7931696775905576,False
Mycetocola,IL13,0.07606387894388707,0.08866975243563709,0.20261147362442872,False
Mycetocola,IL17A,0.04237267998419687,0.34341774092508626,0.5149604950988879,False
Mycetocola,IL31,0.10638113866939873,0.01711002467173227,0.06324452680727746,True
Mycetocola,IL1RA,0.025730929759918572,0.5651772032690758,0.7099851121227148,False
Mycetocola,SCF,-0.1898800856890018,1.845984443949118e-05,0.0003652182927803751,True
Mycetocola,RANTES,0.038023986062770104,0.39525580213546374,0.5624049816186985,False
Mycetocola,IFNG,0.011447967039107556,0.7980552743341505,0.8785409625127366,False
Mycetocola,GMCSF,0.16803542097160162,0.00015530109107934594,0.0017963932177088521,True
Mycetocola,TNFA,0.04707709426640026,0.29246320582794116,0.4628842433968436,False
Mycetocola,HGF,-0.16275166480200032,0.0002503889704432083,0.0026632351014947257,True
Mycetocola,MIP1B,0.14181989494715097,0.0014439415002854077,0.009874011729892862,True
Mycetocola,IFNA,0.09237162869018443,0.03855688958119961,0.11253721846180001,True
Mycetocola,TGFB,0.15948102132825417,0.000334110997197663,0.0033126143645397293,True
Mycetocola,MCP1,-0.004189622797354226,0.9253979975418223,0.9560321458719114,False
Mycetocola,IL9,0.012563696642031299,0.7788611576988036,0.8656081222034983,False
Mycetocola,VEGFD,-0.018790874860282556,0.6744826884774523,0.7942123325956326,False
Mycetocola,TNFB,0.01572489019017023,0.7252393752050359,0.8324766958043488,False
Mycetocola,NGF,0.15608525499747383,0.0004481686657158281,0.004143109931567795,True
Mycetocola,EGF,-0.17703151318163263,6.66020726609753e-05,0.0009654149175319175,True
Mycetocola,BDNF,-0.09390052929325685,0.035441374026343564,0.10584610740044802,True
Mycetocola,TRAIL,0.05584468584639504,0.2116373391787661,0.3754725780928128,False
Mycetocola,GCSF,-0.013081007092036781,0.7700064136597432,0.8600269052595951,False
Mycetocola,GROA,0.04634814167859972,0.30000860717254707,0.4709790760811424,False
Mycetocola,IL1A,0.0358273568860927,0.4231427804687835,0.5876983062066438,False
Mycetocola,IL23,0.07765510413041425,0.08217937926160888,0.19193074513635425,False
Mycetocola,IL12P40,-0.05427187530704205,0.22480724639038313,0.389186037124081,False
Mycetocola,IL15,0.11499695503746774,0.009917730086117987,0.04286007890376268,True
Mycetocola,IL18,-0.0640929552032248,0.15159501878435286,0.2997095396884527,False
Mycetocola,MCSF,0.04424286380921321,0.32252105120568997,0.49397987091780576,False
Mycetocola,MCP3,-0.11426013493153897,0.01040555130969182,0.044267787428284695,True
Mycetocola,MIG,-0.031146822785247205,0.48625040747832715,0.6452809345816841,False
Mycetocola,RESISTIN,0.021559319693007412,0.62987977273399,0.7589896199049115,False
Mycetocola,IL21,0.006288029674373391,0.8882367299151968,0.9365761437881327,False
Mycetocola,ICAM1,-0.21125944253817344,1.7921952157432768e-06,5.935885541951884e-05,True
Mycetocola,VCAM1,-0.011525477090205976,0.7967177659047625,0.877691924059973,False
Mycetocola,FGFB,0.056570920431000836,0.20574754225157238,0.3684909821953601,False
Mycetocola,IL22,0.08900448990131637,0.04624357657204674,0.12731357670812157,False
Mycetocola,PDGFBB,-0.05799135595597894,0.19457277340749737,0.35508767517459294,False
Mycetocola,VEGF,-0.052328430294369954,0.24187370333552227,0.4078001162110872,False
Mycetocola,LEPTIN,0.18472380318192783,3.1220478354935614e-05,0.0005396848488864335,True
Mycetocola,PAI1,0.038698609378776117,0.3869187159423152,0.5553818790605874,False
Mycetocola,CD40L,-0.15729648508572697,0.0004038676640994436,0.0037862593509322834,True
Mycetocola,ENA78,0.1102585497202562,0.013444822139647778,0.05375616762627873,True
Mycobacterium,IL17F,-0.2087080290380558,2.398660660086549e-06,7.485753066713055e-05,True
Mycobacterium,FASL,-0.13569600433315532,0.002312590281639111,0.014186734577337554,True
Mycobacterium,TGFA,-0.26189219143541564,2.5620199191721397e-09,2.5898679617718366e-07,True
Mycobacterium,MIP1A,-0.04229071517668734,0.3443528855620187,0.5154974653169446,False
Mycobacterium,SDF1A,-0.07633685648976865,0.08752793811165067,0.20079176725169,False
Mycobacterium,IL27,-0.23083450629577615,1.6966583750979032e-07,8.864563420455337e-06,True
Mycobacterium,LIF,-0.08579317914068836,0.05473449580257198,0.14363171866927749,False
Mycobacterium,IL1B,-0.040775824724440156,0.3619274032335539,0.5315737286911009,False
Mycobacterium,IL2,-0.06219719595135095,0.16409695349725612,0.3171449849385872,False
Mycobacterium,IL4,-0.15541063784187734,0.0004747631577673555,0.0043287229090553,True
Mycobacterium,IL5,-0.17075038514111499,0.00012082072760233141,0.0014981770222689094,True
Mycobacterium,IP10,0.006866038450918855,0.8780399867990075,0.9304662576607532,False
Mycobacterium,IL6,-0.09971492379869365,0.025473230854628836,0.08376981858134659,True
Mycobacterium,IL7,0.040205877328362796,0.3686820283220764,0.5377708860497743,False
Mycobacterium,IL8,-0.13743822545036438,0.0020264096585415263,0.012855122663326191,True
Mycobacterium,IL10,-0.049176631127754035,0.2714459905088095,0.43903438464903105,False
Mycobacterium,IFNB,-0.21863974472960104,7.557533716416351e-07,3.0036351949859856e-05,True
Mycobacterium,EOTAXIN,0.0291112672838809,0.515201254031003,0.6706847231926552,False
Mycobacterium,IL12P70,-0.19287009923209503,1.3522595572396505e-05,0.00028324355590830515,True
Mycobacterium,IL13,-0.22835773526023015,2.3138217377559593e-07,1.1207574042255428e-05,True
Mycobacterium,IL17A,-0.1854060687707912,2.9147205395871424e-05,0.0005095282146270756,True
Mycobacterium,IL31,-0.10873943845049804,0.014789052221953597,0.05742803249952184,True
Mycobacterium,IL1RA,-0.05540407511048303,0.21526941089621351,0.3791677123740124,False
Mycobacterium,SCF,-0.1000412607932185,0.024993825218206343,0.08254352788683203,True
Mycobacterium,RANTES,-0.05862358640888751,0.1897442808449414,0.34921086760587344,False
Mycobacterium,IFNG,-0.18067112533518503,4.671888186223972e-05,0.0007408748593887157,True
Mycobacterium,GMCSF,-0.3215759258179157,1.5349489991879692e-13,7.137512846224057e-11,True
Mycobacterium,TNFA,-0.10524990026347744,0.018332269648184046,0.06623547308784446,True
Mycobacterium,HGF,0.0339799535160097,0.44746116932873514,0.6105324053341017,False
Mycobacterium,MIP1B,-0.11757210176258172,0.008368504411782305,0.037633989859562594,True
Mycobacterium,IFNA,-0.1698439818357926,0.00013144005575164853,0.0015875227512861445,True
Mycobacterium,TGFB,-0.17635194531688206,7.110582728715785e-05,0.0010111379109641711,True
Mycobacterium,MCP1,-0.08473282670842648,0.05780821686969457,0.15000458060495522,False
Mycobacterium,IL9,-0.1633895249858829,0.0002365401920614774,0.002534359200658686,True
Mycobacterium,VEGFD,-0.11947646030261515,0.007365634885921569,0.03411374723061285,True
Mycobacterium,TNFB,-0.1252804365792885,0.004938193652497322,0.02535963863504614,True
Mycobacterium,NGF,-0.15537447591834042,0.0004762293555379185,0.00433359393982646,True
Mycobacterium,EGF,0.04747261349063649,0.288422815320918,0.45804852842973665,False
Mycobacterium,BDNF,0.008474668114192951,0.8497730427658073,0.9130206045704775,False
Mycobacterium,TRAIL,-0.12139744302022053,0.006464293539465179,0.03095670953502892,True
Mycobacterium,GCSF,-0.2048774715397622,3.6905042566124716e-06,0.00010252725822972077,True
Mycobacterium,GROA,-0.15496891965466178,0.0004929637393023731,0.00442525364431667,True
Mycobacterium,IL1A,-0.11156061782412811,0.012379557213268548,0.05053989555899802,True
Mycobacterium,IL23,-0.20523041837617773,3.5480635164942896e-06,0.00010052679083480852,True
Mycobacterium,IL12P40,-0.004770056756386884,0.9150991777705851,0.9519870825853105,False
Mycobacterium,IL15,-0.1669338376306872,0.00017176715000191686,0.001973023084507784,True
Mycobacterium,IL18,-0.0975973003129119,0.028781006365536838,0.09141508169381578,True
Mycobacterium,MCSF,-0.11425219688906875,0.010410920689150805,0.044267787428284695,True
Mycobacterium,MCP3,-0.05898550647529097,0.187020135063,0.345483558542756,False
Mycobacterium,MIG,-0.07664744545641221,0.08624321720707231,0.1990125673178489,False
Mycobacterium,RESISTIN,-0.16524607994044926,0.00020020039592976582,0.002232450458209619,True
Mycobacterium,IL21,0.007806477595393357,0.8614933182420171,0.9195627454294566,False
Mycobacterium,ICAM1,0.02183445920581404,0.6255162098244669,0.7560827594706969,False
Mycobacterium,VCAM1,-0.028612642144930995,0.5224266529328603,0.6768693051373085,False
Mycobacterium,FGFB,-0.18577804195204373,2.807251261236927e-05,0.0004963391013213578,True
Mycobacterium,IL22,-0.038923258480868056,0.3841663849939464,0.5528856979950018,False
Mycobacterium,PDGFBB,0.01979460619107963,0.6581687064846212,0.7800936747268423,False
Mycobacterium,VEGF,-0.0214866684880957,0.6310341418841288,0.759396676956832,False
Mycobacterium,LEPTIN,-0.29285001498753765,2.1965118115913125e-11,3.92837689380754e-09,True
Mycobacterium,PAI1,-0.04338936284465784,0.3319529819970829,0.5031230007452527,False
Mycobacterium,CD40L,0.026098164975445964,0.5596372694421035,0.706190855605368,False
Mycobacterium,ENA78,-0.18234883230926188,3.9580728899743755e-05,0.000651833939076668,True
NK4A214 group,IL17F,-0.15814723048818521,0.00037522809001447034,0.003590145305694006,True
NK4A214 group,FASL,-0.08411393768629884,0.05966742321391363,0.15295122268175212,False
NK4A214 group,TGFA,-0.21333938345457865,1.409398444464027e-06,5.0413098205828655e-05,True
NK4A214 group,MIP1A,-0.017076681579498924,0.7026963879528492,0.8148474324141518,False
NK4A214 group,SDF1A,-0.08033643551141026,0.07211570413774111,0.17536396733729245,False
NK4A214 group,IL27,-0.18635590852347084,2.647714473064762e-05,0.00047418452243114115,True
NK4A214 group,LIF,-0.10382314082820354,0.019981963574032018,0.07033575687609023,True
NK4A214 group,IL1B,-0.1156543722800549,0.009499738616456718,0.04139998553563612,True
NK4A214 group,IL2,-0.080633948836293,0.07106392320562423,0.17391960152955402,False
NK4A214 group,IL4,-0.1803669656564111,4.813688400935159e-05,0.0007562044278496111,True
NK4A214 group,IL5,-0.15045816768542394,0.0007197689172459556,0.0058308806013827414,True
NK4A214 group,IP10,0.02222103597385656,0.619407375225028,0.7520220090852168,False
NK4A214 group,IL6,-0.08258734714718355,0.06446565618950471,0.1608182946787537,False
NK4A214 group,IL7,0.0518090650415049,0.2465845729761292,0.41200800012181127,False
NK4A214 group,IL8,-0.09615223812847742,0.031244294622285756,0.0969866288341981,True
NK4A214 group,IL10,-0.03600189441018119,0.42088583032202276,0.5856131391374643,False
NK4A214 group,IFNB,-0.2019516302947883,5.100957428796949e-06,0.00013104669637517023,True
NK4A214 group,EOTAXIN,-0.03301784048565646,0.46043328487862156,0.622026372657057,False
NK4A214 group,IL12P70,-0.1304734478940495,0.0034055303122838094,0.019325695677329304,True
NK4A214 group,IL13,-0.1759886840850637,7.36296006071668e-05,0.001034373543272887,True
NK4A214 group,IL17A,-0.2022778695409096,4.921290335902744e-06,0.00012856179810083013,True
NK4A214 group,IL31,-0.07340497401508754,0.10042816278816893,0.22280102908634808,False
NK4A214 group,IL1RA,-0.07870913549989324,0.07809563884528381,0.18461856666526166,False
NK4A214 group,SCF,-0.1994742456328104,6.684735031650007e-06,0.0001577868928790484,True
NK4A214 group,RANTES,0.010133301435897428,0.8208280675574005,0.894294872104478,False
NK4A214 group,IFNG,-0.11408377787432555,0.010525421925887984,0.0446002297325618,True
NK4A214 group,GMCSF,-0.29677168195630743,1.1514473033118492e-11,2.230929150166708e-09,True
NK4A214 group,TNFA,-0.1534523405624059,0.0005605073115636476,0.004850627777878495,True
NK4A214 group,HGF,-0.055658607992640205,0.21316580478759792,0.3767390325802193,False
NK4A214 group,MIP1B,-0.1484962124295878,0.0008458523590186761,0.006641693920142758,True
NK4A214 group,IFNA,-0.11955722536010918,0.007325585003806754,0.033962084015654447,True
NK4A214 group,TGFB,-0.1389067249379585,0.0018107671061640008,0.0117434686801431,True
NK4A214 group,MCP1,-0.16379691615118733,0.0002280737320892846,0.002460656274281145,True
NK4A214 group,IL9,-0.1479407389374591,0.0008850928059787024,0.006839042657596132,True
NK4A214 group,VEGFD,-0.17078528583418617,0.00012042842095674163,0.0014973052338204506,True
NK4A214 group,TNFB,-0.09968227227550609,0.025521631289005007,0.08386967172711893,True
NK4A214 group,NGF,-0.11041297992397012,0.013314392558883134,0.05337234948172981,True
NK4A214 group,EGF,-0.08312317439180307,0.06274654779898961,0.15805603860525552,False
NK4A214 group,BDNF,-0.1010088218704523,0.023617936083612717,0.07912348904092156,True
NK4A214 group,TRAIL,-0.09216774725045751,0.038989383541646196,0.11324211959316353,True
NK4A214 group,GCSF,-0.17684931000653734,6.778245089537565e-05,0.0009758154695464297,True
NK4A214 group,GROA,-0.12326710321003838,0.0056833437964980225,0.028264757918412625,True
NK4A214 group,IL1A,-0.08785346066937563,0.049150210865062306,0.1330509958076189,False
NK4A214 group,IL23,-0.15072941605717263,0.0007037766866784364,0.005751426349832564,True
NK4A214 group,IL12P40,-0.021676147565327826,0.6280253612226683,0.7579335400169758,False
NK4A214 group,IL15,-0.20032237902387406,6.095996683248563e-06,0.00014611538441807123,True
NK4A214 group,IL18,-0.053514570292090266,0.23135263726185432,0.3977684394112106,False
NK4A214 group,MCSF,-0.06240423491737895,0.16269506341024464,0.3149592193412313,False
NK4A214 group,MCP3,-0.07052157520049226,0.11454554239359113,0.24365817572287227,False
NK4A214 group,MIG,-0.09017323088806994,0.04344125645759101,0.12110422213896775,False
NK4A214 group,RESISTIN,-0.1420495188682623,0.0014181503873733027,0.009740619351973201,True
NK4A214 group,IL21,-0.006805767531810653,0.8791023237230465,0.930955546643627,False
NK4A214 group,ICAM1,0.006627698858119471,0.8822422279318369,0.9332180072527392,False
NK4A214 group,VCAM1,-0.10007960208585344,0.024938014506133265,0.08241774516952359,True
NK4A214 group,FGFB,-0.10394168573065843,0.019840137103062386,0.0701038279097569,True
NK4A214 group,IL22,-0.02572679284205606,0.5652397602318904,0.7099851121227148,False
NK4A214 group,PDGFBB,-0.0418275205090147,0.3496679272823684,0.5208058494115994,False
NK4A214 group,VEGF,-0.11957098849657638,0.00731877958103561,0.033962084015654447,True
NK4A214 group,LEPTIN,-0.2808680322364385,1.4873275977219234e-10,1.9760209512591266e-08,True
NK4A214 group,PAI1,-0.08768580104785592,0.04958608356140977,0.13389970299683823,False
NK4A214 group,CD40L,-0.08972910146493833,0.044488832718349955,0.12335901737646231,False
NK4A214 group,ENA78,-0.18279727146945465,3.785530024268472e-05,0.000633191173124043,True
Neisseria,IL17F,-0.048231947873864874,0.28077150309220106,0.4488097247778394,False
Neisseria,FASL,0.16415329288765618,0.00022090083243880542,0.002405594545293783,True
Neisseria,TGFA,0.07590726416107604,0.08933022685249332,0.20392025275605988,False
Neisseria,MIP1A,0.0014153298180899364,0.9747655774501003,0.9875076111422585,False
Neisseria,SDF1A,0.07513297030361069,0.09265382537689182,0.20945079630653715,False
Neisseria,IL27,0.18837677690177249,2.1547662651886778e-05,0.0004073033793954208,True
Neisseria,LIF,0.019218685219907435,0.6675101188083903,0.7881975755355548,False
Neisseria,IL1B,0.09055615362842778,0.042554802083800955,0.1198074663085968,False
Neisseria,IL2,0.059601859673659996,0.1824473540301068,0.3402477896827056,False
Neisseria,IL4,0.17478981704902466,8.257133606192264e-05,0.00113933742637371,True
Neisseria,IL5,-0.06380355085882862,0.15345532471992718,0.3027438523324826,False
Neisseria,IP10,0.11568747143766658,0.009479114289130222,0.041348856889733145,True
Neisseria,IL6,0.14844234934532582,0.0008495857671443936,0.006643647591365999,True
Neisseria,IL7,-0.078610264005378,0.07847156710686187,0.185305426934239,False
Neisseria,IL8,0.1769823336799543,6.691874999420376e-05,0.0009663732530218866,True
Neisseria,IL10,0.1381788837937222,0.0019148717946328062,0.012298555034589155,True
Neisseria,IFNB,0.04113807196830522,0.3576747512717905,0.5282188934025919,False
Neisseria,EOTAXIN,-0.07744289179488843,0.08302209792043892,0.1935101530476396,False
Neisseria,IL12P70,0.10376704234217599,0.02004938649613178,0.07033575687609023,True
Neisseria,IL13,0.15150723654540751,0.0006597251820948676,0.00550758006596254,True
Neisseria,IL17A,0.17108537564421822,0.00011710428297415913,0.0014677490992718058,True
Neisseria,IL31,0.1014020525627793,0.023077768830140215,0.0776880674951513,True
Neisseria,IL1RA,0.019916166506744423,0.6562037236191074,0.778911727675815,False
Neisseria,SCF,0.23980552623462245,5.3551275546445425e-08,3.5389891036387627e-06,True
Neisseria,RANTES,0.14684553071953496,0.0009674349670828506,0.0073386176132712155,True
Neisseria,IFNG,0.20149890400512369,5.360685310799812e-06,0.00013547384073488654,True
Neisseria,GMCSF,0.09355956098707006,0.03611697300711786,0.10683455755922266,True
Neisseria,TNFA,0.04617049042218161,0.3018669177141964,0.4730977982376182,False
Neisseria,HGF,0.03810432230864926,0.3942573553360802,0.5616616157925125,False
Neisseria,MIP1B,0.004579110034289965,0.9184857219203514,0.9530631163391919,False
Neisseria,IFNA,0.10166731885451484,0.02271945273906221,0.07683305835391946,True
Neisseria,TGFB,0.030033305784960457,0.501977911730123,0.6577056324443707,False
Neisseria,MCP1,-0.07250648908947177,0.10467062355829829,0.2294928895683429,False
Neisseria,IL9,0.16980327476244075,0.00013193696447784983,0.0015887172272874956,True
Neisseria,VEGFD,0.05972898150647113,0.18151459520720895,0.3396550775507129,False
Neisseria,TNFB,0.18221891483635347,4.0094341659877405e-05,0.0006541708376085261,True
Neisseria,NGF,-0.041289927911172836,0.35590138391790627,0.5274492258677143,False
Neisseria,EGF,0.137656084884839,0.001992999757535022,0.012695135441832676,True
Neisseria,BDNF,0.1688052656372986,0.00014468600009077829,0.001707588579751571,True
Neisseria,TRAIL,0.06301559766887618,0.15860801085517642,0.3092357444346207,False
Neisseria,GCSF,0.12122260018383825,0.0065420327974664546,0.031168496422355547,True
Neisseria,GROA,0.11308666357892336,0.011226479853480024,0.046735122040001895,True
Neisseria,IL1A,0.09779060632713145,0.028464484048804285,0.09084409802809877,True
Neisseria,IL23,0.06849489516546144,0.1253677410044796,0.2607155615701387,False
Neisseria,IL12P40,0.03378875179041671,0.45002251476198774,0.612605210091915,False
Neisseria,IL15,0.08619997838544745,0.053591918907606916,0.1415274007701427,False
Neisseria,IL18,0.19932622123755525,6.792894036578346e-06,0.0001595300872226733,True
Neisseria,MCSF,0.14031742144247564,0.0016236172560902219,0.010759921051111301,True
Neisseria,MCP3,0.1258482337332598,0.004744609436812678,0.02465076411304911,True
Neisseria,MIG,0.0967256339631607,0.03024608708722645,0.09464623482880416,True
Neisseria,RESISTIN,0.09019060961440371,0.04340069095432919,0.12106371501957452,False
Neisseria,IL21,0.056063857627283886,0.20984718530160418,0.3730081848824386,False
Neisseria,ICAM1,0.17703108212434204,6.660484217867848e-05,0.0009654149175319175,True
Neisseria,VCAM1,0.08557943960672444,0.05534289738707664,0.14485583675422659,False
Neisseria,FGFB,0.11931260432036742,0.007447490205371013,0.0343900987636298,True
Neisseria,IL22,0.004848321060808874,0.9137115579829936,0.9515156653612772,False
Neisseria,PDGFBB,0.1882283243137049,2.1877865393293173e-05,0.0004118707452583533,True
Neisseria,VEGF,0.039762217616948016,0.3739937371070773,0.5422692507633654,False
Neisseria,LEPTIN,0.10647028301709265,0.01701681091012299,0.06315097424746362,True
Neisseria,PAI1,-0.056932175805577,0.20286236562778198,0.364493817685157,False
Neisseria,CD40L,0.04550019135145097,0.3089471930962804,0.4804697150159544,False
Neisseria,ENA78,0.18674097492477237,2.5462201071252643e-05,0.0004606974123786957,True
Nocardioides,IL17F,0.05538431111045429,0.21543337368306864,0.37931283136170735,False
Nocardioides,FASL,0.01766259509082135,0.6930045136710696,0.808836250468353,False
Nocardioides,TGFA,-0.035075589846177674,0.4329443030486807,0.5961477670051423,False
Nocardioides,MIP1A,0.014366017400568053,0.7481422575006285,0.8464760396524106,False
Nocardioides,SDF1A,0.025856115419813645,0.5632857625265764,0.7090630199644233,False
Nocardioides,IL27,0.029617379868466253,0.5079206248168888,0.663808573748885,False
Nocardioides,LIF,0.06426064970708915,0.1505249345811444,0.2982279274828809,False
Nocardioides,IL1B,0.049619064962632735,0.2671520278964362,0.43614571288843523,False
Nocardioides,IL2,0.06288402096299647,0.15948101117146757,0.31012831880747843,False
Nocardioides,IL4,0.027459022799319437,0.5393400693061943,0.6908901714252902,False
Nocardioides,IL5,0.0975438213091617,0.028869105510663223,0.09163231441951125,True
Nocardioides,IP10,-0.044051685027604585,0.32461844684530083,0.49621162979311273,False
Nocardioides,IL6,0.0563864211720216,0.2072324662026494,0.3699159185575124,False
Nocardioides,IL7,-0.014353303131295968,0.7483576341959268,0.8464760396524106,False
Nocardioides,IL8,0.014267605199171987,0.7498098467161478,0.8468826298834314,False
Nocardioides,IL10,0.06494023315860584,0.14624711907277355,0.2917413572236795,False
Nocardioides,IFNB,-0.04758452047053163,0.28728648169465854,0.45639977447221114,False
Nocardioides,EOTAXIN,0.06405747050264396,0.1518221907762915,0.3000311037440525,False
Nocardioides,IL12P70,0.018476265949326606,0.6796281534721378,0.7984514688341184,False
Nocardioides,IL13,0.04238023696845267,0.3433316040466817,0.5149604950988879,False
Nocardioides,IL17A,-0.001942973818053879,0.9653631171067026,0.9816105297625143,False
Nocardioides,IL31,0.09106646700766179,0.04139719063079786,0.11766316407897925,False
Nocardioides,IL1RA,0.024506991248481342,0.5838283216802358,0.7241402229429438,False
Nocardioides,SCF,-0.01248670774761541,0.7801814486518618,0.866150243479699,False
Nocardioides,RANTES,0.05666141029292138,0.20502206729979452,0.3675222100786602,False
Nocardioides,IFNG,-0.03695782568700351,0.40865020193680424,0.5742126909230063,False
Nocardioides,GMCSF,-0.05208500867790043,0.24407372334008548,0.4099443293940448,False
Nocardioides,TNFA,0.06887865198883296,0.1232597393947202,0.25771483281719826,False
Nocardioides,HGF,0.024111898789108663,0.5899094187211507,0.7289606157463063,False
Nocardioides,MIP1B,0.05025974866144639,0.26101692064568777,0.42963847115130904,False
Nocardioides,IFNA,0.05227782281052663,0.24232993929368837,0.40842124600059837,False
Nocardioides,TGFB,0.06765581678191938,0.13007435805733453,0.2685634871803885,False
Nocardioides,MCP1,0.010886995815881343,0.8077527490767112,0.8848174989886236,False
Nocardioides,IL9,0.004429346684709312,0.9211428916755597,0.953957004726354,False
Nocardioides,VEGFD,-0.05394914763106132,0.22758027182869864,0.39340084163696976,False
Nocardioides,TNFB,0.013336596457717556,0.7656424494490867,0.85686530498048,False
Nocardioides,NGF,0.04910569943880923,0.2721387647194937,0.4400018275193483,False
Nocardioides,EGF,0.014416502221174993,0.7472872501756787,0.8464760396524106,False
Nocardioides,BDNF,0.018605596429277612,0.6775111203537879,0.7965680681782841,False
Nocardioides,TRAIL,0.019359892025390908,0.6652149227361621,0.7863385458911284,False
Nocardioides,GCSF,0.0033371624468468203,0.9405456035541936,0.9656738919247074,False
Nocardioides,GROA,0.014382334332782328,0.7478658812636192,0.8464760396524106,False
Nocardioides,IL1A,0.053127069156753755,0.2347535194583904,0.4015006792494802,False
Nocardioides,IL23,0.07059206533038918,0.11418276049800027,0.24348479548525254,False
Nocardioides,IL12P40,-0.060225470352024066,0.17790538882954243,0.33504416186974306,False
Nocardioides,IL15,0.08836153498731844,0.04784887799331027,0.13062681233436366,False
Nocardioides,IL18,0.013954274477460896,0.755126953720209,0.850488206129707,False
Nocardioides,MCSF,0.07374901501911825,0.09884031327998097,0.2207528610720036,False
Nocardioides,MCP3,-0.03853398690814738,0.3889432134695655,0.5571737346375476,False
Nocardioides,MIG,-0.008617648887686671,0.847269315956521,0.9117802173565894,False
Nocardioides,RESISTIN,0.008483822471052796,0.8496126958848409,0.9130206045704775,False
Nocardioides,IL21,0.04198206140055426,0.3478888677606532,0.5193204607020987,False
Nocardioides,ICAM1,-0.14675557920251187,0.0009745029155139167,0.007357789479497985,True
Nocardioides,VCAM1,-0.0749883093996286,0.0932856097558739,0.2104697163342133,False
Nocardioides,FGFB,0.04668826050609945,0.29647207370246353,0.4676374296867216,False
Nocardioides,IL22,0.03766539750189354,0.3997310141548086,0.5672106242965701,False
Nocardioides,PDGFBB,-0.024594781829474825,0.5824810487309429,0.7236272713328572,False
Nocardioides,VEGF,0.06689618568831428,0.13445221039149188,0.27529844928244707,False
Nocardioides,LEPTIN,-0.0850784756766307,0.056790916151539875,0.1478598880765176,False
Nocardioides,PAI1,-0.0012631231868571798,0.977478562064336,0.9891785230901333,False
Nocardioides,CD40L,-0.044284781225945244,0.32206236178193964,0.49376524308803804,False
Nocardioides,ENA78,0.0038805283139769736,0.9308875582917827,0.9597842895913059,False
Paenibacillus,IL17F,0.1736156234380004,9.231337117589229e-05,0.0012225572189948231,True
Paenibacillus,FASL,0.1658752246881381,0.00018912167501063814,0.00213450434174628,True
Paenibacillus,TGFA,0.16049791050039214,0.0003056301954468784,0.0031303533234096573,True
Paenibacillus,MIP1A,0.051370387251540174,0.2506132053564598,0.4176886755940997,False
Paenibacillus,SDF1A,0.05365349316478371,0.23014192688533186,0.3969436053474752,False
Paenibacillus,IL27,0.2350006975826241,9.988807571234083e-08,5.734315457560307e-06,True
Paenibacillus,LIF,0.03415672307242074,0.44510052648391996,0.6082037755363584,False
Paenibacillus,IL1B,-0.016154425602942668,0.7180494115163358,0.8276552832657814,False
Paenibacillus,IL2,0.06763706252725532,0.13018109679668727,0.2685634871803885,False
Paenibacillus,IL4,0.18951880333667095,1.9161043780791253e-05,0.0003759445298762841,True
Paenibacillus,IL5,0.1535399222575473,0.000556383969790719,0.004835653524421996,True
Paenibacillus,IP10,0.0757495283023733,0.08999941616420223,0.20504521566072534,False
Paenibacillus,IL6,0.0816122399143674,0.0676935062411635,0.16725547503794383,False
Paenibacillus,IL7,-0.0020264931959067993,0.9638752329317796,0.9811777217891363,False
Paenibacillus,IL8,0.13580021596576028,0.0022944855219970716,0.014094263774486637,True
Paenibacillus,IL10,0.012027808295219945,0.7880641593164509,0.8718768357890784,False
Paenibacillus,IFNB,0.139581845003986,0.0017188656424736717,0.011194293049723494,True
Paenibacillus,EOTAXIN,0.1047305192763209,0.01891850622572765,0.06777430966843881,True
Paenibacillus,IL12P70,0.16615482438199375,0.00018438487547635388,0.0020963072639732165,True
Paenibacillus,IL13,0.1720895448177231,0.00010659750271332471,0.0013618553135108158,True
Paenibacillus,IL17A,0.050436073500950765,0.25934563852341086,0.4285305957978613,False
Paenibacillus,IL31,0.1278675643379108,0.004110378333485783,0.022328573891015058,True
Paenibacillus,IL1RA,0.043213211177943696,0.33392151605734444,0.5052831271287509,False
Paenibacillus,SCF,0.16612028150771999,0.00018496399948833965,0.0020973694083188223,True
Paenibacillus,RANTES,0.021385779826870947,0.632638670615729,0.7605664291479659,False
Paenibacillus,IFNG,0.16675782977946696,0.00017454505550472502,0.0019941879805822392,True
Paenibacillus,GMCSF,0.2074091872490598,2.7784873596422053e-06,8.229277848621819e-05,True
Paenibacillus,TNFA,0.08247040559812326,0.06484594951451177,0.16141710848588656,False
Paenibacillus,HGF,0.07927520688982814,0.07597137964764808,0.18134851917944741,False
Paenibacillus,MIP1B,0.0844013354437762,0.058797989991797375,0.1516292832447342,False
Paenibacillus,IFNA,0.12310751765393216,0.00574652642724074,0.028487577704338424,True
Paenibacillus,TGFB,0.10217503052418293,0.022047070382351958,0.07499654416895418,True
Paenibacillus,MCP1,0.1935693475652403,1.2564583245687626e-05,0.000270487555983553,True
Paenibacillus,IL9,0.1444024978071285,0.001177216295854752,0.00848690817941798,True
Paenibacillus,VEGFD,0.18269901068092442,3.8227168606964814e-05,0.000637119476782747,True
Paenibacillus,TNFB,0.11620880958445133,0.00915947609166614,0.040371150546206214,True
Paenibacillus,NGF,0.10409289892485853,0.019660498791574516,0.06957482449073173,True
Paenibacillus,EGF,0.023259552555381865,0.6031264701410665,0.7403743627655647,False
Paenibacillus,BDNF,0.0010596536584955335,0.9811056748580407,0.9906930267296176,False
Paenibacillus,TRAIL,0.13269053946254059,0.0028942754789426854,0.0170143880873369,True
Paenibacillus,GCSF,0.2421329742710094,3.94032232785489e-08,2.700246242650998e-06,True
Paenibacillus,GROA,0.09110218810223532,0.04131716516654356,0.11757944799536571,False
Paenibacillus,IL1A,0.11486911054618919,0.010000886277447073,0.043099278211426215,True
Paenibacillus,IL23,0.26486589959186085,1.66409894277031e-09,1.7586500190640776e-07,True
Paenibacillus,IL12P40,-0.030334939106526907,0.4976912603736233,0.6535250306495026,False
Paenibacillus,IL15,0.15117374034065126,0.0006782898670776629,0.005602216486520662,True
Paenibacillus,IL18,0.12720593583257234,0.004309186974795752,0.02315326467248045,True
Paenibacillus,MCSF,0.09852246327765703,0.027293069553759583,0.08850263139817438,True
Paenibacillus,MCP3,0.11851782676297391,0.007856180383335656,0.03595594368357362,True
Paenibacillus,MIG,0.050966049273421986,0.25436684586645025,0.42240541063151293,False
Paenibacillus,RESISTIN,0.05827497933765497,0.19239567307676872,0.35263692542647795,False
Paenibacillus,IL21,0.02546500955911995,0.5692050843792293,0.7132319165624943,False
Paenibacillus,ICAM1,0.10916337941689525,0.014402521748889192,0.05639575273504214,True
Paenibacillus,VCAM1,0.03975276043182378,0.3741074745051347,0.5422692507633654,False
Paenibacillus,FGFB,0.15397246484837826,0.0005364298122063852,0.004706412503320172,True
Paenibacillus,IL22,0.020581661932205956,0.645488491309701,0.7696208934846435,False
Paenibacillus,PDGFBB,0.07271937884760038,0.10365279335266207,0.22821282627361678,False
Paenibacillus,VEGF,0.1342911800482161,0.0025697183010219855,0.015418309806131913,True
Paenibacillus,LEPTIN,0.17519104316781173,7.947067225862952e-05,0.0011031003761272458,True
Paenibacillus,PAI1,0.04279256654470951,0.3386526095135183,0.5097878388597799,False
Paenibacillus,CD40L,0.02775101081419368,0.5350334658232754,0.6872270216813419,False
Paenibacillus,ENA78,0.07157525341496726,0.10921618649583027,0.2361019373340822,False
Peptoniphilus,IL17F,-0.10848625180359873,0.01502421834761811,0.05769167564323035,True
Peptoniphilus,FASL,-0.204209111847155,3.975347875764423e-06,0.00010747306757153817,True
Peptoniphilus,TGFA,-0.043231319486003235,0.33371880621759165,0.5051407711301436,False
Peptoniphilus,MIP1A,-0.20853792341745836,2.4454157582430435e-06,7.580788850553435e-05,True
Peptoniphilus,SDF1A,-0.20479084380621224,3.726291496702588e-06,0.00010252813881459783,True
Peptoniphilus,IL27,-0.05485608510576441,0.2198488345656087,0.38403346383549225,False
Peptoniphilus,LIF,0.029536149057911132,0.5090855247194979,0.6649572162768722,False
Peptoniphilus,IL1B,-0.0072712962545502455,0.8709026789605044,0.9252184481662269,False
Peptoniphilus,IL2,-0.06279167593864222,0.16009587340766118,0.3108333241526616,False
Peptoniphilus,IL4,-0.21417699139199228,1.2785440805191399e-06,4.608705406522481e-05,True
Peptoniphilus,IL5,-0.10326974938220661,0.020655772279075432,0.07146763922403394,True
Peptoniphilus,IP10,-0.22891362235303545,2.1588484846227353e-07,1.067941005691034e-05,True
Peptoniphilus,IL6,-0.17229076212686548,0.00010460171600637107,0.0013473628239047796,True
Peptoniphilus,IL7,-0.024875254965787873,0.578186510033635,0.7207955151893841,False
Peptoniphilus,IL8,-0.21012366317451123,2.041399462937675e-06,6.592019099069574e-05,True
Peptoniphilus,IL10,-0.14405144947889678,0.0012105903238147666,0.008660376931905639,True
Peptoniphilus,IFNB,-0.018994442156805128,0.6711613718238514,0.7918494687043414,False
Peptoniphilus,EOTAXIN,0.02201197270521018,0.6227078557092577,0.7539026862797681,False
Peptoniphilus,IL12P70,0.012452494711794803,0.7807683748895493,0.8664851893165643,False
Peptoniphilus,IL13,-0.12034793970524627,0.006943654282630588,0.032685987975621764,True
Peptoniphilus,IL17A,-0.09174378414201963,0.039901902614127384,0.11446258306952027,False
Peptoniphilus,IL31,-0.13656305959071838,0.0021658480686328136,0.013428258025523445,True
Peptoniphilus,IL1RA,-0.06117819060917931,0.17112925535905943,0.3267971406240765,False
Peptoniphilus,SCF,-0.050032013338431484,0.26318646132067325,0.43191712209078903,False
Peptoniphilus,RANTES,-0.1978978236070608,7.925996911527836e-06,0.00018245487939903186,True
Peptoniphilus,IFNG,-0.08368632801388767,0.06098068087319977,0.15529034285891508,False
Peptoniphilus,GMCSF,-0.10352426742191173,0.020343456802151466,0.07071843976659478,True
Peptoniphilus,TNFA,-0.0983483281061333,0.027567964703969508,0.08906431810789,True
Peptoniphilus,HGF,0.04662288284567952,0.2971496984781224,0.4682297858093084,False
Peptoniphilus,MIP1B,-0.17593378330011453,7.401829506275138e-05,0.001036702024222271,True
Peptoniphilus,IFNA,-0.15463110622913953,0.0005073184944370387,0.004527890593344012,True
Peptoniphilus,TGFB,-0.05218780322423499,0.2431429735219245,0.40905022680063274,False
Peptoniphilus,MCP1,0.032871523878248605,0.4624242720779299,0.6245346689405675,False
Peptoniphilus,IL9,-0.17656942576685863,6.96341527986738e-05,0.0009963040323502559,True
Peptoniphilus,VEGFD,-0.0790941734966236,0.07664555937737494,0.18202341731603344,False
Peptoniphilus,TNFB,-0.21303731866686945,1.459665294240182e-06,5.074777598660447e-05,True
Peptoniphilus,NGF,-0.07057809542595991,0.11425458575243463,0.24348479548525254,False
Peptoniphilus,EGF,-0.05131429799428318,0.2511315899283296,0.4182528270654487,False
Peptoniphilus,BDNF,-0.09699497219429,0.029786714763504946,0.09359951913803975,True
Peptoniphilus,TRAIL,-0.2681571376042637,1.0257663622747893e-09,1.1356699010899451e-07,True
Peptoniphilus,GCSF,-0.1798256789067722,5.07615286200496e-05,0.0007894351440910724,True
Peptoniphilus,GROA,-0.14839665605810182,0.0008527648418441228,0.006653282742575791,True
Peptoniphilus,IL1A,-0.31720399852551784,3.3844232305256284e-13,1.2105821555341671e-10,True
Peptoniphilus,IL23,-0.13773243434662816,0.0019814109562264516,0.012638629556176955,True
Peptoniphilus,IL12P40,0.09385732767026507,0.03552637505049658,0.1060318639183627,True
Peptoniphilus,IL15,-0.008581485003140366,0.8479024351861432,0.9120393994021665,False
Peptoniphilus,IL18,-0.15755265887128603,0.0003950364562727526,0.003726003086548275,True
Peptoniphilus,MCSF,-0.19860140410960564,7.347043413532253e-06,0.00016996891479067151,True
Peptoniphilus,MCP3,-0.2124085898871978,1.5698605260527822e-06,5.3041797090631634e-05,True
Peptoniphilus,MIG,-0.16408582874100278,0.00022224229016057104,0.0024145482459034004,True
Peptoniphilus,RESISTIN,0.011064232508006524,0.8046856091156965,0.8827053744722786,False
Peptoniphilus,IL21,-0.17465940690008222,8.360344844148717e-05,0.0011501657847719387,True
Peptoniphilus,ICAM1,-0.19247745270984412,1.4090594591743592e-05,0.00029250564665896296,True
Peptoniphilus,VCAM1,-0.10870049351775754,0.014825013445072957,0.05749483946587927,True
Peptoniphilus,FGFB,-0.19386830864182658,1.2175009290299276e-05,0.000263319968371589,True
Peptoniphilus,IL22,0.09911134429272601,0.02638084539923959,0.08632718585958064,True
Peptoniphilus,PDGFBB,-0.17181562986770244,0.00010937197189286269,0.0013863041147963253,True
Peptoniphilus,VEGF,-0.12139813552179637,0.0064639872912840785,0.03095670953502892,True
Peptoniphilus,LEPTIN,-0.09478544163793773,0.033737964876115197,0.10226715373698418,True
Peptoniphilus,PAI1,0.030977773641989302,0.4886208552337299,0.646949594771311,False
Peptoniphilus,CD40L,0.03256209222803312,0.46665055969561187,0.6281052000672991,False
Peptoniphilus,ENA78,-0.09804815136233458,0.028047424022086542,0.08982129593850029,True
Porphyromonas,IL17F,-0.009343196001569562,0.8345884938429141,0.9035707791314437,False
Porphyromonas,FASL,0.07212804969930013,0.10649946741500463,0.23184575069277694,False
Porphyromonas,TGFA,0.043965479813384584,0.3255670814327971,0.4974883765106919,False
Porphyromonas,MIP1A,-0.024211952956573017,0.5883666777762633,0.7280470868229247,False
Porphyromonas,SDF1A,0.03148947561210423,0.4814647266722325,0.6411257099157736,False
Porphyromonas,IL27,0.08845591508342325,0.047610349653798574,0.1302491609947974,False
Porphyromonas,LIF,0.01641257106476017,0.7137402309316168,0.8238984711590431,False
Porphyromonas,IL1B,0.013890374727461912,0.7562127397354528,0.8506021383091087,False
Porphyromonas,IL2,0.009256367384693803,0.8361038607503731,0.9037269309311028,False
Porphyromonas,IL4,0.11125991486440427,0.012618722477084848,0.0513360100773793,True
Porphyromonas,IL5,0.007432807282931275,0.868061068823292,0.9238919592648908,False
Porphyromonas,IP10,0.004535716431031478,0.9192555389867973,0.9530936161696385,False
Porphyromonas,IL6,0.052734855884445306,0.23823154699887492,0.4050371822832791,False
Porphyromonas,IL7,-0.087420650320159,0.050282004253453985,0.13546389921792493,False
Porphyromonas,IL8,0.10377399073899714,0.02004102471999507,0.07033575687609023,True
Porphyromonas,IL10,0.0928647767276494,0.03752755262605218,0.11009660549598904,True
Porphyromonas,IFNB,0.041599792830657324,0.35229997764530696,0.5234874875404962,False
Porphyromonas,EOTAXIN,-0.08477657981708842,0.05767861545748483,0.14991926320698964,False
Porphyromonas,IL12P70,0.07316582913325248,0.10154378034076712,0.22441947651357755,False
Porphyromonas,IL13,0.13943370208474723,0.0017386575313347026,0.0113073531758131,True
Porphyromonas,IL17A,0.09209684514630594,0.039140747902210636,0.11346912577635876,True
Porphyromonas,IL31,0.04763424050209485,0.2867825789076634,0.4557549528095129,False
Porphyromonas,IL1RA,0.018661398309880558,0.6765984720438909,0.7958975196063983,False
Porphyromonas,SCF,0.13475994478494832,0.0024811571130450554,0.015042217178174064,True
Porphyromonas,RANTES,0.07192679045073107,0.10748230709796704,0.2335480037409097,False
Porphyromonas,IFNG,0.14562607661092392,0.001067405774768153,0.007841132468676005,True
Porphyromonas,GMCSF,0.08403642134506774,0.05990373717793915,0.15338787328051598,False
Porphyromonas,TNFA,0.01363847109747003,0.7604977501126154,0.8535637311184315,False
Porphyromonas,HGF,0.011892319726151906,0.7903956877959568,0.873832607763005,False
Porphyromonas,MIP1B,0.07023648198079062,0.11602202519271243,0.2460111341295544,False
Porphyromonas,IFNA,0.04292317849054566,0.3371790145032941,0.508557384833058,False
Porphyromonas,TGFB,0.002513324542619013,0.955205072518893,0.9762247715895214,False
Porphyromonas,MCP1,-0.035119411719767867,0.43236938362870625,0.5960140281250744,False
Porphyromonas,IL9,0.07933922351845432,0.07573413523587917,0.18106104310891422,False
Porphyromonas,VEGFD,0.004011350695835982,0.9285637193471535,0.9580255813100208,False
Porphyromonas,TNFB,0.0867126349798973,0.052180367608491714,0.1388887861359396,False
Porphyromonas,NGF,0.02496050661151403,0.5768841052067657,0.7198977913335245,False
Porphyromonas,EGF,0.03061978922124703,0.4936610297880012,0.6504742954134898,False
Porphyromonas,BDNF,0.16129923536517238,0.00028480138747795944,0.0029560858298493557,True
Porphyromonas,TRAIL,0.04950240365921824,0.26827971607047707,0.4365450178000288,False
Porphyromonas,GCSF,0.09990272281594816,0.02519638475847637,0.0829767628377586,True
Porphyromonas,GROA,0.04021388670089112,0.36858656830534164,0.5377708860497743,False
Porphyromonas,IL1A,0.07549436193376312,0.09109046293771234,0.20702377940389166,False
Porphyromonas,IL23,0.029755466269316806,0.5059435855982435,0.6619689569588724,False
Porphyromonas,IL12P40,-0.003963008286452813,0.9294223710154136,0.958698763358845,False
Porphyromonas,IL15,0.04181180124988755,0.3498492078608072,0.5209090030588388,False
Porphyromonas,IL18,0.0988170276440706,0.02683342864736312,0.08741723111944019,True
Porphyromonas,MCSF,0.06766401636650074,0.13002771188559661,0.2685634871803885,False
Porphyromonas,MCP3,0.06076278179647679,0.17405973528140872,0.3307632893578057,False
Porphyromonas,MIG,0.08138915384595559,0.06845031206618934,0.16841211567768377,False
Porphyromonas,RESISTIN,0.045503595433293034,0.3089109619779683,0.4804697150159544,False
Porphyromonas,IL21,0.0038550032351267172,0.9313410373840272,0.9598326091058788,False
Porphyromonas,ICAM1,0.045688009352582735,0.3069523499800851,0.4788085969162682,False
Porphyromonas,VCAM1,0.03050756402416443,0.4952467769096729,0.6520094882870835,False
Porphyromonas,FGFB,0.06685539971733546,0.13469043945441467,0.27566485187633283,False
Porphyromonas,IL22,0.0399600535112358,0.3716193440629897,0.5400638372537098,False
Porphyromonas,PDGFBB,0.03508356969288305,0.4328395789188272,0.5961477670051423,False
Porphyromonas,VEGF,0.02366236975192903,0.596863551382907,0.7351456953242922,False
Porphyromonas,LEPTIN,0.08156931433147384,0.06783859302909338,0.167436017826584,False
Porphyromonas,PAI1,-0.0177141264620044,0.6921544726716612,0.8082667749681629,False
Porphyromonas,CD40L,0.0728094030038915,0.10322475234804017,0.22748582863430655,False
Porphyromonas,ENA78,0.11200354957026282,0.012034560442402423,0.04930458683451213,True
Prevotella,IL17F,-0.03234105885827112,0.46968251996216814,0.630265211555273,False
Prevotella,FASL,0.05639972874943055,0.20712510273803578,0.3699159185575124,False
Prevotella,TGFA,0.0029256376790613835,0.947866124591163,0.970618251343076,False
Prevotella,MIP1A,0.08587932588207786,0.05449085972224152,0.14331589236901757,False
Prevotella,SDF1A,0.09513086541181867,0.03309224629580605,0.10083810306389131,True
Prevotella,IL27,0.05301857847057471,0.23571197488340878,0.4020765529008991,False
Prevotella,LIF,0.06170382457904375,0.1674741879332022,0.32179957598735137,False
Prevotella,IL1B,0.13666379112919966,0.0021493636253780888,0.013361810257647997,True
Prevotella,IL2,0.02821806876966296,0.52818084540148,0.6815240706758926,False
Prevotella,IL4,0.023278378657451748,0.60283311007495,0.7402096545678684,False
Prevotella,IL5,-0.04487729209060916,0.3156241272074929,0.48710660189672816,False
Prevotella,IP10,0.09781447590858591,0.02842560776686819,0.09084409802809877,True
Prevotella,IL6,0.09431362939365931,0.03463728281227957,0.10411335816231415,True
Prevotella,IL7,0.02413707208140345,0.5895210953607164,0.7286744001667547,False
Prevotella,IL8,0.13797545423864646,0.0019449331858921945,0.012457216686499593,True
Prevotella,IL10,0.09448044609773673,0.034317009016225565,0.10341807642608482,True
Prevotella,IFNB,0.005126595584143772,0.9087799255087705,0.9489842024737891,False
Prevotella,EOTAXIN,-0.19342135577107555,1.2761790720163065e-05,0.00027346694400349423,True
Prevotella,IL12P70,-0.021491258193942344,0.6309611885508974,0.759396676956832,False
Prevotella,IL13,0.07261788199138026,0.10413706938031264,0.22895384048153844,False
Prevotella,IL17A,0.17358900692219534,9.254626690025327e-05,0.0012225572189948231,True
Prevotella,IL31,0.10199755645963572,0.02228011784162081,0.07556713928777298,True
Prevotella,IL1RA,0.16132534074904598,0.00028414567397707475,0.002955877816540039,True
Prevotella,SCF,-0.02475372471806138,0.580045529531312,0.7219517431264992,False
Prevotella,RANTES,0.08466654056935115,0.05800502322005616,0.15034746821252015,False
Prevotella,IFNG,0.013790026758421678,0.757918823006123,0.8515231828332818,False
Prevotella,GMCSF,0.13929592057200474,0.0017572524318492152,0.011412323754328003,True
Prevotella,TNFA,0.0870710110330806,0.051212134496493755,0.1370963876849142,False
Prevotella,HGF,-0.05547989593741112,0.21464123047667058,0.37849136204646117,False
Prevotella,MIP1B,0.01776545956533115,0.6913080864455734,0.8082667749681629,False
Prevotella,IFNA,0.07662792853804389,0.08632349735185668,0.1990125673178489,False
Prevotella,TGFB,0.16823124768495215,0.00015253368273377874,0.001777088528694683,True
Prevotella,MCP1,-0.19890641525234823,7.108792488482041e-06,0.00016527942535720744,True
Prevotella,IL9,0.11600668985105231,0.0092822414385081,0.040719266687794964,True
Prevotella,VEGFD,0.0467105890346771,0.2962408798273546,0.4674313169993888,False
Prevotella,TNFB,0.09373446992768572,0.03576905120014465,0.10625997483618524,True
Prevotella,NGF,0.10593999491163096,0.017577909873999962,0.06446157800796516,True
Prevotella,EGF,0.0364157769875607,0.4155621469845111,0.5808127392479642,False
Prevotella,BDNF,0.12094213938628996,0.006668484217494896,0.031609023049287734,True
Prevotella,TRAIL,0.10535135810312786,0.018219621592717106,0.06593092638609692,True
Prevotella,GCSF,0.0976904849567893,0.02862804914462521,0.09124086944654368,True
Prevotella,GROA,0.15114816596664793,0.000679733315857837,0.0056041842530832305,True
Prevotella,IL1A,0.1085431958166231,0.014971042958734413,0.05766555737510286,True
Prevotella,IL23,-0.02241012978239192,0.6164287231244633,0.7495769860063819,False
Prevotella,IL12P40,0.01115772018388163,0.8030689771140866,0.8823891171031434,False
Prevotella,IL15,0.08940816397607271,0.04525899174369457,0.1251214694460046,False
Prevotella,IL18,0.11622592355276136,0.009149147906040394,0.040371150546206214,True
Prevotella,MCSF,0.07847028758103443,0.07900629362821673,0.18602970736842858,False
Prevotella,MCP3,0.06969459578919325,0.11886949302476504,0.25084411377453303,False
Prevotella,MIG,0.04635439104045902,0.2999433748540353,0.4709790760811424,False
Prevotella,RESISTIN,0.07621960965547665,0.08801690248868586,0.20151580333450975,False
Prevotella,IL21,0.09372610899508545,0.03578561733192819,0.10625997483618524,True
Prevotella,ICAM1,0.019846007262013705,0.6573375366511085,0.7793567014378383,False
Prevotella,VCAM1,-0.06612192662422305,0.13903036277728426,0.28108312474537905,False
Prevotella,FGFB,0.10657162949735748,0.016911377915771977,0.06286003781641862,True
Prevotella,IL22,-0.07465483879277147,0.0947551227571852,0.21326782227536845,False
Prevotella,PDGFBB,0.010055478197844456,0.8221810668174561,0.8951397707097098,False
Prevotella,VEGF,0.04083031415437802,0.3612857062433248,0.5308651715144667,False
Prevotella,LEPTIN,0.15968638186628772,0.00032816704658880793,0.00327462825458789,True
Prevotella,PAI1,-0.014000405800615696,0.7543433887812531,0.850488206129707,False
Prevotella,CD40L,-0.052531841198368234,0.24004599584978428,0.4059960508891644,False
Prevotella,ENA78,0.15640130301101726,0.0004361923929142353,0.004058919894789116,True
Propioniciclava,IL17F,0.19257492096005396,1.3947517809940132e-05,0.0002908338915525633,True
Propioniciclava,FASL,0.03195915856207509,0.474946611923425,0.635723012505448,False
Propioniciclava,TGFA,0.12207143060127226,0.006172317284028789,0.030027183940725153,True
Propioniciclava,MIP1A,0.008409215243361946,0.8509196894152886,0.9140162984017307,False
Propioniciclava,SDF1A,0.05263012113473484,0.2391664074115743,0.40543200120275485,False
Propioniciclava,IL27,0.08032837973386092,0.07214435903575063,0.17536396733729245,False
Propioniciclava,LIF,0.01113547903024602,0.803453505526745,0.8823946151864347,False
Propioniciclava,IL1B,0.053103883874170046,0.23495811711044653,0.40152710200792957,False
Propioniciclava,IL2,0.0559514565922915,0.21076388579328817,0.3742085028403169,False
Propioniciclava,IL4,0.02256822170315843,0.6139432405904,0.7473961481398947,False
Propioniciclava,IL5,0.19925666236237727,6.844294067859301e-06,0.0001599294845002299,True
Propioniciclava,IP10,-0.06033975044986138,0.17708222690127717,0.33478461026113576,False
Propioniciclava,IL6,-0.040711379128468776,0.36268726792024,0.5323534709056553,False
Propioniciclava,IL7,0.05958303575685332,0.18258577553119706,0.34029012273349357,False
Propioniciclava,IL8,0.03887052093805797,0.38481143378258487,0.5531292633969149,False
Propioniciclava,IL10,-0.004652122290749631,0.917190632295029,0.9528011264679017,False
Propioniciclava,IFNB,0.13551429052261163,0.0023444718698843368,0.014363365210753841,True
Propioniciclava,EOTAXIN,-0.09406884275845896,0.03511185830247241,0.10519983318717573,True
Propioniciclava,IL12P70,0.06961962758301606,0.11926769532189917,0.25140289358423895,False
Propioniciclava,IL13,0.07058196678683337,0.11423467787961022,0.24348479548525254,False
Propioniciclava,IL17A,0.06196794515358027,0.165659807485768,0.31936903184445325,False
Propioniciclava,IL31,0.1511973247689503,0.0006769612516927535,0.00560119185119449,True
Propioniciclava,IL1RA,0.053074346928220474,0.23521894705689375,0.40167759963810357,False
Propioniciclava,SCF,0.01574863201355425,0.7248413244685423,0.8322252243898078,False
Propioniciclava,RANTES,0.04437223359775439,0.3211067645401561,0.49311309613993587,False
Propioniciclava,IFNG,0.02579471913137511,0.564213023945777,0.7098378186291292,False
Propioniciclava,GMCSF,0.10378977664922802,0.02002203906206661,0.07033575687609023,True
Propioniciclava,TNFA,0.10874673982542112,0.014782318769409573,0.05742803249952184,True
Propioniciclava,HGF,-0.1704924864107804,0.0001237571339426972,0.0015305071085998459,True
Propioniciclava,MIP1B,0.12791627941044864,0.004096073510188524,0.022276891020323552,True
Propioniciclava,IFNA,0.07162256420785466,0.10898156029817786,0.2358358972761067,False
Propioniciclava,TGFB,0.16143140784372997,0.00028149596510179046,0.002940219600522555,True
Propioniciclava,MCP1,0.05528722713562065,0.21624008801477893,0.3798713065717583,False
Propioniciclava,IL9,0.034358550562281306,0.44241392785354405,0.6054222379396645,False
Propioniciclava,VEGFD,0.11011839688340273,0.013564166331718626,0.05418674694372132,True
Propioniciclava,TNFB,0.05359064583925331,0.23068908267747637,0.39711774746913425,False
Propioniciclava,NGF,0.1543006711437788,0.0005217347542420576,0.004612293930086631,True
Propioniciclava,EGF,-0.01782245843762058,0.6903687328070911,0.8081586949942979,False
Propioniciclava,BDNF,-0.010706618768348414,0.8108772615657494,0.886777814271104,False
Propioniciclava,TRAIL,0.08908046038360015,0.04605691859374684,0.12702530928880354,False
Propioniciclava,GCSF,0.07860129538753907,0.07850574001300017,0.185305426934239,False
Propioniciclava,GROA,0.06015245640792331,0.17843279459600278,0.3355199924877518,False
Propioniciclava,IL1A,0.08740966913017058,0.050311000849323946,0.13546389921792493,False
Propioniciclava,IL23,0.10303320137804989,0.02094976543023518,0.07205355713801301,True
Propioniciclava,IL12P40,-0.04216856712685837,0.34574948804508987,0.5169566300352629,False
Propioniciclava,IL15,0.17353556368972137,9.30155693399878e-05,0.0012237000826778252,True
Propioniciclava,IL18,-0.014298797529665156,0.7492811677951445,0.8466968238754368,False
Propioniciclava,MCSF,0.05049656742147406,0.25877395753206167,0.42791568368566385,False
Propioniciclava,MCP3,-0.02277337951786228,0.6107243845043031,0.7453722803005274,False
Propioniciclava,MIG,0.01097325467788484,0.8062596395854967,0.8838065356135218,False
Propioniciclava,RESISTIN,-0.03649492611687521,0.41454860420231276,0.5799326606674996,False
Propioniciclava,IL21,0.04122475832527936,0.3566617534291303,0.5274768216689478,False
Propioniciclava,ICAM1,-0.12343996637110594,0.005615609784687169,0.028047889902035807,True
Propioniciclava,VCAM1,-0.017495574243073304,0.6957622678555042,0.8100386944236592,False
Propioniciclava,FGFB,0.09806835017781063,0.028014937937136178,0.08977909125271069,True
Propioniciclava,IL22,0.09539282627026982,0.03260960797028057,0.09962856574362985,True
Propioniciclava,PDGFBB,-0.0398043020640038,0.37348786468749384,0.542046994630726,False
Propioniciclava,VEGF,0.049661746110666496,0.2667402704269336,0.43566640586063965,False
Propioniciclava,LEPTIN,0.10894208185831278,0.014603168302769226,0.05697875951363313,True
Propioniciclava,PAI1,0.08429459606950374,0.05911966484561401,0.1520500229712971,False
Propioniciclava,CD40L,-0.05732798254393581,0.19973510094964472,0.3616698673737726,False
Propioniciclava,ENA78,0.08010551007465111,0.07294081354749772,0.17672117274270654,False
Pseudarcicella,IL17F,-0.1725318271201843,0.00010225698879841067,0.0013208194386461378,True
Pseudarcicella,FASL,-0.04232039286793599,0.3440141028864716,0.5154974653169446,False
Pseudarcicella,TGFA,-0.19182458241925687,1.5085562876749182e-05,0.0003103887937030252,True
Pseudarcicella,MIP1A,-0.07571922040163913,0.09012845603554166,0.20523864866075844,False
Pseudarcicella,SDF1A,-0.08108642772122453,0.06948836703646455,0.17033258129655254,False
Pseudarcicella,IL27,-0.10069642602511768,0.02405482651382948,0.08024027495646131,True
Pseudarcicella,LIF,-0.1250973696450606,0.005002109884103652,0.025532174490759584,True
Pseudarcicella,IL1B,-0.057016384244294734,0.2021940756677644,0.36399630346693934,False
Pseudarcicella,IL2,-0.07324392798901037,0.10117837018267851,0.2239311857922204,False
Pseudarcicella,IL4,-0.07163336550318254,0.10892804970890393,0.2358358972761067,False
Pseudarcicella,IL5,-0.18984032180622556,1.8535810128208283e-05,0.0003652182927803751,True
Pseudarcicella,IP10,0.017260783845839112,0.6996457802549899,0.8126620632277636,False
Pseudarcicella,IL6,-0.0431359854683472,0.3347868924442391,0.505934042855285,False
Pseudarcicella,IL7,0.0044733484391214365,0.920362100053514,0.9535837266597237,False
Pseudarcicella,IL8,-0.06287583071487506,0.1595354723445935,0.31012831880747843,False
Pseudarcicella,IL10,-0.001962897183338746,0.9650081744700771,0.9816105297625143,False
Pseudarcicella,IFNB,-0.2306573878261087,1.73492264494763e-07,8.963766998896088e-06,True
Pseudarcicella,EOTAXIN,0.07239845272833938,0.10519016543391918,0.23019340951400283,False
Pseudarcicella,IL12P70,-0.09817829358242572,0.0278386806140094,0.0894608603007213,True
Pseudarcicella,IL13,-0.14178293716911325,0.0014481326023110224,0.009888130103885836,True
Pseudarcicella,IL17A,-0.20317394444069212,4.458365722478187e-06,0.00011869656662305031,True
Pseudarcicella,IL31,-0.04521631918389093,0.3119784226023303,0.4830834715620499,False
Pseudarcicella,IL1RA,-0.0916358803084236,0.04013701309128157,0.11471242217237818,False
Pseudarcicella,SCF,-0.033836838002975184,0.449377571506146,0.6122488289477581,False
Pseudarcicella,RANTES,-0.04188772431205258,0.3489741836362382,0.520105754457855,False
Pseudarcicella,IFNG,-0.04066162855336559,0.36327454730316855,0.5327110201702093,False
Pseudarcicella,GMCSF,-0.3367061100015588,8.993894527279226e-15,5.974515650264057e-12,True
Pseudarcicella,TNFA,-0.12917380738800777,0.0037420529367861786,0.020789182982145438,True
Pseudarcicella,HGF,0.04724230414113913,0.29077093365416595,0.46083327930874973,False
Pseudarcicella,MIP1B,-0.15214571764268098,0.0006254904772774044,0.005288237671527146,True
Pseudarcicella,IFNA,-0.14301258438903625,0.0013145264615590793,0.009164239949399878,True
Pseudarcicella,TGFB,-0.15563360622809166,0.00046581517306123457,0.004263859359714056,True
Pseudarcicella,MCP1,-0.054679948816751305,0.22133546040922616,0.3848952471589011,False
Pseudarcicella,IL9,-0.0917681729345973,0.03984892385740447,0.11445181960279852,False
Pseudarcicella,VEGFD,-0.13704978664188933,0.002087252730085101,0.013098144662477353,True
Pseudarcicella,TNFB,-0.08718379593587357,0.050910541009474425,0.1366824570981848,False
Pseudarcicella,NGF,-0.10258658417948295,0.021514765396856424,0.07356151404072234,True
Pseudarcicella,EGF,0.08143243291121693,0.06830295081389241,0.16822495830752104,False
Pseudarcicella,BDNF,-0.04411260112555655,0.32394918604063916,0.49551437996347764,False
Pseudarcicella,TRAIL,-0.13006274340369814,0.003508782626695004,0.019728947054572874,True
Pseudarcicella,GCSF,-0.179040536752097,5.4809935145254984e-05,0.0008439278093557473,True
Pseudarcicella,GROA,-0.06845228101509956,0.12560354104901084,0.2609725048605453,False
Pseudarcicella,IL1A,-0.10247832935378615,0.021653689996019753,0.07398211497537976,True
Pseudarcicella,IL23,-0.10213385179152527,0.022100954441577707,0.07512385829922247,True
Pseudarcicella,IL12P40,-0.027462508659617114,0.539288553565043,0.6908901714252902,False
Pseudarcicella,IL15,-0.16936735556040144,0.00013737000516417442,0.0016420836092889747,True
Pseudarcicella,IL18,-0.03936792446279285,0.37875380846988504,0.5472980762538737,False
Pseudarcicella,MCSF,-0.04106687555714787,0.35850808602803885,0.5286051571432989,False
Pseudarcicella,MCP3,-0.0591540232135535,0.18576159345328863,0.3439608156072283,False
Pseudarcicella,MIG,-0.0942552501354262,0.03474996564156677,0.10431719834298611,True
Pseudarcicella,RESISTIN,-0.10774575481618189,0.015730961352753488,0.05981109590376429,True
Pseudarcicella,IL21,-0.054556887588409375,0.2223783754231709,0.38627547467977014,False
Pseudarcicella,ICAM1,0.03614059429505125,0.41909733209985145,0.5838040978298996,False
Pseudarcicella,VCAM1,-0.14762514752424616,0.0009081299977035367,0.006979842131109828,True
Pseudarcicella,FGFB,-0.12942368280578134,0.0036751012273045836,0.0205646458567585,True
Pseudarcicella,IL22,0.010674388212698767,0.8114358810630369,0.8869715202028965,False
Pseudarcicella,PDGFBB,-0.04956121586334519,0.26771081028575466,0.4365450178000288,False
Pseudarcicella,VEGF,-0.013891610445560563,0.7561917378260167,0.8506021383091087,False
Pseudarcicella,LEPTIN,-0.3669303707414188,1.9130607701943302e-17,2.2239331453509087e-14,True
Pseudarcicella,PAI1,-0.09320869240474879,0.036823584813497866,0.10851056361391957,True
Pseudarcicella,CD40L,0.04926470912565062,0.2705874295728294,0.43851984066934185,False
Pseudarcicella,ENA78,-0.20521605175051236,3.553757478113797e-06,0.00010052679083480852,True
Pseudomonas,IL17F,0.09880920422962064,0.026845549685711952,0.08741723111944019,True
Pseudomonas,FASL,0.0615453665688572,0.16856983745510376,0.32310376923587486,False
Pseudomonas,TGFA,0.08946966557294823,0.04511054353439541,0.124785263197465,False
Pseudomonas,MIP1A,0.034612191638613204,0.4390507716827916,0.6020601852919437,False
Pseudomonas,SDF1A,0.08153771311149727,0.06794556680173396,0.16761107990878668,False
Pseudomonas,IL27,0.02156568399827175,0.6297786919113098,0.7589896199049115,False
Pseudomonas,LIF,0.021353198799757476,0.6331572067549228,0.7605664291479659,False
Pseudomonas,IL1B,0.1379134918135581,0.0019541750201308244,0.012499193732611187,True
Pseudomonas,IL2,0.11112317399589075,0.012728822249768209,0.05157242851080391,True
Pseudomonas,IL4,0.1650238190534543,0.00020425746081934786,0.002266819075918777,True
Pseudomonas,IL5,0.0363747684105517,0.4160878549871748,0.5811981152569429,False
Pseudomonas,IP10,-0.010470394421475125,0.8149737074223261,0.8902108854859798,False
Pseudomonas,IL6,0.07651568134136984,0.08678637967226015,0.19967220315588624,False
Pseudomonas,IL7,0.020631367384713977,0.6446910786158255,0.7688672776516001,False
Pseudomonas,IL8,0.06784919290349276,0.12897771476698536,0.2669299310531308,False
Pseudomonas,IL10,0.14000551741914927,0.0016633976758408946,0.010909448790775966,True
Pseudomonas,IFNB,0.1318105635435591,0.0030881939722187226,0.01786082334678739,True
Pseudomonas,EOTAXIN,-0.058133083731157956,0.1934826252910839,0.3539888063928027,False
Pseudomonas,IL12P70,0.05292893634160929,0.23650599387410304,0.40283987967567003,False
Pseudomonas,IL13,0.08878738852308227,0.04678049402931788,0.12833586857600482,False
Pseudomonas,IL17A,0.19957992190955243,6.608526096293696e-06,0.00015678390993758003,True
Pseudomonas,IL31,-0.04429477038165886,0.3219531161755819,0.49376524308803804,False
Pseudomonas,IL1RA,0.03932501868222232,0.3792740184222697,0.5477093744296752,False
Pseudomonas,SCF,0.03279008164457067,0.46353455963963563,0.6256707408778827,False
Pseudomonas,RANTES,0.03796745095532209,0.39595935272132765,0.5630614648789521,False
Pseudomonas,IFNG,0.09156120738684435,0.04030040208487585,0.1150379801686143,False
Pseudomonas,GMCSF,0.025740023971460097,0.565039695585303,0.7099851121227148,False
Pseudomonas,TNFA,0.10465367128489136,0.019006619905931804,0.06788078537832787,True
Pseudomonas,HGF,-0.022118083136847464,0.621031740767501,0.7533549505833498,False
Pseudomonas,MIP1B,0.12162797708322667,0.006363059392746821,0.030597958817241696,True
Pseudomonas,IFNA,0.09206794127374801,0.03920259552801885,0.1135495845807742,True
Pseudomonas,TGFB,0.03885861267893769,0.384957178617377,0.5531677628463545,False
Pseudomonas,MCP1,0.06341045208324564,0.15600983708959248,0.3058371595559043,False
Pseudomonas,IL9,0.07834424734644259,0.07949030703650965,0.18677611304687716,False
Pseudomonas,VEGFD,-0.012058288279874246,0.7875399104176667,0.8715041845412066,False
Pseudomonas,TNFB,0.05656435729665215,0.2058002324217957,0.3684909821953601,False
Pseudomonas,NGF,0.08345929434398533,0.061687583294654326,0.15632092180629675,False
Pseudomonas,EGF,0.02084874719580506,0.6412085022160856,0.7662765556487887,False
Pseudomonas,BDNF,0.017281005641771423,0.6993109947738051,0.8126620632277636,False
Pseudomonas,TRAIL,0.04038292450018836,0.36657546284343634,0.5360301579314399,False
Pseudomonas,GCSF,0.03707750113003322,0.40713340592416836,0.572646805065754,False
Pseudomonas,GROA,0.026154355471509138,0.5587919289740528,0.7056986609802677,False
Pseudomonas,IL1A,0.05800967723573221,0.194431596626542,0.3550353884893008,False
Pseudomonas,IL23,0.006257930729607611,0.8887682305431914,0.9369227668948377,False
Pseudomonas,IL12P40,-0.07384156755412928,0.09841658462946179,0.22012367413515985,False
Pseudomonas,IL15,0.08408428620701987,0.0597577265980106,0.153098307813085,False
Pseudomonas,IL18,0.02347281465779197,0.5998070407934257,0.7374676731066709,False
Pseudomonas,MCSF,0.05294053645871365,0.23640313796859652,0.40281223582043746,False
Pseudomonas,MCP3,0.0812473122417039,0.06893509701025664,0.16924403437048227,False
Pseudomonas,MIG,0.0963793078350242,0.030845675036615717,0.09613430892779028,True
Pseudomonas,RESISTIN,-0.05759992555579337,0.1976069233899653,0.3588348483566702,False
Pseudomonas,IL21,0.022750680148779432,0.6110801625241946,0.7456107991964064,False
Pseudomonas,ICAM1,-0.01739797036089851,0.6973757100493607,0.8115107737060879,False
Pseudomonas,VCAM1,0.08362641747714533,0.06116656810355021,0.1555082239920768,False
Pseudomonas,FGFB,0.0048756643692136345,0.9132268249260603,0.9515156653612772,False
Pseudomonas,IL22,-0.03177520652195895,0.47749367216397043,0.6377669451888115,False
Pseudomonas,PDGFBB,-0.0512185684195471,0.25201805788536713,0.4192787009541886,False
Pseudomonas,VEGF,0.03639543694172571,0.415822846577935,0.5810024749361171,False
Pseudomonas,LEPTIN,-0.0024136037153820542,0.9569806410424475,0.9775834755815863,False
Pseudomonas,PAI1,-0.08417042753153467,0.05949569608521525,0.15259513888375673,False
Pseudomonas,CD40L,0.07529424464462244,0.09195352695339204,0.20827272300695224,False
Pseudomonas,ENA78,0.1697799671958948,0.0001322222724645722,0.0015887172272874956,True
Pseudonocardia,IL17F,-0.12385921793658114,0.005454338294443465,0.02738949575503468,True
Pseudonocardia,FASL,-0.009561760888179501,0.8307767361363982,0.9011874051599468,False
Pseudonocardia,TGFA,-0.11407596504479973,0.01053076055311452,0.0446002297325618,True
Pseudonocardia,MIP1A,0.028773582635345647,0.5200888607846029,0.6749687978365626,False
Pseudonocardia,SDF1A,-0.006518998877793781,0.8841598569541849,0.934608623513744,False
Pseudonocardia,IL27,-0.07948276242451197,0.0752043734233162,0.17997958642224413,False
Pseudonocardia,LIF,-0.1027255292100165,0.021337589974473485,0.0730631762748908,True
Pseudonocardia,IL1B,-0.06401191915912811,0.15211418783546643,0.30048044750846176,False
Pseudonocardia,IL2,-0.031699338642583993,0.4785463297441688,0.6381532644996802,False
Pseudonocardia,IL4,-0.06713750710109757,0.13304930330054107,0.27338897938467344,False
Pseudonocardia,IL5,-0.04975717950160136,0.26582117204113054,0.43447045693893044,False
Pseudonocardia,IP10,0.003605541691975625,0.9357741238508139,0.962262201659948,False
Pseudonocardia,IL6,-0.013156667183839893,0.7687138202625565,0.8595787337952557,False
Pseudonocardia,IL7,0.09375638807572372,0.03572565411045886,0.1062175777580778,True
Pseudonocardia,IL8,0.0031284672114307004,0.9442574489618693,0.9686294148847765,False
Pseudonocardia,IL10,0.042890105006292256,0.33755176828717903,0.5089545144407855,False
Pseudonocardia,IFNB,-0.0859214384449472,0.05437208761688282,0.1431654628643857,False
Pseudonocardia,EOTAXIN,-0.17370911380035484,9.14996924845561e-05,0.001219121977229759,True
Pseudonocardia,IL12P70,-0.044329748559862873,0.3215707701902555,0.4934996968266297,False
Pseudonocardia,IL13,-0.1083706873148301,0.0151326447589434,0.05801055080716143,True
Pseudonocardia,IL17A,-0.08785574963270008,0.0491442823909573,0.1330509958076189,False
Pseudonocardia,IL31,0.013985969896492883,0.7545885631942049,0.850488206129707,False
Pseudonocardia,IL1RA,-0.009398311026595144,0.8336269221770772,0.9031605750520525,False
Pseudonocardia,SCF,-0.12938947283321023,0.003684202845263413,0.020590797152013063,True
Pseudonocardia,RANTES,0.05350526203358594,0.23143391950425254,0.3977684394112106,False
Pseudonocardia,IFNG,-0.07819391813912026,0.080070733739302,0.18794998076110767,False
Pseudonocardia,GMCSF,-0.17712363392291255,6.601268862602935e-05,0.0009652798808523159,True
Pseudonocardia,TNFA,-0.062327626994063745,0.16321273297059843,0.31569850595394455,False
Pseudonocardia,HGF,-0.15840703624702424,0.00036686658492816383,0.003524647975032979,True
Pseudonocardia,MIP1B,-0.0779005994433838,0.08121313238029877,0.1900558961089025,False
Pseudonocardia,IFNA,-0.04083042453726739,0.36128440703707665,0.5308651715144667,False
Pseudonocardia,TGFB,-0.06801642153551023,0.12803514115839576,0.2653134609565687,False
Pseudonocardia,MCP1,-0.14414635919718935,0.0012014823820791342,0.008635074307060238,True
Pseudonocardia,IL9,-0.046960427956456254,0.2936622031645572,0.46437602320547566,False
Pseudonocardia,VEGFD,0.0011699772862854947,0.979138957529975,0.9897817722857356,False
Pseudonocardia,TNFB,-0.046137158398980506,0.3022164345909258,0.4733265142633226,False
Pseudonocardia,NGF,-0.022672695343591995,0.6123031526951599,0.7463197011880717,False
Pseudonocardia,EGF,-0.02454363959660127,0.583265724047273,0.7241402229429438,False
Pseudonocardia,BDNF,-0.11291548346698324,0.011350906487487199,0.047126531398942385,True
Pseudonocardia,TRAIL,-0.022599994683270563,0.6134442455856061,0.747318769183408,False
Pseudonocardia,GCSF,-0.0055266343138440175,0.9016965498893401,0.9456222275564798,False
Pseudonocardia,GROA,0.002678848381304054,0.9522583489635102,0.974472122068733,False
Pseudonocardia,IL1A,0.029706097547321703,0.506649953687456,0.6627066904772632,False
Pseudonocardia,IL23,-0.045143061657700545,0.31276383925712026,0.48363973557840817,False
Pseudonocardia,IL12P40,-0.05770088272825111,0.1968210763038814,0.3579264782217632,False
Pseudonocardia,IL15,-0.11089600208130472,0.012913609113549952,0.05226134236554158,True
Pseudonocardia,IL18,-0.013934306938229344,0.7554661909076451,0.850488206129707,False
Pseudonocardia,MCSF,0.01651786133544696,0.7119852388365273,0.8227463619756094,False
Pseudonocardia,MCP3,-0.039167738852043756,0.3811846978802299,0.5499562038917373,False
Pseudonocardia,MIG,-0.054606362792027865,0.2219586638063989,0.38580123381954884,False
Pseudonocardia,RESISTIN,-0.06301942217900688,0.15858268960389935,0.3092357444346207,False
Pseudonocardia,IL21,0.03401996838648633,0.44692617615392516,0.6105190126662021,False
Pseudonocardia,ICAM1,0.015093737545498354,0.7358479917707184,0.8396577001869502,False
Pseudonocardia,VCAM1,-0.11493168608136199,0.009960107100531647,0.04296335623142129,True
Pseudonocardia,FGFB,0.017371383300111728,0.6978154446879568,0.8118193189389539,False
Pseudonocardia,IL22,-0.10877217761983653,0.01475888063700026,0.05742803249952184,True
Pseudonocardia,PDGFBB,-0.11059176293793853,0.01316478876657207,0.0529094794853588,True
Pseudonocardia,VEGF,-0.043854374333176294,0.3267923764713748,0.49838784866903674,False
Pseudonocardia,LEPTIN,-0.17609626906165485,7.28734797814009e-05,0.0010331148810472995,True
Pseudonocardia,PAI1,-0.017019911454268274,0.7036380457016538,0.8151262861267289,False
Pseudonocardia,CD40L,-0.0247751389295948,0.579717758711612,0.7217453613325275,False
Pseudonocardia,ENA78,-0.11029160758325508,0.0134168076204824,0.0537365679890122,True
Pseudopropionibacterium,IL17F,0.2347771935601768,1.0279376470833683e-07,5.829158608460564e-06,True
Pseudopropionibacterium,FASL,0.06667611149239207,0.13574151375878263,0.27732778513986783,False
Pseudopropionibacterium,TGFA,0.20407337801504574,4.035707121253113e-06,0.00010847420875044495,True
Pseudopropionibacterium,MIP1A,0.01835266489426966,0.6816537573650809,0.8006289395674732,False
Pseudopropionibacterium,SDF1A,0.11587827844146438,0.00936099553014161,0.040987409807117216,True
Pseudopropionibacterium,IL27,0.1439020209042194,0.0012250590687051181,0.008737001026807974,True
Pseudopropionibacterium,LIF,0.035288199295887605,0.4301591038145868,0.5942483163213989,False
Pseudopropionibacterium,IL1B,-0.005914734493758671,0.8948320109186021,0.9413956675953619,False
Pseudopropionibacterium,IL2,0.04022074018372701,0.3685048969799677,0.5377708860497743,False
Pseudopropionibacterium,IL4,0.04424776305818396,0.32246741831184367,0.49397987091780576,False
Pseudopropionibacterium,IL5,0.18844405591037572,2.1399576703030355e-05,0.0004061552313024129,True
Pseudopropionibacterium,IP10,-0.08122462067067483,0.06901291237982389,0.1693456689003594,False
Pseudopropionibacterium,IL6,0.004836596379162016,0.9139194190450699,0.9515156653612772,False
Pseudopropionibacterium,IL7,0.01091561142973675,0.8072573455362926,0.8846916466518407,False
Pseudopropionibacterium,IL8,0.061226248543386465,0.17079262461249115,0.32642240215704227,False
Pseudopropionibacterium,IL10,0.024210614608976375,0.58838730156571,0.7280470868229247,False
Pseudopropionibacterium,IFNB,0.19165470963137096,1.5355193949956726e-05,0.00031179760640741825,True
Pseudopropionibacterium,EOTAXIN,-0.10073131750408547,0.024005686132812225,0.0801338410032856,True
Pseudopropionibacterium,IL12P70,0.09171584780313626,0.03996266075586354,0.11456619760466429,False
Pseudopropionibacterium,IL13,0.14687981590437282,0.0009647534867729858,0.0073386176132712155,True
Pseudopropionibacterium,IL17A,0.08719364167732167,0.050884283445748614,0.1366824570981848,False
Pseudopropionibacterium,IL31,0.12639263091085803,0.004565461304276253,0.02396559525999683,True
Pseudopropionibacterium,IL1RA,0.05272137074522818,0.23835177062988286,0.4050934698205246,False
Pseudopropionibacterium,SCF,0.030934662127543738,0.489226367500871,0.6473826433918753,False
Pseudopropionibacterium,RANTES,0.07487861551972587,0.09376697472161648,0.21135067011900951,False
Pseudopropionibacterium,IFNG,0.09096990608022855,0.041614170013165745,0.11813546432308958,False
Pseudopropionibacterium,GMCSF,0.16827560295215355,0.00015191331915060993,0.0017748666684681814,True
Pseudopropionibacterium,TNFA,0.09791188716579849,0.028267426927446302,0.09040133095778907,True
Pseudopropionibacterium,HGF,-0.0946766952843159,0.03394346059272402,0.10255821426651505,True
Pseudopropionibacterium,MIP1B,0.19683205854169616,8.886489589873604e-06,0.00020142095207718275,True
Pseudopropionibacterium,IFNA,0.14222241847339812,0.001399010687056211,0.009637629177498342,True
Pseudopropionibacterium,TGFB,0.16804319062221534,0.00015519039922025574,0.0017963932177088521,True
Pseudopropionibacterium,MCP1,-0.030654891614059473,0.4931655883237951,0.6500056648825531,False
Pseudopropionibacterium,IL9,0.04657506322208713,0.297645991381248,0.46869416184314366,False
Pseudopropionibacterium,VEGFD,-0.0080994414293406,0.8563507365876593,0.9177265715434759,False
Pseudopropionibacterium,TNFB,0.07055694602154383,0.11436339135494022,0.24349348434087548,False
Pseudopropionibacterium,NGF,0.17181156227269245,0.00010941367959790351,0.0013863041147963253,True
Pseudopropionibacterium,EGF,-0.05283372668795625,0.23735139086237678,0.40388713286979827,False
Pseudopropionibacterium,BDNF,0.07694626047242248,0.08502157418432757,0.19718220446739312,False
Pseudopropionibacterium,TRAIL,0.14020108936059922,0.0016383511055859887,0.010807113508586616,True
Pseudopropionibacterium,GCSF,0.04813593953510797,0.28173125443554414,0.44941692388517335,False
Pseudopropionibacterium,GROA,0.09832309337409695,0.027607997888188508,0.08908895918117736,True
Pseudopropionibacterium,IL1A,0.14405837615990855,0.0012099234651011192,0.008660376931905639,True
Pseudopropionibacterium,IL23,0.09814810440975204,0.027886983617446973,0.08949239049077187,True
Pseudopropionibacterium,IL12P40,5.625055743663652e-05,0.9989969221668528,0.9998141083214419,False
Pseudopropionibacterium,IL15,0.18079252967623277,4.616399387090118e-05,0.0007398227271593394,True
Pseudopropionibacterium,IL18,0.024692399702447847,0.5809846631174967,0.7224478896338175,False
Pseudopropionibacterium,MCSF,0.06184191667123577,0.166523714336043,0.32010552776461343,False
Pseudopropionibacterium,MCP3,-0.06370757978275417,0.1540760377506315,0.3033249684760527,False
Pseudopropionibacterium,MIG,0.02747345129467321,0.5391268539430798,0.6908901714252902,False
Pseudopropionibacterium,RESISTIN,0.11323762775297096,0.011117751394364144,0.046417851333207756,True
Pseudopropionibacterium,IL21,0.04477597711767196,0.3167190029506705,0.48831013385962135,False
Pseudopropionibacterium,ICAM1,-0.18251413460889737,3.893622328729937e-05,0.0006443182857150963,True
Pseudopropionibacterium,VCAM1,-0.02821011412478096,0.5282971807641965,0.6815240706758926,False
Pseudopropionibacterium,FGFB,0.12292561110694691,0.0058193159477173805,0.02869546039966683,True
Pseudopropionibacterium,IL22,0.13182853554012566,0.0030841181483734067,0.01785946374836406,True
Pseudopropionibacterium,PDGFBB,0.008836035902385807,0.8434481284408174,0.9085343188482226,False
Pseudopropionibacterium,VEGF,0.04214888217556326,0.3459748958495177,0.5171273756670708,False
Pseudopropionibacterium,LEPTIN,0.18743914886192425,2.3715380391893032e-05,0.0004376052334218357,True
Pseudopropionibacterium,PAI1,0.11333452474421266,0.011048455939635953,0.04629555228841769,True
Pseudopropionibacterium,CD40L,0.0078193945895429,0.8612664529079797,0.9195627454294566,False
Pseudopropionibacterium,ENA78,0.13332193461539954,0.0027620368448829603,0.016319531548546082,True
Rhodococcus,IL17F,-0.16932042067498154,0.00013796734183975338,0.0016449952296278287,True
Rhodococcus,FASL,-0.05225713221127623,0.24251664262175437,0.40844680325032706,False
Rhodococcus,TGFA,-0.23433321950275932,1.0880952744541296e-07,5.952521207307885e-06,True
Rhodococcus,MIP1A,-0.05977234585262578,0.18119721693513918,0.3391976887070842,False
Rhodococcus,SDF1A,-0.04874911420722692,0.27563972642196805,0.4433499577523872,False
Rhodococcus,IL27,-0.20818876186963436,2.5441334862042896e-06,7.783039941348649e-05,True
Rhodococcus,LIF,-0.16362367024579935,0.00023163889666769592,0.0024875770658309144,True
Rhodococcus,IL1B,-0.05564165657481524,0.21330543956153727,0.3767390325802193,False
Rhodococcus,IL2,-0.08975039951741977,0.04443811588400939,0.123291908628069,False
Rhodococcus,IL4,-0.10342475835746551,0.020465070586070788,0.07101684942181281,True
Rhodococcus,IL5,-0.1730315361491925,9.755317504361177e-05,0.0012706505993075484,True
Rhodococcus,IP10,0.022079603122955864,0.6216393430942609,0.7533549505833498,False
Rhodococcus,IL6,-0.04646298930866628,0.2988113061374095,0.4700516148643282,False
Rhodococcus,IL7,0.014481882789453653,0.7461804302273679,0.8456590301138828,False
Rhodococcus,IL8,-0.048338496539013724,0.2797089790205999,0.44757286732477264,False
Rhodococcus,IL10,-0.07239725992249783,0.10519591294994753,0.23019340951400283,False
Rhodococcus,IFNB,-0.242185658980372,3.9129102264772545e-08,2.700246242650998e-06,True
Rhodococcus,EOTAXIN,0.02122711987163627,0.6351654799573906,0.7620019302894392,False
Rhodococcus,IL12P70,-0.20139463313464082,5.422269017861227e-06,0.00013599223232161416,True
Rhodococcus,IL13,-0.17207299189037573,0.00010676326884680991,0.0013618553135108158,True
Rhodococcus,IL17A,-0.21440298233292826,1.2452857309679089e-06,4.523889569531856e-05,True
Rhodococcus,IL31,-0.0634664859210996,0.15564375365237934,0.305376985014162,False
Rhodococcus,IL1RA,-0.08054203144393432,0.0713875263142797,0.17443615205538657,False
Rhodococcus,SCF,-0.10658227859567806,0.01690033267908021,0.06286003781641862,True
Rhodococcus,RANTES,0.034283894646639446,0.44340662029961064,0.6064237601156439,False
Rhodococcus,IFNG,-0.13344399858891753,0.0027371156890758966,0.016213487839748943,True
Rhodococcus,GMCSF,-0.30709267730068823,2.006346152718361e-12,5.830943506337737e-10,True
Rhodococcus,TNFA,-0.11451120357757864,0.01023698841880434,0.04379208477225408,True
Rhodococcus,HGF,0.022228165589126308,0.6192949542761081,0.7520220090852168,False
Rhodococcus,MIP1B,-0.09772831141843209,0.028566158651248105,0.09110606154204642,True
Rhodococcus,IFNA,-0.13839319666277636,0.0018836627933626273,0.012114843691751337,True
Rhodococcus,TGFB,-0.2077905804256485,2.6613647472256413e-06,8.03593900948002e-05,True
Rhodococcus,MCP1,-0.14116266099649022,0.0015201624166479891,0.010229747087428583,True
Rhodococcus,IL9,-0.09456020565067198,0.03416477120540805,0.10309291765421637,True
Rhodococcus,VEGFD,-0.10539333537987972,0.018173191474388208,0.06586542506305935,True
Rhodococcus,TNFB,-0.04538535929356679,0.31017104117398586,0.48124636017985795,False
Rhodococcus,NGF,-0.12692367692364548,0.004396615437714592,0.0234482597937501,True
Rhodococcus,EGF,0.0823067352129765,0.06538130172839049,0.1621456282864084,False
Rhodococcus,BDNF,-0.014187890746397478,0.7511614592263786,0.8479972773495169,False
Rhodococcus,TRAIL,-0.1277454640996114,0.004146430995830256,0.022471916236143,True
Rhodococcus,GCSF,-0.1563789361503295,0.0004370300657809487,0.004058919894789116,True
Rhodococcus,GROA,-0.10892536826845657,0.014618421526831037,0.05697875951363313,True
Rhodococcus,IL1A,-0.06645234053799476,0.13706221390461884,0.27867918437100025,False
Rhodococcus,IL23,-0.1591562770996044,0.00034371573737364156,0.0033790236338000702,True
Rhodococcus,IL12P40,0.022565247860190547,0.6139899539557845,0.7473961481398947,False
Rhodococcus,IL15,-0.220398048211212,6.1247256943886e-07,2.556722782145947e-05,True
Rhodococcus,IL18,-0.0552193048825883,0.21680577210768748,0.3802892645419641,False
Rhodococcus,MCSF,-0.025667864375759446,0.5661312150767619,0.710720882858246,False
Rhodococcus,MCP3,-0.05476428786978451,0.22062272795940838,0.3845198222620574,False
Rhodococcus,MIG,-0.1475266305214478,0.0009154341184055431,0.007024370710537584,True
Rhodococcus,RESISTIN,-0.14963442373040461,0.0007704217082079218,0.0061766567985635104,True
Rhodococcus,IL21,-0.028096622331189067,0.5299583955058571,0.6830117902168059,False
Rhodococcus,ICAM1,0.0005166892182650173,0.9907864352422842,0.9956413984855106,False
Rhodococcus,VCAM1,-0.0772061263844566,0.08397054441011507,0.19542694269621375,False
Rhodococcus,FGFB,-0.1364859711150514,0.0021785413524391074,0.013488971090335353,True
Rhodococcus,IL22,-0.04098162387532962,0.35950753410402836,0.5297881627081146,False
Rhodococcus,PDGFBB,-0.007799241978433957,0.8616204046959446,0.9195627454294566,False
Rhodococcus,VEGF,-0.005703028421258149,0.8985756314176284,0.943626171204149,False
Rhodococcus,LEPTIN,-0.3120425018877083,8.46683964805881e-13,2.812200311676676e-10,True
Rhodococcus,PAI1,-0.09779420141465138,0.028458625826391797,0.09084409802809877,True
Rhodococcus,CD40L,-0.01104108988319884,0.8050859309489513,0.8827280308683385,False
Rhodococcus,ENA78,-0.2242484167975389,3.8417563740666215e-07,1.717708378789403e-05,True
Roseburia,IL17F,0.20616674460827572,3.195200975023329e-06,9.286052833661551e-05,True
Roseburia,FASL,0.014229498010135948,0.7504558846388721,0.847406474883622,False
Roseburia,TGFA,0.12511170524081433,0.004997077952642869,0.025532174490759584,True
Roseburia,MIP1A,0.02477469845074671,0.5797244999090302,0.7217453613325275,False
Roseburia,SDF1A,0.08696205441624903,0.0515049057440579,0.13764242052291337,False
Roseburia,IL27,0.07661627673686135,0.08637145410525414,0.1990224289343071,False
Roseburia,LIF,0.10549085406468667,0.018065726792966894,0.06557816517353322,True
Roseburia,IL1B,-0.05034209658675451,0.2602354699172513,0.42927093935546007,False
Roseburia,IL2,0.026731489366306465,0.5501453954872898,0.6999362678471489,False
Roseburia,IL4,-0.0344110007417824,0.44171726166304603,0.6046468256500336,False
Roseburia,IL5,0.2005671764072914,5.935488244469589e-06,0.00014450272427635386,True
Roseburia,IP10,-0.11336132315717533,0.011029358831028908,0.046287471628415545,True
Roseburia,IL6,-0.0503180754453118,0.26046325453764957,0.42927093935546007,False
Roseburia,IL7,-0.00039199958490344976,0.99300982602707,0.9970948650511199,False
Roseburia,IL8,-0.0215156643672202,0.6305733128809246,0.7593786543586027,False
Roseburia,IL10,-0.05845203886859536,0.1910456421044634,0.35099258624486557,False
Roseburia,IFNB,0.10546463359378253,0.018094566827989753,0.06563161914988483,True
Roseburia,EOTAXIN,0.033123891424493256,0.45899320158437107,0.6211636750195941,False
Roseburia,IL12P70,0.05268007426780645,0.23872020536889405,0.40542328523205157,False
Roseburia,IL13,0.12114096247100102,0.006578617116854983,0.031246751372191697,True
Roseburia,IL17A,-0.03986278808658439,0.37278554016458476,0.5411966162239522,False
Roseburia,IL31,0.06654816522676739,0.13649545008790945,0.27801307179534773,False
Roseburia,IL1RA,0.07861123939109235,0.07846785134623924,0.185305426934239,False
Roseburia,SCF,-0.12299268638942343,0.005792380016305411,0.028592958679214606,True
Roseburia,RANTES,0.0459691132392536,0.3039826294689394,0.47534485035466284,False
Roseburia,IFNG,0.022796427369200914,0.6103632383032896,0.7453722803005274,False
Roseburia,GMCSF,0.20518252385234348,3.5670796747835282e-06,0.00010052679083480852,True
Roseburia,TNFA,0.058790330561645676,0.1884856104208883,0.34724963884989324,False
Roseburia,HGF,-0.0023397145425971115,0.9582964045718383,0.9780681038759983,False
Roseburia,MIP1B,0.15507473169052932,0.0004885457056969311,0.004411140837846077,True
Roseburia,IFNA,0.15299234196040437,0.0005826338227113059,0.004989405664102343,True
Roseburia,TGFB,0.1638608774337844,0.00022677052320984781,0.0024522858905250988,True
Roseburia,MCP1,-0.0022425758162370507,0.9600263506813179,0.9786260734189776,False
Roseburia,IL9,0.006017618544379298,0.8930135391585052,0.940546536146557,False
Roseburia,VEGFD,-0.1029866482776426,0.021008050061502203,0.07220061551070603,True
Roseburia,TNFB,0.013986375509144453,0.7545816740721509,0.850488206129707,False
Roseburia,NGF,0.20099633339134243,5.663783967115013e-06,0.00014083740880794018,True
Roseburia,EGF,-0.1798973977744406,5.04061594951129e-05,0.0007865390659472316,True
Roseburia,BDNF,-0.08361261173774517,0.06120947008669652,0.15553226005636,False
Roseburia,TRAIL,0.07134434285275902,0.11036705031618196,0.2379261863561642,False
Roseburia,GCSF,0.012838833850417137,0.7741480220356256,0.8624313134800333,False
Roseburia,GROA,0.054387864578598843,0.22381651673642744,0.3879041382125932,False
Roseburia,IL1A,0.07049057320044363,0.11470538219340175,0.24386759709414912,False
Roseburia,IL23,0.09712472786569329,0.029567551878287596,0.09308674084904354,True
Roseburia,IL12P40,0.11291621173557105,0.011350374551713099,0.047126531398942385,True
Roseburia,IL15,0.09384102927479711,0.035558487853466554,0.10605963343080146,True
Roseburia,IL18,-0.052647381486129,0.239012164543859,0.40543200120275485,False
Roseburia,MCSF,0.026394476684372278,0.5551864838788707,0.7036296402389612,False
Roseburia,MCP3,-0.13715626179491866,0.002070410923162717,0.013045272076838255,True
Roseburia,MIG,-0.02705247201319697,0.5453650802787613,0.695351692705303,False
Roseburia,RESISTIN,0.1161568689722207,0.00919088552532635,0.04047122887572682,True
Roseburia,IL21,0.004934635595775711,0.9121815124608319,0.9514679302249592,False
Roseburia,ICAM1,-0.22689007396569494,2.776217653240594e-07,1.3039810189463397e-05,True
Roseburia,VCAM1,-0.026237693625902763,0.5575393138644742,0.7044994047472296,False
Roseburia,FGFB,0.07849753707980646,0.07890196631867119,0.1859574979127324,False
Roseburia,IL22,0.06943680971450072,0.12024312305799875,0.2527753048344769,False
Roseburia,PDGFBB,-0.053872542692308935,0.22824205116707846,0.3941863425139641,False
Roseburia,VEGF,-0.02652189942946866,0.553277831322468,0.7020255660290117,False
Roseburia,LEPTIN,0.19679357662408342,8.923164758688096e-06,0.00020142095207718275,True
Roseburia,PAI1,0.05483003755505567,0.2200682299024668,0.38412810399642294,False
Roseburia,CD40L,-0.16521917957589233,0.0002006873787819362,0.002232527060612448,True
Roseburia,ENA78,-0.010621960926507945,0.8123447543673107,0.8877563120582831,False
Rothia,IL17F,-0.018928895638559616,0.6722301057082045,0.7925633852797036,False
Rothia,FASL,0.1285159684771477,0.0039236324999088875,0.021540603452864612,True
Rothia,TGFA,-0.00029980150070272693,0.9946538827532339,0.9975526939491012,False
Rothia,MIP1A,0.012360338390233707,0.7823499396537908,0.8672055350155251,False
Rothia,SDF1A,0.032695164094093024,0.4648304201999196,0.6265484253062552,False
Rothia,IL27,0.16989195910818863,0.0001308566574924762,0.0015852033504134173,True
Rothia,LIF,-0.013708003296033198,0.7593142331147913,0.8526469896121177,False
Rothia,IL1B,0.07259452840974857,0.10424875046655835,0.22908974575124544,False
Rothia,IL2,-0.021895114361990913,0.624556002075912,0.7555112928337645,False
Rothia,IL4,0.15508878349793595,0.0004879617690840203,0.004411140837846077,True
Rothia,IL5,0.05649766390394158,0.20633621485659473,0.3688825063756884,False
Rothia,IP10,0.04128634553338413,0.355943155004922,0.5274492258677143,False
Rothia,IL6,0.14544858658763554,0.0010827260769334407,0.007903730388917582,True
Rothia,IL7,-0.005035617656185005,0.9103918769157792,0.950454025069235,False
Rothia,IL8,0.15351828416021104,0.0005574000621699333,0.004835653524421996,True
Rothia,IL10,0.13674192694929135,0.0021366559810352547,0.013336174915186488,True
Rothia,IFNB,-0.045391690234272,0.3101034847614485,0.48124636017985795,False
Rothia,EOTAXIN,-0.011550920280049337,0.7962788493925009,0.8776242355238514,False
Rothia,IL12P70,0.054989127288774114,0.21873067729819104,0.3825113386373029,False
Rothia,IL13,0.17327390914090868,9.534576256261607e-05,0.0012488951997638444,True
Rothia,IL17A,0.10706001064849183,0.016411279164848674,0.06164171899559478,True
Rothia,IL31,0.12332261978190283,0.0056615107429062094,0.02821685209156698,True
Rothia,IL1RA,0.055799216817081894,0.21201009600007553,0.37549572591403796,False
Rothia,SCF,0.13689187493040741,0.002112461332221424,0.013238470612977926,True
Rothia,RANTES,0.06456712415204809,0.1485841223666224,0.29526332008751893,False
Rothia,IFNG,0.13161128231483862,0.0031337177831979378,0.018079141056911177,True
Rothia,GMCSF,0.0721376428717295,0.10645279756643665,0.23184575069277694,False
Rothia,TNFA,0.0370397589303736,0.4076113980727071,0.5731457517502534,False
Rothia,HGF,-0.07367485105930932,0.09918090126309684,0.22119481576661887,False
Rothia,MIP1B,0.027075688993703717,0.5450201141817066,0.6952440010926864,False
Rothia,IFNA,0.11940507336386867,0.007401197259564664,0.03421030542442911,True
Rothia,TGFB,0.052052914375200085,0.2443648304948445,0.4099558094728349,False
Rothia,MCP1,0.00095369825334464,0.9829946286917839,0.9919061867007614,False
Rothia,IL9,0.14480104794410126,0.0011403548674649567,0.008259579647526556,True
Rothia,VEGFD,0.1520568274693127,0.0006301558651928875,0.005298778974949235,True
Rothia,TNFB,0.10448371260340034,0.01920276549873119,0.06833805207203103,True
Rothia,NGF,0.09866425612088321,0.027070976036355787,0.0879664839755796,True
Rothia,EGF,0.14586178714857578,0.0010473690914652015,0.0077428716618651635,True
Rothia,BDNF,0.10382073156749039,0.01998485512487974,0.07033575687609023,True
Rothia,TRAIL,0.03046621361201702,0.4958317432454624,0.6522256311432533,False
Rothia,GCSF,0.15312425299591834,0.0005762072156158169,0.004952612851411365,True
Rothia,GROA,0.1290325487648788,0.0037803890243629833,0.02090226987311281,True
Rothia,IL1A,0.10502781854887297,0.018580969243274306,0.06677087092830412,True
Rothia,IL23,0.1132650222277162,0.011098121435389878,0.046408511397988246,True
Rothia,IL12P40,-0.05283947810203036,0.23730026188543,0.40388713286979827,False
Rothia,IL15,0.073062073974927,0.10203085123266575,0.22528179403223922,False
Rothia,IL18,0.11283367103860867,0.011410803882411507,0.04729076475330972,True
Rothia,MCSF,0.12810217686945882,0.00404189906201016,0.022085582418739418,True
Rothia,MCP3,0.06991542718051054,0.11770255824669938,0.24889354063081043,False
Rothia,MIG,-0.04930703234161065,0.2701755349656745,0.43816422780200587,False
Rothia,RESISTIN,0.009069852438640934,0.8393610366799605,0.9056716067005786,False
Rothia,IL21,0.03244251845972689,0.4682894316373948,0.6292014228132288,False
Rothia,ICAM1,0.02051280859481964,0.646593760381803,0.7707410883812829,False
Rothia,VCAM1,-0.0630021091813753,0.1586973395620665,0.30928023007695277,False
Rothia,FGFB,0.12129789171777929,0.006508454210913829,0.0310403200828198,True
Rothia,IL22,0.03800958878896485,0.39543489733411885,0.5624876942807135,False
Rothia,PDGFBB,0.09507438225691499,0.03319710631463848,0.1010252253685006,True
Rothia,VEGF,0.04551158397413285,0.30882594747339936,0.4804697150159544,False
Rothia,LEPTIN,0.1035712456318225,0.020286261700836722,0.07066084199253293,True
Rothia,PAI1,-0.0615808125175563,0.16832428383755468,0.3227661525132492,False
Rothia,CD40L,-0.011077135762203927,0.8044624303892036,0.8826687827536095,False
Rothia,ENA78,0.13538143473735098,0.00236803472021891,0.014488633485549908,True
Serratia,IL17F,0.007315850432226885,0.8701186292910974,0.9246343311421191,False
Serratia,FASL,0.08284927470522048,0.06362052554297985,0.15965215530213508,False
Serratia,TGFA,-0.004417625625210044,0.9213508894931354,0.953957004726354,False
Serratia,MIP1A,0.10508642483260872,0.018515054396655125,0.0666886157586726,True
Serratia,SDF1A,0.02992849770725331,0.5034719350956762,0.6594773234351815,False
Serratia,IL27,0.004631425466409579,0.9175577299619923,0.9528011264679017,False
Serratia,LIF,-0.026677530535754397,0.5509510065624925,0.7003614490201177,False
Serratia,IL1B,-0.052058182075625514,0.24431703384641923,0.4099558094728349,False
Serratia,IL2,0.02308217716093187,0.6058935817688577,0.7422754283457105,False
Serratia,IL4,0.10731570513228428,0.01615465278046723,0.06107246782859563,True
Serratia,IL5,-0.05534357110039138,0.21577163710328676,0.379620927934273,False
Serratia,IP10,0.07952263614533221,0.07505774726986798,0.17972117652156855,False
Serratia,IL6,0.07005068102114669,0.11699227694937661,0.2477295481851554,False
Serratia,IL7,0.08645106199418424,0.052896661589700154,0.1406321764944373,False
Serratia,IL8,0.052448839831932555,0.2407906122860939,0.40656366998196686,False
Serratia,IL10,0.09366011386744082,0.0359166074667226,0.10648363323681684,True
Serratia,IFNB,-0.05918839337667879,0.18550567341615465,0.3437947290735124,False
Serratia,EOTAXIN,0.09190831573840867,0.03954564952440357,0.11403205114167955,False
Serratia,IL12P70,0.04450542706593601,0.3196549032883196,0.4913703472035326,False
Serratia,IL13,0.01898691911132913,0.6712840012112933,0.7918494687043414,False
Serratia,IL17A,-0.13079952144287915,0.0033255270024609086,0.01902191339017633,True
Serratia,IL31,0.023159575804841077,0.6046854419487557,0.741896386559819,False
Serratia,IL1RA,0.007250430558064428,0.8712699101235788,0.9252184481662269,False
Serratia,SCF,0.01673211818699675,0.7084186792189143,0.8198474012861999,False
Serratia,RANTES,0.04292484947527878,0.33716018872009446,0.508557384833058,False
Serratia,IFNG,0.06544031683607429,0.14315891248442678,0.2871824603332979,False
Serratia,GMCSF,-0.22936824219886928,2.039587481432848e-07,1.019793740716424e-05,True
Serratia,TNFA,0.024064059589069486,0.5906477101709124,0.729679025583088,False
Serratia,HGF,0.058599625994949195,0.18992565251080729,0.34921086760587344,False
Serratia,MIP1B,0.027285514081916692,0.5419073671276938,0.6926523521560682,False
Serratia,IFNA,0.06649824812998115,0.13679046385654578,0.2783700905614608,False
Serratia,TGFB,-0.022024873239410825,0.6225039751727524,0.7539026862797681,False
Serratia,MCP1,0.04170746136083529,0.3510540026258179,0.5222012515067348,False
Serratia,IL9,0.0012870944980399688,0.9770512709349013,0.9889613430229193,False
Serratia,VEGFD,-0.10017240422627904,0.024803374164749536,0.08208945897942017,True
Serratia,TNFB,0.017949790577209346,0.6882719904409114,0.806568738797943,False
Serratia,NGF,0.06614993132846,0.13886271251089743,0.28098851748288645,False
Serratia,EGF,0.091691659464814,0.04001533064319889,0.11464651108495061,False
Serratia,BDNF,-0.02838351238288245,0.5257642133765337,0.6800566320447515,False
Serratia,TRAIL,0.02452276071928668,0.5835862098457872,0.7241402229429438,False
Serratia,GCSF,0.014280727449805861,0.7495874233476201,0.8468371036361597,False
Serratia,GROA,0.003825306890765317,0.9318686512245489,0.9599444457674241,False
Serratia,IL1A,0.09663794353165213,0.030396952047949906,0.09486297115635373,True
Serratia,IL23,0.09440737548404812,0.03445698647588069,0.10370549327692247,True
Serratia,IL12P40,-0.05350049329511164,0.23147556925736254,0.3977684394112106,False
Serratia,IL15,-0.0468820255167943,0.29446980134312034,0.4652682895839312,False
Serratia,IL18,0.09655410310294044,0.030541795584744447,0.09525107274920301,True
Serratia,MCSF,0.10314679095975565,0.020808140202299277,0.07177882191445967,True
Serratia,MCP3,0.09021650061937699,0.04334031522988046,0.12106371501957452,False
Serratia,MIG,-0.02637291014467606,0.5555098440040495,0.7036558906616263,False
Serratia,RESISTIN,-0.030837242175983822,0.49059613827746573,0.6486414680097287,False
Serratia,IL21,0.0337279938307531,0.45083816174055347,0.6131609979799865,False
Serratia,ICAM1,0.04539727088113381,0.3100439426426777,0.48124636017985795,False
Serratia,VCAM1,-0.02160741196039471,0.6291161205273381,0.7587289808300997,False
Serratia,FGFB,0.06952859882605851,0.11975260519808818,0.25208221555957905,False
Serratia,IL22,-0.04847894201006801,0.27831259730211344,0.4464137900844524,False
Serratia,PDGFBB,-0.0884528926444267,0.04761797283680766,0.1302491609947974,False
Serratia,VEGF,0.06359860362979314,0.15478316832887212,0.3040733978577336,False
Serratia,LEPTIN,-0.26829978220703093,1.0043300486074609e-09,1.1356699010899451e-07,True
Serratia,PAI1,-0.008562933670950578,0.8482272503876624,0.9121777785158719,False
Serratia,CD40L,0.07626084334741672,0.08784469238535783,0.20131977308620697,False
Serratia,ENA78,-0.15161165975017882,0.0006540098246495195,0.005469686483129974,True
Sphingomonas,IL17F,0.16194547391384131,0.0002689777479466421,0.0028233555935708483,True
Sphingomonas,FASL,0.004906308033853542,0.9126836225054223,0.9515156653612772,False
Sphingomonas,TGFA,0.05559309201181485,0.21370584727359526,0.3771279657769328,False
Sphingomonas,MIP1A,-0.0055418929635245705,0.9014265199823903,0.9456222275564798,False
Sphingomonas,SDF1A,0.029274074605310767,0.512853325986188,0.6683766720391744,False
Sphingomonas,IL27,0.04414113817524332,0.3236359693367218,0.4952668672951894,False
Sphingomonas,LIF,-0.013606030044840468,0.7610501251354052,0.8539775776736568,False
Sphingomonas,IL1B,0.0451343147535531,0.31285770421932296,0.48363973557840817,False
Sphingomonas,IL2,0.11286871787432387,0.01138511085214834,0.04722637418598553,True
Sphingomonas,IL4,0.08639683279702474,0.05304618402252804,0.14087079137907216,False
Sphingomonas,IL5,0.1892732118053194,1.965206428469509e-05,0.000382351878342394,True
Sphingomonas,IP10,-0.13881895174616093,0.0018230405085284827,0.01177380328424645,True
Sphingomonas,IL6,-0.030764706711386154,0.4916173547509136,0.6492722822941535,False
Sphingomonas,IL7,-0.007701451977862948,0.8633383383464595,0.9209734510922314,False
Sphingomonas,IL8,-0.017754778274977852,0.6914841691713303,0.8082667749681629,False
Sphingomonas,IL10,-0.00737174939628839,0.8691351179179084,0.924400342707748,False
Sphingomonas,IFNB,0.05917904987283869,0.1855752193493583,0.3437947290735124,False
Sphingomonas,EOTAXIN,-0.02777965451161712,0.5346119258621185,0.6872270216813419,False
Sphingomonas,IL12P70,0.04317123797958689,0.33439168102780537,0.5055010782767538,False
Sphingomonas,IL13,0.0889631625882669,0.04634538338449795,0.12751836256681387,False
Sphingomonas,IL17A,0.011742788133830635,0.79297104503313,0.8756130053400673,False
Sphingomonas,IL31,0.002062658539434136,0.9632309918063109,0.9807366130718952,False
Sphingomonas,IL1RA,0.0036374760077749597,0.935206517519253,0.9621040501027713,False
Sphingomonas,SCF,-0.007025883695163212,0.8752236152073225,0.9283279677723654,False
Sphingomonas,RANTES,-0.00227582264747091,0.9594342354634107,0.9785850394614739,False
Sphingomonas,IFNG,0.05981187967748767,0.1809082318188352,0.3391976887070842,False
Sphingomonas,GMCSF,0.10029812636402424,0.024621973924670516,0.08160525926565781,True
Sphingomonas,TNFA,0.11698101726232056,0.00870364551693378,0.03879999292898112,True
Sphingomonas,HGF,-0.06610529517012374,0.13913000056003436,0.2811623218618687,False
Sphingomonas,MIP1B,0.11777751597077576,0.008254759518415299,0.037266632777311785,True
Sphingomonas,IFNA,0.05417232385099773,0.22566005930390465,0.3905170360115953,False
Sphingomonas,TGFB,0.07090448475472022,0.11258571845398195,0.24081121932429442,False
Sphingomonas,MCP1,0.12233527824604555,0.006061279785747905,0.029606040970302266,True
Sphingomonas,IL9,-0.01914216909212319,0.6687551215051362,0.7894672036046924,False
Sphingomonas,VEGFD,0.03746222877190939,0.4022800033482997,0.5687449120004846,False
Sphingomonas,TNFB,-0.006727489780404819,0.8804823732962819,0.9319924962048055,False
Sphingomonas,NGF,0.1292156145615051,0.0037307746713568634,0.020776170325520257,True
Sphingomonas,EGF,-0.007803126700248956,0.8615521729560437,0.9195627454294566,False
Sphingomonas,BDNF,-0.06657576942217262,0.13633251758578796,0.27780289516823575,False
Sphingomonas,TRAIL,0.0005340015490751228,0.9904777373879248,0.9956164026921422,False
Sphingomonas,GCSF,0.09510237108121139,0.03314511015592538,0.10093304664378064,True
Sphingomonas,GROA,-0.03274492673746558,0.4641507860093451,0.6261390063659573,False
Sphingomonas,IL1A,0.06484739644318241,0.14682597312020446,0.29251961225747675,False
Sphingomonas,IL23,0.08246018829666235,0.0648792636043273,0.16141710848588656,False
Sphingomonas,IL12P40,-0.0943567529399175,0.03455424629737947,0.10393094778966012,True
Sphingomonas,IL15,0.05159140538498611,0.24857777745786208,0.4148911217440986,False
Sphingomonas,IL18,-0.04151659294214438,0.3532647026870124,0.5244365778465606,False
Sphingomonas,MCSF,0.014772663782723872,0.7412641843374039,0.842766216067468,False
Sphingomonas,MCP3,0.041201797066827466,0.3569298980468547,0.5275664418047916,False
Sphingomonas,MIG,-0.029838353157333,0.5047588022608636,0.6607906617435291,False
Sphingomonas,RESISTIN,-0.04844773676042428,0.2786224466028662,0.44675668162183724,False
Sphingomonas,IL21,-0.07149520616214103,0.10961406776249794,0.2367419484884419,False
Sphingomonas,ICAM1,-0.1371939829373192,0.0020644742240816917,0.013025515796444866,True
Sphingomonas,VCAM1,0.015665772073002824,0.7262308593865838,0.8334090563049396,False
Sphingomonas,FGFB,-0.004109447208690222,0.9268215975707943,0.9570775990904271,False
Sphingomonas,IL22,0.030324831772249625,0.49783458512117085,0.6535250306495026,False
Sphingomonas,PDGFBB,-0.08709922679888646,0.05113654434296489,0.13703116423839365,False
Sphingomonas,VEGF,0.03382702522807352,0.4495091402209992,0.6122488289477581,False
Sphingomonas,LEPTIN,0.07021429276085842,0.11613756460673462,0.24614388123122882,False
Sphingomonas,PAI1,0.03500172593319299,0.43391435541081635,0.5971298468956189,False
Sphingomonas,CD40L,-0.06566667493509279,0.14177757355943033,0.2851495315966051,False
Sphingomonas,ENA78,0.005768431092556912,0.8974188649918251,0.9432634995958379,False
Spirochaeta 2,IL17F,-0.154634271507484,0.0005071822071658034,0.004527890593344012,True
Spirochaeta 2,FASL,-0.10572457307658625,0.017810426446644163,0.06485394125050538,True
Spirochaeta 2,TGFA,-0.20208632155689976,5.026033796370892e-06,0.000130564565101255,True
Spirochaeta 2,MIP1A,-0.07683361299591684,0.08548046125061211,0.1978517395795651,False
Spirochaeta 2,SDF1A,-0.10236423744234899,0.0218009473323309,0.0743759391748633,True
Spirochaeta 2,IL27,-0.15510767155802976,0.00048717787961633614,0.004411140837846077,True
Spirochaeta 2,LIF,-0.15168966951458554,0.0006497701393543834,0.005444020086482672,True
Spirochaeta 2,IL1B,-0.09416248966283311,0.034929652564498384,0.10478895769349515,True
Spirochaeta 2,IL2,-0.11367217175853597,0.010809968985589257,0.04551674626185059,True
Spirochaeta 2,IL4,-0.14120436843082668,0.001515217817700415,0.010229747087428583,True
Spirochaeta 2,IL5,-0.17599073387241218,7.361512556661965e-05,0.001034373543272887,True
Spirochaeta 2,IP10,-0.059806697528576,0.18094609294924774,0.3391976887070842,False
Spirochaeta 2,IL6,-0.11178625712346785,0.012202731868363561,0.049905631651618786,True
Spirochaeta 2,IL7,-0.05695504967095916,0.20268067694945913,0.3643081359934228,False
Spirochaeta 2,IL8,-0.09226315132865792,0.038786493988315844,0.11286432856424825,True
Spirochaeta 2,IL10,-0.062184417715201924,0.16418377310438295,0.317180949287653,False
Spirochaeta 2,IFNB,-0.22819995145825558,2.3597271240833315e-07,1.131209394534793e-05,True
Spirochaeta 2,EOTAXIN,0.02947016149415729,0.5100328532516452,0.665633670395776,False
Spirochaeta 2,IL12P70,-0.11069054934110284,0.01308276259120163,0.05271650437529253,True
Spirochaeta 2,IL13,-0.1577553737491579,0.00038817601978045067,0.00367620874130162,True
Spirochaeta 2,IL17A,-0.20040376253884493,6.042181197660516e-06,0.00014557586823378963,True
Spirochaeta 2,IL31,-0.10595226202779172,0.01756474950884195,0.06446157800796516,True
Spirochaeta 2,IL1RA,-0.1509882895163526,0.0006888216575511294,0.005669063199314605,True
Spirochaeta 2,SCF,-0.10864629052159774,0.014875191617707622,0.05757589233513905,True
Spirochaeta 2,RANTES,-0.03657731337201573,0.41349514528845555,0.5789679089404752,False
Spirochaeta 2,IFNG,-0.10339064843005163,0.020506902856916545,0.07105595997366762,True
Spirochaeta 2,GMCSF,-0.28686493412735725,5.7754421133985895e-11,8.138122977970739e-09,True
Spirochaeta 2,TNFA,-0.1432908837374794,0.0012859064771697968,0.009018801084222558,True
Spirochaeta 2,HGF,-0.0208052514784767,0.6419047074575808,0.7666206829146948,False
Spirochaeta 2,MIP1B,-0.12907572428080458,0.0037686340573213546,0.020886946801602264,True
Spirochaeta 2,IFNA,-0.1592578454390083,0.0003406843897659506,0.0033634446123390026,True
Spirochaeta 2,TGFB,-0.1668317047323073,0.0001733740074360911,0.0019856875235906984,True
Spirochaeta 2,MCP1,-0.03887060271615144,0.3848104330192026,0.5531292633969149,False
Spirochaeta 2,IL9,-0.15437255935571476,0.0005185663849882974,0.004593016552753491,True
Spirochaeta 2,VEGFD,-0.11054947859067728,0.013200037439344444,0.05300533168648676,True
Spirochaeta 2,TNFB,-0.1045964516402793,0.0190724599344461,0.06801145605458156,True
Spirochaeta 2,NGF,-0.14350698854831437,0.0012640792629531172,0.00890601298898787,True
Spirochaeta 2,EGF,0.00019877405591159518,0.9964554084995759,0.9986029417075492,False
Spirochaeta 2,BDNF,-0.07623672602022065,0.08794538407103067,0.20145124922674512,False
Spirochaeta 2,TRAIL,-0.1590994037080792,0.0003454241145565934,0.0033886542883716448,True
Spirochaeta 2,GCSF,-0.16035145949508794,0.0003095873316607234,0.003150432924588157,True
Spirochaeta 2,GROA,-0.10642020560044257,0.017069119510553257,0.06324414798730887,True
Spirochaeta 2,IL1A,-0.11837116031340317,0.007933751552584332,0.03627526521093131,True
Spirochaeta 2,IL23,-0.1366636682047261,0.002149383671552839,0.013361810257647997,True
Spirochaeta 2,IL12P40,0.013260144054076592,0.7669470370411873,0.858109654052339,False
Spirochaeta 2,IL15,-0.22097536130547568,5.71409159717026e-07,2.41550235698561e-05,True
Spirochaeta 2,IL18,-0.12675341732471432,0.004450124534239996,0.02361918937127059,True
Spirochaeta 2,MCSF,-0.08325867218059334,0.062317865325242555,0.15745164231916461,False
Spirochaeta 2,MCP3,-0.07922624968869443,0.07615322173643543,0.18154954040205115,False
Spirochaeta 2,MIG,-0.11727626215251226,0.00853477723620215,0.038160302065711534,True
Spirochaeta 2,RESISTIN,-0.09407744531153998,0.03509508692260296,0.10519983318717573,True
Spirochaeta 2,IL21,-0.1046917550778534,0.018962908526051484,0.06788078537832787,True
Spirochaeta 2,ICAM1,-0.08400088957436026,0.0600123166285453,0.15349684946245085,False
Spirochaeta 2,VCAM1,-0.13619357941010912,0.0022273065844036484,0.013736041932993322,True
Spirochaeta 2,FGFB,-0.15807157251259343,0.00037769622973744983,0.00360633977059372,True
Spirochaeta 2,IL22,0.032750770885162706,0.46407100566232606,0.6261390063659573,False
Spirochaeta 2,PDGFBB,-0.06527054096386707,0.14420170025210635,0.28870572636451497,False
Spirochaeta 2,VEGF,-0.10638990887815788,0.017100834338799418,0.06324452680727746,True
Spirochaeta 2,LEPTIN,-0.3080172204452654,1.7098369290863378e-12,5.300494480167648e-10,True
Spirochaeta 2,PAI1,-0.03825325316352421,0.392410420698158,0.5602420805177878,False
Spirochaeta 2,CD40L,-0.05488573195497671,0.21959931324606363,0.383886017516615,False
Spirochaeta 2,ENA78,-0.19115953537341107,1.6167543126013815e-05,0.0003240477393791562,True
Staphylococcus,IL17F,0.16860215839162382,0.0001474184009616939,0.0017310494052320117,True
Staphylococcus,FASL,0.20045567521598195,6.0080906455040904e-06,0.00014550844532080218,True
Staphylococcus,TGFA,0.1753227887902433,7.847671096266137e-05,0.0010925649879532197,True
Staphylococcus,MIP1A,-0.07961874075899038,0.07470530169404759,0.17926068217872815,False
Staphylococcus,SDF1A,0.006368696891269942,0.8868125198111203,0.9357109637217402,False
Staphylococcus,IL27,0.24899376925109806,1.5659383653685082e-08,1.2774760349058881e-06,True
Staphylococcus,LIF,0.02632346992172941,0.5562514769235518,0.70421164380466,False
Staphylococcus,IL1B,-0.05622870475191804,0.2085079649680388,0.3716220916448373,False
Staphylococcus,IL2,0.026158732040111363,0.5587261130144173,0.7056986609802677,False
Staphylococcus,IL4,0.1770248692305593,6.664477172639688e-05,0.0009654149175319175,True
Staphylococcus,IL5,0.10833271320061688,0.01516842298939615,0.05809980799068542,True
Staphylococcus,IP10,0.011701932116474323,0.7936750943525457,0.8756130053400673,False
Staphylococcus,IL6,0.11051319650592724,0.013230348855357552,0.053081209816576894,True
Staphylococcus,IL7,-0.12028662592301442,0.006972619246475063,0.03278329574935192,True
Staphylococcus,IL8,0.1877862906094463,2.2889751503188713e-05,0.00042574937795931007,True
Staphylococcus,IL10,-0.030438091607709297,0.49622978297912623,0.6525646184538849,False
Staphylococcus,IFNB,0.14119993118169574,0.0015157431699929073,0.010229747087428583,True
Staphylococcus,EOTAXIN,0.08964069434452408,0.04469987653114628,0.1237228725415656,False
Staphylococcus,IL12P70,0.11804338728953671,0.00810958620832861,0.036825757684304725,True
Staphylococcus,IL13,0.14847971087652836,0.0008469945149773453,0.006641693920142758,True
Staphylococcus,IL17A,0.03036979156187804,0.4971972110851083,0.6534672220310214,False
Staphylococcus,IL31,0.18899766388295672,2.0217194282334676e-05,0.00039170813922023435,True
Staphylococcus,IL1RA,0.019972418825076704,0.6552952241828454,0.7783199980715788,False
Staphylococcus,SCF,0.0944149572240253,0.034442439965636625,0.10370549327692247,True
Staphylococcus,RANTES,0.1265839078697888,0.004503981662860413,0.023799448559432865,True
Staphylococcus,IFNG,0.15905094505061335,0.00034688597270371766,0.003391212882021662,True
Staphylococcus,GMCSF,0.27034445484183456,7.409881790490312e-10,8.834859057892296e-08,True
Staphylococcus,TNFA,0.060238857268749106,0.17780881599578888,0.33504416186974306,False
Staphylococcus,HGF,0.04630762301789084,0.3004317793342479,0.47132515988672496,False
Staphylococcus,MIP1B,0.043618765647978536,0.3294005874318017,0.5007233512775018,False
Staphylococcus,IFNA,0.12694565610273761,0.004389750372480442,0.0234482597937501,True
Staphylococcus,TGFB,0.10884126210670911,0.014695391558747392,0.05723079627150367,True
Staphylococcus,MCP1,0.11899197490525992,0.00761001939579006,0.03500157288864865,True
Staphylococcus,IL9,0.149302013182521,0.0007917808757439387,0.006304419644194033,True
Staphylococcus,VEGFD,0.15293725102879535,0.0005853374555452857,0.00500334405934849,True
Staphylococcus,TNFB,0.15472282655287042,0.0005033830614232243,0.00451007945205779,True
Staphylococcus,NGF,0.059333879634666825,0.1844252623475816,0.3431682552686092,False
Staphylococcus,EGF,0.005218589685505324,0.9071503501872271,0.9479681040220672,False
Staphylococcus,BDNF,-0.05087077449645831,0.25525697009417636,0.4234551947691474,False
Staphylococcus,TRAIL,0.023107673214339056,0.6054954868722747,0.7422754283457105,False
Staphylococcus,GCSF,0.20180188085702278,5.185508919635021e-06,0.00013248690371594972,True
Staphylococcus,GROA,0.11376547022245345,0.01074488004646049,0.04531072583861157,True
Staphylococcus,IL1A,0.04996688637838126,0.2638091742488692,0.4323978358326548,False
Staphylococcus,IL23,0.33309286807162053,1.7965443953757287e-14,9.282146042774599e-12,True
Staphylococcus,IL12P40,-0.009475847488046413,0.8322745921516892,0.9023261491036033,False
Staphylococcus,IL15,0.16906883365641726,0.00014121107328193618,0.0016750803335739879,True
Staphylococcus,IL18,0.13614167049728035,0.0022360675064829337,0.013771806496881646,True
Staphylococcus,MCSF,0.1465747296588784,0.0009888576793945542,0.007440433995444461,True
Staphylococcus,MCP3,0.0213683777341441,0.6329156073989144,0.7605664291479659,False
Staphylococcus,MIG,-0.08109703899753151,0.06945176400182822,0.17033258129655254,False
Staphylococcus,RESISTIN,0.1200419023758341,0.007089308688635312,0.0332579071569502,True
Staphylococcus,IL21,-0.048668212325873816,0.2764382679344748,0.4443269774957856,False
Staphylococcus,ICAM1,0.011144769214126628,0.8032928813011228,0.8823946151864347,False
Staphylococcus,VCAM1,0.013336118034856327,0.7656506112244934,0.85686530498048,False
Staphylococcus,FGFB,0.18751508542384873,2.3532397087752312e-05,0.0004359587508288775,True
Staphylococcus,IL22,0.03389608316299071,0.4485836810374143,0.6114968108661254,False
Staphylococcus,PDGFBB,0.02921942341880571,0.5136408585597414,0.6692154643605485,False
Staphylococcus,VEGF,0.09520539195244157,0.032954321642158765,0.10054960343572064,True
Staphylococcus,LEPTIN,0.24563228269080148,2.4695957780357886e-08,1.8521968335268414e-06,True
Staphylococcus,PAI1,-0.02670410884031688,0.5505541173528044,0.7000483034428603,False
Staphylococcus,CD40L,-0.03894415739224819,0.38391094670858283,0.5526891338064738,False
Staphylococcus,ENA78,0.0776325258068974,0.0822687102147972,0.19204292294116815,False
Streptococcus,IL17F,-0.08791641331773259,0.048987379794344366,0.13297800119305386,False
Streptococcus,FASL,0.10549956703164794,0.018056152243220012,0.06557816517353322,True
Streptococcus,TGFA,0.020728468322119657,0.6431344872249244,0.7674045074662301,False
Streptococcus,MIP1A,0.04663132555475627,0.29706213368716694,0.4682297858093084,False
Streptococcus,SDF1A,-0.00732263310299413,0.8699992812394679,0.9246343311421191,False
Streptococcus,IL27,0.10999110203026692,0.013673369206008217,0.05430969283728125,True
Streptococcus,LIF,0.07428281798140637,0.09641627795789282,0.21658729106483168,False
Streptococcus,IL1B,0.021085212901581545,0.6374290779644562,0.7636234173259461,False
Streptococcus,IL2,-0.02119320680399478,0.6357061288137478,0.7624538300190682,False
Streptococcus,IL4,0.09010261609427982,0.04360641449089602,0.12149180789854193,False
Streptococcus,IL5,-0.08888843357182229,0.04652995051073125,0.12772389012685967,False
Streptococcus,IP10,0.1385670096589763,0.001858694373627489,0.011970815564221362,True
Streptococcus,IL6,0.1429472389907555,0.0013213309194728547,0.009171462653676087,True
Streptococcus,IL7,0.02607928418083434,0.5599214544530509,0.7063577762362144,False
Streptococcus,IL8,0.11822519376984919,0.008011630841458145,0.03652361118900037,True
Streptococcus,IL10,0.10733517925623196,0.016135252575348424,0.0610487587269082,True
Streptococcus,IFNB,-0.031405223848899544,0.4826390592697116,0.6417705535041919,False
Streptococcus,EOTAXIN,0.03328045410298174,0.4568718179702943,0.6190133897324792,False
Streptococcus,IL12P70,0.09576418443539109,0.03193572328316829,0.09853542485971281,True
Streptococcus,IL13,0.10751965815897256,0.015952484338896247,0.0605049365219148,True
Streptococcus,IL17A,0.1217134177655361,0.006325902714349922,0.030450773935535337,True
Streptococcus,IL31,0.08137561936333436,0.06849644918527126,0.1684338914391916,False
Streptococcus,IL1RA,0.05306120873920021,0.23533503122912272,0.4017283022083042,False
Streptococcus,SCF,0.15637131355512873,0.0004373158854385693,0.004058919894789116,True
Streptococcus,RANTES,0.08378550352576537,0.06067398995315704,0.15476360574996173,False
Streptococcus,IFNG,0.1334189084797333,0.002742221418940876,0.016223065646405944,True
Streptococcus,GMCSF,0.14936089254928062,0.0007879580674548963,0.006295541260593244,True
Streptococcus,TNFA,-4.851978721609648e-05,0.9991347796623677,0.9998141083214419,False
Streptococcus,HGF,0.12403233208460489,0.005388972149491513,0.02711982737568781,True
Streptococcus,MIP1B,-0.021372705702113835,0.6328467273514891,0.7605664291479659,False
Streptococcus,IFNA,0.05842309396043052,0.19126586263442863,0.3510011710583424,False
Streptococcus,TGFB,-0.02512304813275043,0.5744047563140096,0.7178129849126967,False
Streptococcus,MCP1,0.03244063325602681,0.46831529556055584,0.6292014228132288,False
Streptococcus,IL9,0.08463928107006188,0.05808611875464232,0.15042626758487804,False
Streptococcus,VEGFD,0.06328344914738623,0.1568419905312297,0.30720945912814585,False
Streptococcus,TNFB,0.12303627996634578,0.005774933956125476,0.0285674924425356,True
Streptococcus,NGF,-0.0468556895138786,0.29474141270358817,0.46538117795303396,False
Streptococcus,EGF,0.028176257997060583,0.5287924665354183,0.6818206937921645,False
Streptococcus,BDNF,0.09112542432448806,0.04126517954117207,0.11757541964856014,False
Streptococcus,TRAIL,0.048016552293250976,0.2829278059020933,0.4509560018216612,False
Streptococcus,GCSF,0.06441058846507246,0.14957302276688628,0.29684786848741834,False
Streptococcus,GROA,0.06010635523006479,0.17876639670684824,0.3358641392674119,False
Streptococcus,IL1A,-0.00063013940257327,0.9887635211040621,0.9941081887857056,False
Streptococcus,IL23,0.06477996764124837,0.14724749821847752,0.2932324615092507,False
Streptococcus,IL12P40,0.03104931170021209,0.4876169741391544,0.6461723937723192,False
Streptococcus,IL15,0.006973431836206722,0.8761476117334059,0.9288842668856219,False
Streptococcus,IL18,0.1364298480943609,0.00218782521901443,0.01351047446004927,True
Streptococcus,MCSF,0.0823803344950058,0.06514011669365742,0.16180637960764263,False
Streptococcus,MCP3,0.05921402143305873,0.18531501630686498,0.3437947290735124,False
Streptococcus,MIG,0.08990815053609037,0.04406397726978659,0.12247309880723709,False
Streptococcus,RESISTIN,0.10782254200601073,0.0156563435950749,0.05962489575519925,True
Streptococcus,IL21,0.012664989220741546,0.7771250495240095,0.8642983688798479,False
Streptococcus,ICAM1,0.20974798191694438,2.1308964245990072e-06,6.833564396127851e-05,True
Streptococcus,VCAM1,0.1407521961953949,0.0015696214325109125,0.010501783685144954,True
Streptococcus,FGFB,0.07524366346187339,0.09217270683022023,0.2086675203313165,False
Streptococcus,IL22,-0.0008018798526270568,0.9857013827603736,0.9931769078733992,False
Streptococcus,PDGFBB,0.14717247064561867,0.0009421423942697441,0.007193698084325632,True
Streptococcus,VEGF,-0.013428231086293638,0.764079664667158,0.8562673896755945,False
Streptococcus,LEPTIN,0.14971556954390716,0.0007652892717635536,0.006156738951038969,True
Streptococcus,PAI1,0.012505972468733641,0.7798510163889674,0.8660872286144491,False
Streptococcus,CD40L,0.00809215755027744,0.8564785224316945,0.9177265715434759,False
Streptococcus,ENA78,0.1557931237036506,0.0004595100826417665,0.004222770522300819,True
Streptomyces,IL17F,-0.13881983777456144,0.0018229162345260422,0.01177380328424645,True
Streptomyces,FASL,-0.048900728801473045,0.2741474448056436,0.44186676545796977,False
Streptomyces,TGFA,-0.22174833888340148,5.20553295972326e-07,2.2207090149278128e-05,True
Streptomyces,MIP1A,-0.021994930168570067,0.6229772408369053,0.7539937974730894,False
Streptomyces,SDF1A,0.00925692338901549,0.8360941552100931,0.9037269309311028,False
Streptomyces,IL27,-0.14374536186710127,0.0012403987619796922,0.00877907799574668,True
Streptomyces,LIF,-0.07230558035548894,0.10563841349203461,0.2308358189558087,False
Streptomyces,IL1B,-0.05873322862230153,0.18891595200185518,0.34790462447866405,False
Streptomyces,IL2,-0.06640650697673098,0.13733393972337848,0.27894614395341805,False
Streptomyces,IL4,-0.08519801310980656,0.05644257292995142,0.14711769289477247,False
Streptomyces,IL5,-0.07222516045830182,0.1060277790412455,0.231577817069888,False
Streptomyces,IP10,0.019603911657055523,0.6612559658627936,0.7828626878713877,False
Streptomyces,IL6,-0.018770162073315066,0.6748209854661987,0.7944095145361579,False
Streptomyces,IL7,0.06782342194926652,0.1291234478606218,0.2670925411707702,False
Streptomyces,IL8,-0.07529650148794188,0.09194375727064037,0.20827272300695224,False
Streptomyces,IL10,-0.021516694029155726,0.63055695118497,0.7593786543586027,False
Streptomyces,IFNB,-0.22950268252412367,2.0055532571561001e-07,1.013676374540855e-05,True
Streptomyces,EOTAXIN,0.08970486559687033,0.04454660456336444,0.12338177564839592,False
Streptomyces,IL12P70,-0.1370901815189804,0.0020808485385879344,0.013090706253315928,True
Streptomyces,IL13,-0.11971342663345991,0.007248679983916228,0.03377390974469986,True
Streptomyces,IL17A,-0.19432152313413342,1.160627346451115e-05,0.0002557780645022599,True
Streptomyces,IL31,1.3280851542795734e-06,0.9999763171568574,0.9999763171568574,False
Streptomyces,IL1RA,-0.01233315478835456,0.7828166298345236,0.8675160459319673,False
Streptomyces,SCF,-0.11277972127080269,0.011450455056318332,0.0473916134973116,True
Streptomyces,RANTES,0.019370436046937348,0.6650436637725191,0.7863385458911284,False
Streptomyces,IFNG,-0.10059108550999826,0.02420371370349282,0.08062125266564585,True
Streptomyces,GMCSF,-0.24652906447796066,2.188391626472337e-08,1.6800570715003117e-06,True
Streptomyces,TNFA,-0.0931645366461426,0.03691333595237955,0.10863734948010437,True
Streptomyces,HGF,0.04124952167979083,0.35637270557449185,0.527461583404697,False
Streptomyces,MIP1B,-0.04040921014516192,0.36626334680053896,0.5360242554145799,False
Streptomyces,IFNA,-0.04558569613797523,0.30803797687856443,0.4801798835016174,False
Streptomyces,TGFB,-0.13069927916788338,0.0033499382196378945,0.019113144443332772,True
Streptomyces,MCP1,-0.11218945224342346,0.011892312030182742,0.04876477155233664,True
Streptomyces,IL9,-0.09687225176836939,0.02999527469091632,0.0940512658885778,True
Streptomyces,VEGFD,-0.14346678100310906,0.0012681143389885593,0.008920925380176704,True
Streptomyces,TNFB,-0.06072460324525877,0.1743309275768253,0.3311433060589206,False
Streptomyces,NGF,-0.01590136970555904,0.7222823310869972,0.8303121976649042,False
Streptomyces,EGF,0.051931156827780246,0.24547142592757482,0.41098110182408587,False
Streptomyces,BDNF,0.024511711883481124,0.5837558399374243,0.7241402229429438,False
Streptomyces,TRAIL,-0.059620118061465464,0.18231316527355035,0.3401910989253648,False
Streptomyces,GCSF,-0.14444941397016928,0.001172820775744338,0.008468348768961447,True
Streptomyces,GROA,-0.06707816236806532,0.1333932482590722,0.2735673206256307,False
Streptomyces,IL1A,-0.04178180903843811,0.350195254568904,0.5212573411476964,False
Streptomyces,IL23,-0.12132051383324849,0.00649839541943698,0.0310403200828198,True
Streptomyces,IL12P40,0.05249073413168332,0.24041457039487543,0.40622374721517834,False
Streptomyces,IL15,-0.11591362692153233,0.009339257412794722,0.04093076999952446,True
Streptomyces,IL18,-0.03022748694933573,0.49921608168286824,0.6546403778413247,False
Streptomyces,MCSF,-0.014006590544557133,0.7542383567754656,0.850488206129707,False
Streptomyces,MCP3,-0.08623385200921545,0.05349768028059549,0.1414236573648488,False
Streptomyces,MIG,-0.1111926467315575,0.012672779340513468,0.05151086008163254,True
Streptomyces,RESISTIN,-0.10575773020292319,0.017774464116754686,0.06477371327814208,True
Streptomyces,IL21,0.022461314202624726,0.6156235323387057,0.748992523645992,False
Streptomyces,ICAM1,-0.03990786293896444,0.3722448195030752,0.5405803905962835,False
Streptomyces,VCAM1,-0.07507842407363413,0.09289164425420782,0.20978443214281997,False
Streptomyces,FGFB,-0.10240858740216825,0.02174360235500807,0.07423476574947689,True
Streptomyces,IL22,0.013424598488586419,0.7641415986967419,0.8562673896755945,False
Streptomyces,PDGFBB,0.05509668044057962,0.21782972504837717,0.38150968793783574,False
Streptomyces,VEGF,0.01481125484435132,0.7406125095268431,0.8427172582755285,False
Streptomyces,LEPTIN,-0.22035273740009753,6.158127991405292e-07,2.556722782145947e-05,True
Streptomyces,PAI1,-0.05261127194209511,0.2393349285149151,0.40543200120275485,False
Streptomyces,CD40L,-0.038445159111968566,0.3900382668668405,0.5583983808284508,False
Streptomyces,ENA78,-0.19061552721186575,1.710703568243263e-05,0.000341406506108634,True
Subgroup 10,IL17F,0.09201194068370076,0.03932265934757183,0.11369471429710178,True
Subgroup 10,FASL,0.05192493525960082,0.24552806470264743,0.41098110182408587,False
Subgroup 10,TGFA,0.11555917854424216,0.009559277090442816,0.041620448006141474,True
Subgroup 10,MIP1A,-0.033787875019250485,0.4500342790696735,0.612605210091915,False
Subgroup 10,SDF1A,-0.059678757842604895,0.18188268978621797,0.3400701678753171,False
Subgroup 10,IL27,0.14989025686861238,0.0007543476043130816,0.0060792311266132226,True
Subgroup 10,LIF,0.048904663812943144,0.2741087874771068,0.44186676545796977,False
Subgroup 10,IL1B,-0.020998177803820888,0.6388190711702374,0.7641059007355289,False
Subgroup 10,IL2,0.04380459982946685,0.327342267746757,0.4987357618028899,False
Subgroup 10,IL4,0.0709437453792645,0.11238627182173895,0.24049524342893977,False
Subgroup 10,IL5,0.15205861594757814,0.0006300616798637381,0.005298778974949235,True
Subgroup 10,IP10,-0.02531263857382682,0.5715191825986451,0.7149755714510896,False
Subgroup 10,IL6,0.0375098742782772,0.4016813641212461,0.5686995745996586,False
Subgroup 10,IL7,0.06382061529862992,0.15334515567121346,0.3026549125089739,False
Subgroup 10,IL8,0.05952890532397694,0.18298425573111698,0.34089614949907615,False
Subgroup 10,IL10,-0.02630076383752118,0.5565922430366099,0.7043534192634748,False
Subgroup 10,IFNB,0.13260371793299047,0.0029129031117831193,0.01708070551045587,True
Subgroup 10,EOTAXIN,-0.04505912778566716,0.3136653149158895,0.4847270569487824,False
Subgroup 10,IL12P70,0.08327080557882441,0.06227959628349851,0.15745164231916461,False
Subgroup 10,IL13,0.05924197838449624,0.18510719847424847,0.3437493901378816,False
Subgroup 10,IL17A,0.07083573343560765,0.11293564981651857,0.24144863064221214,False
Subgroup 10,IL31,0.14888176087085117,0.0008195686039824617,0.006503402744912026,True
Subgroup 10,IL1RA,0.11116198014909326,0.012697490841066762,0.05152123247029707,True
Subgroup 10,SCF,0.0889058030977528,0.04648699599734375,0.12768135344810896,False
Subgroup 10,RANTES,-0.01337771465744826,0.7649410801588584,0.8564835113745947,False
Subgroup 10,IFNG,0.07161053909335928,0.10904115817932108,0.2358358972761067,False
Subgroup 10,GMCSF,0.15508674749006876,0.0004880463371637437,0.004411140837846077,True
Subgroup 10,TNFA,0.043844006939753495,0.32690686244765255,0.49839898701035557,False
Subgroup 10,HGF,-0.0858076352546787,0.054693548585820824,0.14362125773633824,False
Subgroup 10,MIP1B,-0.033084967588114446,0.45952146231064717,0.6213938451866454,False
Subgroup 10,IFNA,0.09199210242026029,0.03936526667060943,0.11369471429710178,True
Subgroup 10,TGFB,0.10930502552649227,0.01427536978655928,0.056159449667936255,True
Subgroup 10,MCP1,0.11831725283682544,0.007962434382910177,0.03637064821270365,True
Subgroup 10,IL9,0.05927075617867219,0.1848934584987045,0.3434896452333104,False
Subgroup 10,VEGFD,0.18861686279466286,2.102363025950135e-05,0.0004039664492011623,True
Subgroup 10,TNFB,0.03778265981710499,0.39826423945555167,0.5656471330080376,False
Subgroup 10,NGF,0.0968786288173189,0.029984406331323314,0.0940512658885778,True
Subgroup 10,EGF,-0.015034357059247131,0.7368487041685522,0.8404087501554495,False
Subgroup 10,BDNF,-0.028229606012735723,0.5280121382604368,0.6815240706758926,False
Subgroup 10,TRAIL,0.021104704973909927,0.6371179539666729,0.7635563108105745,False
Subgroup 10,GCSF,0.17858417346755642,5.7301273775476254e-05,0.0008679183161432071,True
Subgroup 10,GROA,0.03447945983979505,0.44080890080896606,0.6037588773966693,False
Subgroup 10,IL1A,0.005856653909977051,0.8958588270845027,0.942262733757733,False
Subgroup 10,IL23,0.20072902239696241,5.8315923492437425e-06,0.00014272054959991263,True
Subgroup 10,IL12P40,-0.14932165788040316,0.0007905035183053235,0.006304419644194033,True
Subgroup 10,IL15,0.1262905594422008,0.0045985779742953505,0.024053304364986927,True
Subgroup 10,IL18,0.049434315107883195,0.26893938791220706,0.4374145343797701,False
Subgroup 10,MCSF,0.030679117855094595,0.4928238097574559,0.6498950900858426,False
Subgroup 10,MCP3,0.03596720141946425,0.42133388460374854,0.5860611915666859,False
Subgroup 10,MIG,-0.04731975970823363,0.2899798090003166,0.460049850512273,False
Subgroup 10,RESISTIN,0.01689109489616133,0.7057764318537059,0.8171263415411062,False
Subgroup 10,IL21,-0.015545937639251458,0.7282420335407518,0.8340258587492957,False
Subgroup 10,ICAM1,0.026705063748800034,0.5505398604815859,0.7000483034428603,False
Subgroup 10,VCAM1,0.06645914522010696,0.13702190739085807,0.27867918437100025,False
Subgroup 10,FGFB,0.11255495314028599,0.011616966933421758,0.047889092411712034,True
Subgroup 10,IL22,-0.07048214194090993,0.11474888224559103,0.24386759709414912,False
Subgroup 10,PDGFBB,0.015934374833785892,0.7217297631729142,0.8300874100306829,False
Subgroup 10,VEGF,-0.01438904368199777,0.7477522476612208,0.8464760396524106,False
Subgroup 10,LEPTIN,0.1782654722200331,5.910410374947708e-05,0.0008785474702662502,True
Subgroup 10,PAI1,0.004985760458306308,0.911275405637284,0.9511628813049093,False
Subgroup 10,CD40L,-0.01922720386283033,0.6673715673412268,0.7881975755355548,False
Subgroup 10,ENA78,0.10603743530269971,0.017473611444435207,0.06428187754479724,True
UCG-004,IL17F,0.12304439054434095,0.005771693336138505,0.0285674924425356,True
UCG-004,FASL,0.09107807398148028,0.04137117334986738,0.11766113521521916,False
UCG-004,TGFA,0.06281583710484033,0.1599348284324956,0.31065035597790497,False
UCG-004,MIP1A,-0.01772451476154009,0.6919831581900893,0.8082667749681629,False
UCG-004,SDF1A,-0.043753245021836584,0.32791024502667176,0.4989471987480444,False
UCG-004,IL27,0.1407952108626246,0.0015643699373396997,0.010481729407247266,True
UCG-004,LIF,-0.019855045736769224,0.6571914255950373,0.7793567014378383,False
UCG-004,IL1B,0.04310514006559865,0.33513294238288127,0.5062924568162436,False
UCG-004,IL2,0.05266697126279407,0.23883719012464116,0.40543200120275485,False
UCG-004,IL4,0.12254815205372631,0.0059730052510958325,0.02932890645997426,True
UCG-004,IL5,0.11944730086661609,0.007380142550201646,0.0341469282173509,True
UCG-004,IP10,-0.05042768853033228,0.2594249471240168,0.4285305957978613,False
UCG-004,IL6,0.052635917527149016,0.23911460157742742,0.40543200120275485,False
UCG-004,IL7,0.05133634152514281,0.25092777169875125,0.4180631094228568,False
UCG-004,IL8,0.08423227577934404,0.0593081486598394,0.15228210451035518,False
UCG-004,IL10,-0.009197624157487629,0.8371294148857109,0.9037269309311028,False
UCG-004,IFNB,0.0803704011559047,0.07199498842030888,0.17536396733729245,False
UCG-004,EOTAXIN,-0.035856789969535674,0.4227616859315615,0.587519975965858,False
UCG-004,IL12P70,0.09049188464770343,0.042702508826940384,0.11990740703216955,False
UCG-004,IL13,0.07977993998899002,0.07411716109391507,0.17838757716703163,False
UCG-004,IL17A,0.06964801800447683,0.11911677388684758,0.2511986388089983,False
UCG-004,IL31,0.1867833190462588,2.5352871476871397e-05,0.0004605111420603594,True
UCG-004,IL1RA,0.050691781408165194,0.25693508259676495,0.4257833692355514,False
UCG-004,SCF,0.07169147503781093,0.10864052532346917,0.2355144255264017,False
UCG-004,RANTES,-0.014608064676163724,0.7440457892935929,0.8444747181389326,False
UCG-004,IFNG,0.10385849122209931,0.019939578519476857,0.07033575687609023,True
UCG-004,GMCSF,0.11138235402101201,0.01252085217714458,0.05102713639239465,True
UCG-004,TNFA,0.0596333796503711,0.18221574590220385,0.3401910989253648,False
UCG-004,HGF,-0.1148173731646318,0.0100347143510078,0.04320502012239469,True
UCG-004,MIP1B,0.01312886580434269,0.769188710768361,0.8595787337952557,False
UCG-004,IFNA,0.08473808525535807,0.05779262774053316,0.15000458060495522,False
UCG-004,TGFB,0.12880244030028393,0.0038436005551869875,0.021201355375586584,True
UCG-004,MCP1,0.13168648218100623,0.003116467948710404,0.018001957716153264,True
UCG-004,IL9,0.08623452506707983,0.0534958091886621,0.1414236573648488,False
UCG-004,VEGFD,0.2129569719857663,1.4733225286433555e-06,5.074777598660447e-05,True
UCG-004,TNFB,0.04815199517881015,0.281570599201807,0.44941692388517335,False
UCG-004,NGF,0.09570858950708652,0.0320358446755786,0.09871880566033167,True
UCG-004,EGF,0.0629712509682369,0.15890184360202947,0.3094194190743036,False
UCG-004,BDNF,-0.056392384883549515,0.2071843469281986,0.3699159185575124,False
UCG-004,TRAIL,0.02333983749027144,0.6018758662634935,0.7394247762550185,False
UCG-004,GCSF,0.15229993436306496,0.0006174723677751415,0.0052395009309387005,True
UCG-004,GROA,0.06841144447792241,0.1258298280471563,0.26132590460887756,False
UCG-004,IL1A,0.043437075119260565,0.33142107619806105,0.5026444893414821,False
UCG-004,IL23,0.2151459823413937,1.1416897746323647e-06,4.247085961632397e-05,True
UCG-004,IL12P40,-0.2132323934629366,1.4270098944274558e-06,5.065340464952419e-05,True
UCG-004,IL15,0.08034332391676727,0.07209120902591663,0.17536396733729245,False
UCG-004,IL18,0.03471610439668689,0.4376771787025461,0.6004414000778672,False
UCG-004,MCSF,0.06639984375071964,0.13737347734480157,0.27894614395341805,False
UCG-004,MCP3,0.06579964418129668,0.14097090838975676,0.2840185112705238,False
UCG-004,MIG,-0.10447908011450457,0.019208136356590227,0.06833805207203103,True
UCG-004,RESISTIN,-0.06470513576819575,0.14771638216654312,0.29391577966385346,False
UCG-004,IL21,-0.022697132508522316,0.6119198028108743,0.7463197011880717,False
UCG-004,ICAM1,0.0018232574746230763,0.9674960527653607,0.9824976294734499,False
UCG-004,VCAM1,0.0008850209562860321,0.9842190465819726,0.9925436058569015,False
UCG-004,FGFB,0.09002906977385651,0.043778990772452175,0.12181088726080708,False
UCG-004,IL22,0.04060238265562145,0.3639746874294022,0.5335202351828415,False
UCG-004,PDGFBB,-0.09067218181595256,0.04228923011556834,0.11917873941660168,False
UCG-004,VEGF,0.06489763098608402,0.14651253495210473,0.2920202689786914,False
UCG-004,LEPTIN,0.09468086115507467,0.033935568826282334,0.10255821426651505,True
UCG-004,PAI1,-0.0010420576576464064,0.9814193661551094,0.9907423288269803,False
UCG-004,CD40L,-0.03573607416079548,0.4243259681198037,0.5886383507628542,False
UCG-004,ENA78,0.087980822645165,0.048821248385862034,0.13268194330465133,False
Varibaculum,IL17F,0.17360656453043824,9.239257500733068e-05,0.0012225572189948231,True
Varibaculum,FASL,0.03686546659592863,0.4098230737070716,0.5753856560198922,False
Varibaculum,TGFA,0.14959032465572994,0.0007732242989237768,0.006188456092935563,True
Varibaculum,MIP1A,-0.0821481311681166,0.06590354368839442,0.1632666372674662,False
Varibaculum,SDF1A,0.06773857736924688,0.12960413968042667,0.26784855533954843,False
Varibaculum,IL27,0.152608620796372,0.0006017086644547777,0.005115073655785588,True
Varibaculum,LIF,0.11424641970035188,0.010414829988503968,0.044267787428284695,True
Varibaculum,IL1B,-0.021855485374406104,0.6251832810375424,0.7558768218472626,False
Varibaculum,IL2,0.06790347341672517,0.12867117873804823,0.2665126864730175,False
Varibaculum,IL4,-0.01194304430285799,0.7895225835836885,0.8732825912616917,False
Varibaculum,IL5,0.2084306875388661,2.475337449732054e-06,7.622727908115267e-05,True
Varibaculum,IP10,-0.14146548195416198,0.0014845958883704477,0.01009264748672892,True
Varibaculum,IL6,-0.04893929402316262,0.27376874240025273,0.44156248774234313,False
Varibaculum,IL7,-0.04071872566611972,0.3626005961553336,0.5323534709056553,False
Varibaculum,IL8,0.021283167190548635,0.6342723875623244,0.7611268650747892,False
Varibaculum,IL10,-0.05959607412107962,0.18248988977820813,0.3402477896827056,False
Varibaculum,IFNB,0.13492237718289365,0.002451125146991804,0.014898995991518808,True
Varibaculum,EOTAXIN,0.026937887041815954,0.5470692049008774,0.6969511788463233,False
Varibaculum,IL12P70,0.1214951094704163,0.006421230334827336,0.030845786215854456,True
Varibaculum,IL13,0.17123211266704638,0.0001155104432954538,0.0014516853008752976,True
Varibaculum,IL17A,0.04557418063577268,0.3081603241603632,0.4802096204241585,False
Varibaculum,IL31,0.11751699039319499,0.008399258325703329,0.03773579827489901,True
Varibaculum,IL1RA,0.07604056535964936,0.08876782097262897,0.20273593689721253,False
Varibaculum,SCF,0.009731656395236564,0.8278165040757808,0.8993800803627058,False
Varibaculum,RANTES,0.06658768509793746,0.136262232119089,0.27780289516823575,False
Varibaculum,IFNG,0.08299224737532057,0.06316307591350481,0.15884710816538528,False
Varibaculum,GMCSF,0.2738081218394148,4.4010163109666756e-10,5.50227340416891e-08,True
Varibaculum,TNFA,0.11072808304238338,0.013051715241597947,0.052637012899766224,True
Varibaculum,HGF,-0.013664215604947906,0.7600594840267465,0.8532777886828515,False
Varibaculum,MIP1B,0.17570991928194876,7.562335843865136e-05,0.0010560018520712577,True
Varibaculum,IFNA,0.11646931767082139,0.009003378695540956,0.039834168348492335,True
Varibaculum,TGFB,0.18637337101670007,2.6430299184351094e-05,0.00047418452243114115,True
Varibaculum,MCP1,-0.01502311893003621,0.7370381454003913,0.8404186797723932,False
Varibaculum,IL9,0.03721575141928192,0.40538536154672966,0.5715712344427814,False
Varibaculum,VEGFD,-0.08266462469297402,0.0642153585491711,0.1604366233276493,False
Varibaculum,TNFB,0.07142802938347861,0.10994885613172302,0.23735477298631016,False
Varibaculum,NGF,0.1901179416383088,1.8011577852625573e-05,0.00035792238040473895,True
Varibaculum,EGF,-0.10789138930568933,0.015589705547845518,0.059419779342198074,True
Varibaculum,BDNF,0.036754358911789985,0.4112366755720399,0.5769318044229834,False
Varibaculum,TRAIL,0.06231094707694002,0.16332560963091083,0.3157854822385594,False
Varibaculum,GCSF,-0.004570984363708053,0.9186298682650018,0.9530631163391919,False
Varibaculum,GROA,0.06855349491792889,0.12504404854585618,0.26015875871956656,False
Varibaculum,IL1A,0.044935067207991126,0.315000882492861,0.48646765313577006,False
Varibaculum,IL23,0.1091412563195857,0.014422470724115715,0.05640411174696222,True
Varibaculum,IL12P40,0.12388212985008189,0.005445646211745926,0.027375410686074114,True
Varibaculum,IL15,0.21838361822932176,7.791402350866409e-07,3.0703407569092205e-05,True
Varibaculum,IL18,-0.02462282160256023,0.5820510431060356,0.723316292968543,False
Varibaculum,MCSF,0.03628318642877385,0.41726329904405124,0.5824900451980902,False
Varibaculum,MCP3,-0.16320388406797795,0.00024049493255771327,0.0025708078997548657,True
Varibaculum,MIG,-0.007388575307225285,0.8688391147651533,0.9243141384756937,False
Varibaculum,RESISTIN,0.12241011606486059,0.006030113364905866,0.02951581804927608,True
Varibaculum,IL21,-0.026607153691123125,0.5520026089745889,0.7011232263676149,False
Varibaculum,ICAM1,-0.1774348433979872,6.405777342112647e-05,0.0009456147505023431,True
Varibaculum,VCAM1,-0.04635361287395413,0.29995149702621465,0.4709790760811424,False
Varibaculum,FGFB,0.1244666775247573,0.005228061081731333,0.026424439163098584,True
Varibaculum,IL22,0.16045119270830996,0.00030688736138920566,0.003136321385625948,True
Varibaculum,PDGFBB,0.0593826802816481,0.18406390074390028,0.34263296175305696,False
Varibaculum,VEGF,0.01346522554895773,0.7634490127756849,0.8560496526180214,False
Varibaculum,LEPTIN,0.26957063664617614,8.316157709836075e-10,9.667533337684438e-08,True
Varibaculum,PAI1,0.19650325650725745,9.204538732064402e-06,0.00020676862369130178,True
Varibaculum,CD40L,-0.10147707000694219,0.02297594399523634,0.07747508308763523,True
Varibaculum,ENA78,0.09324024801935188,0.0367595583615762,0.10839058109152146,True
Veillonella,IL17F,-0.017736534716503827,0.6917849555257527,0.8082667749681629,False
Veillonella,FASL,0.08615056491430309,0.053729638215345245,0.14171458746531787,False
Veillonella,TGFA,0.10078917611838611,0.023924390633260312,0.07997729435273937,True
Veillonella,MIP1A,0.09316973763095492,0.03690275477258249,0.10863734948010437,True
Veillonella,SDF1A,0.12471061887580602,0.00513959872214753,0.02603391509584533,True
Veillonella,IL27,0.1708995001089458,0.00011915293261480194,0.0014894116576850242,True
Veillonella,LIF,0.18422307328685636,3.283018122964701e-05,0.0005612512599921271,True
Veillonella,IL1B,0.06632140852161415,0.1378395469832054,0.2795815815459067,False
Veillonella,IL2,0.05722873009298991,0.2005159756517014,0.3622367990461761,False
Veillonella,IL4,0.015996720558086843,0.7206863736489166,0.8292976088758878,False
Veillonella,IL5,0.12505233210999556,0.005017948222340955,0.02553917152752508,True
Veillonella,IP10,0.09809596617354088,0.027970575011327586,0.08969874055356777,True
Veillonella,IL6,0.11300728735848017,0.011284025536358004,0.04693266435068401,True
Veillonella,IL7,-0.03825617146796219,0.39237428228949967,0.5602420805177878,False
Veillonella,IL8,0.11083394631612746,0.012964496405252875,0.052376114929996415,True
Veillonella,IL10,0.1341455678517625,0.0025978090301602016,0.015526750630134882,True
Veillonella,IFNB,0.03833957399581175,0.39134232955813175,0.5595111796721053,False
Veillonella,EOTAXIN,-0.05509958104910855,0.21780546409216428,0.38150968793783574,False
Veillonella,IL12P70,0.14412339272539834,0.0012036805360189904,0.00863752236495109,True
Veillonella,IL13,0.17274246057091572,0.00010024883017361131,0.0012984876331679459,True
Veillonella,IL17A,0.18406311843006484,3.336074323564559e-05,0.0005682324397280293,True
Veillonella,IL31,0.08673852207954058,0.0521099200341677,0.13878071486762875,False
Veillonella,IL1RA,0.1263739635323013,0.004571501719487567,0.02396559525999683,True
Veillonella,SCF,0.1947659763215818,1.1073149476822446e-05,0.0002452980686884666,True
Veillonella,RANTES,0.10689328011951124,0.016580534269234896,0.061977077453329796,True
Veillonella,IFNG,0.16489229241738143,0.00020669442984952384,0.0022829669805232446,True
Veillonella,GMCSF,0.2860944451316886,6.530075771012417e-11,8.930838922119922e-09,True
Veillonella,TNFA,0.11743159202141434,0.008447112466793978,0.03791416309902702,True
Veillonella,HGF,0.08390976824565753,0.06029151280510215,0.1539569107873284,False
Veillonella,MIP1B,0.0472757171854048,0.2904294782738696,0.46044905351977283,False
Veillonella,IFNA,0.15362509126895948,0.0005524012476232739,0.004811957078764285,True
Veillonella,TGFB,0.1400632403018358,0.0016559689105065827,0.010906877385064604,True
Veillonella,MCP1,-0.106078156871434,0.01743018434277763,0.0641728877228155,True
Veillonella,IL9,0.12833556301002375,0.003974803825763463,0.021795799280424646,True
Veillonella,VEGFD,-0.017444177314198953,0.6966117148382784,0.8108246493111376,False
Veillonella,TNFB,0.1301284997398508,0.0034920626227047196,0.019728947054572874,True
Veillonella,NGF,0.0882087461421425,0.04823714596786135,0.13140171572967502,False
Veillonella,EGF,0.004738705195475853,0.9156551110234867,0.9521345913186292,False
Veillonella,BDNF,0.14577736293410723,0.0010545053854630652,0.007783254035560718,True
Veillonella,TRAIL,0.16837331123941465,0.00015055509101338462,0.0017634286478897697,True
Veillonella,GCSF,0.11154577292807417,0.01239126955421233,0.0505433363395503,True
Veillonella,GROA,0.12197095816012289,0.006215077862274795,0.03010428339539354,True
Veillonella,IL1A,0.10030367018267468,0.02461400138342115,0.08160525926565781,True
Veillonella,IL23,0.04933645340661885,0.26988945833403205,0.4380732140885699,False
Veillonella,IL12P40,0.15583277847569518,0.00045795505644641754,0.004216813886090775,True
Veillonella,IL15,0.1372330899458708,0.0020583358534467457,0.013004431682781748,True
Veillonella,IL18,0.1846665851366938,3.140056108130922e-05,0.0005407874408447699,True
Veillonella,MCSF,0.057670630814977204,0.19705631635107698,0.3580741973554154,False
Veillonella,MCP3,0.04124462583537547,0.35642984016592305,0.527461583404697,False
Veillonella,MIG,0.17297458145619263,9.807882517493731e-05,0.0012739288744789343,True
Veillonella,RESISTIN,0.17395234337524343,8.941430986582066e-05,0.0012016663031100177,True
Veillonella,IL21,0.1277535237761868,0.00414404241793897,0.022471916236143,True
Veillonella,ICAM1,0.014855739886488455,0.7398615351710924,0.8422972155835727,False
Veillonella,VCAM1,-0.0030085969636145854,0.9463900074846954,0.9693201618510646,False
Veillonella,FGFB,0.17162002781582067,0.00011139463161563876,0.00140375348783935,True
Veillonella,IL22,0.06454305179920455,0.14873587260753138,0.29533346744819544,False
Veillonella,PDGFBB,0.18847338900744043,2.1335315265289804e-05,0.0004061552313024129,True
Veillonella,VEGF,0.024800234051639655,0.5793337572986013,0.7216453178244028,False
Veillonella,LEPTIN,0.3053264428787035,2.7189810132431785e-12,7.437212771518106e-10,True
Veillonella,PAI1,0.0720864763198097,0.10670190475841164,0.23217775251596354,False
Veillonella,CD40L,-0.03998953531218387,0.37126630824126383,0.5400026066067803,False
Veillonella,ENA78,0.19414740652884885,1.1821713813882988e-05,0.00025687368801194344,True
hgcI clade,IL17F,0.20484532982508571,3.703743988450824e-06,0.00010252725822972077,True
hgcI clade,FASL,0.037126044844430155,0.4065191065278725,0.5723021027413282,False
hgcI clade,TGFA,0.14551888652516143,0.001076633947686874,0.00788401237282514,True
hgcI clade,MIP1A,0.02776372363307458,0.5348463547887574,0.6872270216813419,False
hgcI clade,SDF1A,0.07974419161563141,0.07424726353218186,0.1786082645756056,False
hgcI clade,IL27,0.10140644291450876,0.023071798845403804,0.0776880674951513,True
hgcI clade,LIF,0.08055986446005835,0.07132464967496181,0.17437414352711483,False
hgcI clade,IL1B,0.020838953377018424,0.6413652375451797,0.7662765556487887,False
hgcI clade,IL2,0.039508730165439425,0.37704969207889294,0.5456834946053073,False
hgcI clade,IL4,-0.02261958749368135,0.6131366292425604,0.7471397604763904,False
hgcI clade,IL5,0.2326242347791634,1.3529618240696113e-07,7.312642322806353e-06,True
hgcI clade,IP10,-0.07912840748782496,0.0765176983170999,0.18190557115261477,False
hgcI clade,IL6,-0.008750495345648077,0.8449444264747349,0.9099100470374055,False
hgcI clade,IL7,0.056318981137003905,0.2077771809628753,0.370603717482689,False
hgcI clade,IL8,-0.012863326046399285,0.7737288667710318,0.862186618862544,False
hgcI clade,IL10,0.0007269445012572599,0.9870374595681378,0.9938016099552612,False
hgcI clade,IFNB,0.14572417905635088,0.001059023963973754,0.007804217801074415,True
hgcI clade,EOTAXIN,-0.0168841536965882,0.7058917234345428,0.8171263415411062,False
hgcI clade,IL12P70,0.07055782858966632,0.11435884925413041,0.24349348434087548,False
hgcI clade,IL13,0.09200325709882817,0.039341304576097705,0.11369471429710178,True
hgcI clade,IL17A,0.08375475919790423,0.06076892730413615,0.15483589696670308,False
hgcI clade,IL31,0.1563280023096082,0.00043894320529327924,0.004065908176521411,True
hgcI clade,IL1RA,0.060453693001653486,0.17626431599588555,0.3336512198964941,False
hgcI clade,SCF,-0.005449488539554208,0.9030619594147322,0.946255752351517,False
hgcI clade,RANTES,0.007881999468418652,0.860167065249184,0.9191910657291683,False
hgcI clade,IFNG,0.012528976053336142,0.7794565063518347,0.8659452927203879,False
hgcI clade,GMCSF,0.18378749815070217,3.429406194853788e-05,0.0005798814111298223,True
hgcI clade,TNFA,0.08872945814899971,0.046924643479432086,0.128655419917075,False
hgcI clade,HGF,-0.08463457653334618,0.058100123996223864,0.15042626758487804,False
hgcI clade,MIP1B,0.13187473594013754,0.0030736629114096895,0.017822052456428237,True
hgcI clade,IFNA,0.11992655441083391,0.0071449127998450684,0.03339079851183876,True
hgcI clade,TGFB,0.18072810193921093,4.6457685232371413e-05,0.0007398227271593394,True
hgcI clade,MCP1,0.024687115782283924,0.5810656144581672,0.7224478896338175,False
hgcI clade,IL9,0.02288777202167371,0.6089328520591434,0.7445791604058748,False
hgcI clade,VEGFD,0.045195613581517885,0.31220028227758084,0.4831185809651246,False
hgcI clade,TNFB,0.02150816089350886,0.6306925512113815,0.7593786543586027,False
hgcI clade,NGF,0.18634236057496054,2.6513543189698216e-05,0.00047418452243114115,True
hgcI clade,EGF,-0.06666424621746153,0.1358112959192443,0.2773484962777716,False
hgcI clade,BDNF,0.004901384315470658,0.912770899661685,0.9515156653612772,False
hgcI clade,TRAIL,0.12441273287566516,0.005247807671177079,0.026495445896822387,True
hgcI clade,GCSF,0.030706959944246718,0.492431175944117,0.6495900618837288,False
hgcI clade,GROA,0.06709333971057019,0.1333052195395653,0.2735673206256307,False
hgcI clade,IL1A,0.07873299199287144,0.07800515116814423,0.18449845011794033,False
hgcI clade,IL23,0.0998355824679189,0.025295060807018852,0.08324276911014696,True
hgcI clade,IL12P40,-0.021173544566039433,0.6360196768075479,0.7626331864763016,False
hgcI clade,IL15,0.21733760582537076,8.820707023579099e-07,3.3897758396399016e-05,True
hgcI clade,IL18,-0.006630788176406441,0.882187737771931,0.9332180072527392,False
hgcI clade,MCSF,0.03234676898976402,0.4696040565570535,0.630265211555273,False
hgcI clade,MCP3,-0.0908581732768365,0.04186643902717891,0.11831691987158147,False
hgcI clade,MIG,0.017506211887112,0.6955865049402326,0.8100368765269425,False
hgcI clade,RESISTIN,0.06845509201514915,0.12558797612678055,0.2609725048605453,False
hgcI clade,IL21,0.060959553796442155,0.17266699247572312,0.32888590876108365,False
hgcI clade,ICAM1,-0.1744058038418558,8.564545146077413e-05,0.0011713274979194108,True
hgcI clade,VCAM1,-0.033243872385954894,0.4573669984259714,0.6195037992079134,False
hgcI clade,FGFB,0.10411295222193977,0.019636782553515305,0.06954382244771225,True
hgcI clade,IL22,0.12234646161234981,0.006056613266279474,0.029606040970302266,True
hgcI clade,PDGFBB,0.024151464683675284,0.5892991278031035,0.7286117244034879,False
hgcI clade,VEGF,0.03683050130841511,0.41026761948462953,0.5758359283439562,False
hgcI clade,LEPTIN,0.2156123246557912,1.0809469411775942e-06,4.053551029415978e-05,True
hgcI clade,PAI1,0.0954370386306466,0.03252874654236986,0.09951228383027622,True
hgcI clade,CD40L,-0.07170317394874068,0.10858271188945934,0.235498885394583,False
hgcI clade,ENA78,0.1249765079300437,0.005044715440469963,0.02560909039103202,True
